2026-10-02, 13:03:18, 88000000, 90500000, 19531.25, 448, -14.28, -16.25, -18.75, -17.23, -11.89, -11.54, -12.31, -14.55, -19.08, -24.70, -27.15, -27.60, -28.11, -28.38, -28.21, -28.27, -28.18, -28.10, -28.09, -28.14, -27.98, -27.74, -27.82, -27.29, -25.63, -24.90, -24.95, -25.96, -26.54, -26.77, -26.83, -26.72, -26.66, -26.34, -26.28, -26.15, -26.07, -26.06, -25.69, -25.33, -25.14, -24.75, -24.59, -24.36, -23.80, -23.45, -23.11, -22.84, -22.46, -22.34, -21.90, -21.37, -20.84, -20.19, -19.53, -18.84, -18.04, -17.19, -16.22, -15.14, -13.81, -12.16, -10.02, -7.22, 8.56, 8.56, 9.04, 9.21, 6.69, 3.18, -3.63, -8.69, -11.42, -13.24, -14.68, -15.94, -16.90, -17.69, -18.75, -19.26, -19.87, -20.55, -21.03, -21.49, -21.93, -22.33, -22.57, -22.79, -23.46, -23.73, -24.05, -24.41, -24.65, -24.82, -25.02, -25.52, -25.36, -25.79, -25.87, -26.06, -26.06, -26.24, -26.58, -26.54, -26.56, -26.68, -25.04, -25.43, -24.70, -25.94, -27.25, -27.45, -27.55, -27.75, -27.69, -27.74, -27.98, -28.22, -28.24, -28.12, -28.07, -27.93, -27.82, -27.50, -26.56, -24.21, -17.61, -13.65, -13.65
2026-10-02, 13:03:19, 88000000, 90500000, 19531.25, 19520, -14.51, -15.98, -17.26, -16.19, -13.22, -11.73, -12.23, -14.02, -18.10, -22.26, -25.88, -27.18, -27.63, -27.79, -27.87, -27.87, -27.90, -27.88, -27.78, -27.75, -27.65, -27.48, -27.30, -26.74, -25.93, -25.04, -25.01, -25.50, -26.20, -26.59, -26.63, -26.56, -26.46, -26.30, -26.14, -25.94, -25.79, -25.61, -25.39, -25.17, -24.95, -24.64, -24.42, -24.09, -23.67, -23.30, -22.89, -22.60, -22.33, -21.95, -21.51, -21.02, -20.52, -19.92, -19.28, -18.56, -17.77, -16.89, -15.88, -14.68, -13.19, -10.62, -6.85, -1.94, 6.74, 6.74, 8.97, 8.86, 7.21, 3.69, -1.14, -6.97, -11.03, -13.11, -14.58, -15.79, -16.82, -17.70, -18.49, -19.22, -19.85, -20.48, -21.00, -21.49, -21.93, -22.20, -22.55, -22.85, -23.22, -23.65, -23.99, -24.31, -24.62, -24.87, -25.11, -25.33, -25.50, -25.72, -25.87, -26.04, -26.16, -26.26, -26.44, -26.51, -26.42, -26.18, -25.62, -24.94, -25.11, -25.79, -26.67, -27.27, -27.54, -27.68, -27.74, -27.84, -27.93, -28.09, -28.13, -28.08, -28.15, -28.02, -27.76, -26.56, -24.59, -20.44, -17.20, -14.82, -14.82
2026-10-02, 13:03:20, 88000000, 90500000, 19531.25, 19520, -14.31, -16.06, -18.01, -16.51, -12.96, -11.47, -12.31, -14.90, -17.62, -21.22, -25.29, -27.05, -27.53, -27.73, -27.80, -27.84, -27.83, -27.82, -27.75, -27.69, -27.59, -27.44, -27.26, -26.82, -25.88, -24.84, -25.03, -25.63, -26.25, -26.43, -26.56, -26.52, -26.38, -26.24, -26.07, -25.95, -25.74, -25.56, -25.34, -25.13, -24.95, -24.61, -24.36, -24.09, -23.68, -23.26, -22.85, -22.58, -22.30, -21.95, -21.50, -21.02, -20.49, -19.92, -19.27, -18.54, -17.78, -16.90, -15.90, -14.73, -13.29, -11.31, -6.87, -2.20, 6.71, 6.71, 9.36, 8.86, 6.72, 3.34, -0.20, -5.48, -10.53, -12.99, -14.50, -15.72, -16.76, -17.67, -18.46, -19.18, -19.81, -20.42, -20.94, -21.44, -21.87, -22.19, -22.49, -22.80, -23.18, -23.63, -23.96, -24.23, -24.57, -24.81, -25.06, -25.29, -25.50, -25.67, -25.85, -26.00, -26.10, -26.21, -26.41, -26.47, -26.42, -26.25, -25.57, -24.81, -25.06, -25.88, -26.70, -27.08, -27.48, -27.64, -27.72, -27.82, -27.88, -28.09, -28.12, -28.05, -28.15, -28.03, -27.83, -27.00, -24.41, -21.11, -17.61, -14.54, -14.54
2026-10-02, 13:03:21, 88000000, 90500000, 19531.25, 19520, -14.62, -16.03, -17.36, -16.24, -13.25, -11.81, -12.36, -14.22, -17.67, -21.34, -25.71, -27.14, -27.59, -27.83, -27.89, -27.93, -27.90, -27.89, -27.80, -27.73, -27.73, -27.50, -27.29, -26.80, -25.87, -25.14, -25.09, -25.63, -26.16, -26.56, -26.64, -26.60, -26.46, -26.36, -26.17, -26.01, -25.84, -25.67, -25.45, -25.20, -25.00, -24.73, -24.44, -24.17, -23.73, -23.36, -22.97, -22.69, -22.35, -22.02, -21.57, -21.09, -20.57, -19.96, -19.35, -18.64, -17.85, -16.97, -15.92, -14.71, -13.14, -10.29, -5.44, -1.60, 6.71, 6.71, 9.03, 8.67, 6.96, 3.82, -0.58, -5.76, -10.82, -13.05, -14.58, -15.80, -16.83, -17.73, -18.54, -19.27, -19.93, -20.51, -21.07, -21.54, -21.99, -22.29, -22.60, -22.89, -23.27, -23.69, -24.04, -24.35, -24.69, -24.93, -25.15, -25.39, -25.54, -25.76, -25.93, -26.06, -26.20, -26.34, -26.45, -26.53, -26.49, -26.29, -25.66, -24.88, -25.16, -25.85, -26.76, -27.28, -27.54, -27.72, -27.79, -27.93, -27.95, -28.14, -28.22, -28.11, -28.22, -28.05, -27.68, -25.91, -23.86, -20.59, -17.31, -14.85, -14.85
2026-10-02, 13:03:22, 88000000, 90500000, 19531.25, 19520, -14.57, -15.96, -17.47, -16.16, -13.46, -11.79, -12.24, -14.56, -17.93, -21.23, -24.87, -27.00, -27.61, -27.84, -27.90, -27.92, -27.92, -27.95, -27.83, -27.79, -27.71, -27.56, -27.29, -26.81, -25.94, -25.24, -25.03, -25.59, -26.30, -26.62, -26.67, -26.62, -26.53, -26.38, -26.22, -26.03, -25.87, -25.67, -25.47, -25.26, -25.02, -24.73, -24.49, -24.19, -23.71, -23.38, -22.96, -22.70, -22.40, -22.06, -21.60, -21.13, -20.60, -20.03, -19.37, -18.66, -17.88, -17.00, -15.96, -14.78, -13.33, -11.32, -6.80, -1.32, 6.69, 6.69, 8.75, 8.87, 6.94, 3.31, -0.56, -4.98, -10.38, -12.98, -14.56, -15.81, -16.86, -17.77, -18.58, -19.29, -19.93, -20.53, -21.07, -21.56, -22.01, -22.29, -22.64, -22.91, -23.29, -23.72, -24.10, -24.38, -24.71, -24.95, -25.16, -25.39, -25.60, -25.79, -25.90, -26.11, -26.23, -26.37, -26.50, -26.58, -26.49, -26.25, -25.71, -25.05, -25.15, -25.98, -26.84, -27.30, -27.60, -27.83, -27.88, -27.99, -27.94, -28.13, -28.19, -28.11, -28.24, -28.12, -27.90, -27.05, -24.09, -20.28, -17.18, -15.12, -15.12
2026-10-02, 13:03:23, 88000000, 90500000, 19531.25, 18560, -14.70, -16.10, -17.12, -16.13, -13.58, -11.92, -12.45, -14.38, -17.44, -20.97, -24.91, -27.01, -27.59, -27.80, -27.91, -27.86, -27.91, -27.87, -27.83, -27.74, -27.67, -27.50, -27.23, -26.71, -25.99, -25.26, -25.14, -25.66, -26.22, -26.59, -26.68, -26.59, -26.46, -26.34, -26.19, -26.01, -25.86, -25.63, -25.43, -25.24, -24.98, -24.69, -24.44, -24.14, -23.68, -23.37, -22.93, -22.63, -22.40, -22.00, -21.56, -21.09, -20.59, -19.96, -19.33, -18.61, -17.83, -16.93, -15.89, -14.69, -13.15, -10.68, -6.50, -0.54, 6.53, 6.53, 8.65, 8.68, 6.84, 3.81, -0.25, -4.93, -9.97, -12.82, -14.46, -15.72, -16.78, -17.70, -18.50, -19.21, -19.92, -20.48, -21.01, -21.50, -21.94, -22.21, -22.60, -22.88, -23.28, -23.66, -24.02, -24.34, -24.66, -24.93, -25.14, -25.34, -25.56, -25.75, -25.91, -26.09, -26.22, -26.32, -26.50, -26.57, -26.45, -26.19, -25.61, -25.09, -25.17, -25.94, -26.71, -27.28, -27.53, -27.75, -27.89, -27.89, -27.85, -28.09, -28.16, -28.02, -28.18, -28.00, -27.69, -26.66, -23.48, -19.72, -17.22, -15.21, -15.21
2026-10-02, 13:03:24, 88000000, 90500000, 19531.25, 18176, -14.86, -16.05, -17.14, -15.91, -13.55, -12.07, -12.57, -14.22, -17.05, -20.84, -24.90, -26.96, -27.52, -27.75, -27.81, -27.82, -27.86, -27.79, -27.79, -27.73, -27.64, -27.43, -27.13, -26.59, -25.93, -25.16, -25.21, -25.53, -26.11, -26.43, -26.55, -26.53, -26.37, -26.27, -26.07, -25.90, -25.77, -25.54, -25.35, -25.15, -24.92, -24.62, -24.33, -24.03, -23.58, -23.24, -22.89, -22.54, -22.28, -21.91, -21.48, -20.97, -20.44, -19.86, -19.21, -18.49, -17.70, -16.79, -15.75, -14.53, -12.95, -10.45, -5.10, -0.46, 6.50, 6.50, 8.64, 8.36, 7.08, 3.96, 0.10, -4.87, -10.01, -12.73, -14.32, -15.59, -16.65, -17.58, -18.38, -19.11, -19.77, -20.37, -20.93, -21.38, -21.82, -22.09, -22.49, -22.81, -23.15, -23.58, -23.94, -24.25, -24.55, -24.79, -25.05, -25.28, -25.43, -25.65, -25.86, -25.96, -26.10, -26.26, -26.37, -26.45, -26.38, -26.07, -25.64, -25.00, -25.28, -25.81, -26.62, -27.19, -27.53, -27.68, -27.74, -27.85, -27.87, -28.02, -28.06, -28.00, -28.11, -27.94, -27.64, -26.34, -22.78, -19.91, -17.09, -15.20, -15.20
2026-10-02, 13:03:25, 88000000, 90500000, 19531.25, 18240, -15.35, -16.14, -16.64, -15.51, -13.54, -12.59, -12.65, -13.99, -16.49, -20.22, -24.97, -26.90, -27.47, -27.70, -27.82, -27.84, -27.84, -27.83, -27.76, -27.75, -27.62, -27.45, -27.17, -26.55, -25.82, -25.29, -25.24, -25.49, -26.02, -26.37, -26.55, -26.56, -26.43, -26.28, -26.11, -25.91, -25.76, -25.56, -25.33, -25.12, -24.90, -24.60, -24.34, -24.00, -23.56, -23.26, -22.88, -22.55, -22.25, -21.89, -21.46, -20.97, -20.44, -19.86, -19.19, -18.48, -17.67, -16.77, -15.71, -14.49, -12.95, -10.75, -5.90, 0.26, 6.80, 6.80, 8.21, 8.19, 7.00, 4.43, 0.98, -5.00, -10.07, -12.67, -14.29, -15.56, -16.64, -17.57, -18.38, -19.11, -19.78, -20.38, -20.91, -21.42, -21.85, -22.12, -22.51, -22.86, -23.19, -23.60, -23.96, -24.24, -24.61, -24.79, -25.07, -25.33, -25.46, -25.71, -25.80, -26.01, -26.17, -26.26, -26.39, -26.44, -26.27, -25.98, -25.54, -25.27, -25.31, -25.84, -26.53, -27.20, -27.61, -27.72, -27.85, -27.89, -27.78, -28.03, -28.08, -28.01, -28.10, -27.98, -27.71, -26.72, -22.90, -19.17, -16.70, -15.24, -15.24
2026-10-02, 13:03:26, 88000000, 90500000, 19531.25, 18048, -14.67, -15.86, -17.24, -16.05, -13.63, -11.91, -12.22, -14.49, -17.30, -20.61, -24.82, -26.94, -27.48, -27.68, -27.80, -27.82, -27.84, -27.80, -27.75, -27.68, -27.62, -27.41, -27.16, -26.64, -25.90, -25.20, -25.01, -25.54, -26.14, -26.48, -26.56, -26.55, -26.41, -26.25, -26.09, -25.93, -25.74, -25.58, -25.40, -25.16, -24.91, -24.61, -24.38, -24.06, -23.60, -23.25, -22.86, -22.56, -22.27, -21.91, -21.46, -20.97, -20.46, -19.87, -19.22, -18.48, -17.72, -16.81, -15.77, -14.55, -12.99, -10.61, -5.69, -0.40, 6.52, 6.52, 8.63, 8.83, 6.92, 3.66, 0.15, -4.61, -10.26, -12.80, -14.41, -15.64, -16.71, -17.62, -18.42, -19.17, -19.81, -20.38, -20.95, -21.42, -21.85, -22.16, -22.52, -22.85, -23.19, -23.63, -23.97, -24.28, -24.57, -24.79, -25.04, -25.34, -25.45, -25.68, -25.84, -26.03, -26.16, -26.26, -26.41, -26.44, -26.36, -26.12, -25.63, -25.04, -25.08, -25.88, -26.68, -27.18, -27.58, -27.67, -27.77, -27.96, -27.85, -28.06, -28.07, -28.02, -28.11, -28.01, -27.70, -26.39, -23.11, -19.84, -17.18, -15.25, -15.25
2026-10-02, 13:03:27, 88000000, 90500000, 19531.25, 18176, -14.83, -15.74, -16.90, -16.06, -13.70, -12.09, -12.11, -14.11, -17.55, -21.45, -24.99, -27.07, -27.55, -27.72, -27.83, -27.86, -27.86, -27.80, -27.74, -27.71, -27.61, -27.47, -27.15, -26.67, -25.93, -25.26, -25.02, -25.49, -26.18, -26.53, -26.62, -26.55, -26.39, -26.30, -26.10, -25.91, -25.75, -25.58, -25.36, -25.23, -24.94, -24.64, -24.40, -24.05, -23.60, -23.29, -22.87, -22.56, -22.26, -21.92, -21.48, -21.02, -20.47, -19.88, -19.23, -18.54, -17.74, -16.85, -15.81, -14.57, -13.06, -10.83, -5.77, -0.26, 6.41, 6.41, 8.44, 8.81, 7.26, 3.84, -0.55, -5.48, -10.42, -12.92, -14.45, -15.67, -16.74, -17.63, -18.44, -19.17, -19.83, -20.41, -20.96, -21.45, -21.89, -22.17, -22.55, -22.83, -23.17, -23.65, -23.99, -24.27, -24.62, -24.85, -25.06, -25.31, -25.47, -25.69, -25.81, -25.98, -26.11, -26.23, -26.41, -26.49, -26.32, -26.10, -25.67, -25.14, -25.09, -25.73, -26.66, -27.18, -27.58, -27.68, -27.79, -27.88, -27.87, -27.98, -28.08, -28.00, -28.06, -27.95, -27.68, -26.47, -23.15, -19.54, -17.17, -15.34, -15.34
2026-10-02, 13:03:28, 88000000, 90500000, 19531.25, 18176, -14.71, -15.89, -17.39, -16.21, -13.34, -11.90, -12.18, -14.41, -17.84, -21.12, -25.42, -27.05, -27.58, -27.75, -27.79, -27.79, -27.81, -27.80, -27.72, -27.65, -27.54, -27.43, -27.20, -26.66, -25.82, -25.09, -25.02, -25.47, -26.15, -26.44, -26.53, -26.50, -26.32, -26.22, -26.10, -25.87, -25.71, -25.55, -25.34, -25.12, -24.91, -24.59, -24.36, -24.01, -23.57, -23.24, -22.82, -22.56, -22.24, -21.89, -21.48, -20.99, -20.45, -19.88, -19.22, -18.49, -17.72, -16.84, -15.82, -14.62, -13.11, -10.90, -6.77, -1.26, 6.66, 6.66, 8.89, 8.75, 7.00, 3.50, -0.47, -5.52, -10.58, -12.86, -14.42, -15.65, -16.71, -17.62, -18.41, -19.14, -19.78, -20.37, -20.88, -21.39, -21.83, -22.15, -22.49, -22.80, -23.15, -23.55, -23.97, -24.23, -24.51, -24.78, -25.02, -25.26, -25.47, -25.66, -25.79, -25.92, -26.06, -26.20, -26.34, -26.43, -26.32, -26.11, -25.56, -24.90, -25.12, -25.83, -26.67, -27.19, -27.49, -27.67, -27.72, -27.85, -27.78, -27.95, -28.08, -27.99, -28.10, -27.98, -27.72, -26.72, -23.99, -20.27, -17.22, -14.98, -14.98
2026-10-02, 13:03:29, 88000000, 90500000, 19531.25, 18240, -14.63, -16.02, -17.47, -16.18, -13.21, -11.80, -12.33, -14.54, -17.64, -21.22, -24.93, -27.03, -27.55, -27.75, -27.82, -27.90, -27.85, -27.80, -27.76, -27.68, -27.60, -27.47, -27.24, -26.76, -25.91, -24.99, -25.04, -25.57, -26.28, -26.50, -26.55, -26.57, -26.42, -26.30, -26.11, -25.96, -25.77, -25.59, -25.37, -25.12, -24.92, -24.63, -24.43, -24.06, -23.66, -23.29, -22.89, -22.60, -22.33, -21.93, -21.50, -21.01, -20.52, -19.90, -19.27, -18.56, -17.77, -16.88, -15.87, -14.67, -13.19, -11.14, -6.90, -1.36, 6.58, 6.58, 9.12, 8.69, 6.97, 3.36, -0.32, -5.43, -10.26, -12.94, -14.50, -15.73, -16.78, -17.68, -18.49, -19.22, -19.85, -20.46, -20.98, -21.46, -21.88, -22.21, -22.55, -22.88, -23.23, -23.65, -24.00, -24.29, -24.61, -24.83, -25.08, -25.31, -25.48, -25.71, -25.82, -26.03, -26.14, -26.27, -26.42, -26.55, -26.39, -26.19, -25.60, -24.91, -25.15, -25.77, -26.72, -27.19, -27.53, -27.65, -27.75, -27.87, -27.83, -28.03, -28.13, -28.08, -28.15, -27.97, -27.76, -26.90, -24.12, -20.28, -17.28, -14.80, -14.80
2026-10-02, 13:03:30, 88000000, 90500000, 19531.25, 18112, -14.63, -15.94, -17.17, -16.32, -13.51, -11.85, -12.33, -14.29, -17.76, -21.27, -24.54, -26.98, -27.52, -27.69, -27.82, -27.81, -27.85, -27.83, -27.73, -27.75, -27.62, -27.43, -27.16, -26.71, -25.98, -25.14, -25.04, -25.55, -26.14, -26.51, -26.57, -26.50, -26.41, -26.31, -26.12, -25.94, -25.77, -25.58, -25.40, -25.15, -24.93, -24.63, -24.39, -24.10, -23.66, -23.26, -22.89, -22.58, -22.30, -21.95, -21.49, -21.00, -20.47, -19.89, -19.28, -18.54, -17.74, -16.85, -15.82, -14.61, -13.11, -10.80, -5.71, -0.46, 6.43, 6.43, 8.81, 8.74, 7.05, 3.50, -0.50, -4.85, -10.00, -12.79, -14.43, -15.67, -16.74, -17.63, -18.46, -19.18, -19.82, -20.45, -20.96, -21.45, -21.87, -22.19, -22.55, -22.86, -23.19, -23.63, -24.00, -24.25, -24.58, -24.84, -25.07, -25.29, -25.48, -25.69, -25.88, -26.00, -26.11, -26.28, -26.44, -26.49, -26.33, -26.13, -25.61, -25.02, -25.16, -25.76, -26.69, -27.25, -27.50, -27.68, -27.76, -27.83, -27.82, -28.04, -28.14, -28.06, -28.13, -27.94, -27.70, -26.43, -23.30, -19.91, -17.39, -15.12, -15.12
2026-10-02, 13:03:31, 88000000, 90500000, 19531.25, 18112, -14.72, -15.97, -17.40, -16.06, -13.39, -11.93, -12.32, -14.32, -17.48, -21.54, -25.48, -27.08, -27.57, -27.72, -27.83, -27.83, -27.88, -27.81, -27.76, -27.72, -27.58, -27.47, -27.23, -26.67, -25.93, -25.13, -25.08, -25.51, -26.21, -26.49, -26.64, -26.57, -26.42, -26.27, -26.11, -25.91, -25.77, -25.58, -25.36, -25.19, -24.96, -24.62, -24.39, -24.08, -23.62, -23.27, -22.88, -22.58, -22.31, -21.97, -21.52, -21.02, -20.49, -19.92, -19.26, -18.53, -17.76, -16.88, -15.83, -14.64, -13.15, -11.01, -6.71, -1.20, 6.63, 6.63, 8.77, 8.72, 7.04, 3.69, -0.41, -5.77, -10.69, -12.93, -14.47, -15.70, -16.75, -17.64, -18.48, -19.17, -19.84, -20.44, -20.96, -21.45, -21.89, -22.17, -22.56, -22.85, -23.22, -23.61, -23.99, -24.29, -24.57, -24.84, -25.11, -25.31, -25.45, -25.66, -25.81, -25.96, -26.14, -26.26, -26.43, -26.52, -26.43, -26.17, -25.56, -25.00, -25.13, -25.83, -26.65, -27.23, -27.56, -27.68, -27.82, -27.84, -27.84, -28.02, -28.10, -28.05, -28.15, -27.99, -27.72, -26.86, -23.56, -20.43, -17.15, -15.02, -15.02
2026-10-02, 13:03:32, 88000000, 90500000, 19531.25, 18240, -15.00, -15.84, -16.94, -15.78, -13.63, -12.26, -12.25, -14.24, -17.05, -20.40, -25.14, -26.93, -27.50, -27.72, -27.87, -27.86, -27.89, -27.84, -27.77, -27.74, -27.66, -27.47, -27.13, -26.63, -25.88, -25.28, -25.13, -25.57, -26.12, -26.50, -26.61, -26.58, -26.43, -26.27, -26.14, -25.95, -25.78, -25.63, -25.37, -25.16, -24.92, -24.66, -24.36, -24.10, -23.65, -23.28, -22.92, -22.61, -22.28, -21.95, -21.49, -21.02, -20.50, -19.90, -19.24, -18.52, -17.74, -16.84, -15.78, -14.54, -13.00, -10.56, -5.48, -0.07, 6.58, 6.58, 8.41, 8.65, 7.01, 4.02, 0.40, -4.93, -10.26, -12.82, -14.38, -15.66, -16.71, -17.62, -18.46, -19.17, -19.84, -20.41, -20.95, -21.42, -21.90, -22.19, -22.57, -22.87, -23.20, -23.59, -24.01, -24.30, -24.61, -24.85, -25.06, -25.30, -25.46, -25.70, -25.86, -26.02, -26.17, -26.26, -26.38, -26.46, -26.34, -26.09, -25.65, -25.19, -25.15, -25.82, -26.54, -27.16, -27.53, -27.69, -27.76, -27.80, -27.85, -28.06, -28.10, -28.00, -28.10, -27.91, -27.58, -26.27, -22.97, -19.47, -16.93, -15.30, -15.30
2026-10-02, 13:03:33, 88000000, 90500000, 19531.25, 18176, -14.83, -16.04, -17.13, -15.88, -13.20, -12.05, -12.37, -14.29, -17.14, -20.81, -25.11, -26.93, -27.47, -27.69, -27.78, -27.80, -27.81, -27.74, -27.70, -27.66, -27.56, -27.39, -27.15, -26.64, -25.77, -25.06, -25.11, -25.49, -26.09, -26.44, -26.48, -26.48, -26.37, -26.20, -26.04, -25.86, -25.72, -25.55, -25.31, -25.09, -24.84, -24.56, -24.33, -24.00, -23.60, -23.20, -22.88, -22.54, -22.22, -21.86, -21.42, -20.96, -20.42, -19.82, -19.20, -18.45, -17.67, -16.77, -15.72, -14.52, -12.97, -10.30, -5.75, -1.03, 6.88, 6.88, 8.79, 8.59, 6.96, 3.95, 0.10, -4.86, -10.40, -12.82, -14.39, -15.63, -16.68, -17.60, -18.39, -19.12, -19.76, -20.37, -20.89, -21.39, -21.82, -22.13, -22.47, -22.79, -23.15, -23.56, -23.93, -24.22, -24.55, -24.80, -25.01, -25.25, -25.44, -25.59, -25.78, -25.93, -26.05, -26.16, -26.34, -26.45, -26.27, -26.08, -25.50, -24.95, -25.19, -25.76, -26.55, -27.09, -27.49, -27.59, -27.72, -27.74, -27.79, -27.96, -28.05, -27.94, -28.07, -27.87, -27.59, -26.08, -23.79, -19.86, -17.00, -14.83, -14.83
2026-10-02, 13:03:34, 88000000, 90500000, 19531.25, 18112, -14.95, -16.03, -16.81, -15.77, -13.44, -12.16, -12.48, -14.05, -16.77, -20.79, -24.50, -26.86, -27.37, -27.63, -27.70, -27.76, -27.70, -27.72, -27.61, -27.57, -27.44, -27.32, -27.01, -26.49, -25.75, -25.11, -25.07, -25.42, -25.96, -26.35, -26.44, -26.41, -26.32, -26.15, -25.97, -25.80, -25.61, -25.45, -25.25, -25.04, -24.83, -24.50, -24.24, -23.98, -23.51, -23.14, -22.80, -22.51, -22.17, -21.80, -21.38, -20.87, -20.38, -19.76, -19.14, -18.42, -17.60, -16.71, -15.67, -14.44, -12.93, -10.66, -6.05, 0.16, 6.62, 6.62, 8.61, 8.47, 7.06, 4.18, 0.41, -4.76, -9.87, -12.60, -14.26, -15.53, -16.60, -17.51, -18.31, -19.06, -19.69, -20.30, -20.85, -21.33, -21.75, -22.10, -22.44, -22.77, -23.09, -23.54, -23.86, -24.13, -24.50, -24.74, -24.94, -25.19, -25.36, -25.55, -25.73, -25.89, -25.97, -26.14, -26.30, -26.39, -26.22, -25.98, -25.51, -24.98, -25.20, -25.73, -26.48, -27.06, -27.41, -27.54, -27.69, -27.73, -27.73, -27.92, -28.06, -27.91, -28.01, -27.90, -27.65, -26.50, -22.82, -19.52, -16.99, -15.07, -15.07
2026-10-02, 13:03:35, 88000000, 90500000, 19531.25, 18112, -14.16, -15.74, -17.77, -16.81, -13.25, -11.37, -11.99, -14.55, -18.48, -22.31, -25.68, -27.10, -27.49, -27.65, -27.68, -27.72, -27.72, -27.68, -27.59, -27.59, -27.50, -27.31, -27.12, -26.72, -25.90, -24.91, -24.73, -25.37, -26.18, -26.49, -26.48, -26.45, -26.24, -26.15, -25.98, -25.80, -25.69, -25.47, -25.27, -25.03, -24.81, -24.50, -24.30, -23.96, -23.59, -23.18, -22.75, -22.49, -22.20, -21.85, -21.42, -20.93, -20.38, -19.86, -19.20, -18.45, -17.70, -16.81, -15.81, -14.62, -13.14, -10.87, -6.43, -1.66, 6.36, 6.36, 9.21, 9.27, 7.05, 3.04, -1.54, -6.94, -10.63, -13.01, -14.50, -15.70, -16.73, -17.62, -18.41, -19.12, -19.78, -20.33, -20.88, -21.34, -21.84, -22.13, -22.48, -22.71, -23.12, -23.55, -23.92, -24.22, -24.54, -24.72, -24.97, -25.20, -25.36, -25.57, -25.71, -25.87, -25.98, -26.15, -26.27, -26.41, -26.31, -26.20, -25.60, -24.71, -24.89, -25.75, -26.66, -27.22, -27.44, -27.60, -27.65, -27.76, -27.83, -27.95, -28.01, -27.92, -28.04, -27.90, -27.69, -26.71, -23.90, -21.10, -17.84, -14.81, -14.81
2026-10-02, 13:03:36, 88000000, 90500000, 19531.25, 18240, -14.43, -15.97, -17.48, -16.36, -13.24, -11.62, -12.29, -14.34, -17.74, -21.73, -25.57, -27.05, -27.47, -27.68, -27.71, -27.76, -27.75, -27.73, -27.67, -27.64, -27.52, -27.35, -27.12, -26.72, -25.81, -24.94, -24.92, -25.48, -26.08, -26.42, -26.50, -26.46, -26.29, -26.20, -26.02, -25.85, -25.73, -25.48, -25.28, -25.11, -24.85, -24.55, -24.35, -23.97, -23.60, -23.21, -22.82, -22.52, -22.22, -21.89, -21.41, -20.95, -20.45, -19.87, -19.21, -18.51, -17.74, -16.84, -15.82, -14.62, -13.15, -10.64, -6.39, -1.21, 6.68, 6.68, 9.06, 8.90, 7.00, 3.50, -0.65, -6.40, -10.82, -12.97, -14.48, -15.71, -16.74, -17.64, -18.44, -19.14, -19.80, -20.38, -20.91, -21.42, -21.84, -22.15, -22.50, -22.73, -23.13, -23.56, -23.93, -24.21, -24.51, -24.76, -24.98, -25.21, -25.38, -25.56, -25.73, -25.89, -26.03, -26.18, -26.31, -26.42, -26.38, -26.15, -25.51, -24.81, -25.02, -25.77, -26.68, -27.21, -27.43, -27.65, -27.69, -27.77, -27.82, -27.93, -28.00, -27.93, -28.07, -27.95, -27.66, -26.61, -23.57, -20.63, -17.40, -14.85, -14.85
2026-10-02, 13:03:37, 88000000, 90500000, 19531.25, 18240, -13.79, -15.88, -18.52, -17.29, -12.96, -10.97, -11.96, -14.83, -19.08, -23.75, -26.38, -27.15, -27.48, -27.66, -27.70, -27.71, -27.72, -27.67, -27.62, -27.54, -27.47, -27.32, -27.19, -26.85, -25.84, -24.64, -24.66, -25.53, -26.13, -26.53, -26.51, -26.40, -26.28, -26.19, -26.00, -25.76, -25.66, -25.43, -25.26, -25.02, -24.82, -24.54, -24.30, -23.99, -23.60, -23.18, -22.73, -22.47, -22.23, -21.88, -21.42, -20.94, -20.42, -19.88, -19.22, -18.53, -17.76, -16.91, -15.92, -14.80, -13.43, -11.64, -8.55, -4.11, 6.50, 6.50, 9.66, 9.48, 6.86, 2.60, -2.77, -8.25, -11.33, -13.20, -14.60, -15.76, -16.78, -17.65, -18.45, -19.14, -19.76, -20.37, -20.91, -21.39, -21.83, -22.13, -22.43, -22.68, -23.11, -23.57, -23.89, -24.16, -24.47, -24.71, -24.93, -25.18, -25.37, -25.58, -25.75, -25.87, -25.99, -26.13, -26.30, -26.40, -26.40, -26.34, -25.57, -24.64, -24.72, -25.76, -26.76, -27.20, -27.42, -27.58, -27.63, -27.74, -27.76, -27.99, -28.03, -27.96, -28.06, -27.96, -27.82, -27.28, -25.69, -22.60, -18.18, -14.47, -14.47
2026-10-02, 13:03:38, 88000000, 90500000, 19531.25, 18176, -13.59, -15.55, -19.27, -18.03, -12.93, -10.74, -11.54, -15.46, -20.43, -24.78, -26.73, -27.33, -27.64, -27.78, -27.84, -27.90, -27.90, -27.84, -27.80, -27.72, -27.61, -27.48, -27.32, -27.06, -26.05, -24.66, -24.58, -25.51, -26.52, -26.70, -26.64, -26.52, -26.39, -26.25, -26.13, -25.92, -25.73, -25.57, -25.38, -25.14, -24.92, -24.67, -24.41, -24.11, -23.72, -23.24, -22.84, -22.56, -22.33, -21.97, -21.55, -21.09, -20.52, -19.97, -19.34, -18.64, -17.88, -17.05, -16.06, -14.94, -13.61, -11.89, -9.40, -5.42, 6.19, 6.19, 9.98, 9.81, 6.82, 1.34, -4.38, -8.97, -11.64, -13.37, -14.74, -15.89, -16.87, -17.74, -18.53, -19.22, -19.84, -20.42, -20.99, -21.47, -21.91, -22.21, -22.50, -22.76, -23.16, -23.65, -24.04, -24.29, -24.60, -24.82, -25.06, -25.29, -25.48, -25.70, -25.81, -25.97, -26.10, -26.28, -26.38, -26.54, -26.50, -26.43, -25.70, -24.49, -24.67, -25.92, -26.94, -27.42, -27.55, -27.68, -27.74, -27.80, -27.82, -27.99, -28.11, -28.00, -28.14, -28.05, -27.91, -27.48, -26.04, -23.59, -18.88, -14.34, -14.34
2026-10-02, 13:03:39, 88000000, 90500000, 19531.25, 18112, -13.49, -15.48, -19.11, -17.91, -13.32, -10.58, -11.53, -15.76, -20.43, -24.10, -26.60, -27.34, -27.70, -27.80, -27.92, -27.89, -27.89, -27.84, -27.81, -27.74, -27.67, -27.54, -27.37, -27.04, -26.28, -24.61, -24.71, -25.64, -26.51, -26.68, -26.63, -26.59, -26.45, -26.33, -26.14, -25.98, -25.85, -25.64, -25.43, -25.21, -24.99, -24.71, -24.47, -24.13, -23.72, -23.36, -22.85, -22.60, -22.38, -22.05, -21.59, -21.16, -20.57, -20.02, -19.37, -18.67, -17.93, -17.08, -16.10, -14.98, -13.68, -12.01, -9.65, -4.36, 5.53, 5.53, 10.17, 9.67, 6.81, 1.26, -3.55, -8.57, -11.65, -13.40, -14.75, -15.91, -16.90, -17.76, -18.56, -19.26, -19.91, -20.49, -21.00, -21.48, -21.94, -22.24, -22.56, -22.76, -23.18, -23.68, -24.05, -24.34, -24.61, -24.84, -25.09, -25.33, -25.53, -25.71, -25.84, -26.04, -26.12, -26.32, -26.45, -26.58, -26.61, -26.45, -25.84, -24.39, -24.75, -25.93, -26.99, -27.41, -27.65, -27.75, -27.82, -27.92, -27.89, -28.05, -28.15, -28.02, -28.18, -28.07, -27.93, -27.51, -25.96, -22.61, -18.89, -14.63, -14.63
2026-10-02, 13:03:40, 88000000, 90500000, 19531.25, 18176, -13.47, -15.78, -19.13, -18.09, -13.00, -10.61, -11.81, -15.40, -20.09, -24.13, -26.47, -27.27, -27.65, -27.81, -27.85, -27.87, -27.84, -27.85, -27.77, -27.73, -27.65, -27.49, -27.39, -27.15, -26.09, -24.59, -24.72, -25.68, -26.41, -26.66, -26.64, -26.56, -26.40, -26.27, -26.12, -25.94, -25.80, -25.63, -25.39, -25.14, -24.91, -24.66, -24.45, -24.10, -23.70, -23.26, -22.80, -22.59, -22.37, -21.98, -21.54, -21.07, -20.54, -19.95, -19.33, -18.67, -17.88, -17.02, -16.06, -14.92, -13.61, -11.84, -8.39, -4.93, 5.93, 5.93, 10.09, 9.70, 6.62, 1.78, -3.94, -7.99, -11.52, -13.34, -14.73, -15.88, -16.85, -17.74, -18.54, -19.21, -19.85, -20.47, -20.98, -21.45, -21.92, -22.22, -22.52, -22.78, -23.18, -23.62, -24.01, -24.29, -24.63, -24.84, -25.07, -25.31, -25.48, -25.72, -25.85, -25.98, -26.16, -26.24, -26.38, -26.53, -26.57, -26.49, -25.85, -24.41, -24.75, -25.92, -26.92, -27.39, -27.59, -27.74, -27.83, -27.88, -27.85, -28.05, -28.09, -27.98, -28.17, -28.05, -27.86, -27.29, -25.91, -23.45, -19.03, -14.40, -14.40
2026-10-02, 13:03:41, 88000000, 90500000, 19531.25, 18240, -13.32, -15.66, -19.60, -18.18, -13.15, -10.48, -11.61, -16.25, -20.35, -23.51, -26.39, -27.33, -27.66, -27.86, -27.93, -27.92, -27.93, -27.95, -27.80, -27.76, -27.67, -27.52, -27.42, -27.08, -26.25, -24.63, -24.53, -25.80, -26.59, -26.71, -26.70, -26.54, -26.47, -26.34, -26.17, -25.98, -25.82, -25.64, -25.44, -25.19, -25.00, -24.71, -24.45, -24.14, -23.75, -23.32, -22.85, -22.63, -22.41, -22.01, -21.60, -21.10, -20.60, -20.02, -19.39, -18.68, -17.93, -17.07, -16.10, -14.99, -13.67, -12.00, -9.57, -4.98, 5.79, 5.79, 10.04, 9.98, 6.41, 0.74, -3.11, -8.13, -11.60, -13.42, -14.78, -15.95, -16.93, -17.83, -18.59, -19.29, -19.96, -20.53, -21.03, -21.54, -21.98, -22.27, -22.57, -22.81, -23.22, -23.74, -24.10, -24.34, -24.63, -24.88, -25.11, -25.34, -25.55, -25.72, -25.90, -26.07, -26.16, -26.27, -26.48, -26.61, -26.61, -26.49, -25.83, -24.50, -24.68, -26.05, -27.09, -27.42, -27.66, -27.76, -27.85, -27.91, -27.90, -28.10, -28.12, -28.00, -28.18, -28.08, -27.95, -27.60, -26.18, -23.27, -19.13, -14.56, -14.56
2026-10-02, 13:03:42, 88000000, 90500000, 19531.25, 18240, -13.86, -15.28, -19.35, -17.95, -12.86, -11.01, -11.32, -15.50, -21.01, -24.84, -26.61, -27.33, -27.63, -27.81, -27.87, -27.83, -27.89, -27.84, -27.73, -27.69, -27.61, -27.49, -27.37, -27.03, -26.01, -24.70, -24.67, -25.44, -26.44, -26.69, -26.64, -26.59, -26.43, -26.28, -26.09, -25.93, -25.77, -25.55, -25.38, -25.14, -24.93, -24.64, -24.40, -24.11, -23.72, -23.24, -22.84, -22.53, -22.33, -22.02, -21.55, -21.07, -20.55, -19.95, -19.33, -18.64, -17.89, -17.03, -16.06, -14.94, -13.62, -12.00, -9.66, -5.51, 6.32, 6.32, 9.80, 9.68, 7.19, 1.17, -4.95, -9.21, -11.76, -13.44, -14.80, -15.94, -16.93, -17.79, -18.55, -19.26, -19.90, -20.49, -20.99, -21.51, -21.93, -22.23, -22.54, -22.80, -23.13, -23.68, -24.06, -24.30, -24.62, -24.86, -25.12, -25.30, -25.50, -25.68, -25.84, -26.03, -26.09, -26.30, -26.44, -26.57, -26.57, -26.45, -25.69, -24.57, -24.74, -25.83, -27.04, -27.46, -27.64, -27.73, -27.80, -27.89, -27.93, -28.08, -28.16, -28.05, -28.20, -28.07, -27.94, -27.61, -26.44, -23.62, -18.67, -14.33, -14.33
2026-10-02, 13:03:43, 88000000, 90500000, 19531.25, 18112, -13.47, -15.71, -19.29, -18.31, -12.93, -10.60, -11.68, -15.67, -20.39, -24.38, -26.63, -27.35, -27.71, -27.85, -27.95, -27.93, -27.94, -27.90, -27.86, -27.76, -27.70, -27.58, -27.43, -27.10, -26.26, -24.56, -24.65, -25.73, -26.53, -26.71, -26.72, -26.67, -26.49, -26.34, -26.21, -26.00, -25.84, -25.64, -25.45, -25.23, -25.01, -24.73, -24.47, -24.20, -23.74, -23.33, -22.89, -22.64, -22.39, -22.07, -21.62, -21.12, -20.63, -20.04, -19.42, -18.72, -17.96, -17.11, -16.13, -15.03, -13.69, -12.03, -9.60, -5.23, 5.70, 5.70, 10.20, 9.81, 6.63, 1.20, -4.03, -8.96, -11.78, -13.51, -14.87, -16.01, -16.99, -17.85, -18.65, -19.35, -19.95, -20.58, -21.09, -21.54, -22.01, -22.32, -22.61, -22.83, -23.25, -23.77, -24.12, -24.38, -24.70, -24.92, -25.13, -25.38, -25.54, -25.78, -25.93, -26.12, -26.24, -26.34, -26.51, -26.60, -26.64, -26.57, -25.85, -24.51, -24.70, -26.03, -27.06, -27.51, -27.69, -27.78, -27.84, -27.93, -27.91, -28.11, -28.18, -28.17, -28.23, -28.18, -27.97, -27.67, -26.41, -23.42, -19.28, -14.30, -14.30
2026-10-02, 13:03:44, 88000000, 90500000, 19531.25, 18176, -12.97, -15.81, -19.87, -18.83, -13.13, -10.11, -11.73, -16.06, -21.08, -24.99, -26.71, -27.35, -27.71, -27.85, -27.92, -27.90, -27.95, -27.87, -27.82, -27.79, -27.65, -27.53, -27.44, -27.20, -26.35, -24.50, -24.50, -25.69, -26.50, -26.77, -26.66, -26.55, -26.43, -26.33, -26.14, -26.00, -25.79, -25.62, -25.43, -25.22, -24.97, -24.68, -24.44, -24.16, -23.77, -23.34, -22.84, -22.63, -22.41, -22.08, -21.62, -21.11, -20.60, -20.04, -19.41, -18.72, -17.98, -17.13, -16.15, -15.08, -13.77, -12.19, -9.56, -6.58, 5.05, 5.05, 10.40, 10.15, 6.47, 0.61, -5.16, -9.46, -11.93, -13.59, -14.92, -16.03, -17.02, -17.87, -18.63, -19.36, -19.98, -20.54, -21.06, -21.55, -22.00, -22.29, -22.58, -22.76, -23.27, -23.72, -24.09, -24.39, -24.66, -24.91, -25.17, -25.35, -25.54, -25.71, -25.90, -26.05, -26.17, -26.35, -26.46, -26.61, -26.63, -26.58, -25.99, -24.30, -24.54, -26.11, -27.11, -27.48, -27.62, -27.77, -27.80, -27.91, -27.90, -28.08, -28.22, -28.09, -28.24, -28.12, -28.01, -27.60, -26.78, -24.31, -19.91, -14.43, -14.43
2026-10-02, 13:03:45, 88000000, 90500000, 19531.25, 18176, -12.97, -15.43, -19.91, -18.72, -13.49, -10.14, -11.32, -16.64, -21.04, -24.47, -26.60, -27.36, -27.70, -27.81, -27.87, -27.87, -27.91, -27.86, -27.81, -27.71, -27.63, -27.54, -27.42, -27.11, -26.28, -24.60, -24.37, -25.74, -26.56, -26.75, -26.67, -26.59, -26.44, -26.32, -26.15, -25.98, -25.80, -25.61, -25.40, -25.18, -24.93, -24.68, -24.43, -24.13, -23.72, -23.32, -22.81, -22.56, -22.40, -22.03, -21.59, -21.10, -20.55, -19.99, -19.36, -18.69, -17.91, -17.07, -16.14, -15.00, -13.68, -12.03, -9.49, -5.27, 5.29, 5.29, 10.12, 10.41, 6.23, 0.40, -4.33, -8.76, -11.68, -13.42, -14.78, -15.91, -16.91, -17.76, -18.54, -19.25, -19.88, -20.46, -21.01, -21.48, -21.92, -22.24, -22.54, -22.70, -23.17, -23.71, -24.01, -24.33, -24.61, -24.82, -25.08, -25.30, -25.50, -25.65, -25.83, -26.02, -26.15, -26.29, -26.44, -26.54, -26.58, -26.53, -25.97, -24.40, -24.46, -26.06, -27.10, -27.42, -27.58, -27.68, -27.75, -27.82, -27.86, -28.07, -28.17, -28.06, -28.17, -28.07, -27.94, -27.51, -26.32, -23.49, -19.63, -14.83, -14.83
2026-10-02, 13:03:46, 88000000, 90500000, 19531.25, 18176, -13.17, -15.40, -20.46, -19.08, -12.88, -10.33, -11.24, -16.91, -21.29, -25.53, -26.87, -27.41, -27.66, -27.78, -27.85, -27.84, -27.88, -27.82, -27.73, -27.73, -27.60, -27.48, -27.43, -27.19, -26.23, -24.44, -24.38, -25.72, -26.57, -26.68, -26.65, -26.53, -26.37, -26.27, -26.10, -25.92, -25.77, -25.56, -25.36, -25.14, -24.92, -24.61, -24.38, -24.06, -23.66, -23.23, -22.77, -22.48, -22.34, -21.98, -21.50, -21.04, -20.54, -19.95, -19.32, -18.61, -17.85, -17.02, -16.06, -14.96, -13.69, -12.12, -10.09, -6.86, 5.38, 5.38, 10.36, 10.34, 6.11, 0.22, -5.43, -9.66, -11.86, -13.48, -14.81, -15.91, -16.90, -17.76, -18.52, -19.23, -19.86, -20.46, -20.95, -21.47, -21.89, -22.21, -22.49, -22.69, -23.12, -23.65, -24.00, -24.28, -24.57, -24.85, -25.06, -25.26, -25.48, -25.63, -25.81, -26.01, -26.12, -26.24, -26.36, -26.54, -26.52, -26.54, -25.88, -24.35, -24.41, -26.10, -27.10, -27.39, -27.58, -27.69, -27.74, -27.82, -27.84, -28.02, -28.11, -27.98, -28.16, -28.08, -27.94, -27.64, -26.84, -24.79, -20.03, -14.21, -14.21
2026-10-02, 13:03:47, 88000000, 90500000, 19531.25, 18240, -13.11, -15.41, -20.33, -18.80, -13.23, -10.18, -11.34, -16.65, -21.46, -25.43, -26.82, -27.37, -27.65, -27.78, -27.84, -27.81, -27.84, -27.81, -27.77, -27.70, -27.60, -27.46, -27.37, -27.09, -26.27, -24.37, -24.48, -25.64, -26.47, -26.62, -26.58, -26.48, -26.31, -26.23, -26.04, -25.86, -25.70, -25.50, -25.29, -25.11, -24.84, -24.55, -24.35, -24.02, -23.60, -23.19, -22.70, -22.46, -22.30, -21.92, -21.47, -20.96, -20.47, -19.88, -19.24, -18.56, -17.82, -16.96, -16.00, -14.91, -13.63, -12.08, -10.04, -6.54, 4.97, 4.97, 10.57, 9.99, 6.45, 0.49, -5.43, -9.57, -11.77, -13.36, -14.70, -15.83, -16.79, -17.66, -18.43, -19.12, -19.75, -20.36, -20.84, -21.37, -21.83, -22.12, -22.40, -22.65, -23.04, -23.58, -23.96, -24.19, -24.53, -24.72, -25.01, -25.21, -25.39, -25.59, -25.77, -25.91, -26.02, -26.16, -26.36, -26.43, -26.46, -26.47, -25.88, -24.19, -24.56, -25.97, -26.97, -27.39, -27.57, -27.66, -27.75, -27.80, -27.78, -27.97, -28.04, -27.97, -28.09, -28.04, -27.90, -27.62, -26.88, -24.87, -19.75, -14.47, -14.47
2026-10-02, 13:03:48, 88000000, 90500000, 19531.25, 18240, -12.88, -15.31, -20.84, -19.65, -13.41, -10.00, -11.13, -17.39, -22.42, -25.91, -27.03, -27.53, -27.80, -27.95, -27.97, -27.99, -27.95, -27.96, -27.87, -27.83, -27.70, -27.62, -27.52, -27.29, -26.44, -24.41, -24.42, -25.91, -26.72, -26.82, -26.75, -26.63, -26.52, -26.38, -26.19, -26.02, -25.87, -25.67, -25.48, -25.26, -25.05, -24.74, -24.49, -24.23, -23.81, -23.38, -22.85, -22.63, -22.49, -22.11, -21.65, -21.16, -20.65, -20.10, -19.47, -18.78, -18.02, -17.18, -16.26, -15.17, -13.92, -12.40, -10.48, -7.63, 4.84, 4.84, 10.55, 10.45, 5.84, -0.48, -6.39, -9.86, -11.94, -13.57, -14.88, -16.01, -16.97, -17.82, -18.59, -19.30, -19.94, -20.53, -21.05, -21.52, -21.97, -22.29, -22.56, -22.74, -23.19, -23.77, -24.12, -24.34, -24.64, -24.87, -25.12, -25.33, -25.57, -25.74, -25.89, -26.08, -26.21, -26.34, -26.48, -26.61, -26.64, -26.65, -26.06, -24.25, -24.47, -26.19, -27.11, -27.50, -27.64, -27.70, -27.83, -27.93, -27.94, -28.10, -28.16, -28.16, -28.22, -28.14, -27.99, -27.73, -27.06, -25.05, -20.52, -14.63, -14.63
2026-10-02, 13:03:49, 88000000, 90500000, 19531.25, 18176, -12.51, -15.34, -21.42, -20.23, -13.78, -9.64, -11.09, -18.18, -23.63, -26.19, -27.10, -27.57, -27.85, -28.00, -28.03, -28.02, -28.02, -28.01, -27.98, -27.86, -27.79, -27.68, -27.57, -27.39, -26.71, -24.42, -24.22, -25.93, -26.76, -26.89, -26.82, -26.67, -26.56, -26.43, -26.26, -26.11, -25.90, -25.76, -25.54, -25.29, -25.11, -24.81, -24.58, -24.28, -23.89, -23.44, -22.87, -22.72, -22.56, -22.22, -21.73, -21.27, -20.72, -20.17, -19.55, -18.89, -18.12, -17.29, -16.36, -15.30, -14.05, -12.55, -10.70, -8.05, 3.76, 3.76, 10.75, 10.81, 5.31, -1.58, -7.14, -10.13, -12.10, -13.67, -14.99, -16.07, -17.07, -17.91, -18.69, -19.37, -19.99, -20.59, -21.10, -21.59, -22.06, -22.37, -22.68, -22.78, -23.26, -23.81, -24.14, -24.42, -24.70, -24.93, -25.22, -25.41, -25.59, -25.78, -25.97, -26.12, -26.21, -26.36, -26.50, -26.64, -26.71, -26.75, -26.31, -24.10, -24.35, -26.49, -27.27, -27.59, -27.75, -27.78, -27.83, -27.96, -27.98, -28.18, -28.27, -28.17, -28.27, -28.20, -28.06, -27.77, -27.18, -25.68, -21.24, -14.88, -14.88
2026-10-02, 13:03:50, 88000000, 90500000, 19531.25, 18176, -11.71, -16.32, -21.41, -20.20, -14.51, -8.92, -11.94, -18.04, -23.35, -26.01, -27.01, -27.50, -27.75, -27.90, -27.94, -27.96, -27.98, -27.93, -27.88, -27.79, -27.73, -27.64, -27.55, -27.36, -26.60, -24.55, -23.85, -26.12, -26.73, -26.82, -26.77, -26.67, -26.47, -26.36, -26.23, -26.00, -25.84, -25.70, -25.48, -25.25, -25.01, -24.74, -24.48, -24.18, -23.79, -23.42, -22.73, -22.68, -22.48, -22.09, -21.63, -21.16, -20.63, -20.06, -19.45, -18.77, -18.01, -17.19, -16.23, -15.17, -13.90, -12.40, -10.54, -7.92, 3.81, 3.81, 10.48, 11.23, 4.59, -1.46, -7.38, -10.24, -12.20, -13.74, -15.02, -16.13, -17.09, -17.92, -18.68, -19.37, -20.02, -20.58, -21.11, -21.58, -22.03, -22.35, -22.70, -22.67, -23.28, -23.78, -24.14, -24.38, -24.69, -24.90, -25.15, -25.41, -25.54, -25.79, -25.91, -26.07, -26.23, -26.36, -26.48, -26.58, -26.67, -26.75, -26.22, -24.23, -24.20, -26.57, -27.25, -27.58, -27.65, -27.75, -27.87, -27.97, -27.94, -28.14, -28.21, -28.11, -28.25, -28.16, -28.09, -27.81, -27.24, -25.86, -21.12, -15.69, -15.69
2026-10-02, 13:03:51, 88000000, 90500000, 19531.25, 18176, -12.19, -15.73, -21.39, -20.32, -14.11, -9.38, -11.32, -18.34, -23.70, -26.25, -27.20, -27.67, -27.96, -28.11, -28.19, -28.23, -28.22, -28.15, -28.16, -28.02, -27.99, -27.88, -27.81, -27.62, -26.95, -24.54, -24.04, -26.49, -27.05, -27.09, -27.03, -26.92, -26.81, -26.66, -26.49, -26.34, -26.17, -25.99, -25.77, -25.58, -25.33, -25.09, -24.86, -24.54, -24.14, -23.74, -23.09, -22.95, -22.84, -22.46, -22.04, -21.55, -21.06, -20.47, -19.86, -19.18, -18.44, -17.62, -16.72, -15.65, -14.42, -12.94, -11.16, -8.71, 3.39, 3.39, 10.71, 11.25, 4.26, -1.94, -7.50, -10.45, -12.41, -13.97, -15.28, -16.37, -17.34, -18.22, -18.94, -19.65, -20.30, -20.89, -21.40, -21.86, -22.32, -22.59, -22.94, -22.98, -23.54, -24.10, -24.38, -24.69, -24.95, -25.21, -25.48, -25.65, -25.82, -26.06, -26.18, -26.36, -26.45, -26.62, -26.77, -26.84, -26.94, -27.01, -26.46, -24.36, -24.13, -26.78, -27.58, -27.79, -27.91, -28.04, -28.12, -28.18, -28.14, -28.36, -28.42, -28.36, -28.44, -28.36, -28.22, -27.93, -27.28, -25.79, -21.32, -15.18, -15.18
2026-10-02, 13:03:52, 88000000, 90500000, 19531.25, 18176, -11.30, -16.36, -22.53, -22.13, -15.21, -8.49, -11.87, -19.88, -24.56, -26.35, -27.17, -27.66, -27.95, -28.10, -28.13, -28.17, -28.12, -28.11, -28.08, -28.00, -27.91, -27.77, -27.71, -27.61, -27.09, -24.50, -23.77, -26.55, -27.07, -27.01, -26.97, -26.84, -26.70, -26.60, -26.39, -26.22, -26.05, -25.91, -25.67, -25.48, -25.23, -24.95, -24.75, -24.44, -24.04, -23.70, -22.85, -22.91, -22.74, -22.35, -21.88, -21.43, -20.88, -20.34, -19.73, -19.04, -18.31, -17.47, -16.53, -15.48, -14.25, -12.77, -11.00, -8.68, 2.08, 2.08, 10.84, 11.60, 3.26, -4.59, -8.37, -10.79, -12.62, -14.11, -15.35, -16.45, -17.39, -18.21, -18.98, -19.66, -20.30, -20.86, -21.37, -21.86, -22.28, -22.60, -22.95, -22.82, -23.52, -24.04, -24.36, -24.63, -24.89, -25.15, -25.40, -25.56, -25.79, -25.92, -26.17, -26.27, -26.39, -26.54, -26.72, -26.77, -26.86, -26.97, -26.65, -24.11, -24.06, -26.89, -27.57, -27.74, -27.89, -27.98, -28.04, -28.13, -28.07, -28.29, -28.36, -28.25, -28.38, -28.30, -28.23, -27.92, -27.38, -26.36, -23.37, -16.15, -16.15
2026-10-02, 13:03:53, 88000000, 90500000, 19531.25, 18176, -10.17, -18.21, -23.68, -23.39, -17.44, -7.42, -13.55, -21.51, -24.87, -26.28, -26.89, -27.28, -27.46, -27.53, -27.56, -27.54, -27.51, -27.46, -27.39, -27.34, -27.22, -27.06, -27.04, -26.88, -26.51, -24.29, -23.23, -26.17, -26.39, -26.36, -26.20, -26.10, -25.95, -25.82, -25.64, -25.45, -25.28, -25.09, -24.86, -24.63, -24.41, -24.12, -23.90, -23.58, -23.23, -22.88, -21.97, -22.12, -21.84, -21.46, -20.98, -20.47, -19.98, -19.39, -18.79, -18.09, -17.34, -16.52, -15.57, -14.52, -13.28, -11.83, -10.07, -7.82, 1.08, 1.08, 10.55, 11.96, 2.04, -4.44, -7.71, -10.00, -11.77, -13.24, -14.46, -15.54, -16.48, -17.32, -18.05, -18.75, -19.38, -19.95, -20.48, -20.96, -21.41, -21.75, -22.16, -21.91, -22.79, -23.23, -23.53, -23.81, -24.10, -24.34, -24.59, -24.82, -25.02, -25.20, -25.32, -25.54, -25.70, -25.81, -25.99, -26.11, -26.14, -26.28, -26.17, -23.91, -23.52, -26.42, -26.90, -27.04, -27.22, -27.29, -27.37, -27.46, -27.41, -27.64, -27.72, -27.68, -27.82, -27.80, -27.72, -27.58, -27.27, -26.60, -24.82, -18.44, -18.44
2026-10-02, 13:03:54, 88000000, 90500000, 19531.25, 18240, -9.78, -19.25, -24.36, -23.73, -17.69, -7.06, -14.59, -22.38, -25.15, -26.18, -26.65, -26.88, -27.01, -27.01, -27.02, -26.98, -26.93, -26.88, -26.82, -26.70, -26.63, -26.49, -26.39, -26.24, -25.94, -24.15, -22.76, -25.44, -25.68, -25.61, -25.48, -25.36, -25.23, -25.08, -24.91, -24.73, -24.53, -24.36, -24.11, -23.88, -23.65, -23.37, -23.11, -22.82, -22.45, -22.14, -21.22, -21.38, -21.07, -20.62, -20.19, -19.70, -19.17, -18.60, -17.98, -17.28, -16.53, -15.72, -14.78, -13.72, -12.50, -11.06, -9.32, -7.14, 1.11, 1.11, 10.16, 12.09, 2.48, -3.54, -6.76, -9.08, -10.86, -12.33, -13.57, -14.64, -15.59, -16.43, -17.19, -17.88, -18.51, -19.12, -19.62, -20.12, -20.57, -20.93, -21.35, -21.15, -22.02, -22.44, -22.77, -23.02, -23.32, -23.55, -23.82, -24.04, -24.22, -24.45, -24.61, -24.82, -24.98, -25.10, -25.25, -25.38, -25.49, -25.61, -25.46, -23.60, -23.23, -25.77, -26.26, -26.36, -26.54, -26.60, -26.75, -26.84, -26.83, -27.01, -27.09, -27.12, -27.24, -27.28, -27.27, -27.21, -27.00, -26.61, -25.29, -19.09, -19.09
2026-10-02, 13:03:55, 88000000, 90500000, 19531.25, 18240, -14.61, -16.46, -16.55, -15.54, -14.34, -11.93, -13.28, -14.42, -16.15, -19.16, -23.23, -26.57, -27.33, -27.66, -27.75, -27.78, -27.76, -27.77, -27.67, -27.65, -27.56, -27.38, -26.87, -26.46, -25.95, -25.46, -25.15, -25.66, -25.99, -26.26, -26.42, -26.38, -26.27, -26.19, -26.02, -25.81, -25.62, -25.48, -25.25, -25.03, -24.78, -24.50, -24.18, -23.88, -23.48, -23.17, -22.72, -22.45, -22.10, -21.73, -21.28, -20.80, -20.25, -19.66, -19.01, -18.27, -17.47, -16.52, -15.43, -14.15, -12.42, -9.57, -3.58, 1.51, 6.33, 6.33, 7.80, 8.36, 6.41, 4.57, 1.59, -2.70, -8.63, -12.17, -14.00, -15.33, -16.43, -17.37, -18.20, -18.93, -19.61, -20.21, -20.72, -21.23, -21.67, -21.97, -22.42, -22.67, -23.08, -23.48, -23.81, -24.10, -24.40, -24.71, -24.89, -25.16, -25.34, -25.54, -25.71, -25.93, -25.99, -26.14, -26.31, -26.33, -26.12, -25.88, -25.59, -25.26, -25.23, -25.91, -26.39, -26.93, -27.35, -27.65, -27.66, -27.69, -27.74, -27.88, -28.00, -27.90, -27.99, -27.79, -27.41, -25.41, -21.29, -18.62, -16.84, -16.16, -16.16
2026-10-02, 13:03:56, 88000000, 90500000, 19531.25, 18112, -15.87, -16.54, -16.22, -14.99, -13.73, -13.14, -13.29, -14.30, -15.58, -18.58, -24.02, -26.76, -27.48, -27.74, -27.89, -27.91, -27.98, -27.88, -27.81, -27.82, -27.66, -27.52, -27.12, -26.41, -25.84, -25.56, -25.56, -25.80, -26.04, -26.35, -26.62, -26.58, -26.49, -26.37, -26.19, -26.01, -25.84, -25.66, -25.45, -25.22, -24.95, -24.69, -24.41, -24.05, -23.61, -23.31, -22.98, -22.64, -22.29, -21.91, -21.44, -20.99, -20.43, -19.85, -19.18, -18.45, -17.62, -16.69, -15.62, -14.32, -12.70, -10.17, -4.99, 1.46, 6.82, 6.82, 7.76, 7.57, 6.30, 4.79, 2.38, -2.84, -9.31, -12.36, -14.14, -15.49, -16.59, -17.54, -18.38, -19.12, -19.78, -20.38, -20.94, -21.44, -21.88, -22.15, -22.57, -22.94, -23.27, -23.68, -23.97, -24.30, -24.66, -24.87, -25.13, -25.37, -25.50, -25.74, -25.89, -26.07, -26.18, -26.36, -26.49, -26.53, -26.24, -25.93, -25.62, -25.41, -25.58, -26.10, -26.45, -27.01, -27.51, -27.74, -27.77, -27.88, -27.85, -28.10, -28.15, -28.09, -28.12, -27.94, -27.69, -26.39, -21.81, -18.09, -16.35, -15.51, -15.51
2026-10-02, 13:03:57, 88000000, 90500000, 19531.25, 18112, -15.56, -16.47, -16.26, -15.31, -13.82, -12.79, -13.16, -14.11, -15.68, -19.27, -24.81, -26.86, -27.50, -27.82, -27.88, -27.95, -27.97, -27.95, -27.91, -27.84, -27.75, -27.59, -27.17, -26.56, -26.05, -25.46, -25.51, -25.85, -26.12, -26.42, -26.74, -26.70, -26.53, -26.45, -26.28, -26.07, -25.88, -25.71, -25.51, -25.30, -25.04, -24.74, -24.50, -24.15, -23.67, -23.37, -23.04, -22.68, -22.38, -22.00, -21.57, -21.09, -20.55, -19.95, -19.30, -18.56, -17.75, -16.82, -15.78, -14.53, -12.90, -10.57, -5.50, 1.32, 6.54, 6.54, 8.04, 7.72, 6.61, 4.85, 2.15, -4.35, -9.98, -12.59, -14.30, -15.59, -16.70, -17.65, -18.45, -19.19, -19.86, -20.46, -21.00, -21.50, -21.93, -22.22, -22.65, -22.98, -23.35, -23.72, -24.02, -24.39, -24.69, -24.96, -25.19, -25.43, -25.63, -25.83, -25.94, -26.18, -26.26, -26.39, -26.55, -26.60, -26.35, -26.06, -25.81, -25.40, -25.53, -25.99, -26.56, -27.06, -27.62, -27.77, -27.83, -27.94, -27.94, -28.18, -28.23, -28.17, -28.20, -28.05, -27.76, -26.56, -22.02, -18.40, -16.73, -15.57, -15.57
2026-10-02, 13:03:58, 88000000, 90500000, 19531.25, 18176, -14.34, -16.06, -18.13, -17.50, -13.18, -11.37, -12.34, -14.97, -18.82, -22.57, -26.25, -27.36, -27.77, -27.95, -28.05, -28.05, -28.05, -27.98, -27.96, -27.90, -27.84, -27.64, -27.42, -27.06, -26.35, -24.81, -25.20, -25.62, -26.53, -26.73, -26.79, -26.72, -26.57, -26.45, -26.27, -26.12, -25.91, -25.78, -25.56, -25.34, -25.08, -24.82, -24.57, -24.24, -23.83, -23.41, -23.02, -22.76, -22.48, -22.12, -21.71, -21.21, -20.68, -20.11, -19.46, -18.77, -18.00, -17.11, -16.11, -14.96, -13.55, -11.67, -8.27, -2.23, 5.71, 5.71, 9.78, 8.58, 7.03, 2.30, -1.77, -7.27, -11.28, -13.34, -14.78, -15.99, -17.00, -17.88, -18.69, -19.41, -20.05, -20.63, -21.16, -21.63, -22.07, -22.36, -22.69, -22.99, -23.38, -23.80, -24.17, -24.47, -24.74, -25.02, -25.25, -25.43, -25.65, -25.85, -26.02, -26.16, -26.23, -26.41, -26.60, -26.64, -26.58, -26.43, -25.89, -24.63, -25.34, -25.96, -26.99, -27.41, -27.74, -27.81, -27.91, -28.02, -27.99, -28.19, -28.28, -28.21, -28.30, -28.19, -28.01, -27.40, -24.98, -21.20, -18.66, -14.57, -14.57
2026-10-02, 13:03:59, 88000000, 90500000, 19531.25, 18176, -15.15, -16.56, -16.64, -15.81, -13.93, -12.35, -13.14, -14.29, -16.35, -19.97, -25.14, -26.99, -27.61, -27.84, -27.93, -27.93, -27.96, -27.94, -27.87, -27.89, -27.74, -27.57, -27.20, -26.65, -26.16, -25.36, -25.38, -25.78, -26.16, -26.50, -26.70, -26.70, -26.57, -26.40, -26.25, -26.08, -25.91, -25.72, -25.53, -25.30, -25.05, -24.78, -24.50, -24.19, -23.74, -23.45, -23.07, -22.74, -22.41, -22.04, -21.60, -21.13, -20.63, -20.01, -19.38, -18.63, -17.84, -16.92, -15.89, -14.65, -13.09, -10.85, -5.98, 0.67, 6.16, 6.16, 8.28, 8.01, 6.56, 4.43, 1.24, -4.78, -10.46, -12.89, -14.50, -15.77, -16.83, -17.75, -18.58, -19.29, -19.94, -20.55, -21.10, -21.58, -22.04, -22.29, -22.68, -23.03, -23.39, -23.75, -24.11, -24.43, -24.75, -24.99, -25.22, -25.43, -25.62, -25.85, -26.01, -26.12, -26.29, -26.42, -26.54, -26.59, -26.39, -26.14, -25.80, -25.28, -25.44, -26.04, -26.63, -27.15, -27.63, -27.83, -27.91, -27.97, -27.92, -28.15, -28.24, -28.15, -28.24, -28.13, -27.85, -26.74, -22.56, -18.93, -17.18, -15.57, -15.57
2026-10-02, 13:04:00, 88000000, 90500000, 19531.25, 18112, -13.10, -16.21, -18.93, -17.45, -14.20, -10.34, -12.29, -15.73, -20.17, -22.97, -26.35, -27.31, -27.67, -27.85, -27.88, -27.91, -27.88, -27.88, -27.79, -27.72, -27.69, -27.51, -27.34, -26.86, -26.26, -24.97, -24.54, -25.65, -26.47, -26.62, -26.62, -26.55, -26.39, -26.33, -26.15, -25.95, -25.79, -25.62, -25.42, -25.16, -24.94, -24.66, -24.44, -24.09, -23.64, -23.30, -22.79, -22.61, -22.34, -21.99, -21.54, -21.06, -20.52, -19.95, -19.31, -18.62, -17.84, -16.96, -15.97, -14.84, -13.45, -11.64, -8.03, -3.43, 5.46, 5.46, 9.24, 9.93, 6.49, 1.15, -2.87, -7.46, -11.40, -13.35, -14.76, -15.93, -16.92, -17.80, -18.57, -19.29, -19.93, -20.52, -21.01, -21.53, -21.94, -22.22, -22.62, -22.78, -23.24, -23.70, -24.05, -24.32, -24.64, -24.89, -25.10, -25.30, -25.50, -25.71, -25.88, -26.00, -26.12, -26.31, -26.40, -26.53, -26.48, -26.33, -25.86, -24.75, -24.68, -26.03, -26.97, -27.39, -27.62, -27.73, -27.81, -27.90, -27.85, -28.06, -28.16, -28.11, -28.19, -28.11, -27.99, -27.49, -25.28, -21.97, -18.42, -15.70, -15.70
2026-10-02, 13:04:01, 88000000, 90500000, 19531.25, 18240, -13.16, -16.59, -18.29, -17.19, -14.44, -10.42, -12.76, -16.13, -18.38, -20.70, -25.07, -27.15, -27.61, -27.81, -27.89, -27.91, -27.92, -27.90, -27.80, -27.74, -27.62, -27.49, -27.22, -26.88, -26.27, -25.05, -24.56, -25.95, -26.36, -26.59, -26.58, -26.57, -26.41, -26.32, -26.10, -26.00, -25.78, -25.61, -25.38, -25.20, -24.96, -24.67, -24.39, -24.11, -23.67, -23.37, -22.78, -22.63, -22.37, -21.97, -21.53, -21.08, -20.53, -19.94, -19.28, -18.59, -17.82, -16.92, -15.90, -14.71, -13.26, -11.11, -6.37, -1.02, 5.22, 5.22, 9.10, 9.79, 5.49, 2.55, -0.71, -4.54, -10.57, -13.00, -14.54, -15.78, -16.79, -17.70, -18.51, -19.22, -19.88, -20.47, -20.98, -21.48, -21.92, -22.20, -22.63, -22.77, -23.27, -23.66, -24.02, -24.29, -24.61, -24.85, -25.12, -25.30, -25.50, -25.69, -25.85, -25.99, -26.12, -26.29, -26.39, -26.51, -26.36, -26.30, -25.94, -24.87, -24.76, -26.21, -26.86, -27.25, -27.49, -27.70, -27.79, -27.84, -27.85, -28.05, -28.11, -28.09, -28.19, -28.05, -27.81, -26.89, -23.59, -20.49, -18.40, -15.98, -15.98
2026-10-02, 13:04:02, 88000000, 90500000, 19531.25, 18176, -13.45, -16.50, -17.97, -16.92, -14.25, -10.74, -12.82, -15.55, -18.38, -20.06, -25.15, -27.05, -27.54, -27.75, -27.82, -27.85, -27.77, -27.82, -27.70, -27.68, -27.57, -27.39, -27.16, -26.73, -26.13, -25.13, -24.59, -25.80, -26.34, -26.43, -26.52, -26.46, -26.32, -26.21, -26.07, -25.88, -25.64, -25.48, -25.32, -25.05, -24.82, -24.55, -24.29, -24.01, -23.58, -23.23, -22.69, -22.51, -22.22, -21.85, -21.39, -20.94, -20.39, -19.80, -19.15, -18.44, -17.66, -16.76, -15.75, -14.53, -13.04, -10.84, -5.72, -0.55, 5.66, 5.66, 8.64, 9.60, 5.90, 2.66, -0.13, -4.20, -10.17, -12.75, -14.37, -15.62, -16.66, -17.55, -18.36, -19.09, -19.75, -20.34, -20.86, -21.35, -21.80, -22.09, -22.54, -22.66, -23.16, -23.56, -23.89, -24.21, -24.51, -24.75, -25.00, -25.19, -25.38, -25.61, -25.81, -25.90, -26.00, -26.19, -26.31, -26.42, -26.30, -26.15, -25.82, -24.96, -24.83, -26.04, -26.76, -27.12, -27.45, -27.61, -27.69, -27.79, -27.76, -27.97, -28.05, -28.00, -28.12, -27.99, -27.75, -26.75, -23.03, -20.30, -18.06, -15.91, -15.91
2026-10-02, 13:04:03, 88000000, 90500000, 19531.25, 18176, -12.06, -17.16, -19.17, -18.06, -15.05, -9.35, -13.31, -16.60, -19.50, -21.07, -25.38, -26.99, -27.36, -27.53, -27.58, -27.60, -27.54, -27.58, -27.46, -27.39, -27.26, -27.17, -26.94, -26.62, -26.10, -24.87, -24.00, -25.66, -26.13, -26.23, -26.17, -26.21, -26.02, -25.86, -25.73, -25.54, -25.32, -25.17, -24.98, -24.71, -24.50, -24.22, -23.97, -23.65, -23.28, -22.93, -22.28, -22.21, -21.90, -21.52, -21.07, -20.60, -20.06, -19.47, -18.84, -18.14, -17.36, -16.49, -15.50, -14.34, -12.93, -10.91, -6.89, -1.61, 4.61, 4.61, 9.20, 10.42, 5.27, 1.38, -1.33, -4.89, -10.54, -12.73, -14.18, -15.38, -16.40, -17.27, -18.06, -18.77, -19.41, -20.01, -20.52, -21.03, -21.46, -21.80, -22.20, -22.23, -22.86, -23.26, -23.59, -23.89, -24.16, -24.44, -24.66, -24.90, -25.08, -25.32, -25.48, -25.62, -25.76, -25.91, -26.07, -26.10, -26.09, -26.06, -25.73, -24.55, -24.32, -25.97, -26.64, -26.89, -27.20, -27.39, -27.43, -27.55, -27.58, -27.76, -27.85, -27.81, -27.90, -27.83, -27.67, -26.96, -23.72, -21.62, -19.27, -16.66, -16.66
2026-10-02, 13:04:04, 88000000, 90500000, 19531.25, 18240, -13.57, -16.49, -17.96, -16.81, -14.24, -10.85, -12.73, -15.91, -17.67, -20.22, -25.13, -27.07, -27.60, -27.82, -27.87, -27.95, -27.93, -27.88, -27.80, -27.78, -27.66, -27.52, -27.19, -26.82, -26.19, -25.26, -24.70, -25.97, -26.37, -26.51, -26.63, -26.62, -26.43, -26.36, -26.19, -25.99, -25.86, -25.60, -25.44, -25.21, -24.96, -24.67, -24.47, -24.14, -23.69, -23.36, -22.88, -22.66, -22.40, -22.00, -21.56, -21.07, -20.57, -19.98, -19.32, -18.62, -17.85, -16.95, -15.92, -14.73, -13.24, -11.08, -6.52, -0.48, 5.70, 5.70, 8.74, 9.55, 5.68, 3.07, -0.13, -4.40, -10.23, -12.91, -14.50, -15.75, -16.80, -17.73, -18.52, -19.25, -19.90, -20.49, -21.00, -21.49, -21.96, -22.27, -22.66, -22.80, -23.27, -23.72, -24.07, -24.34, -24.61, -24.88, -25.07, -25.35, -25.53, -25.71, -25.87, -26.05, -26.21, -26.33, -26.48, -26.53, -26.39, -26.29, -25.84, -24.98, -24.85, -26.20, -26.81, -27.25, -27.56, -27.75, -27.80, -27.85, -27.91, -28.10, -28.17, -28.12, -28.18, -28.07, -27.80, -26.80, -23.30, -20.00, -18.03, -15.89, -15.89
2026-10-02, 13:04:05, 88000000, 90500000, 19531.25, 18176, -11.29, -17.91, -20.18, -19.48, -15.29, -8.59, -13.95, -18.30, -20.11, -21.82, -24.86, -26.87, -27.19, -27.32, -27.34, -27.29, -27.27, -27.24, -27.15, -27.09, -27.00, -26.83, -26.63, -26.43, -25.96, -24.72, -23.56, -25.55, -25.83, -25.91, -25.86, -25.80, -25.63, -25.50, -25.35, -25.16, -24.97, -24.80, -24.56, -24.35, -24.13, -23.81, -23.58, -23.28, -22.93, -22.56, -21.84, -21.85, -21.53, -21.12, -20.67, -20.17, -19.63, -19.07, -18.45, -17.74, -16.96, -16.12, -15.13, -14.01, -12.65, -10.77, -6.74, -2.35, 4.23, 4.23, 9.32, 10.89, 4.23, 0.93, -2.42, -4.45, -10.15, -12.42, -13.83, -15.00, -16.00, -16.87, -17.65, -18.36, -19.00, -19.60, -20.10, -20.60, -21.07, -21.39, -21.79, -21.81, -22.47, -22.90, -23.22, -23.49, -23.74, -24.04, -24.26, -24.48, -24.66, -24.91, -25.06, -25.23, -25.36, -25.56, -25.68, -25.80, -25.76, -25.81, -25.46, -24.18, -23.99, -25.96, -26.38, -26.73, -26.83, -27.01, -27.11, -27.20, -27.20, -27.42, -27.50, -27.47, -27.62, -27.58, -27.46, -26.83, -24.25, -22.17, -20.74, -16.96, -16.96
2026-10-02, 13:04:06, 88000000, 90500000, 19531.25, 18240, -12.63, -16.63, -18.93, -17.87, -14.46, -9.89, -12.76, -16.60, -19.06, -21.70, -25.62, -27.06, -27.44, -27.61, -27.69, -27.69, -27.68, -27.58, -27.53, -27.46, -27.36, -27.20, -26.96, -26.67, -26.10, -24.81, -24.35, -25.70, -26.21, -26.32, -26.31, -26.25, -26.09, -26.01, -25.80, -25.64, -25.47, -25.27, -25.09, -24.82, -24.60, -24.31, -24.08, -23.74, -23.37, -23.02, -22.43, -22.30, -22.03, -21.65, -21.19, -20.68, -20.17, -19.59, -18.97, -18.24, -17.49, -16.61, -15.62, -14.47, -13.08, -11.20, -7.23, -1.76, 5.00, 5.00, 9.25, 10.06, 5.60, 2.05, -1.63, -5.59, -10.51, -12.79, -14.25, -15.44, -16.47, -17.34, -18.16, -18.86, -19.49, -20.07, -20.60, -21.12, -21.57, -21.87, -22.27, -22.37, -22.91, -23.36, -23.70, -23.94, -24.28, -24.51, -24.74, -24.98, -25.18, -25.36, -25.55, -25.68, -25.83, -25.94, -26.15, -26.17, -26.16, -26.12, -25.74, -24.62, -24.45, -25.93, -26.61, -27.03, -27.25, -27.43, -27.50, -27.59, -27.63, -27.82, -27.89, -27.85, -27.94, -27.86, -27.69, -27.05, -24.09, -21.26, -19.11, -15.99, -15.99
2026-10-02, 13:04:07, 88000000, 90500000, 19531.25, 18176, -14.11, -16.08, -17.75, -16.87, -13.78, -11.39, -12.44, -15.51, -18.01, -19.95, -24.70, -26.95, -27.53, -27.74, -27.85, -27.84, -27.87, -27.79, -27.77, -27.69, -27.62, -27.53, -27.13, -26.72, -26.16, -25.09, -24.79, -25.76, -26.29, -26.44, -26.51, -26.48, -26.41, -26.22, -26.09, -25.91, -25.69, -25.55, -25.34, -25.12, -24.89, -24.61, -24.35, -24.06, -23.61, -23.28, -22.82, -22.54, -22.28, -21.92, -21.47, -21.00, -20.44, -19.86, -19.23, -18.50, -17.73, -16.83, -15.81, -14.59, -13.07, -10.82, -5.75, -0.13, 5.71, 5.71, 8.85, 9.22, 6.04, 2.91, 0.09, -3.85, -9.99, -12.71, -14.34, -15.60, -16.68, -17.60, -18.41, -19.13, -19.79, -20.38, -20.91, -21.41, -21.83, -22.16, -22.52, -22.76, -23.16, -23.59, -23.97, -24.23, -24.58, -24.76, -25.02, -25.24, -25.42, -25.64, -25.82, -25.95, -26.06, -26.25, -26.39, -26.42, -26.27, -26.18, -25.72, -24.93, -24.97, -26.00, -26.81, -27.18, -27.49, -27.66, -27.77, -27.81, -27.83, -27.99, -28.11, -28.06, -28.17, -28.03, -27.79, -26.71, -22.60, -20.02, -18.12, -15.38, -15.38
2026-10-02, 13:04:08, 88000000, 90500000, 19531.25, 18240, -12.50, -16.50, -19.35, -18.10, -14.34, -9.77, -12.66, -16.94, -19.44, -20.99, -25.27, -26.97, -27.44, -27.56, -27.58, -27.63, -27.58, -27.59, -27.51, -27.41, -27.35, -27.16, -27.00, -26.67, -26.14, -24.84, -24.19, -25.65, -26.20, -26.24, -26.20, -26.21, -26.10, -25.96, -25.75, -25.58, -25.41, -25.22, -25.00, -24.79, -24.54, -24.26, -24.01, -23.72, -23.30, -22.98, -22.36, -22.22, -21.96, -21.57, -21.11, -20.62, -20.10, -19.53, -18.87, -18.19, -17.42, -16.53, -15.54, -14.39, -12.95, -10.98, -6.19, -1.75, 4.94, 4.94, 9.21, 10.28, 5.62, 1.24, -1.15, -4.80, -10.42, -12.79, -14.25, -15.43, -16.44, -17.33, -18.13, -18.83, -19.48, -20.06, -20.59, -21.07, -21.55, -21.86, -22.21, -22.33, -22.89, -23.35, -23.65, -23.91, -24.22, -24.45, -24.71, -24.97, -25.12, -25.32, -25.51, -25.67, -25.80, -25.93, -26.11, -26.14, -26.13, -26.09, -25.73, -24.63, -24.34, -25.98, -26.68, -26.97, -27.21, -27.33, -27.46, -27.56, -27.59, -27.80, -27.90, -27.82, -27.96, -27.88, -27.69, -26.83, -23.84, -21.66, -19.33, -15.94, -15.94
2026-10-02, 13:04:09, 88000000, 90500000, 19531.25, 18176, -13.52, -16.42, -17.99, -16.74, -14.25, -10.77, -12.82, -15.64, -17.73, -20.40, -24.35, -26.94, -27.53, -27.71, -27.81, -27.82, -27.80, -27.82, -27.65, -27.63, -27.55, -27.36, -27.10, -26.66, -26.12, -25.15, -24.71, -25.78, -26.27, -26.47, -26.48, -26.48, -26.34, -26.22, -26.02, -25.85, -25.67, -25.51, -25.29, -25.08, -24.82, -24.58, -24.30, -24.00, -23.57, -23.19, -22.71, -22.54, -22.24, -21.85, -21.39, -20.91, -20.40, -19.80, -19.13, -18.45, -17.63, -16.74, -15.71, -14.48, -12.94, -10.36, -5.22, -0.54, 5.64, 5.64, 8.81, 9.47, 5.85, 2.90, 0.08, -3.97, -10.02, -12.69, -14.35, -15.61, -16.66, -17.56, -18.39, -19.10, -19.73, -20.34, -20.86, -21.33, -21.81, -22.08, -22.51, -22.73, -23.13, -23.58, -23.91, -24.22, -24.52, -24.77, -25.01, -25.23, -25.45, -25.59, -25.75, -25.93, -26.03, -26.21, -26.36, -26.38, -26.25, -26.17, -25.81, -24.90, -24.83, -26.05, -26.68, -27.12, -27.40, -27.57, -27.69, -27.76, -27.82, -28.04, -28.08, -28.03, -28.11, -27.98, -27.72, -26.61, -22.66, -20.21, -18.04, -15.84, -15.84
2026-10-02, 13:04:10, 88000000, 90500000, 19531.25, 18176, -15.40, -16.11, -16.42, -15.62, -14.02, -12.73, -12.91, -14.23, -16.19, -18.84, -23.50, -26.67, -27.45, -27.78, -27.87, -27.88, -27.94, -27.90, -27.87, -27.82, -27.72, -27.43, -27.09, -26.63, -26.03, -25.56, -25.39, -25.67, -26.13, -26.37, -26.61, -26.61, -26.47, -26.35, -26.16, -25.99, -25.83, -25.64, -25.43, -25.20, -24.98, -24.69, -24.42, -24.09, -23.66, -23.34, -22.99, -22.63, -22.34, -21.94, -21.49, -21.03, -20.48, -19.87, -19.22, -18.47, -17.64, -16.72, -15.61, -14.30, -12.53, -9.25, -2.99, 1.66, 6.40, 6.40, 7.77, 8.04, 6.64, 4.48, 1.84, -2.67, -8.97, -12.33, -14.17, -15.52, -16.64, -17.58, -18.41, -19.16, -19.82, -20.43, -20.98, -21.47, -21.92, -22.18, -22.63, -22.98, -23.28, -23.68, -24.02, -24.32, -24.66, -24.91, -25.11, -25.34, -25.56, -25.75, -25.91, -26.07, -26.17, -26.33, -26.50, -26.51, -26.23, -26.06, -25.72, -25.41, -25.41, -25.97, -26.57, -27.07, -27.48, -27.69, -27.80, -27.86, -27.89, -28.14, -28.19, -28.04, -28.14, -27.93, -27.41, -25.07, -21.08, -18.60, -16.94, -15.78, -15.78
2026-10-02, 13:04:11, 88000000, 90500000, 19531.25, 18112, -15.29, -16.29, -16.65, -15.64, -13.55, -12.53, -12.80, -14.15, -16.60, -19.86, -24.65, -26.90, -27.50, -27.69, -27.80, -27.87, -27.87, -27.82, -27.74, -27.71, -27.62, -27.43, -27.03, -26.57, -25.91, -25.36, -25.21, -25.60, -26.11, -26.40, -26.58, -26.56, -26.37, -26.28, -26.14, -25.94, -25.79, -25.61, -25.35, -25.20, -24.93, -24.65, -24.39, -24.08, -23.66, -23.29, -22.92, -22.63, -22.29, -21.94, -21.51, -21.00, -20.50, -19.87, -19.24, -18.51, -17.72, -16.78, -15.73, -14.49, -12.81, -9.91, -5.38, 0.51, 6.72, 6.72, 8.26, 8.14, 6.79, 4.32, 1.08, -4.24, -9.88, -12.68, -14.35, -15.63, -16.68, -17.62, -18.43, -19.20, -19.85, -20.45, -20.96, -21.48, -21.89, -22.16, -22.60, -22.90, -23.23, -23.61, -24.00, -24.33, -24.59, -24.89, -25.11, -25.33, -25.48, -25.74, -25.88, -26.05, -26.11, -26.30, -26.47, -26.48, -26.35, -26.08, -25.58, -25.22, -25.37, -25.91, -26.54, -27.14, -27.53, -27.71, -27.82, -27.87, -27.88, -28.04, -28.14, -28.08, -28.12, -27.96, -27.58, -26.17, -22.59, -19.07, -16.86, -15.26, -15.26
2026-10-02, 13:04:12, 88000000, 90500000, 19531.25, 18112, -15.30, -16.32, -16.65, -15.68, -13.86, -12.56, -12.88, -14.34, -16.51, -19.62, -24.72, -26.99, -27.61, -27.82, -27.96, -27.97, -28.00, -27.98, -27.92, -27.82, -27.73, -27.53, -27.16, -26.62, -26.08, -25.46, -25.33, -25.74, -26.19, -26.54, -26.69, -26.65, -26.53, -26.42, -26.23, -26.04, -25.85, -25.67, -25.49, -25.22, -25.02, -24.75, -24.44, -24.12, -23.72, -23.38, -23.01, -22.67, -22.38, -21.98, -21.56, -21.07, -20.55, -19.96, -19.29, -18.59, -17.78, -16.86, -15.81, -14.54, -12.96, -10.54, -5.21, 0.59, 6.41, 6.41, 8.05, 8.14, 6.60, 4.24, 1.28, -4.01, -9.88, -12.66, -14.36, -15.66, -16.72, -17.65, -18.50, -19.23, -19.86, -20.46, -21.00, -21.52, -21.96, -22.22, -22.65, -22.99, -23.32, -23.70, -24.07, -24.36, -24.65, -24.93, -25.16, -25.36, -25.60, -25.77, -25.95, -26.12, -26.19, -26.36, -26.51, -26.56, -26.41, -26.10, -25.74, -25.32, -25.42, -26.02, -26.60, -27.13, -27.55, -27.81, -27.81, -27.91, -27.87, -28.08, -28.20, -28.15, -28.19, -28.04, -27.74, -26.42, -22.49, -18.80, -16.98, -15.57, -15.57
2026-10-02, 13:04:13, 88000000, 90500000, 19531.25, 18048, -14.70, -16.04, -17.00, -15.82, -13.67, -11.94, -12.51, -14.66, -16.79, -19.57, -24.60, -26.87, -27.48, -27.76, -27.85, -27.90, -27.91, -27.91, -27.84, -27.77, -27.70, -27.48, -27.15, -26.74, -25.96, -25.30, -25.07, -25.73, -26.21, -26.46, -26.63, -26.58, -26.47, -26.31, -26.14, -25.96, -25.81, -25.58, -25.43, -25.19, -24.96, -24.65, -24.39, -24.05, -23.63, -23.32, -22.90, -22.59, -22.30, -21.91, -21.47, -20.99, -20.46, -19.86, -19.17, -18.48, -17.67, -16.76, -15.72, -14.45, -12.88, -10.41, -5.22, 0.41, 6.52, 6.52, 8.56, 8.69, 6.58, 3.94, 1.24, -4.12, -9.78, -12.59, -14.30, -15.57, -16.64, -17.58, -18.39, -19.11, -19.78, -20.37, -20.92, -21.38, -21.82, -22.08, -22.56, -22.81, -23.19, -23.60, -23.96, -24.28, -24.58, -24.84, -25.03, -25.29, -25.47, -25.74, -25.80, -26.00, -26.13, -26.28, -26.39, -26.53, -26.24, -26.04, -25.60, -25.10, -25.17, -25.95, -26.62, -27.00, -27.45, -27.61, -27.76, -27.77, -27.84, -28.04, -28.11, -27.98, -28.09, -27.95, -27.64, -26.27, -22.46, -19.28, -17.05, -15.32, -15.32
2026-10-02, 13:04:14, 88000000, 90500000, 19531.25, 18048, -14.36, -16.18, -17.59, -16.30, -13.65, -11.56, -12.42, -14.82, -17.71, -21.24, -25.48, -26.98, -27.42, -27.57, -27.62, -27.60, -27.66, -27.57, -27.53, -27.45, -27.32, -27.22, -26.98, -26.45, -25.83, -24.91, -24.78, -25.48, -26.02, -26.29, -26.35, -26.25, -26.19, -26.09, -25.93, -25.71, -25.67, -25.43, -25.22, -25.05, -24.81, -24.54, -24.30, -23.99, -23.57, -23.26, -22.83, -22.59, -22.29, -21.95, -21.53, -21.06, -20.54, -19.96, -19.34, -18.62, -17.87, -16.98, -15.97, -14.77, -13.32, -11.09, -7.30, -1.34, 6.32, 6.32, 8.87, 8.99, 6.58, 3.27, -0.28, -5.98, -10.84, -13.11, -14.60, -15.84, -16.87, -17.75, -18.55, -19.26, -19.89, -20.47, -21.03, -21.48, -21.90, -22.18, -22.55, -22.82, -23.16, -23.60, -23.93, -24.19, -24.52, -24.74, -24.97, -25.17, -25.33, -25.56, -25.63, -25.84, -25.97, -26.03, -26.24, -26.29, -26.22, -25.98, -25.54, -24.83, -24.87, -25.76, -26.49, -26.98, -27.29, -27.45, -27.55, -27.72, -27.70, -27.92, -28.00, -27.93, -28.11, -27.94, -27.72, -26.81, -24.14, -20.27, -17.44, -15.25, -15.25
2026-10-02, 13:04:15, 88000000, 90500000, 19531.25, 18048, -15.16, -16.50, -17.19, -16.29, -14.32, -12.43, -13.04, -15.10, -17.19, -19.81, -24.57, -27.01, -27.62, -27.80, -27.84, -27.94, -27.88, -27.85, -27.78, -27.69, -27.58, -27.41, -27.05, -26.64, -26.12, -25.46, -25.22, -25.78, -26.19, -26.45, -26.61, -26.60, -26.49, -26.33, -26.19, -26.03, -25.87, -25.72, -25.53, -25.28, -25.12, -24.82, -24.58, -24.22, -23.80, -23.57, -23.19, -22.89, -22.60, -22.23, -21.79, -21.33, -20.80, -20.23, -19.58, -18.86, -18.07, -17.17, -16.14, -14.91, -13.29, -10.79, -5.29, 0.57, 5.81, 5.81, 8.00, 8.18, 6.06, 3.53, 0.64, -3.83, -10.11, -13.01, -14.70, -15.99, -17.06, -17.99, -18.79, -19.51, -20.16, -20.76, -21.31, -21.77, -22.17, -22.44, -22.86, -23.13, -23.47, -23.88, -24.22, -24.49, -24.80, -25.04, -25.29, -25.46, -25.66, -25.82, -25.97, -26.10, -26.21, -26.32, -26.47, -26.58, -26.42, -26.13, -25.84, -25.28, -25.39, -26.17, -26.66, -27.20, -27.53, -27.72, -27.85, -27.98, -28.02, -28.20, -28.29, -28.24, -28.34, -28.20, -27.89, -26.46, -22.48, -19.22, -17.56, -15.98, -15.98
2026-10-02, 13:04:16, 88000000, 90500000, 19531.25, 18176, -15.83, -16.80, -17.43, -16.23, -14.35, -13.13, -13.36, -14.99, -17.21, -20.11, -24.37, -27.13, -27.77, -28.01, -28.11, -28.11, -28.11, -28.06, -28.03, -27.89, -27.84, -27.57, -27.34, -26.82, -26.22, -25.68, -25.62, -25.99, -26.42, -26.71, -26.79, -26.87, -26.69, -26.53, -26.43, -26.26, -26.10, -25.94, -25.73, -25.52, -25.32, -25.04, -24.80, -24.48, -24.06, -23.77, -23.44, -23.11, -22.80, -22.44, -22.00, -21.57, -21.02, -20.44, -19.79, -19.08, -18.30, -17.39, -16.36, -15.08, -13.47, -10.48, -4.99, -0.22, 5.96, 5.96, 7.52, 7.61, 6.04, 3.54, 0.53, -3.97, -9.69, -13.12, -14.90, -16.19, -17.28, -18.21, -19.02, -19.74, -20.39, -21.01, -21.51, -21.98, -22.43, -22.68, -23.07, -23.43, -23.69, -24.14, -24.42, -24.72, -25.08, -25.23, -25.50, -25.71, -25.87, -26.09, -26.23, -26.38, -26.47, -26.62, -26.82, -26.77, -26.65, -26.43, -26.02, -25.63, -25.76, -26.31, -26.96, -27.42, -27.80, -27.98, -28.09, -28.25, -28.23, -28.50, -28.56, -28.48, -28.56, -28.45, -28.03, -26.34, -23.02, -19.74, -17.45, -16.10, -16.10
2026-10-02, 13:04:17, 88000000, 90500000, 19531.25, 18240, -16.29, -17.33, -18.09, -16.77, -14.63, -13.55, -13.78, -15.29, -17.87, -21.86, -25.87, -27.86, -28.33, -28.54, -28.59, -28.57, -28.60, -28.48, -28.47, -28.37, -28.26, -28.12, -27.78, -27.30, -26.63, -26.07, -26.02, -26.36, -26.89, -27.17, -27.30, -27.27, -27.11, -27.03, -26.90, -26.69, -26.56, -26.38, -26.21, -26.00, -25.73, -25.53, -25.25, -24.99, -24.51, -24.22, -23.87, -23.58, -23.24, -22.91, -22.51, -22.00, -21.50, -20.93, -20.30, -19.58, -18.80, -17.92, -16.86, -15.63, -14.06, -11.63, -6.74, -1.44, 5.63, 5.63, 7.21, 7.19, 5.68, 3.19, -0.69, -6.16, -11.43, -13.96, -15.54, -16.79, -17.84, -18.74, -19.55, -20.25, -20.92, -21.47, -21.99, -22.47, -22.89, -23.15, -23.57, -23.84, -24.20, -24.57, -24.89, -25.20, -25.53, -25.74, -25.98, -26.14, -26.29, -26.50, -26.64, -26.77, -26.96, -27.04, -27.15, -27.26, -27.10, -26.90, -26.40, -26.11, -26.12, -26.70, -27.38, -27.87, -28.27, -28.39, -28.51, -28.65, -28.64, -28.96, -29.00, -28.95, -29.02, -28.91, -28.61, -27.49, -24.16, -20.74, -17.94, -16.29, -16.29
2026-10-02, 13:04:18, 88000000, 90500000, 19531.25, 18112, -16.62, -17.37, -17.79, -16.84, -14.97, -13.90, -13.98, -15.54, -17.84, -20.56, -25.57, -27.81, -28.39, -28.57, -28.62, -28.64, -28.58, -28.54, -28.47, -28.46, -28.31, -28.15, -27.81, -27.35, -26.73, -26.30, -26.14, -26.48, -26.96, -27.20, -27.32, -27.34, -27.25, -27.08, -26.94, -26.82, -26.65, -26.47, -26.33, -26.09, -25.82, -25.61, -25.37, -25.06, -24.57, -24.34, -23.96, -23.66, -23.37, -22.98, -22.56, -22.11, -21.60, -21.02, -20.36, -19.67, -18.88, -17.97, -16.92, -15.66, -14.09, -11.70, -6.44, -0.28, 5.43, 5.43, 6.79, 6.84, 5.50, 3.00, 0.03, -4.91, -10.96, -13.83, -15.54, -16.82, -17.88, -18.79, -19.61, -20.33, -20.97, -21.54, -22.08, -22.58, -22.99, -23.27, -23.65, -24.01, -24.27, -24.69, -24.98, -25.26, -25.62, -25.83, -26.02, -26.24, -26.39, -26.60, -26.77, -26.89, -27.01, -27.09, -27.31, -27.30, -27.12, -26.89, -26.51, -26.26, -26.31, -26.83, -27.41, -27.93, -28.29, -28.44, -28.63, -28.73, -28.73, -28.98, -29.11, -29.00, -29.11, -29.04, -28.74, -27.63, -23.34, -19.90, -18.03, -16.72, -16.72
2026-10-02, 13:04:19, 88000000, 90500000, 19531.25, 18176, -15.36, -16.82, -18.49, -17.13, -14.40, -12.61, -13.10, -15.67, -18.73, -21.85, -25.81, -27.63, -28.12, -28.26, -28.32, -28.36, -28.29, -28.24, -28.17, -28.11, -28.02, -27.84, -27.63, -27.18, -26.43, -25.74, -25.49, -26.13, -26.72, -26.95, -26.97, -27.01, -26.89, -26.74, -26.57, -26.44, -26.30, -26.17, -25.93, -25.73, -25.54, -25.24, -25.03, -24.70, -24.25, -23.97, -23.57, -23.28, -23.03, -22.65, -22.23, -21.80, -21.29, -20.67, -20.04, -19.36, -18.57, -17.70, -16.69, -15.50, -13.98, -11.76, -7.30, -1.94, 5.68, 5.68, 7.79, 8.15, 5.87, 2.19, -1.20, -5.82, -11.35, -13.80, -15.36, -16.59, -17.62, -18.51, -19.30, -20.00, -20.64, -21.22, -21.74, -22.24, -22.66, -22.94, -23.29, -23.58, -23.91, -24.31, -24.66, -24.95, -25.26, -25.48, -25.66, -25.93, -26.00, -26.29, -26.44, -26.53, -26.62, -26.80, -26.85, -26.95, -26.86, -26.66, -26.16, -25.67, -25.64, -26.55, -27.28, -27.73, -28.01, -28.08, -28.23, -28.38, -28.37, -28.65, -28.78, -28.65, -28.78, -28.66, -28.47, -27.52, -24.36, -21.19, -18.18, -16.06, -16.06
2026-10-02, 13:04:20, 88000000, 90500000, 19531.25, 18176, -15.85, -16.84, -17.31, -16.31, -14.43, -13.14, -13.34, -14.95, -17.07, -20.27, -25.30, -27.34, -27.82, -28.00, -28.02, -28.07, -28.07, -28.03, -27.95, -27.88, -27.82, -27.56, -27.25, -26.79, -26.24, -25.66, -25.56, -25.94, -26.40, -26.61, -26.78, -26.83, -26.69, -26.56, -26.39, -26.22, -26.11, -25.92, -25.74, -25.52, -25.30, -25.01, -24.79, -24.47, -23.99, -23.75, -23.40, -23.04, -22.80, -22.41, -22.00, -21.53, -21.03, -20.46, -19.79, -19.07, -18.29, -17.41, -16.37, -15.13, -13.60, -11.35, -6.42, 0.00, 5.85, 5.85, 7.44, 7.68, 6.04, 3.55, 0.70, -4.71, -10.77, -13.34, -14.96, -16.23, -17.30, -18.22, -19.01, -19.75, -20.39, -20.99, -21.50, -21.96, -22.39, -22.64, -23.07, -23.37, -23.68, -24.09, -24.39, -24.72, -25.04, -25.26, -25.49, -25.68, -25.83, -26.01, -26.19, -26.33, -26.46, -26.52, -26.70, -26.76, -26.53, -26.32, -26.02, -25.60, -25.71, -26.26, -26.89, -27.34, -27.73, -27.90, -27.99, -28.13, -28.17, -28.42, -28.50, -28.49, -28.56, -28.45, -28.20, -27.11, -23.19, -19.49, -17.59, -16.14, -16.14
2026-10-02, 13:04:21, 88000000, 90500000, 19531.25, 18176, -16.15, -16.87, -16.99, -16.06, -14.58, -13.49, -13.60, -14.85, -16.79, -19.60, -24.24, -27.03, -27.78, -28.00, -28.08, -28.07, -28.03, -28.01, -27.93, -27.86, -27.72, -27.53, -27.21, -26.70, -26.21, -25.82, -25.64, -25.96, -26.29, -26.55, -26.75, -26.73, -26.64, -26.49, -26.40, -26.21, -26.08, -25.89, -25.72, -25.50, -25.28, -25.01, -24.80, -24.44, -24.01, -23.73, -23.39, -23.04, -22.78, -22.36, -21.96, -21.48, -20.96, -20.41, -19.75, -19.03, -18.25, -17.32, -16.26, -14.97, -13.33, -10.38, -4.42, 0.78, 5.90, 5.90, 7.12, 7.31, 5.96, 3.88, 1.10, -3.66, -9.49, -13.04, -14.81, -16.12, -17.22, -18.17, -18.96, -19.73, -20.36, -20.95, -21.46, -21.94, -22.40, -22.64, -23.08, -23.37, -23.68, -24.03, -24.37, -24.69, -24.97, -25.20, -25.47, -25.65, -25.81, -26.01, -26.15, -26.30, -26.46, -26.54, -26.69, -26.69, -26.50, -26.24, -25.98, -25.78, -25.79, -26.26, -26.83, -27.22, -27.69, -27.86, -28.03, -28.16, -28.15, -28.39, -28.54, -28.40, -28.53, -28.36, -27.99, -26.12, -22.09, -19.03, -17.32, -16.37, -16.37
2026-10-02, 13:04:22, 88000000, 90500000, 19531.25, 18240, -15.85, -16.85, -17.52, -16.22, -14.29, -13.12, -13.39, -15.04, -17.44, -20.30, -25.35, -27.31, -27.82, -28.04, -28.09, -28.07, -28.10, -28.05, -27.93, -27.91, -27.80, -27.52, -27.31, -26.80, -26.15, -25.66, -25.57, -25.89, -26.37, -26.61, -26.78, -26.79, -26.63, -26.51, -26.40, -26.20, -26.07, -25.87, -25.69, -25.49, -25.26, -25.00, -24.74, -24.45, -23.96, -23.73, -23.36, -23.06, -22.74, -22.39, -21.96, -21.54, -20.97, -20.43, -19.78, -19.06, -18.27, -17.35, -16.28, -15.08, -13.43, -10.84, -5.66, -0.33, 6.06, 6.06, 7.55, 7.55, 6.07, 3.36, 0.37, -4.71, -10.56, -13.28, -14.96, -16.24, -17.30, -18.21, -19.01, -19.73, -20.39, -20.97, -21.49, -21.98, -22.37, -22.67, -23.08, -23.37, -23.67, -24.07, -24.40, -24.67, -25.02, -25.21, -25.47, -25.65, -25.82, -26.05, -26.18, -26.28, -26.51, -26.51, -26.65, -26.73, -26.58, -26.34, -25.94, -25.60, -25.63, -26.31, -26.91, -27.37, -27.68, -27.90, -28.01, -28.18, -28.13, -28.43, -28.50, -28.40, -28.56, -28.36, -28.10, -26.64, -23.17, -19.84, -17.39, -15.99, -15.99
2026-10-02, 13:04:23, 88000000, 90500000, 19531.25, 18112, -15.98, -16.88, -17.34, -16.16, -14.33, -13.24, -13.52, -14.99, -17.13, -19.90, -24.70, -27.20, -27.82, -28.03, -28.12, -28.10, -28.08, -28.04, -27.94, -27.89, -27.82, -27.67, -27.27, -26.83, -26.19, -25.69, -25.61, -26.03, -26.43, -26.61, -26.81, -26.84, -26.65, -26.57, -26.44, -26.25, -26.09, -25.97, -25.73, -25.56, -25.33, -25.06, -24.81, -24.47, -24.05, -23.79, -23.47, -23.10, -22.80, -22.47, -22.02, -21.55, -21.06, -20.48, -19.82, -19.12, -18.32, -17.43, -16.35, -15.10, -13.53, -11.07, -5.58, 0.15, 6.04, 6.04, 7.46, 7.49, 5.88, 3.62, 0.88, -4.27, -10.20, -13.24, -14.94, -16.24, -17.33, -18.24, -19.05, -19.76, -20.45, -21.00, -21.53, -22.03, -22.42, -22.67, -23.09, -23.43, -23.75, -24.11, -24.44, -24.71, -25.03, -25.30, -25.50, -25.67, -25.88, -26.07, -26.18, -26.32, -26.45, -26.58, -26.69, -26.77, -26.57, -26.36, -26.00, -25.65, -25.73, -26.32, -26.87, -27.36, -27.75, -27.96, -28.04, -28.16, -28.15, -28.41, -28.50, -28.43, -28.59, -28.40, -28.10, -26.82, -22.68, -19.55, -17.34, -16.07, -16.07
2026-10-02, 13:04:24, 88000000, 90500000, 19531.25, 18112, -15.85, -16.76, -17.24, -16.25, -14.47, -13.13, -13.33, -15.03, -17.07, -19.86, -25.03, -27.21, -27.78, -27.99, -28.08, -28.08, -28.08, -28.03, -27.97, -27.89, -27.79, -27.52, -27.28, -26.77, -26.17, -25.74, -25.57, -25.93, -26.34, -26.63, -26.81, -26.80, -26.62, -26.50, -26.38, -26.23, -26.07, -25.91, -25.70, -25.54, -25.31, -25.01, -24.76, -24.50, -24.02, -23.76, -23.42, -23.09, -22.79, -22.46, -22.02, -21.54, -21.00, -20.46, -19.79, -19.10, -18.31, -17.41, -16.35, -15.10, -13.52, -10.98, -5.45, 0.33, 5.91, 5.91, 7.48, 7.59, 6.05, 3.51, 0.98, -4.56, -10.46, -13.19, -14.90, -16.20, -17.30, -18.19, -19.01, -19.76, -20.41, -20.98, -21.50, -21.99, -22.40, -22.65, -23.10, -23.42, -23.70, -24.09, -24.45, -24.68, -25.03, -25.28, -25.45, -25.75, -25.87, -26.05, -26.18, -26.35, -26.45, -26.56, -26.75, -26.78, -26.53, -26.32, -26.00, -25.63, -25.71, -26.31, -26.90, -27.28, -27.71, -27.92, -28.02, -28.17, -28.20, -28.41, -28.53, -28.44, -28.56, -28.42, -28.13, -26.57, -22.72, -19.31, -17.50, -16.21, -16.21
2026-10-02, 13:04:25, 88000000, 90500000, 19531.25, 18176, -15.19, -16.71, -17.84, -16.62, -14.41, -12.41, -13.06, -15.27, -17.86, -21.12, -25.69, -27.39, -27.85, -28.01, -28.06, -28.08, -28.07, -28.01, -27.91, -27.87, -27.74, -27.55, -27.31, -26.83, -26.21, -25.46, -25.33, -25.88, -26.39, -26.67, -26.79, -26.72, -26.59, -26.47, -26.33, -26.18, -26.05, -25.84, -25.70, -25.48, -25.24, -24.94, -24.73, -24.46, -23.98, -23.73, -23.31, -23.00, -22.73, -22.42, -21.96, -21.51, -20.99, -20.43, -19.76, -19.10, -18.30, -17.43, -16.40, -15.20, -13.69, -11.58, -7.28, -1.17, 5.65, 5.65, 8.05, 8.17, 6.05, 3.05, -0.30, -5.68, -11.08, -13.48, -15.03, -16.27, -17.33, -18.19, -19.02, -19.71, -20.36, -20.91, -21.43, -21.92, -22.35, -22.63, -23.01, -23.31, -23.64, -24.09, -24.37, -24.64, -24.98, -25.20, -25.42, -25.60, -25.78, -25.98, -26.14, -26.28, -26.35, -26.47, -26.61, -26.71, -26.54, -26.40, -25.99, -25.38, -25.48, -26.24, -26.87, -27.33, -27.72, -27.89, -27.96, -28.04, -28.10, -28.34, -28.45, -28.40, -28.48, -28.37, -28.18, -27.37, -24.08, -20.25, -17.82, -16.02, -16.02
2026-10-02, 13:04:26, 88000000, 90500000, 19531.25, 18176, -15.44, -16.86, -17.55, -16.36, -14.44, -12.73, -13.37, -15.35, -17.18, -19.87, -24.91, -27.23, -27.76, -27.97, -28.05, -27.99, -28.06, -27.96, -27.89, -27.84, -27.72, -27.63, -27.20, -26.74, -26.12, -25.65, -25.39, -25.97, -26.34, -26.53, -26.68, -26.75, -26.57, -26.48, -26.33, -26.18, -26.04, -25.84, -25.64, -25.43, -25.25, -24.96, -24.72, -24.44, -23.96, -23.71, -23.30, -23.04, -22.71, -22.39, -21.96, -21.50, -20.96, -20.40, -19.76, -19.01, -18.27, -17.36, -16.33, -15.06, -13.46, -10.89, -5.75, 0.03, 5.86, 5.86, 7.60, 7.98, 5.68, 3.34, 0.89, -4.22, -10.41, -13.16, -14.87, -16.17, -17.25, -18.14, -18.95, -19.67, -20.34, -20.94, -21.41, -21.92, -22.35, -22.60, -23.01, -23.29, -23.63, -24.06, -24.35, -24.61, -24.94, -25.20, -25.38, -25.60, -25.78, -25.96, -26.12, -26.25, -26.38, -26.46, -26.62, -26.67, -26.45, -26.32, -25.95, -25.53, -25.51, -26.30, -26.83, -27.31, -27.67, -27.84, -27.92, -28.06, -28.11, -28.39, -28.48, -28.37, -28.53, -28.38, -28.09, -26.85, -22.93, -19.69, -17.62, -16.14, -16.14
2026-10-02, 13:04:27, 88000000, 90500000, 19531.25, 18240, -15.92, -16.73, -17.18, -16.12, -14.38, -13.21, -13.34, -14.91, -17.09, -20.00, -24.39, -27.02, -27.70, -27.94, -28.00, -28.04, -27.99, -28.00, -27.91, -27.85, -27.71, -27.51, -27.20, -26.72, -26.08, -25.70, -25.55, -25.83, -26.34, -26.55, -26.70, -26.69, -26.60, -26.47, -26.33, -26.20, -26.07, -25.79, -25.65, -25.49, -25.17, -24.96, -24.75, -24.43, -23.93, -23.72, -23.32, -23.00, -22.70, -22.37, -21.94, -21.46, -20.95, -20.37, -19.74, -19.01, -18.21, -17.29, -16.25, -14.97, -13.32, -10.58, -5.21, 0.35, 6.08, 6.08, 7.38, 7.55, 6.15, 3.77, 0.59, -4.01, -9.67, -13.06, -14.81, -16.14, -17.23, -18.14, -18.95, -19.66, -20.34, -20.91, -21.43, -21.93, -22.33, -22.59, -23.01, -23.34, -23.64, -24.03, -24.37, -24.63, -24.90, -25.17, -25.39, -25.61, -25.79, -25.97, -26.12, -26.24, -26.36, -26.52, -26.61, -26.64, -26.49, -26.30, -25.95, -25.62, -25.67, -26.20, -26.74, -27.31, -27.70, -27.84, -27.99, -28.09, -28.12, -28.33, -28.46, -28.40, -28.50, -28.34, -28.00, -26.40, -22.67, -19.43, -17.33, -16.12, -16.12
2026-10-02, 13:04:28, 88000000, 90500000, 19531.25, 18112, -15.65, -16.78, -17.54, -16.47, -14.13, -12.92, -13.24, -14.97, -17.38, -20.90, -25.67, -27.38, -27.79, -28.03, -28.05, -28.05, -28.05, -28.02, -27.87, -27.81, -27.78, -27.53, -27.30, -26.85, -26.15, -25.59, -25.49, -25.89, -26.32, -26.65, -26.78, -26.75, -26.63, -26.55, -26.38, -26.19, -26.05, -25.93, -25.68, -25.43, -25.33, -24.96, -24.74, -24.50, -24.05, -23.69, -23.39, -23.05, -22.74, -22.42, -21.97, -21.49, -21.00, -20.44, -19.80, -19.08, -18.30, -17.40, -16.39, -15.14, -13.59, -11.20, -6.27, -0.66, 6.04, 6.04, 7.79, 7.76, 6.14, 3.56, 0.03, -5.63, -11.00, -13.44, -15.03, -16.26, -17.33, -18.22, -19.02, -19.72, -20.39, -20.97, -21.48, -21.96, -22.39, -22.66, -23.05, -23.35, -23.65, -24.06, -24.37, -24.67, -24.99, -25.19, -25.47, -25.60, -25.80, -25.96, -26.12, -26.24, -26.37, -26.52, -26.68, -26.80, -26.54, -26.41, -25.92, -25.54, -25.59, -26.24, -26.86, -27.38, -27.72, -27.89, -28.00, -28.08, -28.13, -28.40, -28.46, -28.43, -28.55, -28.36, -28.11, -27.10, -23.38, -20.01, -17.65, -15.83, -15.83
2026-10-02, 13:04:29, 88000000, 90500000, 19531.25, 18176, -15.72, -16.82, -17.34, -16.38, -14.38, -12.99, -13.39, -15.10, -17.18, -19.83, -24.89, -27.25, -27.79, -28.00, -28.08, -28.04, -28.05, -28.00, -27.93, -27.88, -27.78, -27.55, -27.24, -26.76, -26.26, -25.66, -25.51, -25.95, -26.36, -26.61, -26.80, -26.76, -26.61, -26.50, -26.36, -26.21, -26.04, -25.92, -25.71, -25.47, -25.26, -24.97, -24.77, -24.48, -24.01, -23.74, -23.35, -23.07, -22.78, -22.42, -22.00, -21.50, -21.00, -20.41, -19.78, -19.05, -18.24, -17.33, -16.31, -15.04, -13.41, -10.95, -5.50, 0.23, 5.84, 5.84, 7.58, 7.71, 5.93, 3.51, 0.72, -4.04, -10.34, -13.18, -14.90, -16.17, -17.24, -18.16, -19.00, -19.69, -20.36, -20.94, -21.45, -21.96, -22.36, -22.64, -23.06, -23.35, -23.70, -24.05, -24.38, -24.67, -24.93, -25.21, -25.45, -25.63, -25.81, -25.97, -26.17, -26.31, -26.38, -26.52, -26.66, -26.71, -26.56, -26.35, -26.03, -25.58, -25.63, -26.31, -26.85, -27.33, -27.67, -27.89, -28.00, -28.08, -28.12, -28.37, -28.47, -28.43, -28.51, -28.34, -28.08, -26.77, -22.62, -19.49, -17.63, -16.11, -16.11
2026-10-02, 13:04:30, 88000000, 90500000, 19531.25, 18112, -15.09, -16.69, -18.06, -16.74, -14.19, -12.34, -13.07, -15.37, -18.02, -21.03, -25.71, -27.35, -27.82, -28.00, -28.05, -28.06, -28.05, -28.02, -27.88, -27.81, -27.77, -27.57, -27.35, -26.90, -26.18, -25.48, -25.34, -25.96, -26.46, -26.69, -26.78, -26.72, -26.66, -26.51, -26.39, -26.19, -26.03, -25.92, -25.68, -25.49, -25.27, -25.02, -24.75, -24.48, -24.06, -23.71, -23.35, -23.08, -22.76, -22.41, -21.98, -21.53, -21.03, -20.46, -19.82, -19.12, -18.34, -17.45, -16.43, -15.22, -13.71, -11.48, -6.62, -1.28, 5.93, 5.93, 8.02, 8.27, 6.06, 2.80, -0.32, -5.67, -10.92, -13.53, -15.10, -16.34, -17.36, -18.26, -19.09, -19.76, -20.41, -21.00, -21.52, -21.99, -22.42, -22.67, -23.07, -23.34, -23.67, -24.07, -24.47, -24.69, -25.02, -25.25, -25.45, -25.69, -25.86, -26.00, -26.15, -26.28, -26.44, -26.55, -26.64, -26.78, -26.61, -26.43, -25.95, -25.44, -25.42, -26.27, -26.97, -27.41, -27.76, -27.90, -28.01, -28.11, -28.18, -28.39, -28.50, -28.47, -28.51, -28.42, -28.18, -27.26, -23.83, -20.56, -17.88, -15.86, -15.86
2026-10-02, 13:04:31, 88000000, 90500000, 19531.25, 18112, -15.26, -16.72, -17.72, -16.69, -14.30, -12.52, -13.07, -15.16, -17.77, -21.06, -25.74, -27.33, -27.82, -27.99, -28.09, -28.08, -28.04, -27.99, -27.92, -27.83, -27.75, -27.57, -27.21, -26.85, -26.23, -25.50, -25.34, -25.94, -26.39, -26.67, -26.76, -26.79, -26.60, -26.46, -26.36, -26.22, -26.01, -25.85, -25.68, -25.46, -25.27, -25.01, -24.74, -24.46, -24.07, -23.72, -23.33, -23.03, -22.79, -22.41, -21.99, -21.48, -21.01, -20.44, -19.83, -19.09, -18.33, -17.43, -16.40, -15.20, -13.69, -11.52, -7.13, -0.68, 5.74, 5.74, 7.97, 8.19, 5.97, 3.23, -0.28, -5.68, -11.00, -13.44, -15.02, -16.25, -17.32, -18.23, -19.03, -19.73, -20.36, -20.97, -21.47, -21.98, -22.35, -22.65, -23.06, -23.35, -23.66, -24.04, -24.40, -24.67, -24.98, -25.17, -25.44, -25.65, -25.80, -25.97, -26.09, -26.27, -26.42, -26.53, -26.62, -26.73, -26.56, -26.39, -25.99, -25.44, -25.46, -26.27, -26.87, -27.40, -27.75, -27.92, -27.98, -28.07, -28.13, -28.37, -28.47, -28.39, -28.51, -28.34, -28.17, -27.36, -23.65, -20.17, -17.86, -15.94, -15.94
2026-10-02, 13:04:32, 88000000, 90500000, 19531.25, 18176, -16.08, -16.70, -17.01, -16.16, -14.53, -13.38, -13.45, -14.78, -16.89, -19.82, -24.46, -27.11, -27.75, -27.99, -28.03, -28.01, -28.02, -27.94, -27.88, -27.88, -27.77, -27.52, -27.09, -26.71, -26.14, -25.77, -25.65, -25.87, -26.26, -26.56, -26.72, -26.72, -26.61, -26.51, -26.33, -26.20, -26.02, -25.84, -25.64, -25.50, -25.27, -24.97, -24.76, -24.44, -23.99, -23.69, -23.36, -23.05, -22.73, -22.39, -21.96, -21.45, -20.99, -20.40, -19.74, -19.01, -18.23, -17.31, -16.24, -14.97, -13.30, -10.47, -4.71, 0.92, 5.87, 5.87, 7.25, 7.36, 6.15, 3.84, 0.96, -3.76, -10.11, -13.15, -14.85, -16.13, -17.24, -18.17, -18.98, -19.70, -20.33, -20.92, -21.45, -21.93, -22.35, -22.64, -23.03, -23.37, -23.65, -24.04, -24.37, -24.65, -24.91, -25.20, -25.38, -25.60, -25.82, -26.00, -26.11, -26.31, -26.41, -26.50, -26.64, -26.70, -26.40, -26.25, -25.95, -25.65, -25.70, -26.20, -26.74, -27.19, -27.65, -27.87, -28.02, -28.14, -28.22, -28.41, -28.44, -28.40, -28.47, -28.32, -27.91, -26.35, -21.99, -19.14, -17.44, -16.30, -16.30
2026-10-02, 13:04:33, 88000000, 90500000, 19531.25, 18112, -15.81, -16.71, -17.55, -16.31, -14.22, -13.08, -13.22, -15.01, -17.40, -20.30, -24.59, -27.15, -27.75, -27.95, -28.05, -28.05, -28.01, -27.98, -27.85, -27.81, -27.73, -27.56, -27.23, -26.75, -26.13, -25.58, -25.50, -25.92, -26.32, -26.57, -26.75, -26.70, -26.57, -26.51, -26.36, -26.19, -26.00, -25.87, -25.64, -25.48, -25.25, -25.01, -24.73, -24.44, -24.02, -23.70, -23.36, -23.00, -22.76, -22.42, -21.95, -21.51, -20.97, -20.40, -19.76, -19.06, -18.26, -17.38, -16.31, -15.09, -13.48, -10.54, -5.57, -0.43, 6.10, 6.10, 7.65, 7.65, 6.17, 3.44, 0.29, -4.24, -10.15, -13.11, -14.87, -16.18, -17.24, -18.16, -18.95, -19.70, -20.35, -20.92, -21.47, -21.91, -22.34, -22.63, -23.02, -23.33, -23.60, -24.04, -24.37, -24.64, -24.95, -25.17, -25.36, -25.58, -25.79, -25.98, -26.11, -26.23, -26.34, -26.49, -26.58, -26.71, -26.48, -26.33, -25.86, -25.58, -25.57, -26.14, -26.78, -27.20, -27.60, -27.86, -27.99, -28.12, -28.17, -28.35, -28.45, -28.33, -28.46, -28.30, -27.99, -26.55, -23.23, -19.99, -17.45, -15.91, -15.91
2026-10-02, 13:04:34, 88000000, 90500000, 19531.25, 18176, -15.80, -16.86, -17.37, -16.17, -14.24, -13.04, -13.32, -14.88, -17.18, -20.54, -25.18, -27.28, -27.78, -27.98, -28.06, -28.06, -28.01, -27.96, -27.90, -27.85, -27.73, -27.55, -27.28, -26.75, -26.13, -25.57, -25.50, -25.90, -26.29, -26.58, -26.79, -26.75, -26.60, -26.48, -26.37, -26.17, -26.03, -25.80, -25.70, -25.47, -25.28, -24.99, -24.75, -24.48, -24.02, -23.69, -23.36, -23.03, -22.78, -22.40, -21.98, -21.50, -21.02, -20.41, -19.80, -19.09, -18.28, -17.41, -16.37, -15.14, -13.59, -11.33, -6.42, -0.55, 6.14, 6.14, 7.68, 7.64, 6.11, 3.66, 0.52, -5.30, -10.77, -13.36, -14.99, -16.26, -17.31, -18.22, -19.03, -19.74, -20.39, -20.99, -21.51, -21.99, -22.37, -22.66, -23.06, -23.34, -23.67, -24.04, -24.42, -24.69, -24.99, -25.22, -25.44, -25.58, -25.79, -25.99, -26.11, -26.24, -26.34, -26.53, -26.62, -26.71, -26.56, -26.31, -25.90, -25.51, -25.65, -26.15, -26.75, -27.31, -27.65, -27.89, -28.01, -28.13, -28.20, -28.41, -28.50, -28.36, -28.52, -28.34, -28.12, -27.00, -23.64, -19.76, -17.32, -15.93, -15.93
2026-10-02, 13:04:35, 88000000, 90500000, 19531.25, 18240, -15.57, -17.08, -17.97, -16.79, -14.68, -12.84, -13.53, -15.51, -17.93, -20.70, -25.33, -27.49, -27.99, -28.16, -28.22, -28.25, -28.17, -28.19, -28.10, -27.99, -27.91, -27.70, -27.37, -27.00, -26.42, -25.68, -25.54, -26.12, -26.55, -26.73, -26.89, -26.85, -26.74, -26.62, -26.53, -26.37, -26.18, -26.01, -25.83, -25.67, -25.41, -25.14, -24.95, -24.62, -24.21, -23.89, -23.54, -23.24, -22.97, -22.59, -22.17, -21.74, -21.23, -20.61, -20.00, -19.30, -18.52, -17.65, -16.58, -15.36, -13.82, -11.32, -6.47, -0.70, 5.45, 5.45, 7.57, 7.80, 5.57, 2.97, -0.16, -4.90, -10.88, -13.58, -15.24, -16.50, -17.53, -18.45, -19.25, -19.97, -20.58, -21.15, -21.70, -22.16, -22.57, -22.87, -23.23, -23.49, -23.84, -24.28, -24.59, -24.82, -25.18, -25.36, -25.61, -25.84, -25.94, -26.17, -26.27, -26.39, -26.57, -26.61, -26.79, -26.89, -26.70, -26.53, -26.16, -25.67, -25.70, -26.40, -27.01, -27.45, -27.81, -28.03, -28.18, -28.34, -28.40, -28.59, -28.67, -28.56, -28.71, -28.57, -28.35, -27.15, -23.51, -20.37, -17.97, -16.34, -16.34
2026-10-02, 13:04:36, 88000000, 90500000, 19531.25, 18176, -15.07, -16.84, -18.24, -16.98, -14.48, -12.32, -13.13, -15.55, -18.38, -21.57, -25.76, -27.44, -27.93, -28.04, -28.06, -28.07, -27.96, -28.00, -27.87, -27.75, -27.73, -27.50, -27.28, -26.89, -26.21, -25.48, -25.27, -25.97, -26.45, -26.66, -26.71, -26.67, -26.64, -26.47, -26.37, -26.24, -26.04, -25.89, -25.72, -25.52, -25.35, -25.03, -24.83, -24.52, -24.16, -23.82, -23.39, -23.13, -22.90, -22.52, -22.11, -21.62, -21.14, -20.57, -19.99, -19.25, -18.49, -17.63, -16.64, -15.41, -13.92, -11.69, -7.16, -1.62, 5.54, 5.54, 8.00, 8.33, 5.80, 2.65, -1.10, -5.81, -11.26, -13.68, -15.23, -16.49, -17.50, -18.40, -19.19, -19.87, -20.54, -21.12, -21.66, -22.05, -22.47, -22.80, -23.11, -23.36, -23.72, -24.12, -24.49, -24.71, -25.02, -25.20, -25.41, -25.68, -25.80, -26.01, -26.17, -26.26, -26.37, -26.41, -26.61, -26.70, -26.58, -26.41, -25.95, -25.42, -25.42, -26.26, -26.93, -27.39, -27.70, -27.92, -28.05, -28.20, -28.23, -28.41, -28.54, -28.41, -28.57, -28.41, -28.26, -27.27, -24.13, -20.84, -18.12, -16.08, -16.08
2026-10-02, 13:04:37, 88000000, 90500000, 19531.25, 18240, -15.08, -16.72, -18.10, -16.90, -14.30, -12.32, -13.07, -15.59, -18.00, -20.75, -25.49, -27.37, -27.93, -28.05, -28.09, -28.09, -28.07, -28.00, -27.95, -27.87, -27.80, -27.62, -27.32, -26.91, -26.27, -25.47, -25.32, -25.96, -26.49, -26.70, -26.77, -26.79, -26.68, -26.60, -26.40, -26.23, -26.08, -25.91, -25.72, -25.52, -25.31, -25.01, -24.80, -24.46, -24.14, -23.75, -23.36, -23.08, -22.83, -22.46, -22.04, -21.56, -21.05, -20.49, -19.85, -19.15, -18.37, -17.50, -16.49, -15.28, -13.75, -11.29, -6.44, -1.28, 5.69, 5.69, 8.10, 8.28, 5.75, 2.95, -0.39, -5.18, -10.79, -13.43, -15.03, -16.30, -17.33, -18.26, -19.03, -19.75, -20.42, -20.98, -21.47, -21.99, -22.39, -22.69, -23.05, -23.34, -23.71, -24.12, -24.41, -24.68, -25.03, -25.19, -25.47, -25.70, -25.80, -26.01, -26.14, -26.33, -26.42, -26.56, -26.67, -26.69, -26.69, -26.47, -25.97, -25.44, -25.48, -26.32, -26.98, -27.36, -27.72, -27.93, -28.01, -28.18, -28.23, -28.42, -28.52, -28.40, -28.55, -28.45, -28.12, -26.91, -23.91, -20.57, -18.03, -15.94, -15.94
2026-10-02, 13:04:38, 88000000, 90500000, 19531.25, 18176, -15.78, -16.55, -16.86, -16.12, -14.43, -13.06, -13.29, -14.75, -16.87, -19.36, -23.84, -26.75, -27.53, -27.76, -27.81, -27.83, -27.81, -27.71, -27.63, -27.60, -27.51, -27.29, -26.92, -26.57, -25.98, -25.53, -25.41, -25.62, -26.09, -26.36, -26.43, -26.47, -26.36, -26.29, -26.12, -25.98, -25.80, -25.66, -25.45, -25.27, -25.06, -24.78, -24.53, -24.19, -23.82, -23.53, -23.19, -22.82, -22.53, -22.17, -21.78, -21.28, -20.78, -20.19, -19.54, -18.84, -18.02, -17.10, -16.05, -14.75, -13.10, -10.43, -4.53, 1.29, 5.95, 5.95, 7.49, 7.63, 6.21, 3.87, 1.17, -3.23, -9.45, -12.89, -14.66, -15.97, -17.05, -17.98, -18.80, -19.52, -20.16, -20.75, -21.29, -21.77, -22.16, -22.47, -22.86, -23.14, -23.49, -23.87, -24.21, -24.47, -24.79, -25.01, -25.22, -25.46, -25.57, -25.79, -25.94, -26.07, -26.22, -26.31, -26.39, -26.46, -26.20, -26.12, -25.79, -25.43, -25.51, -25.97, -26.63, -27.13, -27.45, -27.68, -27.85, -27.95, -28.03, -28.24, -28.31, -28.20, -28.35, -28.16, -27.87, -26.26, -21.72, -18.93, -17.41, -16.18, -16.18
2026-10-02, 13:04:39, 88000000, 90500000, 19531.25, 18112, -15.47, -16.33, -16.95, -15.71, -13.80, -12.70, -12.83, -14.42, -16.78, -20.49, -24.97, -26.84, -27.28, -27.52, -27.57, -27.56, -27.52, -27.51, -27.41, -27.35, -27.24, -27.10, -26.74, -26.27, -25.62, -25.12, -25.07, -25.38, -25.83, -26.07, -26.23, -26.20, -26.13, -26.03, -25.90, -25.73, -25.51, -25.41, -25.18, -25.00, -24.78, -24.51, -24.26, -23.94, -23.55, -23.27, -22.86, -22.58, -22.29, -21.93, -21.48, -21.06, -20.53, -19.96, -19.33, -18.60, -17.83, -16.95, -15.90, -14.67, -13.15, -10.98, -6.22, -0.04, 6.64, 6.64, 7.98, 8.04, 6.69, 4.09, 0.60, -4.99, -10.44, -12.93, -14.52, -15.78, -16.83, -17.75, -18.54, -19.27, -19.92, -20.49, -21.00, -21.50, -21.91, -22.22, -22.55, -22.92, -23.22, -23.59, -23.93, -24.19, -24.48, -24.75, -24.99, -25.15, -25.28, -25.54, -25.66, -25.81, -25.90, -26.02, -26.21, -26.21, -26.12, -25.84, -25.38, -25.14, -25.16, -25.66, -26.32, -26.88, -27.25, -27.49, -27.63, -27.74, -27.72, -27.98, -28.04, -27.96, -28.09, -27.92, -27.69, -26.85, -23.12, -19.30, -16.86, -15.52, -15.52
2026-10-02, 13:04:40, 88000000, 90500000, 19531.25, 18176, -14.93, -16.05, -16.89, -15.89, -13.71, -12.17, -12.54, -14.42, -16.86, -19.83, -24.62, -26.82, -27.35, -27.56, -27.71, -27.68, -27.72, -27.64, -27.51, -27.54, -27.46, -27.24, -26.96, -26.44, -25.82, -25.22, -24.96, -25.52, -25.98, -26.22, -26.42, -26.40, -26.25, -26.14, -25.92, -25.79, -25.65, -25.47, -25.23, -25.02, -24.81, -24.53, -24.27, -23.95, -23.55, -23.21, -22.86, -22.48, -22.20, -21.85, -21.41, -20.94, -20.40, -19.84, -19.17, -18.48, -17.68, -16.78, -15.71, -14.45, -12.88, -10.18, -4.85, 0.35, 6.42, 6.42, 8.34, 8.58, 6.72, 3.97, 0.90, -4.22, -9.85, -12.70, -14.32, -15.61, -16.68, -17.60, -18.41, -19.13, -19.78, -20.40, -20.90, -21.36, -21.83, -22.14, -22.52, -22.81, -23.15, -23.53, -23.88, -24.18, -24.53, -24.73, -24.97, -25.19, -25.37, -25.58, -25.70, -25.84, -25.94, -26.14, -26.24, -26.31, -26.13, -25.97, -25.56, -25.04, -25.03, -25.77, -26.46, -26.91, -27.28, -27.49, -27.66, -27.75, -27.78, -27.97, -28.05, -27.95, -28.05, -27.88, -27.55, -26.05, -22.40, -19.20, -17.13, -15.39, -15.39
2026-10-02, 13:04:41, 88000000, 90500000, 19531.25, 18240, -14.74, -16.26, -17.14, -16.03, -13.72, -12.00, -12.72, -14.52, -17.17, -19.86, -24.50, -26.94, -27.63, -27.90, -28.04, -28.07, -28.09, -28.04, -27.97, -27.94, -27.85, -27.68, -27.38, -26.82, -26.14, -25.36, -25.27, -25.87, -26.38, -26.62, -26.76, -26.75, -26.62, -26.48, -26.26, -26.13, -25.98, -25.74, -25.53, -25.29, -25.11, -24.76, -24.54, -24.22, -23.77, -23.43, -23.00, -22.74, -22.40, -22.02, -21.58, -21.11, -20.57, -19.98, -19.31, -18.62, -17.81, -16.87, -15.87, -14.62, -13.05, -10.54, -5.22, -0.18, 6.39, 6.39, 8.51, 8.62, 6.53, 3.80, 0.56, -3.76, -9.69, -12.65, -14.39, -15.68, -16.75, -17.67, -18.51, -19.22, -19.90, -20.48, -21.02, -21.53, -21.97, -22.28, -22.63, -22.95, -23.30, -23.72, -24.08, -24.37, -24.69, -24.94, -25.22, -25.41, -25.61, -25.79, -25.99, -26.06, -26.24, -26.37, -26.53, -26.60, -26.46, -26.22, -25.78, -25.21, -25.23, -25.96, -26.67, -27.21, -27.53, -27.74, -27.92, -28.00, -27.98, -28.17, -28.24, -28.11, -28.19, -28.06, -27.79, -26.27, -22.80, -19.66, -17.22, -15.36, -15.36
2026-10-02, 13:04:42, 88000000, 90500000, 19531.25, 18176, -15.21, -16.33, -17.14, -15.95, -13.70, -12.45, -12.76, -14.56, -17.16, -20.60, -25.47, -27.15, -27.72, -27.95, -28.00, -28.04, -28.07, -28.04, -27.93, -27.89, -27.82, -27.63, -27.31, -26.80, -26.05, -25.44, -25.37, -25.86, -26.34, -26.61, -26.81, -26.74, -26.61, -26.47, -26.32, -26.14, -25.95, -25.78, -25.56, -25.32, -25.11, -24.81, -24.60, -24.25, -23.85, -23.48, -23.12, -22.80, -22.50, -22.15, -21.67, -21.19, -20.65, -20.09, -19.44, -18.73, -17.91, -17.02, -15.98, -14.74, -13.21, -10.92, -6.25, -0.31, 6.59, 6.59, 8.23, 8.24, 6.63, 3.80, 0.41, -5.34, -10.61, -13.06, -14.64, -15.90, -16.95, -17.85, -18.65, -19.39, -20.03, -20.62, -21.18, -21.64, -22.10, -22.42, -22.76, -23.08, -23.42, -23.83, -24.18, -24.47, -24.79, -25.03, -25.26, -25.50, -25.71, -25.88, -26.01, -26.19, -26.30, -26.40, -26.55, -26.64, -26.53, -26.25, -25.77, -25.30, -25.41, -26.02, -26.74, -27.29, -27.63, -27.80, -27.90, -28.01, -28.04, -28.27, -28.29, -28.18, -28.30, -28.10, -27.86, -26.87, -23.20, -19.67, -17.08, -15.38, -15.38
2026-10-02, 13:04:43, 88000000, 90500000, 19531.25, 18176, -15.25, -16.24, -16.89, -15.88, -13.77, -12.52, -12.79, -14.55, -16.82, -19.89, -24.37, -26.94, -27.57, -27.82, -27.89, -27.95, -27.95, -27.94, -27.85, -27.82, -27.72, -27.55, -27.18, -26.66, -26.06, -25.41, -25.32, -25.76, -26.23, -26.50, -26.64, -26.64, -26.52, -26.36, -26.21, -26.03, -25.91, -25.71, -25.48, -25.29, -25.04, -24.75, -24.48, -24.15, -23.73, -23.41, -23.05, -22.71, -22.38, -22.04, -21.61, -21.11, -20.56, -19.98, -19.33, -18.61, -17.80, -16.90, -15.83, -14.58, -12.96, -10.23, -4.53, 0.56, 6.48, 6.48, 8.09, 8.25, 6.54, 3.93, 0.95, -3.81, -9.89, -12.79, -14.45, -15.74, -16.81, -17.75, -18.55, -19.29, -19.95, -20.55, -21.07, -21.58, -22.01, -22.33, -22.70, -23.02, -23.34, -23.77, -24.13, -24.39, -24.71, -24.98, -25.20, -25.40, -25.60, -25.80, -25.98, -26.18, -26.27, -26.39, -26.51, -26.56, -26.41, -26.16, -25.76, -25.32, -25.33, -26.00, -26.69, -27.19, -27.57, -27.81, -27.91, -28.05, -28.04, -28.21, -28.28, -28.17, -28.24, -28.06, -27.75, -26.08, -22.22, -19.13, -17.13, -15.48, -15.48
2026-10-02, 13:04:44, 88000000, 90500000, 19531.25, 18112, -15.32, -16.26, -16.91, -15.79, -13.71, -12.60, -12.74, -14.46, -17.05, -19.56, -24.05, -26.71, -27.54, -27.79, -27.91, -27.96, -27.93, -27.93, -27.88, -27.80, -27.71, -27.55, -27.21, -26.68, -25.98, -25.47, -25.30, -25.67, -26.28, -26.52, -26.64, -26.68, -26.49, -26.42, -26.27, -26.03, -25.88, -25.65, -25.48, -25.25, -25.05, -24.74, -24.51, -24.13, -23.71, -23.39, -23.01, -22.70, -22.38, -22.04, -21.57, -21.11, -20.57, -19.98, -19.33, -18.59, -17.78, -16.86, -15.81, -14.56, -12.91, -10.18, -5.20, 0.43, 6.68, 6.68, 8.05, 8.22, 6.63, 3.91, 0.80, -3.27, -9.20, -12.59, -14.38, -15.68, -16.76, -17.70, -18.53, -19.27, -19.91, -20.52, -21.06, -21.55, -21.99, -22.30, -22.71, -23.00, -23.33, -23.76, -24.10, -24.39, -24.71, -24.96, -25.20, -25.42, -25.65, -25.83, -26.00, -26.12, -26.31, -26.38, -26.53, -26.66, -26.43, -26.16, -25.73, -25.33, -25.36, -25.97, -26.70, -27.16, -27.52, -27.85, -27.89, -28.00, -28.04, -28.23, -28.29, -28.10, -28.22, -28.06, -27.70, -26.24, -22.63, -19.29, -16.91, -15.43, -15.43
2026-10-02, 13:04:45, 88000000, 90500000, 19531.25, 18112, -15.10, -16.21, -16.98, -15.89, -13.85, -12.34, -12.64, -14.50, -16.91, -20.53, -25.20, -27.04, -27.59, -27.79, -27.86, -27.91, -27.93, -27.83, -27.77, -27.73, -27.65, -27.49, -27.12, -26.60, -26.01, -25.32, -25.31, -25.64, -26.18, -26.55, -26.65, -26.66, -26.46, -26.35, -26.22, -26.01, -25.88, -25.64, -25.47, -25.25, -25.02, -24.77, -24.49, -24.18, -23.74, -23.39, -23.06, -22.71, -22.43, -22.08, -21.64, -21.14, -20.60, -20.02, -19.40, -18.68, -17.89, -16.97, -15.95, -14.72, -13.17, -10.91, -6.37, 0.02, 6.45, 6.45, 8.25, 8.32, 6.75, 3.99, 0.39, -5.08, -10.42, -12.94, -14.57, -15.82, -16.89, -17.80, -18.60, -19.33, -19.98, -20.56, -21.13, -21.59, -22.01, -22.31, -22.69, -23.01, -23.33, -23.77, -24.09, -24.40, -24.71, -24.98, -25.18, -25.39, -25.57, -25.79, -25.94, -26.09, -26.23, -26.32, -26.49, -26.58, -26.41, -26.18, -25.71, -25.31, -25.32, -25.86, -26.64, -27.16, -27.60, -27.79, -27.91, -28.00, -27.99, -28.18, -28.29, -28.12, -28.29, -28.07, -27.81, -26.82, -23.11, -19.39, -17.09, -15.52, -15.52
2026-10-02, 13:04:46, 88000000, 90500000, 19531.25, 18176, -14.33, -16.40, -17.37, -16.22, -13.94, -11.59, -12.81, -15.10, -17.41, -19.82, -24.60, -26.86, -27.48, -27.71, -27.81, -27.81, -27.85, -27.76, -27.74, -27.65, -27.57, -27.34, -27.09, -26.64, -26.02, -25.12, -24.94, -25.76, -26.19, -26.45, -26.53, -26.52, -26.43, -26.27, -26.10, -25.93, -25.76, -25.62, -25.38, -25.17, -24.96, -24.66, -24.45, -24.07, -23.65, -23.34, -22.91, -22.66, -22.34, -21.96, -21.55, -21.04, -20.53, -19.95, -19.28, -18.57, -17.79, -16.90, -15.86, -14.60, -13.04, -10.64, -5.51, -0.05, 6.05, 6.05, 8.60, 8.91, 6.04, 3.31, 0.69, -4.03, -9.91, -12.82, -14.45, -15.73, -16.79, -17.72, -18.53, -19.26, -19.91, -20.50, -21.06, -21.52, -21.95, -22.28, -22.61, -22.85, -23.27, -23.69, -24.05, -24.30, -24.63, -24.91, -25.17, -25.35, -25.50, -25.73, -25.89, -26.01, -26.19, -26.27, -26.44, -26.50, -26.38, -26.15, -25.74, -25.04, -25.07, -26.06, -26.67, -27.09, -27.49, -27.74, -27.85, -27.91, -27.92, -28.11, -28.20, -28.07, -28.21, -28.09, -27.74, -26.44, -22.84, -19.54, -17.44, -15.58, -15.58
2026-10-02, 13:04:47, 88000000, 90500000, 19531.25, 18240, -14.47, -16.27, -17.34, -16.21, -13.89, -11.73, -12.64, -14.82, -17.36, -20.19, -25.09, -27.01, -27.52, -27.73, -27.85, -27.85, -27.90, -27.81, -27.74, -27.72, -27.62, -27.39, -27.14, -26.69, -26.00, -25.16, -25.00, -25.71, -26.19, -26.47, -26.58, -26.52, -26.41, -26.28, -26.14, -25.94, -25.76, -25.63, -25.41, -25.19, -24.96, -24.70, -24.45, -24.11, -23.70, -23.37, -22.94, -22.66, -22.36, -22.02, -21.56, -21.07, -20.56, -19.99, -19.34, -18.63, -17.84, -16.93, -15.91, -14.70, -13.15, -10.82, -6.05, -0.28, 6.19, 6.19, 8.53, 8.87, 6.38, 3.49, 0.49, -4.68, -10.21, -12.86, -14.47, -15.74, -16.82, -17.72, -18.53, -19.27, -19.93, -20.51, -21.04, -21.50, -21.97, -22.27, -22.63, -22.92, -23.29, -23.71, -24.04, -24.36, -24.63, -24.90, -25.13, -25.35, -25.56, -25.73, -25.87, -26.06, -26.14, -26.30, -26.45, -26.53, -26.41, -26.12, -25.75, -25.10, -25.12, -26.03, -26.68, -27.11, -27.51, -27.70, -27.76, -27.93, -27.94, -28.11, -28.18, -28.10, -28.17, -28.06, -27.77, -26.62, -23.03, -19.77, -17.40, -15.56, -15.56
2026-10-02, 13:04:48, 88000000, 90500000, 19531.25, 18176, -14.49, -16.28, -17.40, -16.19, -13.90, -11.73, -12.76, -15.06, -17.03, -19.79, -24.67, -26.97, -27.57, -27.71, -27.82, -27.88, -27.86, -27.82, -27.75, -27.71, -27.60, -27.43, -27.14, -26.62, -26.06, -25.22, -25.00, -25.72, -26.19, -26.41, -26.56, -26.58, -26.42, -26.30, -26.14, -25.97, -25.85, -25.61, -25.47, -25.22, -24.95, -24.70, -24.40, -24.14, -23.67, -23.37, -22.96, -22.69, -22.39, -22.01, -21.59, -21.09, -20.59, -19.97, -19.32, -18.62, -17.82, -16.89, -15.86, -14.60, -13.01, -10.12, -4.62, 0.03, 6.12, 6.12, 8.55, 8.80, 6.15, 3.54, 0.98, -4.26, -10.14, -12.85, -14.49, -15.76, -16.84, -17.74, -18.58, -19.29, -19.91, -20.53, -21.08, -21.55, -21.98, -22.26, -22.68, -22.90, -23.34, -23.74, -24.07, -24.38, -24.68, -24.93, -25.16, -25.37, -25.58, -25.75, -25.91, -26.07, -26.18, -26.32, -26.52, -26.52, -26.37, -26.21, -25.75, -25.11, -25.12, -26.08, -26.67, -27.10, -27.56, -27.74, -27.84, -27.99, -27.96, -28.15, -28.22, -28.12, -28.20, -28.03, -27.69, -25.92, -22.54, -19.63, -17.47, -15.54, -15.54
2026-10-02, 13:04:49, 88000000, 90500000, 19531.25, 18112, -15.18, -16.34, -16.66, -15.83, -14.07, -12.50, -13.07, -14.55, -16.34, -18.72, -24.03, -26.69, -27.45, -27.72, -27.87, -27.88, -27.94, -27.84, -27.77, -27.75, -27.64, -27.35, -27.02, -26.55, -26.07, -25.44, -25.28, -25.77, -26.11, -26.38, -26.55, -26.61, -26.46, -26.35, -26.19, -26.01, -25.84, -25.67, -25.46, -25.21, -25.00, -24.75, -24.48, -24.14, -23.70, -23.41, -23.02, -22.69, -22.39, -22.01, -21.57, -21.08, -20.58, -19.97, -19.32, -18.59, -17.80, -16.85, -15.79, -14.45, -12.75, -9.88, -3.29, 1.15, 6.14, 6.14, 7.95, 8.18, 6.27, 4.24, 1.82, -3.06, -9.19, -12.47, -14.29, -15.63, -16.72, -17.68, -18.50, -19.25, -19.91, -20.49, -21.03, -21.57, -21.96, -22.28, -22.68, -22.98, -23.35, -23.74, -24.06, -24.36, -24.68, -24.95, -25.18, -25.41, -25.58, -25.78, -25.95, -26.12, -26.20, -26.34, -26.50, -26.51, -26.31, -26.09, -25.79, -25.33, -25.34, -26.04, -26.57, -27.00, -27.54, -27.76, -27.89, -27.97, -27.99, -28.17, -28.22, -28.17, -28.21, -28.00, -27.54, -25.38, -21.49, -18.73, -17.16, -15.81, -15.81
2026-10-02, 13:04:50, 88000000, 90500000, 19531.25, 18176, -16.03, -16.38, -15.97, -15.29, -14.23, -13.33, -13.30, -13.61, -15.52, -19.94, -25.03, -26.98, -27.61, -27.87, -27.91, -28.01, -27.99, -27.93, -27.88, -27.88, -27.79, -27.53, -27.10, -26.56, -26.10, -25.72, -25.63, -25.74, -26.01, -26.47, -26.72, -26.73, -26.53, -26.40, -26.22, -26.07, -25.94, -25.75, -25.51, -25.31, -25.05, -24.81, -24.49, -24.15, -23.69, -23.43, -23.09, -22.71, -22.37, -22.03, -21.63, -21.11, -20.56, -19.97, -19.31, -18.56, -17.74, -16.83, -15.72, -14.42, -12.69, -9.90, -3.58, 1.68, 6.43, 6.43, 7.32, 7.40, 6.87, 5.34, 1.60, -4.78, -10.09, -12.68, -14.34, -15.64, -16.76, -17.68, -18.52, -19.26, -19.94, -20.51, -21.06, -21.56, -21.98, -22.30, -22.72, -23.02, -23.39, -23.74, -24.06, -24.42, -24.72, -25.00, -25.24, -25.45, -25.66, -25.84, -26.03, -26.18, -26.30, -26.44, -26.52, -26.61, -26.29, -26.01, -25.74, -25.59, -25.69, -25.91, -26.41, -27.13, -27.63, -27.84, -27.96, -28.04, -28.02, -28.22, -28.31, -28.15, -28.21, -28.06, -27.64, -25.72, -21.23, -18.24, -16.66, -16.00, -16.00
2026-10-02, 13:04:51, 88000000, 90500000, 19531.25, 18176, -16.60, -16.68, -15.67, -15.00, -14.55, -13.96, -13.85, -14.13, -15.11, -17.98, -23.45, -26.65, -27.55, -27.85, -28.05, -28.07, -28.06, -28.07, -27.98, -27.95, -27.84, -27.65, -27.10, -26.42, -26.18, -25.99, -25.88, -25.94, -26.13, -26.36, -26.73, -26.74, -26.66, -26.48, -26.33, -26.14, -25.93, -25.76, -25.58, -25.33, -25.10, -24.83, -24.56, -24.15, -23.76, -23.48, -23.14, -22.78, -22.41, -22.01, -21.59, -21.11, -20.55, -19.95, -19.27, -18.52, -17.67, -16.74, -15.60, -14.24, -12.48, -9.64, -3.45, 2.73, 6.19, 6.19, 6.74, 6.78, 6.22, 5.18, 3.05, -2.22, -9.14, -12.29, -14.15, -15.52, -16.66, -17.64, -18.50, -19.26, -19.91, -20.52, -21.09, -21.56, -22.00, -22.31, -22.76, -23.09, -23.43, -23.80, -24.11, -24.45, -24.81, -25.03, -25.29, -25.51, -25.69, -25.90, -26.06, -26.20, -26.36, -26.48, -26.63, -26.59, -26.27, -25.90, -25.91, -25.84, -25.91, -26.14, -26.47, -26.99, -27.59, -27.93, -28.00, -28.07, -28.07, -28.30, -28.31, -28.19, -28.29, -28.09, -27.68, -25.73, -20.54, -17.28, -16.55, -16.45, -16.45
2026-10-02, 13:04:52, 88000000, 90500000, 19531.25, 18176, -16.99, -16.74, -15.41, -14.92, -14.63, -14.37, -14.03, -13.74, -15.00, -17.96, -23.62, -26.70, -27.53, -27.86, -28.01, -28.09, -28.09, -28.08, -28.00, -27.97, -27.84, -27.60, -26.97, -26.45, -26.24, -26.06, -26.00, -25.95, -26.06, -26.40, -26.76, -26.79, -26.64, -26.55, -26.32, -26.23, -26.03, -25.84, -25.64, -25.41, -25.20, -24.87, -24.61, -24.25, -23.80, -23.56, -23.23, -22.83, -22.49, -22.09, -21.65, -21.19, -20.61, -20.02, -19.34, -18.60, -17.77, -16.81, -15.68, -14.31, -12.55, -9.55, -3.10, 3.10, 6.23, 6.23, 6.44, 6.43, 6.37, 5.57, 2.98, -2.40, -9.00, -12.31, -14.19, -15.57, -16.71, -17.69, -18.52, -19.29, -19.97, -20.57, -21.15, -21.61, -22.02, -22.38, -22.83, -23.19, -23.49, -23.80, -24.17, -24.50, -24.82, -25.10, -25.34, -25.56, -25.75, -25.97, -26.13, -26.30, -26.40, -26.54, -26.70, -26.67, -26.26, -26.02, -25.90, -25.98, -25.99, -26.13, -26.42, -27.02, -27.63, -27.92, -28.07, -28.12, -28.07, -28.37, -28.36, -28.25, -28.30, -28.08, -27.62, -25.39, -20.33, -17.17, -16.44, -16.56, -16.56
2026-10-02, 13:04:53, 88000000, 90500000, 19531.25, 18176, -17.18, -16.69, -15.71, -14.93, -14.54, -14.60, -14.14, -14.10, -14.85, -17.88, -23.82, -26.83, -27.69, -27.98, -28.11, -28.18, -28.21, -28.21, -28.12, -28.10, -27.99, -27.66, -27.16, -26.61, -26.21, -26.18, -26.17, -26.14, -26.17, -26.47, -26.87, -26.89, -26.78, -26.66, -26.47, -26.28, -26.14, -25.93, -25.74, -25.54, -25.29, -24.99, -24.69, -24.34, -23.91, -23.65, -23.27, -22.94, -22.56, -22.17, -21.73, -21.24, -20.71, -20.08, -19.40, -18.65, -17.82, -16.83, -15.70, -14.30, -12.50, -9.21, -2.12, 2.84, 6.36, 6.36, 6.38, 6.30, 6.04, 5.37, 3.30, -2.36, -9.26, -12.44, -14.29, -15.68, -16.80, -17.80, -18.64, -19.39, -20.08, -20.68, -21.23, -21.72, -22.18, -22.47, -22.93, -23.32, -23.60, -23.93, -24.28, -24.61, -24.95, -25.20, -25.41, -25.69, -25.87, -26.05, -26.22, -26.35, -26.55, -26.66, -26.78, -26.71, -26.39, -26.17, -26.01, -26.09, -26.10, -26.32, -26.61, -27.12, -27.70, -28.02, -28.13, -28.23, -28.19, -28.46, -28.47, -28.36, -28.36, -28.16, -27.64, -25.05, -20.02, -17.44, -16.47, -16.48, -16.48
2026-10-02, 13:04:54, 88000000, 90500000, 19531.25, 18176, -16.95, -17.09, -15.79, -14.73, -14.43, -14.32, -14.11, -14.10, -15.13, -18.13, -23.74, -26.88, -27.66, -27.93, -28.09, -28.12, -28.19, -28.13, -28.07, -28.03, -27.95, -27.67, -27.21, -26.49, -26.17, -26.05, -26.00, -26.00, -26.18, -26.48, -26.76, -26.81, -26.73, -26.61, -26.40, -26.26, -26.09, -25.89, -25.66, -25.43, -25.17, -24.93, -24.62, -24.30, -23.83, -23.55, -23.26, -22.90, -22.51, -22.10, -21.70, -21.21, -20.66, -20.05, -19.38, -18.63, -17.80, -16.84, -15.73, -14.38, -12.59, -9.63, -4.13, 1.90, 6.49, 6.49, 6.54, 6.45, 6.15, 5.20, 2.96, -2.38, -9.31, -12.43, -14.23, -15.64, -16.76, -17.73, -18.57, -19.35, -20.02, -20.65, -21.18, -21.67, -22.08, -22.42, -22.84, -23.22, -23.54, -23.90, -24.21, -24.55, -24.86, -25.13, -25.37, -25.58, -25.79, -26.01, -26.13, -26.35, -26.46, -26.60, -26.72, -26.74, -26.46, -25.95, -25.90, -25.97, -26.12, -26.25, -26.59, -27.10, -27.69, -27.94, -28.05, -28.15, -28.11, -28.34, -28.44, -28.30, -28.34, -28.15, -27.74, -25.92, -21.50, -17.45, -16.17, -16.37, -16.37
2026-10-02, 13:04:55, 88000000, 90500000, 19531.25, 18240, -16.59, -16.91, -16.04, -14.90, -14.21, -13.90, -13.99, -14.43, -15.41, -17.58, -23.00, -26.58, -27.51, -27.87, -28.01, -28.05, -28.08, -28.06, -28.02, -28.00, -27.89, -27.64, -27.15, -26.55, -26.10, -25.89, -25.89, -26.02, -26.21, -26.41, -26.77, -26.81, -26.68, -26.54, -26.37, -26.17, -26.06, -25.82, -25.60, -25.43, -25.18, -24.88, -24.61, -24.24, -23.82, -23.54, -23.23, -22.86, -22.49, -22.10, -21.64, -21.17, -20.62, -20.02, -19.36, -18.60, -17.78, -16.82, -15.72, -14.34, -12.58, -9.57, -3.71, 2.15, 6.52, 6.52, 6.99, 6.69, 5.98, 4.92, 3.04, -1.60, -8.67, -12.20, -14.13, -15.55, -16.71, -17.69, -18.56, -19.28, -19.97, -20.59, -21.13, -21.62, -22.07, -22.35, -22.79, -23.16, -23.50, -23.89, -24.20, -24.52, -24.84, -25.10, -25.36, -25.55, -25.76, -25.95, -26.09, -26.27, -26.45, -26.54, -26.67, -26.70, -26.43, -26.01, -25.87, -25.86, -26.03, -26.30, -26.66, -27.09, -27.60, -27.86, -28.02, -28.11, -28.10, -28.33, -28.41, -28.32, -28.32, -28.11, -27.61, -25.82, -21.07, -17.67, -16.33, -16.11, -16.11
2026-10-02, 13:04:56, 88000000, 90500000, 19531.25, 18176, -16.18, -16.61, -16.13, -15.21, -14.22, -13.54, -13.51, -14.22, -15.53, -18.62, -24.09, -26.89, -27.64, -27.89, -28.00, -28.10, -28.08, -28.05, -28.01, -27.99, -27.91, -27.67, -27.17, -26.63, -26.15, -25.81, -25.74, -25.93, -26.20, -26.48, -26.76, -26.82, -26.68, -26.54, -26.33, -26.18, -26.03, -25.85, -25.58, -25.36, -25.16, -24.84, -24.63, -24.27, -23.80, -23.49, -23.18, -22.81, -22.50, -22.11, -21.65, -21.20, -20.67, -20.06, -19.39, -18.66, -17.83, -16.88, -15.78, -14.45, -12.76, -9.96, -3.99, 1.85, 6.39, 6.39, 7.26, 7.21, 6.38, 4.88, 2.44, -3.07, -9.36, -12.54, -14.31, -15.66, -16.79, -17.72, -18.57, -19.32, -19.98, -20.56, -21.14, -21.64, -22.07, -22.34, -22.77, -23.11, -23.46, -23.86, -24.17, -24.52, -24.79, -25.08, -25.28, -25.52, -25.77, -25.91, -26.10, -26.24, -26.37, -26.49, -26.64, -26.65, -26.36, -26.08, -25.86, -25.68, -25.80, -26.13, -26.53, -27.08, -27.67, -27.91, -28.01, -28.11, -28.08, -28.31, -28.33, -28.26, -28.29, -28.11, -27.72, -25.85, -21.35, -18.02, -16.65, -16.04, -16.04
2026-10-02, 13:04:57, 88000000, 90500000, 19531.25, 18176, -15.33, -16.36, -16.98, -15.76, -13.78, -12.56, -12.89, -14.57, -16.82, -19.95, -24.50, -27.02, -27.68, -27.97, -28.01, -28.05, -28.12, -28.08, -28.02, -27.91, -27.85, -27.68, -27.37, -26.80, -26.09, -25.51, -25.45, -25.84, -26.36, -26.64, -26.77, -26.82, -26.63, -26.55, -26.36, -26.15, -25.99, -25.78, -25.58, -25.35, -25.10, -24.81, -24.58, -24.25, -23.80, -23.46, -23.09, -22.77, -22.45, -22.09, -21.65, -21.14, -20.64, -20.01, -19.38, -18.66, -17.87, -16.95, -15.88, -14.64, -13.04, -10.63, -5.41, 0.16, 6.60, 6.60, 8.07, 8.12, 6.50, 4.00, 0.88, -3.99, -9.95, -12.86, -14.52, -15.79, -16.87, -17.81, -18.62, -19.36, -20.02, -20.64, -21.14, -21.62, -22.06, -22.35, -22.72, -23.05, -23.41, -23.82, -24.23, -24.42, -24.80, -25.08, -25.29, -25.54, -25.69, -25.92, -26.04, -26.23, -26.34, -26.48, -26.61, -26.70, -26.48, -26.27, -25.75, -25.40, -25.46, -26.07, -26.73, -27.23, -27.68, -27.92, -28.02, -28.13, -28.10, -28.29, -28.34, -28.25, -28.33, -28.19, -27.84, -26.53, -22.83, -19.31, -16.92, -15.52, -15.52
2026-10-02, 13:04:58, 88000000, 90500000, 19531.25, 18112, -15.29, -16.27, -16.84, -15.79, -13.85, -12.58, -12.78, -14.42, -16.73, -19.86, -24.85, -27.09, -27.67, -27.92, -28.03, -28.04, -28.08, -28.03, -27.98, -27.97, -27.85, -27.63, -27.28, -26.71, -26.13, -25.57, -25.37, -25.76, -26.29, -26.61, -26.78, -26.73, -26.60, -26.47, -26.32, -26.08, -25.92, -25.76, -25.57, -25.35, -25.10, -24.84, -24.56, -24.23, -23.77, -23.45, -23.07, -22.74, -22.41, -22.08, -21.63, -21.14, -20.61, -20.01, -19.35, -18.63, -17.81, -16.91, -15.85, -14.58, -13.00, -10.42, -5.23, 0.29, 6.48, 6.48, 8.02, 8.16, 6.70, 4.08, 1.01, -4.35, -10.00, -12.77, -14.42, -15.71, -16.80, -17.72, -18.56, -19.28, -19.94, -20.53, -21.10, -21.56, -22.02, -22.29, -22.67, -23.02, -23.38, -23.78, -24.16, -24.46, -24.75, -25.02, -25.24, -25.46, -25.65, -25.84, -26.00, -26.14, -26.31, -26.45, -26.58, -26.64, -26.48, -26.19, -25.75, -25.40, -25.46, -26.02, -26.68, -27.14, -27.66, -27.82, -27.96, -28.04, -28.06, -28.22, -28.30, -28.20, -28.26, -28.13, -27.80, -26.35, -22.66, -19.12, -17.01, -15.59, -15.59
2026-10-02, 13:04:59, 88000000, 90500000, 19531.25, 18176, -15.26, -16.28, -16.85, -15.82, -13.95, -12.52, -12.83, -14.44, -16.58, -20.10, -24.68, -26.96, -27.60, -27.83, -27.96, -27.98, -27.96, -27.95, -27.87, -27.84, -27.74, -27.56, -27.17, -26.68, -26.11, -25.47, -25.35, -25.80, -26.26, -26.56, -26.69, -26.67, -26.56, -26.42, -26.25, -26.05, -25.93, -25.73, -25.53, -25.30, -25.06, -24.76, -24.54, -24.20, -23.79, -23.44, -23.05, -22.76, -22.44, -22.05, -21.60, -21.14, -20.60, -20.00, -19.37, -18.65, -17.82, -16.92, -15.86, -14.59, -12.99, -10.43, -5.09, 0.40, 6.33, 6.33, 8.06, 8.18, 6.55, 4.29, 0.92, -4.26, -10.05, -12.84, -14.47, -15.74, -16.83, -17.76, -18.58, -19.30, -19.98, -20.58, -21.10, -21.60, -22.02, -22.31, -22.71, -23.02, -23.36, -23.78, -24.10, -24.45, -24.73, -25.03, -25.21, -25.46, -25.63, -25.86, -26.03, -26.16, -26.32, -26.40, -26.55, -26.66, -26.47, -26.18, -25.78, -25.37, -25.44, -26.02, -26.65, -27.23, -27.61, -27.79, -27.91, -28.02, -27.98, -28.25, -28.30, -28.21, -28.28, -28.10, -27.78, -26.34, -22.38, -19.22, -17.09, -15.63, -15.63
2026-10-02, 13:05:00, 88000000, 90500000, 19531.25, 18240, -16.05, -16.28, -16.18, -15.22, -14.17, -13.40, -13.18, -14.11, -15.84, -18.92, -23.43, -26.66, -27.52, -27.77, -27.92, -27.90, -27.93, -27.90, -27.90, -27.78, -27.72, -27.50, -27.01, -26.52, -26.02, -25.65, -25.59, -25.78, -26.08, -26.42, -26.62, -26.63, -26.53, -26.39, -26.21, -26.02, -25.90, -25.73, -25.50, -25.30, -25.06, -24.74, -24.48, -24.11, -23.68, -23.40, -23.08, -22.70, -22.37, -21.98, -21.54, -21.05, -20.51, -19.91, -19.28, -18.52, -17.71, -16.76, -15.68, -14.33, -12.61, -9.77, -3.25, 1.91, 6.48, 6.48, 7.33, 7.47, 6.61, 4.83, 1.92, -2.60, -9.17, -12.38, -14.23, -15.58, -16.70, -17.65, -18.50, -19.23, -19.88, -20.49, -21.05, -21.53, -21.98, -22.22, -22.68, -23.02, -23.37, -23.74, -24.08, -24.42, -24.69, -24.96, -25.19, -25.39, -25.60, -25.83, -25.98, -26.12, -26.26, -26.39, -26.57, -26.55, -26.30, -26.06, -25.77, -25.59, -25.63, -25.99, -26.54, -27.07, -27.55, -27.76, -27.85, -27.96, -27.97, -28.19, -28.28, -28.10, -28.18, -27.99, -27.58, -25.47, -21.05, -18.19, -16.53, -15.99, -15.99
2026-10-02, 13:05:01, 88000000, 90500000, 19531.25, 18112, -16.06, -16.22, -16.11, -15.33, -14.19, -13.40, -13.02, -13.88, -15.89, -19.71, -24.55, -26.89, -27.52, -27.76, -27.85, -27.93, -27.96, -27.92, -27.86, -27.80, -27.68, -27.47, -27.09, -26.51, -26.00, -25.74, -25.50, -25.66, -25.99, -26.39, -26.63, -26.62, -26.47, -26.31, -26.20, -26.02, -25.83, -25.63, -25.47, -25.24, -25.03, -24.74, -24.48, -24.12, -23.65, -23.41, -23.04, -22.69, -22.35, -21.99, -21.55, -21.07, -20.52, -19.94, -19.27, -18.55, -17.71, -16.81, -15.72, -14.41, -12.72, -9.90, -3.89, 1.53, 6.42, 6.42, 7.30, 7.58, 6.83, 4.95, 1.56, -4.05, -9.95, -12.68, -14.35, -15.67, -16.75, -17.69, -18.51, -19.22, -19.91, -20.51, -21.03, -21.54, -21.98, -22.25, -22.68, -23.03, -23.34, -23.73, -24.06, -24.39, -24.71, -24.99, -25.16, -25.42, -25.55, -25.81, -25.94, -26.10, -26.24, -26.39, -26.52, -26.54, -26.32, -26.03, -25.78, -25.51, -25.57, -25.95, -26.51, -27.10, -27.55, -27.76, -27.92, -27.92, -27.95, -28.16, -28.22, -28.12, -28.19, -28.04, -27.59, -25.89, -21.47, -18.24, -16.67, -15.98, -15.98
2026-10-02, 13:05:02, 88000000, 90500000, 19531.25, 18112, -15.56, -15.97, -16.45, -15.54, -14.35, -12.91, -12.62, -14.17, -16.49, -19.72, -24.39, -26.86, -27.47, -27.72, -27.85, -27.88, -27.87, -27.83, -27.77, -27.70, -27.64, -27.40, -27.02, -26.50, -26.03, -25.53, -25.27, -25.65, -26.04, -26.44, -26.62, -26.58, -26.41, -26.33, -26.13, -25.97, -25.80, -25.63, -25.41, -25.21, -24.98, -24.73, -24.45, -24.11, -23.70, -23.39, -23.00, -22.67, -22.36, -21.98, -21.55, -21.09, -20.54, -19.96, -19.31, -18.57, -17.75, -16.84, -15.78, -14.48, -12.83, -9.99, -3.87, 0.91, 6.15, 6.15, 7.53, 8.12, 6.90, 4.37, 1.09, -3.78, -9.66, -12.65, -14.34, -15.66, -16.74, -17.66, -18.49, -19.23, -19.88, -20.49, -21.02, -21.51, -21.93, -22.24, -22.66, -22.94, -23.33, -23.71, -24.07, -24.37, -24.65, -24.96, -25.17, -25.38, -25.58, -25.75, -25.90, -26.08, -26.22, -26.37, -26.46, -26.52, -26.33, -26.00, -25.82, -25.46, -25.37, -25.83, -26.60, -27.13, -27.53, -27.76, -27.88, -27.98, -27.98, -28.17, -28.22, -28.14, -28.22, -28.01, -27.66, -25.87, -21.91, -18.59, -16.83, -16.11, -16.11
2026-10-02, 13:05:03, 88000000, 90500000, 19531.25, 18240, -15.33, -16.13, -16.86, -15.88, -13.78, -12.57, -12.69, -14.43, -16.75, -19.83, -24.24, -26.95, -27.50, -27.75, -27.80, -27.86, -27.86, -27.77, -27.72, -27.67, -27.57, -27.40, -27.02, -26.54, -25.99, -25.33, -25.30, -25.65, -26.16, -26.42, -26.56, -26.55, -26.42, -26.30, -26.13, -25.97, -25.78, -25.59, -25.38, -25.18, -24.95, -24.68, -24.41, -24.08, -23.68, -23.35, -22.97, -22.65, -22.36, -21.96, -21.57, -21.06, -20.53, -19.94, -19.27, -18.56, -17.76, -16.85, -15.80, -14.54, -12.91, -10.32, -4.79, 0.50, 6.42, 6.42, 8.15, 8.15, 6.74, 4.05, 0.82, -3.60, -9.82, -12.71, -14.38, -15.67, -16.74, -17.66, -18.49, -19.22, -19.89, -20.49, -21.01, -21.49, -21.92, -22.27, -22.61, -22.95, -23.28, -23.66, -24.02, -24.36, -24.65, -24.91, -25.16, -25.32, -25.53, -25.73, -25.93, -26.03, -26.13, -26.27, -26.41, -26.50, -26.27, -26.06, -25.68, -25.29, -25.34, -25.82, -26.53, -27.12, -27.47, -27.70, -27.85, -27.94, -27.97, -28.15, -28.20, -28.08, -28.16, -28.01, -27.70, -26.23, -22.35, -19.21, -17.08, -15.48, -15.48
2026-10-02, 13:05:04, 88000000, 90500000, 19531.25, 18112, -15.24, -16.24, -16.92, -15.73, -13.72, -12.51, -12.67, -14.43, -16.64, -20.46, -25.19, -26.98, -27.53, -27.73, -27.86, -27.88, -27.91, -27.80, -27.74, -27.68, -27.62, -27.42, -27.15, -26.64, -25.93, -25.36, -25.22, -25.57, -26.07, -26.44, -26.59, -26.56, -26.40, -26.29, -26.13, -25.97, -25.79, -25.56, -25.41, -25.15, -24.94, -24.67, -24.42, -24.14, -23.69, -23.36, -22.97, -22.67, -22.33, -21.98, -21.56, -21.09, -20.55, -19.96, -19.32, -18.60, -17.79, -16.92, -15.86, -14.64, -13.10, -10.95, -6.13, -0.10, 6.56, 6.56, 8.14, 8.29, 6.72, 4.21, 0.68, -5.00, -10.29, -12.82, -14.44, -15.71, -16.77, -17.69, -18.50, -19.22, -19.89, -20.48, -21.01, -21.52, -21.97, -22.26, -22.64, -22.94, -23.25, -23.65, -24.02, -24.33, -24.64, -24.88, -25.15, -25.31, -25.48, -25.72, -25.89, -26.02, -26.14, -26.28, -26.45, -26.53, -26.32, -26.02, -25.63, -25.22, -25.31, -25.89, -26.53, -27.14, -27.54, -27.75, -27.85, -27.94, -27.97, -28.10, -28.23, -28.14, -28.15, -28.02, -27.77, -26.70, -23.15, -19.28, -16.96, -15.41, -15.41
2026-10-02, 13:05:05, 88000000, 90500000, 19531.25, 18048, -15.50, -16.34, -16.53, -15.65, -13.75, -12.75, -12.99, -14.25, -16.55, -19.54, -24.27, -26.87, -27.47, -27.77, -27.89, -27.84, -27.86, -27.81, -27.77, -27.73, -27.64, -27.45, -27.06, -26.55, -25.96, -25.37, -25.39, -25.70, -26.09, -26.40, -26.53, -26.55, -26.45, -26.29, -26.13, -25.95, -25.82, -25.60, -25.41, -25.17, -24.94, -24.64, -24.44, -24.06, -23.70, -23.33, -22.98, -22.64, -22.33, -21.96, -21.52, -21.02, -20.49, -19.92, -19.25, -18.53, -17.69, -16.80, -15.73, -14.46, -12.83, -10.31, -4.83, 1.07, 6.53, 6.53, 8.04, 7.90, 6.62, 4.35, 1.17, -3.43, -9.77, -12.62, -14.32, -15.62, -16.73, -17.66, -18.48, -19.19, -19.87, -20.44, -21.00, -21.50, -21.92, -22.26, -22.61, -22.96, -23.30, -23.69, -24.06, -24.34, -24.63, -24.91, -25.13, -25.36, -25.55, -25.76, -25.91, -26.05, -26.20, -26.31, -26.45, -26.49, -26.30, -25.98, -25.67, -25.30, -25.41, -25.92, -26.55, -27.09, -27.51, -27.79, -27.87, -27.97, -27.96, -28.17, -28.20, -28.12, -28.18, -27.96, -27.65, -26.19, -22.12, -18.72, -16.87, -15.45, -15.45
2026-10-02, 13:05:06, 88000000, 90500000, 19531.25, 18176, -15.89, -16.58, -16.36, -15.26, -13.95, -13.18, -13.38, -14.36, -15.94, -18.66, -23.14, -26.60, -27.47, -27.81, -27.90, -27.94, -27.99, -27.91, -27.81, -27.82, -27.71, -27.47, -27.08, -26.53, -25.96, -25.66, -25.60, -25.82, -26.12, -26.42, -26.63, -26.64, -26.51, -26.38, -26.23, -26.06, -25.89, -25.73, -25.47, -25.27, -25.04, -24.74, -24.53, -24.18, -23.75, -23.44, -23.08, -22.69, -22.41, -22.02, -21.60, -21.06, -20.55, -19.98, -19.31, -18.54, -17.76, -16.80, -15.74, -14.44, -12.73, -9.89, -4.05, 1.46, 6.58, 6.58, 7.56, 7.49, 6.35, 4.57, 2.04, -2.31, -8.32, -12.24, -14.18, -15.56, -16.71, -17.63, -18.49, -19.22, -19.91, -20.52, -21.06, -21.54, -21.97, -22.25, -22.68, -23.01, -23.35, -23.72, -24.06, -24.38, -24.72, -25.01, -25.19, -25.46, -25.63, -25.77, -25.99, -26.11, -26.22, -26.35, -26.55, -26.58, -26.34, -26.04, -25.73, -25.54, -25.64, -26.12, -26.49, -27.07, -27.52, -27.72, -27.89, -27.97, -28.05, -28.15, -28.26, -28.15, -28.22, -27.98, -27.65, -25.86, -21.71, -18.28, -16.56, -15.76, -15.76
2026-10-02, 13:05:07, 88000000, 90500000, 19531.25, 18240, -16.29, -16.71, -16.02, -15.18, -14.28, -13.61, -13.64, -14.26, -15.39, -18.37, -24.06, -26.83, -27.62, -27.84, -27.95, -28.03, -28.02, -28.05, -27.93, -27.87, -27.79, -27.60, -27.05, -26.54, -26.13, -25.79, -25.78, -25.90, -26.15, -26.45, -26.70, -26.76, -26.60, -26.48, -26.38, -26.17, -25.98, -25.82, -25.55, -25.37, -25.14, -24.82, -24.57, -24.17, -23.79, -23.48, -23.19, -22.78, -22.49, -22.06, -21.65, -21.19, -20.61, -20.02, -19.37, -18.62, -17.79, -16.83, -15.75, -14.43, -12.70, -9.96, -4.15, 2.09, 6.41, 6.41, 7.16, 7.05, 6.27, 4.93, 2.68, -2.99, -9.30, -12.46, -14.27, -15.62, -16.75, -17.71, -18.55, -19.30, -19.96, -20.58, -21.09, -21.60, -22.05, -22.35, -22.78, -23.12, -23.44, -23.82, -24.15, -24.47, -24.78, -25.03, -25.26, -25.53, -25.70, -25.91, -26.05, -26.16, -26.36, -26.46, -26.61, -26.64, -26.37, -26.06, -25.82, -25.69, -25.83, -26.12, -26.58, -27.02, -27.56, -27.82, -27.98, -28.09, -28.10, -28.31, -28.37, -28.18, -28.33, -28.13, -27.71, -26.03, -21.31, -17.80, -16.57, -16.12, -16.12
2026-10-02, 13:05:08, 88000000, 90500000, 19531.25, 18176, -15.64, -16.42, -16.73, -15.56, -13.86, -12.91, -13.09, -14.44, -16.33, -19.28, -24.31, -26.86, -27.55, -27.85, -27.99, -27.98, -28.00, -27.97, -27.86, -27.87, -27.75, -27.57, -27.23, -26.74, -26.03, -25.53, -25.52, -25.79, -26.22, -26.53, -26.67, -26.69, -26.57, -26.43, -26.29, -26.08, -25.92, -25.74, -25.52, -25.34, -25.06, -24.82, -24.52, -24.19, -23.74, -23.43, -23.06, -22.76, -22.41, -22.06, -21.62, -21.15, -20.61, -20.00, -19.38, -18.62, -17.82, -16.91, -15.83, -14.54, -12.91, -10.13, -4.85, 0.85, 6.60, 6.60, 7.79, 7.78, 6.54, 4.27, 1.51, -3.45, -9.50, -12.65, -14.40, -15.70, -16.80, -17.73, -18.57, -19.30, -19.97, -20.56, -21.09, -21.58, -22.04, -22.32, -22.72, -23.05, -23.38, -23.76, -24.11, -24.40, -24.80, -25.01, -25.24, -25.44, -25.66, -25.83, -25.97, -26.14, -26.28, -26.37, -26.53, -26.57, -26.37, -26.14, -25.67, -25.43, -25.46, -25.97, -26.67, -27.14, -27.60, -27.84, -27.97, -28.04, -28.04, -28.21, -28.28, -28.16, -28.22, -28.08, -27.69, -26.13, -22.15, -18.94, -16.79, -15.64, -15.64
2026-10-02, 13:05:09, 88000000, 90500000, 19531.25, 18112, -15.12, -16.25, -17.13, -16.05, -13.78, -12.37, -12.74, -14.68, -17.00, -20.04, -24.87, -27.08, -27.68, -27.90, -28.00, -28.06, -28.06, -28.03, -27.97, -27.92, -27.82, -27.64, -27.29, -26.80, -26.08, -25.52, -25.31, -25.84, -26.29, -26.61, -26.72, -26.74, -26.57, -26.47, -26.30, -26.11, -26.00, -25.78, -25.56, -25.36, -25.13, -24.84, -24.56, -24.24, -23.86, -23.51, -23.09, -22.78, -22.48, -22.14, -21.69, -21.20, -20.67, -20.08, -19.45, -18.73, -17.91, -17.01, -15.97, -14.73, -13.13, -10.64, -5.45, -0.02, 6.43, 6.43, 8.22, 8.35, 6.50, 3.82, 0.77, -4.45, -10.17, -12.88, -14.55, -15.80, -16.87, -17.82, -18.62, -19.34, -20.03, -20.62, -21.16, -21.64, -22.07, -22.35, -22.76, -23.06, -23.41, -23.83, -24.16, -24.45, -24.79, -25.05, -25.30, -25.51, -25.64, -25.91, -26.05, -26.23, -26.28, -26.44, -26.60, -26.62, -26.51, -26.22, -25.71, -25.25, -25.35, -26.02, -26.79, -27.28, -27.70, -27.91, -28.01, -28.06, -28.12, -28.27, -28.38, -28.21, -28.30, -28.14, -27.82, -26.55, -22.81, -19.47, -17.24, -15.47, -15.47
2026-10-02, 13:05:10, 88000000, 90500000, 19531.25, 18048, -15.12, -16.33, -17.20, -15.93, -13.74, -12.35, -12.79, -14.60, -17.16, -20.17, -24.98, -27.19, -27.71, -27.91, -28.03, -28.05, -28.06, -28.04, -27.94, -27.89, -27.83, -27.60, -27.33, -26.80, -26.10, -25.44, -25.35, -25.82, -26.30, -26.60, -26.78, -26.74, -26.62, -26.47, -26.32, -26.15, -25.98, -25.82, -25.60, -25.34, -25.15, -24.85, -24.63, -24.24, -23.85, -23.48, -23.11, -22.81, -22.52, -22.15, -21.70, -21.22, -20.69, -20.11, -19.44, -18.73, -17.93, -17.04, -15.99, -14.74, -13.19, -10.82, -5.93, -0.37, 6.54, 6.54, 8.28, 8.29, 6.58, 3.77, 0.47, -4.36, -10.32, -12.93, -14.58, -15.85, -16.91, -17.86, -18.65, -19.36, -20.03, -20.61, -21.17, -21.65, -22.08, -22.38, -22.77, -23.10, -23.43, -23.84, -24.19, -24.50, -24.82, -25.06, -25.27, -25.51, -25.68, -25.88, -26.03, -26.21, -26.35, -26.41, -26.60, -26.66, -26.53, -26.29, -25.76, -25.29, -25.41, -26.02, -26.79, -27.27, -27.62, -27.86, -27.97, -28.08, -28.08, -28.28, -28.32, -28.20, -28.34, -28.18, -27.89, -26.72, -23.16, -19.65, -17.05, -15.41, -15.41
2026-10-02, 13:05:11, 88000000, 90500000, 19531.25, 18176, -15.49, -16.31, -16.80, -15.73, -14.03, -12.80, -13.04, -14.49, -16.51, -19.09, -23.92, -26.81, -27.60, -27.86, -28.01, -28.02, -28.03, -28.03, -27.96, -27.94, -27.80, -27.56, -27.23, -26.76, -26.10, -25.58, -25.47, -25.82, -26.30, -26.51, -26.71, -26.71, -26.62, -26.55, -26.30, -26.14, -25.98, -25.78, -25.60, -25.38, -25.10, -24.84, -24.57, -24.23, -23.78, -23.52, -23.13, -22.79, -22.46, -22.12, -21.66, -21.20, -20.64, -20.04, -19.39, -18.67, -17.86, -16.90, -15.83, -14.52, -12.78, -9.47, -3.63, 1.03, 6.38, 6.38, 7.81, 7.89, 6.48, 4.18, 1.54, -3.11, -9.26, -12.53, -14.37, -15.70, -16.81, -17.76, -18.57, -19.33, -20.00, -20.58, -21.14, -21.61, -22.07, -22.35, -22.80, -23.06, -23.39, -23.82, -24.16, -24.49, -24.77, -24.99, -25.25, -25.46, -25.67, -25.88, -26.01, -26.19, -26.31, -26.42, -26.61, -26.62, -26.42, -26.22, -25.76, -25.49, -25.57, -26.03, -26.61, -27.13, -27.58, -27.84, -27.96, -28.02, -28.03, -28.26, -28.27, -28.21, -28.26, -28.05, -27.56, -25.36, -21.61, -19.01, -17.00, -15.79, -15.79
2026-10-02, 13:05:12, 88000000, 90500000, 19531.25, 18176, -16.03, -16.38, -16.27, -15.43, -14.15, -13.38, -13.29, -14.05, -15.56, -19.38, -24.53, -26.98, -27.59, -27.90, -28.01, -28.05, -28.00, -28.04, -27.93, -27.90, -27.79, -27.56, -27.15, -26.65, -26.15, -25.72, -25.62, -25.82, -26.05, -26.49, -26.73, -26.72, -26.58, -26.45, -26.27, -26.15, -25.97, -25.72, -25.55, -25.33, -25.10, -24.79, -24.56, -24.18, -23.77, -23.46, -23.15, -22.73, -22.43, -22.05, -21.63, -21.11, -20.62, -19.98, -19.33, -18.60, -17.76, -16.83, -15.73, -14.38, -12.61, -9.38, -3.37, 1.65, 6.31, 6.31, 7.39, 7.39, 6.57, 5.06, 1.96, -3.91, -9.79, -12.61, -14.34, -15.69, -16.76, -17.70, -18.54, -19.29, -19.95, -20.55, -21.08, -21.58, -22.00, -22.28, -22.75, -23.03, -23.40, -23.76, -24.08, -24.45, -24.73, -25.01, -25.27, -25.44, -25.65, -25.81, -25.98, -26.18, -26.29, -26.42, -26.56, -26.58, -26.35, -26.12, -25.80, -25.62, -25.64, -25.98, -26.45, -27.06, -27.60, -27.82, -27.94, -28.01, -28.07, -28.18, -28.27, -28.08, -28.22, -28.05, -27.57, -25.30, -21.17, -18.43, -16.86, -15.91, -15.91
2026-10-02, 13:05:13, 88000000, 90500000, 19531.25, 18176, -15.93, -16.39, -16.30, -15.43, -14.18, -13.26, -13.17, -14.11, -16.02, -19.07, -24.43, -26.93, -27.61, -27.83, -27.98, -27.98, -28.03, -28.00, -27.95, -27.88, -27.80, -27.60, -27.23, -26.62, -26.08, -25.70, -25.63, -25.76, -26.13, -26.48, -26.69, -26.70, -26.56, -26.46, -26.30, -26.10, -25.95, -25.75, -25.59, -25.32, -25.08, -24.82, -24.51, -24.20, -23.76, -23.46, -23.14, -22.77, -22.42, -22.07, -21.63, -21.15, -20.62, -20.02, -19.35, -18.62, -17.80, -16.87, -15.79, -14.47, -12.77, -9.78, -4.06, 1.35, 6.37, 6.37, 7.45, 7.54, 6.58, 4.74, 1.81, -3.35, -9.66, -12.58, -14.32, -15.65, -16.75, -17.70, -18.54, -19.28, -19.92, -20.54, -21.10, -21.58, -22.01, -22.31, -22.71, -23.08, -23.40, -23.76, -24.13, -24.44, -24.77, -24.98, -25.28, -25.44, -25.64, -25.86, -26.01, -26.18, -26.26, -26.42, -26.57, -26.58, -26.36, -26.09, -25.79, -25.59, -25.67, -26.00, -26.53, -27.13, -27.62, -27.86, -27.99, -28.06, -28.05, -28.23, -28.30, -28.19, -28.23, -28.06, -27.74, -25.70, -21.66, -18.38, -16.81, -15.94, -15.94
2026-10-02, 13:05:14, 88000000, 90500000, 19531.25, 18176, -15.77, -16.22, -16.60, -15.57, -14.07, -13.06, -12.93, -14.29, -16.37, -19.40, -24.18, -26.91, -27.54, -27.85, -27.96, -28.00, -28.00, -27.98, -27.92, -27.89, -27.82, -27.55, -27.17, -26.69, -26.11, -25.61, -25.48, -25.71, -26.19, -26.52, -26.73, -26.74, -26.56, -26.46, -26.30, -26.07, -25.93, -25.75, -25.55, -25.32, -25.13, -24.79, -24.54, -24.25, -23.79, -23.50, -23.08, -22.79, -22.43, -22.11, -21.64, -21.18, -20.65, -20.02, -19.37, -18.64, -17.81, -16.90, -15.83, -14.53, -12.84, -9.94, -4.20, 1.00, 6.41, 6.41, 7.62, 7.80, 6.72, 4.30, 1.33, -3.33, -9.66, -12.69, -14.41, -15.71, -16.81, -17.76, -18.58, -19.32, -19.97, -20.61, -21.14, -21.62, -22.04, -22.35, -22.78, -23.13, -23.42, -23.79, -24.13, -24.45, -24.79, -25.01, -25.28, -25.45, -25.71, -25.87, -26.04, -26.19, -26.30, -26.41, -26.62, -26.61, -26.42, -26.11, -25.77, -25.54, -25.51, -26.03, -26.67, -27.17, -27.64, -27.91, -27.96, -28.08, -28.11, -28.31, -28.34, -28.22, -28.28, -28.10, -27.77, -25.88, -21.87, -18.72, -16.85, -15.85, -15.85
2026-10-02, 13:05:15, 88000000, 90500000, 19531.25, 18112, -15.35, -16.33, -16.93, -15.81, -13.78, -12.60, -12.73, -14.38, -16.95, -20.60, -25.44, -27.19, -27.71, -27.94, -28.02, -28.03, -28.06, -28.03, -27.94, -27.92, -27.82, -27.60, -27.31, -26.76, -26.05, -25.49, -25.39, -25.77, -26.29, -26.62, -26.75, -26.73, -26.62, -26.51, -26.30, -26.16, -25.96, -25.76, -25.56, -25.35, -25.09, -24.85, -24.62, -24.23, -23.82, -23.47, -23.11, -22.79, -22.47, -22.12, -21.69, -21.18, -20.69, -20.09, -19.44, -18.73, -17.90, -17.02, -15.99, -14.76, -13.21, -10.96, -6.74, -0.02, 6.60, 6.60, 8.09, 8.17, 6.67, 4.08, 0.48, -5.25, -10.67, -12.99, -14.56, -15.85, -16.90, -17.82, -18.63, -19.36, -20.00, -20.58, -21.15, -21.62, -22.07, -22.38, -22.76, -23.08, -23.41, -23.81, -24.14, -24.47, -24.80, -25.03, -25.22, -25.49, -25.67, -25.85, -26.04, -26.22, -26.30, -26.44, -26.61, -26.67, -26.50, -26.21, -25.73, -25.32, -25.42, -26.03, -26.62, -27.26, -27.72, -27.88, -27.94, -28.06, -28.09, -28.23, -28.30, -28.22, -28.27, -28.12, -27.86, -26.81, -23.32, -19.31, -16.98, -15.44, -15.44
2026-10-02, 13:05:16, 88000000, 90500000, 19531.25, 18112, -14.98, -16.28, -17.21, -16.06, -13.89, -12.22, -12.75, -14.92, -17.08, -20.05, -24.38, -26.97, -27.68, -27.94, -28.03, -28.06, -28.06, -28.02, -27.95, -27.91, -27.83, -27.62, -27.37, -26.78, -26.19, -25.45, -25.31, -25.93, -26.42, -26.65, -26.72, -26.75, -26.58, -26.47, -26.32, -26.15, -25.97, -25.80, -25.59, -25.35, -25.15, -24.86, -24.59, -24.27, -23.83, -23.50, -23.13, -22.78, -22.54, -22.15, -21.70, -21.21, -20.67, -20.11, -19.45, -18.72, -17.90, -16.99, -15.93, -14.68, -13.06, -10.51, -5.28, 0.28, 6.21, 6.21, 8.32, 8.43, 6.32, 3.66, 0.55, -3.88, -9.52, -12.86, -14.54, -15.84, -16.92, -17.85, -18.66, -19.40, -20.04, -20.62, -21.16, -21.63, -22.10, -22.43, -22.76, -23.03, -23.42, -23.86, -24.20, -24.48, -24.83, -25.06, -25.30, -25.53, -25.67, -25.89, -26.05, -26.22, -26.31, -26.44, -26.60, -26.68, -26.53, -26.27, -25.86, -25.28, -25.35, -26.11, -26.76, -27.25, -27.69, -27.88, -27.99, -28.13, -28.07, -28.25, -28.36, -28.19, -28.29, -28.14, -27.84, -26.41, -22.64, -19.38, -17.27, -15.56, -15.56
2026-10-02, 13:05:17, 88000000, 90500000, 19531.25, 18176, -16.03, -16.46, -16.27, -15.34, -14.15, -13.31, -13.30, -14.33, -15.86, -18.63, -23.72, -26.78, -27.57, -27.86, -27.97, -28.03, -28.03, -27.98, -27.90, -27.88, -27.81, -27.57, -27.13, -26.56, -26.08, -25.74, -25.62, -25.83, -26.16, -26.45, -26.70, -26.73, -26.54, -26.45, -26.26, -26.09, -25.92, -25.78, -25.55, -25.33, -25.11, -24.81, -24.55, -24.21, -23.78, -23.49, -23.11, -22.74, -22.43, -22.04, -21.61, -21.13, -20.60, -20.00, -19.34, -18.61, -17.77, -16.86, -15.76, -14.45, -12.71, -10.01, -4.11, 1.74, 6.42, 6.42, 7.43, 7.40, 6.42, 4.74, 2.15, -2.93, -8.91, -12.37, -14.24, -15.61, -16.73, -17.65, -18.50, -19.27, -19.93, -20.54, -21.10, -21.58, -21.99, -22.30, -22.72, -23.05, -23.39, -23.74, -24.13, -24.40, -24.75, -24.99, -25.26, -25.44, -25.63, -25.82, -26.06, -26.18, -26.30, -26.45, -26.53, -26.61, -26.34, -26.08, -25.79, -25.61, -25.70, -26.02, -26.49, -27.00, -27.59, -27.83, -27.95, -28.04, -28.02, -28.26, -28.29, -28.12, -28.23, -28.05, -27.57, -25.94, -21.44, -18.22, -16.68, -15.95, -15.95
2026-10-02, 13:05:18, 88000000, 90500000, 19531.25, 18176, -15.86, -16.45, -16.45, -15.39, -14.00, -13.14, -13.18, -14.18, -15.92, -19.77, -25.04, -27.05, -27.66, -27.91, -28.05, -28.05, -28.04, -28.03, -27.99, -27.93, -27.83, -27.64, -27.24, -26.61, -26.04, -25.67, -25.61, -25.80, -26.18, -26.49, -26.77, -26.73, -26.58, -26.50, -26.28, -26.14, -25.98, -25.74, -25.57, -25.32, -25.11, -24.85, -24.57, -24.26, -23.80, -23.50, -23.12, -22.82, -22.44, -22.08, -21.65, -21.18, -20.61, -20.04, -19.40, -18.66, -17.85, -16.92, -15.85, -14.55, -12.92, -10.27, -4.72, 0.97, 6.59, 6.59, 7.64, 7.58, 6.55, 4.74, 1.59, -4.50, -10.11, -12.74, -14.43, -15.73, -16.83, -17.77, -18.59, -19.32, -19.97, -20.57, -21.12, -21.63, -22.05, -22.33, -22.76, -23.10, -23.40, -23.83, -24.13, -24.46, -24.79, -25.04, -25.30, -25.51, -25.69, -25.87, -26.03, -26.20, -26.32, -26.43, -26.58, -26.65, -26.46, -26.13, -25.75, -25.54, -25.64, -26.00, -26.51, -27.19, -27.65, -27.89, -27.96, -28.07, -28.11, -28.22, -28.35, -28.18, -28.28, -28.13, -27.74, -26.23, -22.12, -18.59, -16.69, -15.74, -15.74
2026-10-02, 13:05:19, 88000000, 90500000, 19531.25, 18240, -15.75, -16.43, -16.65, -15.51, -13.97, -13.00, -13.08, -14.31, -16.38, -19.32, -24.14, -26.92, -27.62, -27.87, -28.00, -28.03, -28.02, -28.03, -27.95, -27.88, -27.77, -27.62, -27.25, -26.67, -26.08, -25.62, -25.49, -25.78, -26.27, -26.57, -26.76, -26.79, -26.60, -26.50, -26.34, -26.11, -25.98, -25.75, -25.56, -25.36, -25.12, -24.85, -24.57, -24.23, -23.79, -23.47, -23.14, -22.79, -22.49, -22.11, -21.65, -21.19, -20.67, -20.06, -19.41, -18.66, -17.86, -16.91, -15.86, -14.56, -12.91, -10.17, -4.65, 0.75, 6.58, 6.58, 7.69, 7.71, 6.65, 4.32, 1.35, -3.35, -9.64, -12.69, -14.43, -15.75, -16.84, -17.77, -18.61, -19.33, -19.99, -20.61, -21.15, -21.65, -22.08, -22.35, -22.76, -23.11, -23.44, -23.81, -24.21, -24.49, -24.80, -25.08, -25.29, -25.51, -25.69, -25.92, -26.05, -26.22, -26.33, -26.48, -26.62, -26.66, -26.46, -26.17, -25.80, -25.57, -25.58, -26.02, -26.64, -27.21, -27.60, -27.91, -28.05, -28.11, -28.11, -28.25, -28.35, -28.18, -28.31, -28.10, -27.72, -26.26, -22.21, -18.87, -16.77, -15.73, -15.73
2026-10-02, 13:05:20, 88000000, 90500000, 19531.25, 18176, -15.63, -16.42, -16.58, -15.61, -14.03, -12.87, -13.06, -14.39, -16.33, -19.51, -24.55, -26.97, -27.65, -27.92, -28.00, -28.05, -28.09, -28.02, -27.97, -27.88, -27.83, -27.60, -27.19, -26.68, -26.09, -25.59, -25.48, -25.84, -26.23, -26.54, -26.75, -26.74, -26.57, -26.47, -26.29, -26.15, -25.97, -25.76, -25.58, -25.33, -25.10, -24.83, -24.58, -24.22, -23.84, -23.50, -23.11, -22.75, -22.47, -22.10, -21.66, -21.17, -20.63, -20.04, -19.37, -18.67, -17.86, -16.94, -15.87, -14.59, -12.96, -10.35, -4.96, 0.90, 6.37, 6.37, 7.81, 7.80, 6.53, 4.36, 1.38, -3.87, -9.88, -12.75, -14.45, -15.76, -16.84, -17.78, -18.61, -19.33, -19.99, -20.60, -21.16, -21.62, -22.06, -22.36, -22.76, -23.05, -23.44, -23.80, -24.16, -24.46, -24.78, -25.03, -25.29, -25.51, -25.67, -25.89, -26.03, -26.23, -26.30, -26.42, -26.61, -26.69, -26.42, -26.14, -25.82, -25.52, -25.60, -26.05, -26.65, -27.14, -27.64, -27.80, -27.92, -28.09, -28.08, -28.23, -28.33, -28.21, -28.30, -28.13, -27.78, -26.27, -22.24, -18.64, -16.90, -15.76, -15.76
2026-10-02, 13:05:21, 88000000, 90500000, 19531.25, 18112, -15.81, -16.55, -16.53, -15.38, -13.96, -13.10, -13.19, -14.26, -16.07, -19.53, -24.65, -27.01, -27.68, -27.89, -28.02, -28.08, -28.05, -28.03, -27.99, -27.91, -27.84, -27.63, -27.27, -26.66, -26.06, -25.68, -25.54, -25.87, -26.17, -26.54, -26.73, -26.72, -26.59, -26.47, -26.28, -26.15, -26.00, -25.78, -25.57, -25.38, -25.10, -24.85, -24.59, -24.23, -23.77, -23.49, -23.14, -22.77, -22.48, -22.06, -21.68, -21.17, -20.62, -20.04, -19.38, -18.66, -17.85, -16.93, -15.87, -14.58, -12.98, -10.47, -5.18, 0.82, 6.55, 6.55, 7.62, 7.65, 6.51, 4.62, 1.58, -4.05, -9.94, -12.70, -14.42, -15.73, -16.83, -17.75, -18.58, -19.31, -19.99, -20.59, -21.09, -21.61, -22.07, -22.34, -22.74, -23.10, -23.43, -23.79, -24.15, -24.47, -24.78, -25.03, -25.24, -25.49, -25.67, -25.87, -26.06, -26.16, -26.32, -26.45, -26.60, -26.68, -26.42, -26.17, -25.76, -25.57, -25.66, -26.08, -26.55, -27.15, -27.65, -27.82, -28.00, -28.07, -28.12, -28.29, -28.34, -28.17, -28.31, -28.12, -27.81, -26.50, -22.37, -18.68, -16.71, -15.72, -15.72
2026-10-02, 13:05:22, 88000000, 90500000, 19531.25, 18176, -15.91, -16.38, -16.33, -15.49, -14.21, -13.29, -13.18, -14.21, -16.21, -19.01, -24.10, -26.85, -27.62, -27.88, -28.02, -28.04, -28.03, -28.06, -28.00, -27.90, -27.79, -27.58, -27.21, -26.68, -26.12, -25.78, -25.59, -25.78, -26.21, -26.50, -26.72, -26.83, -26.63, -26.52, -26.35, -26.17, -25.99, -25.79, -25.63, -25.38, -25.16, -24.83, -24.60, -24.25, -23.82, -23.51, -23.16, -22.80, -22.49, -22.13, -21.68, -21.20, -20.64, -20.07, -19.40, -18.66, -17.82, -16.88, -15.80, -14.47, -12.69, -9.29, -3.24, 1.43, 6.42, 6.42, 7.35, 7.53, 6.60, 4.55, 1.77, -3.26, -9.40, -12.61, -14.39, -15.72, -16.83, -17.77, -18.60, -19.34, -20.01, -20.62, -21.17, -21.65, -22.09, -22.40, -22.80, -23.12, -23.48, -23.82, -24.19, -24.49, -24.85, -25.08, -25.30, -25.53, -25.71, -25.94, -26.10, -26.19, -26.39, -26.48, -26.64, -26.69, -26.41, -26.14, -25.86, -25.65, -25.71, -26.07, -26.72, -27.20, -27.60, -27.90, -27.98, -28.14, -28.08, -28.30, -28.37, -28.20, -28.33, -28.11, -27.51, -25.28, -21.56, -18.36, -16.80, -16.03, -16.03
2026-10-02, 13:05:23, 88000000, 90500000, 19531.25, 18112, -15.47, -16.46, -16.98, -15.79, -13.76, -12.71, -12.97, -14.39, -16.87, -19.73, -24.80, -27.04, -27.68, -27.96, -28.06, -28.05, -28.09, -28.03, -27.97, -27.94, -27.85, -27.68, -27.31, -26.82, -26.11, -25.49, -25.49, -25.82, -26.32, -26.62, -26.78, -26.78, -26.62, -26.50, -26.33, -26.15, -26.00, -25.76, -25.61, -25.39, -25.10, -24.85, -24.60, -24.28, -23.85, -23.52, -23.12, -22.79, -22.50, -22.08, -21.68, -21.19, -20.67, -20.09, -19.44, -18.70, -17.90, -17.00, -15.94, -14.65, -12.99, -9.97, -5.45, 0.03, 6.55, 6.55, 8.06, 7.91, 6.65, 4.04, 0.91, -4.06, -9.97, -12.81, -14.52, -15.81, -16.90, -17.81, -18.64, -19.36, -20.04, -20.63, -21.16, -21.67, -22.09, -22.37, -22.77, -23.10, -23.42, -23.83, -24.20, -24.52, -24.79, -25.04, -25.31, -25.54, -25.71, -25.89, -26.07, -26.22, -26.36, -26.48, -26.58, -26.71, -26.49, -26.23, -25.79, -25.36, -25.56, -26.05, -26.72, -27.22, -27.60, -27.85, -27.96, -28.01, -28.08, -28.29, -28.37, -28.20, -28.33, -28.16, -27.75, -26.15, -23.01, -19.43, -16.95, -15.50, -15.50
2026-10-02, 13:05:24, 88000000, 90500000, 19531.25, 17984, -15.28, -16.35, -16.97, -15.88, -13.94, -12.55, -12.84, -14.56, -16.95, -19.95, -24.66, -27.10, -27.72, -27.95, -28.04, -28.04, -28.11, -28.04, -27.96, -27.91, -27.84, -27.66, -27.26, -26.76, -26.10, -25.56, -25.44, -25.79, -26.32, -26.66, -26.78, -26.78, -26.61, -26.52, -26.34, -26.13, -26.01, -25.79, -25.58, -25.40, -25.14, -24.87, -24.61, -24.28, -23.87, -23.51, -23.14, -22.82, -22.48, -22.15, -21.69, -21.23, -20.67, -20.09, -19.43, -18.73, -17.92, -17.01, -15.95, -14.71, -13.11, -10.65, -5.61, 0.23, 6.37, 6.37, 8.03, 8.19, 6.55, 3.86, 0.87, -4.23, -9.99, -12.85, -14.55, -15.82, -16.91, -17.81, -18.66, -19.38, -20.04, -20.63, -21.15, -21.67, -22.09, -22.40, -22.80, -23.08, -23.41, -23.82, -24.21, -24.48, -24.85, -25.08, -25.30, -25.51, -25.70, -25.94, -26.04, -26.21, -26.36, -26.43, -26.67, -26.66, -26.53, -26.24, -25.84, -25.43, -25.49, -26.10, -26.75, -27.18, -27.61, -27.86, -27.98, -28.07, -28.11, -28.31, -28.35, -28.27, -28.31, -28.17, -27.85, -26.51, -22.83, -19.20, -17.07, -15.63, -15.63
2026-10-02, 13:05:25, 88000000, 90500000, 19531.25, 18240, -15.13, -16.26, -17.13, -16.01, -13.87, -12.41, -12.74, -14.84, -17.00, -19.64, -24.74, -27.15, -27.70, -27.93, -28.06, -28.09, -28.11, -28.04, -28.00, -27.97, -27.85, -27.66, -27.32, -26.89, -26.18, -25.50, -25.33, -25.83, -26.41, -26.64, -26.74, -26.77, -26.61, -26.52, -26.32, -26.18, -26.03, -25.79, -25.61, -25.42, -25.14, -24.87, -24.64, -24.28, -23.86, -23.48, -23.09, -22.79, -22.49, -22.16, -21.69, -21.22, -20.67, -20.10, -19.44, -18.71, -17.92, -17.00, -15.97, -14.71, -13.12, -10.72, -5.58, 0.29, 6.32, 6.32, 8.16, 8.36, 6.44, 3.65, 0.91, -3.85, -10.03, -12.82, -14.51, -15.79, -16.88, -17.81, -18.64, -19.36, -20.00, -20.63, -21.16, -21.66, -22.08, -22.41, -22.75, -23.06, -23.45, -23.82, -24.19, -24.48, -24.83, -25.02, -25.29, -25.49, -25.67, -25.88, -26.04, -26.21, -26.31, -26.49, -26.60, -26.67, -26.46, -26.28, -25.84, -25.38, -25.42, -26.11, -26.75, -27.25, -27.61, -27.83, -27.95, -28.07, -28.10, -28.28, -28.36, -28.22, -28.33, -28.14, -27.85, -26.52, -22.76, -19.28, -17.25, -15.57, -15.57
2026-10-02, 13:05:26, 88000000, 90500000, 19531.25, 18112, -14.18, -16.21, -18.14, -16.91, -13.78, -11.39, -12.39, -15.22, -18.26, -21.80, -25.88, -27.35, -27.74, -27.97, -28.05, -28.07, -28.09, -28.00, -27.98, -27.93, -27.82, -27.71, -27.45, -26.99, -26.29, -25.24, -25.03, -25.88, -26.55, -26.72, -26.79, -26.74, -26.64, -26.53, -26.30, -26.13, -25.98, -25.79, -25.59, -25.35, -25.13, -24.87, -24.61, -24.28, -23.89, -23.51, -23.04, -22.80, -22.53, -22.15, -21.72, -21.24, -20.68, -20.13, -19.50, -18.80, -18.03, -17.13, -16.13, -14.94, -13.48, -11.48, -7.52, -1.78, 5.95, 5.95, 8.95, 9.15, 6.37, 2.69, -0.87, -6.40, -10.93, -13.21, -14.74, -15.95, -16.98, -17.89, -18.70, -19.40, -20.07, -20.65, -21.18, -21.67, -22.13, -22.45, -22.77, -22.99, -23.41, -23.84, -24.20, -24.51, -24.82, -25.02, -25.29, -25.50, -25.71, -25.87, -26.07, -26.17, -26.29, -26.45, -26.62, -26.70, -26.63, -26.43, -25.88, -25.07, -25.07, -26.12, -26.97, -27.39, -27.66, -27.79, -28.02, -28.09, -28.09, -28.29, -28.35, -28.23, -28.36, -28.17, -28.00, -27.31, -24.37, -20.90, -18.03, -15.34, -15.34
2026-10-02, 13:05:27, 88000000, 90500000, 19531.25, 18112, -14.79, -16.29, -17.31, -16.24, -13.99, -12.04, -12.69, -15.04, -17.08, -20.15, -24.77, -27.15, -27.69, -27.95, -28.04, -28.08, -28.10, -28.07, -27.98, -27.92, -27.84, -27.65, -27.33, -26.84, -26.24, -25.41, -25.27, -25.92, -26.39, -26.67, -26.78, -26.82, -26.69, -26.51, -26.36, -26.15, -26.04, -25.86, -25.65, -25.40, -25.20, -24.90, -24.62, -24.32, -23.86, -23.56, -23.14, -22.82, -22.54, -22.19, -21.72, -21.27, -20.71, -20.13, -19.47, -18.76, -17.94, -17.06, -16.00, -14.74, -13.18, -10.71, -5.63, 0.14, 6.17, 6.17, 8.37, 8.63, 6.18, 3.65, 0.59, -4.21, -10.21, -12.96, -14.61, -15.90, -16.94, -17.87, -18.70, -19.41, -20.09, -20.67, -21.19, -21.69, -22.12, -22.45, -22.79, -23.08, -23.47, -23.88, -24.23, -24.50, -24.83, -25.06, -25.34, -25.57, -25.72, -25.91, -26.10, -26.25, -26.34, -26.54, -26.58, -26.70, -26.54, -26.37, -25.90, -25.29, -25.33, -26.17, -26.83, -27.31, -27.65, -27.93, -28.03, -28.08, -28.17, -28.33, -28.36, -28.24, -28.35, -28.15, -27.89, -26.62, -22.71, -19.60, -17.45, -15.64, -15.64
2026-10-02, 13:05:28, 88000000, 90500000, 19531.25, 18112, -15.72, -16.54, -16.65, -15.54, -13.72, -12.95, -13.16, -14.18, -16.48, -20.09, -24.82, -27.04, -27.66, -27.90, -28.00, -28.06, -28.02, -28.01, -27.93, -27.92, -27.83, -27.61, -27.27, -26.74, -25.97, -25.61, -25.56, -25.83, -26.21, -26.55, -26.76, -26.71, -26.60, -26.49, -26.32, -26.12, -25.96, -25.76, -25.54, -25.35, -25.09, -24.79, -24.59, -24.25, -23.82, -23.47, -23.11, -22.79, -22.45, -22.06, -21.66, -21.18, -20.62, -20.01, -19.38, -18.69, -17.86, -16.95, -15.88, -14.64, -13.04, -10.64, -5.30, 0.40, 6.78, 6.78, 7.87, 7.69, 6.62, 4.46, 1.04, -4.54, -10.01, -12.82, -14.48, -15.77, -16.86, -17.79, -18.59, -19.33, -20.00, -20.59, -21.13, -21.62, -22.02, -22.35, -22.71, -23.09, -23.43, -23.79, -24.16, -24.42, -24.76, -25.03, -25.26, -25.47, -25.66, -25.87, -26.04, -26.17, -26.32, -26.44, -26.57, -26.64, -26.40, -26.15, -25.72, -25.43, -25.56, -25.97, -26.60, -27.22, -27.64, -27.85, -27.99, -28.07, -28.06, -28.27, -28.34, -28.23, -28.26, -28.10, -27.82, -26.40, -22.71, -19.03, -16.72, -15.45, -15.45
2026-10-02, 13:05:29, 88000000, 90500000, 19531.25, 18240, -15.49, -16.45, -16.86, -15.60, -13.85, -12.74, -13.01, -14.40, -16.45, -19.98, -24.88, -27.06, -27.64, -27.93, -27.99, -28.03, -28.03, -28.04, -27.95, -27.96, -27.83, -27.64, -27.31, -26.73, -26.09, -25.52, -25.49, -25.83, -26.32, -26.54, -26.78, -26.75, -26.65, -26.51, -26.35, -26.15, -25.99, -25.82, -25.60, -25.39, -25.15, -24.84, -24.60, -24.26, -23.82, -23.50, -23.12, -22.83, -22.53, -22.14, -21.73, -21.24, -20.70, -20.13, -19.46, -18.73, -17.93, -17.01, -15.95, -14.68, -13.08, -10.47, -5.72, 0.18, 6.50, 6.50, 7.99, 7.94, 6.63, 4.17, 1.23, -4.56, -10.24, -12.93, -14.57, -15.85, -16.92, -17.84, -18.67, -19.39, -20.07, -20.67, -21.20, -21.69, -22.10, -22.39, -22.79, -23.12, -23.46, -23.84, -24.21, -24.52, -24.84, -25.09, -25.30, -25.52, -25.72, -25.93, -26.07, -26.24, -26.36, -26.48, -26.61, -26.72, -26.49, -26.25, -25.78, -25.42, -25.53, -26.02, -26.72, -27.24, -27.69, -27.94, -28.06, -28.15, -28.12, -28.31, -28.38, -28.27, -28.33, -28.16, -27.88, -26.59, -22.77, -19.19, -16.88, -15.56, -15.56
2026-10-02, 13:05:30, 88000000, 90500000, 19531.25, 18112, -15.09, -16.21, -17.23, -16.23, -13.72, -12.33, -12.77, -14.80, -17.22, -19.84, -24.36, -27.04, -27.70, -27.92, -28.01, -28.04, -28.02, -28.02, -27.99, -27.92, -27.85, -27.63, -27.31, -26.82, -26.05, -25.46, -25.38, -25.83, -26.35, -26.64, -26.71, -26.72, -26.61, -26.43, -26.30, -26.14, -25.97, -25.75, -25.56, -25.32, -25.13, -24.77, -24.57, -24.25, -23.86, -23.48, -23.12, -22.77, -22.51, -22.13, -21.69, -21.20, -20.66, -20.09, -19.43, -18.69, -17.89, -16.98, -15.94, -14.71, -13.10, -10.57, -5.12, 0.23, 6.46, 6.46, 8.31, 8.23, 6.53, 3.58, 0.60, -3.62, -9.77, -12.81, -14.51, -15.82, -16.87, -17.80, -18.62, -19.35, -20.01, -20.61, -21.12, -21.64, -22.06, -22.35, -22.77, -23.04, -23.42, -23.85, -24.19, -24.43, -24.77, -25.03, -25.22, -25.48, -25.66, -25.84, -26.03, -26.21, -26.32, -26.44, -26.62, -26.61, -26.45, -26.31, -25.78, -25.23, -25.39, -26.05, -26.78, -27.24, -27.64, -27.85, -27.97, -28.06, -28.08, -28.24, -28.29, -28.25, -28.28, -28.10, -27.80, -26.37, -22.42, -19.55, -17.36, -15.40, -15.40
2026-10-02, 13:05:31, 88000000, 90500000, 19531.25, 18112, -14.85, -16.24, -17.29, -16.20, -13.86, -12.12, -12.58, -14.78, -17.21, -20.58, -25.37, -27.18, -27.70, -27.91, -28.02, -28.03, -28.05, -28.03, -27.98, -27.89, -27.84, -27.69, -27.38, -26.91, -26.22, -25.40, -25.20, -25.84, -26.38, -26.67, -26.80, -26.76, -26.64, -26.51, -26.36, -26.20, -25.96, -25.86, -25.61, -25.41, -25.16, -24.89, -24.66, -24.31, -23.85, -23.54, -23.09, -22.85, -22.55, -22.20, -21.72, -21.27, -20.72, -20.14, -19.49, -18.79, -18.00, -17.08, -16.02, -14.81, -13.25, -10.86, -6.10, -0.35, 6.15, 6.15, 8.46, 8.62, 6.49, 3.53, 0.45, -5.23, -10.47, -13.02, -14.63, -15.90, -16.97, -17.87, -18.69, -19.44, -20.06, -20.63, -21.18, -21.67, -22.09, -22.42, -22.80, -23.11, -23.46, -23.83, -24.23, -24.52, -24.80, -25.09, -25.35, -25.55, -25.69, -25.91, -26.05, -26.20, -26.35, -26.49, -26.68, -26.70, -26.54, -26.35, -25.81, -25.27, -25.36, -26.13, -26.88, -27.32, -27.69, -27.91, -28.00, -28.08, -28.10, -28.29, -28.34, -28.28, -28.34, -28.23, -27.95, -26.78, -23.29, -19.65, -17.45, -15.49, -15.49
2026-10-02, 13:05:32, 88000000, 90500000, 19531.25, 18304, -14.75, -16.26, -17.26, -16.33, -13.87, -11.98, -12.66, -14.82, -17.36, -20.42, -25.17, -27.13, -27.65, -27.90, -27.93, -28.01, -28.01, -27.97, -27.87, -27.82, -27.76, -27.57, -27.24, -26.78, -26.15, -25.28, -25.21, -25.85, -26.35, -26.60, -26.76, -26.68, -26.53, -26.46, -26.26, -26.10, -25.90, -25.74, -25.54, -25.31, -25.06, -24.77, -24.54, -24.22, -23.82, -23.44, -23.01, -22.71, -22.45, -22.08, -21.62, -21.17, -20.62, -20.04, -19.37, -18.67, -17.87, -16.95, -15.92, -14.68, -13.13, -10.71, -5.85, -0.27, 6.11, 6.11, 8.45, 8.64, 6.42, 3.57, 0.26, -4.63, -10.44, -12.95, -14.54, -15.81, -16.86, -17.77, -18.59, -19.31, -19.98, -20.57, -21.09, -21.59, -22.03, -22.36, -22.73, -23.01, -23.34, -23.81, -24.12, -24.43, -24.73, -25.01, -25.23, -25.46, -25.64, -25.83, -25.98, -26.15, -26.27, -26.43, -26.54, -26.62, -26.47, -26.31, -25.83, -25.22, -25.25, -26.05, -26.70, -27.20, -27.56, -27.75, -27.93, -28.02, -28.05, -28.27, -28.34, -28.20, -28.30, -28.18, -27.91, -26.61, -23.24, -19.59, -17.57, -15.51, -15.51
2026-10-02, 13:05:33, 88000000, 90500000, 19531.25, 18112, -15.54, -16.34, -16.74, -15.73, -13.93, -12.83, -13.01, -14.51, -16.30, -19.29, -23.97, -26.88, -27.58, -27.85, -27.97, -28.01, -28.00, -27.98, -27.89, -27.86, -27.77, -27.56, -27.21, -26.73, -26.08, -25.60, -25.44, -25.87, -26.17, -26.48, -26.68, -26.68, -26.52, -26.43, -26.30, -26.10, -25.93, -25.76, -25.52, -25.30, -25.10, -24.78, -24.55, -24.22, -23.78, -23.46, -23.10, -22.76, -22.46, -22.02, -21.61, -21.13, -20.61, -20.00, -19.37, -18.63, -17.80, -16.91, -15.81, -14.54, -12.84, -9.98, -3.87, 0.93, 6.36, 6.36, 7.89, 7.91, 6.36, 4.34, 1.55, -3.36, -9.33, -12.56, -14.34, -15.65, -16.77, -17.71, -18.55, -19.26, -19.92, -20.56, -21.08, -21.56, -22.01, -22.32, -22.72, -23.06, -23.39, -23.74, -24.11, -24.38, -24.74, -25.00, -25.23, -25.48, -25.66, -25.85, -26.00, -26.15, -26.29, -26.43, -26.56, -26.57, -26.35, -26.17, -25.82, -25.42, -25.54, -26.06, -26.65, -27.16, -27.57, -27.83, -27.92, -28.02, -28.09, -28.25, -28.33, -28.19, -28.28, -28.10, -27.69, -25.75, -21.77, -18.92, -17.08, -15.66, -15.66
2026-10-02, 13:05:34, 88000000, 90500000, 19531.25, 18176, -15.27, -16.29, -17.18, -15.92, -13.61, -12.52, -12.79, -14.48, -17.08, -20.05, -24.96, -26.94, -27.60, -27.89, -27.95, -28.02, -27.98, -27.99, -27.91, -27.86, -27.77, -27.59, -27.23, -26.77, -26.06, -25.41, -25.31, -25.72, -26.26, -26.60, -26.72, -26.68, -26.57, -26.45, -26.25, -26.07, -25.94, -25.74, -25.51, -25.29, -25.05, -24.79, -24.52, -24.23, -23.78, -23.40, -23.08, -22.74, -22.44, -22.07, -21.64, -21.15, -20.62, -20.04, -19.38, -18.66, -17.85, -16.95, -15.89, -14.62, -12.92, -10.00, -5.37, -0.33, 6.64, 6.64, 8.24, 8.12, 6.72, 3.84, 0.67, -4.50, -10.08, -12.88, -14.53, -15.81, -16.88, -17.80, -18.61, -19.33, -19.98, -20.57, -21.10, -21.62, -22.04, -22.36, -22.71, -23.03, -23.36, -23.78, -24.13, -24.41, -24.76, -25.02, -25.22, -25.44, -25.65, -25.82, -25.98, -26.19, -26.24, -26.42, -26.54, -26.65, -26.47, -26.25, -25.68, -25.31, -25.43, -25.99, -26.74, -27.19, -27.57, -27.78, -27.91, -28.04, -28.08, -28.20, -28.27, -28.18, -28.26, -28.09, -27.70, -26.15, -23.11, -19.71, -17.04, -15.30, -15.30
2026-10-02, 13:05:35, 88000000, 90500000, 19531.25, 18176, -15.33, -16.39, -16.90, -15.73, -13.82, -12.57, -12.86, -14.48, -16.72, -20.00, -25.02, -27.03, -27.65, -27.85, -27.93, -27.96, -28.00, -27.89, -27.91, -27.80, -27.74, -27.53, -27.25, -26.64, -26.03, -25.48, -25.37, -25.74, -26.25, -26.54, -26.69, -26.66, -26.53, -26.42, -26.24, -26.08, -25.89, -25.69, -25.49, -25.25, -25.03, -24.77, -24.52, -24.18, -23.77, -23.45, -23.04, -22.74, -22.44, -22.07, -21.60, -21.15, -20.61, -19.99, -19.36, -18.65, -17.84, -16.94, -15.91, -14.64, -13.07, -10.69, -5.67, -0.04, 6.49, 6.49, 8.07, 8.13, 6.54, 4.14, 0.92, -4.57, -10.14, -12.84, -14.48, -15.77, -16.85, -17.77, -18.58, -19.29, -20.00, -20.57, -21.12, -21.57, -22.02, -22.34, -22.72, -23.03, -23.38, -23.72, -24.12, -24.39, -24.73, -24.98, -25.21, -25.43, -25.61, -25.80, -25.97, -26.13, -26.23, -26.38, -26.53, -26.59, -26.48, -26.15, -25.65, -25.32, -25.40, -25.99, -26.65, -27.12, -27.52, -27.80, -27.87, -27.97, -28.05, -28.21, -28.29, -28.15, -28.22, -28.06, -27.80, -26.59, -23.10, -19.14, -16.93, -15.52, -15.52
2026-10-02, 13:05:36, 88000000, 90500000, 19531.25, 18176, -14.53, -16.21, -17.44, -16.51, -14.06, -11.79, -12.61, -15.21, -17.49, -19.72, -24.70, -26.99, -27.58, -27.82, -27.93, -27.92, -27.94, -27.94, -27.85, -27.83, -27.72, -27.51, -27.20, -26.78, -26.19, -25.32, -25.09, -25.82, -26.37, -26.54, -26.70, -26.64, -26.54, -26.43, -26.24, -26.08, -25.93, -25.71, -25.50, -25.30, -25.07, -24.79, -24.51, -24.21, -23.84, -23.45, -23.03, -22.75, -22.46, -22.09, -21.66, -21.19, -20.62, -20.07, -19.41, -18.71, -17.90, -17.00, -15.95, -14.71, -13.09, -10.53, -5.40, 0.18, 5.92, 5.92, 8.47, 8.83, 6.19, 3.12, 0.66, -3.87, -10.07, -12.89, -14.54, -15.82, -16.89, -17.81, -18.64, -19.35, -20.01, -20.60, -21.14, -21.63, -22.04, -22.41, -22.75, -22.99, -23.38, -23.84, -24.17, -24.43, -24.76, -25.01, -25.24, -25.47, -25.66, -25.82, -26.02, -26.15, -26.26, -26.42, -26.62, -26.60, -26.44, -26.28, -25.85, -25.18, -25.20, -26.13, -26.82, -27.22, -27.55, -27.79, -27.94, -28.07, -28.10, -28.22, -28.33, -28.24, -28.31, -28.14, -27.80, -26.42, -22.72, -19.66, -17.72, -15.70, -15.70
2026-10-02, 13:05:37, 88000000, 90500000, 19531.25, 18240, -14.54, -16.13, -17.82, -16.61, -13.74, -11.76, -12.41, -14.79, -18.29, -21.48, -25.71, -27.31, -27.73, -27.92, -27.95, -28.01, -27.96, -27.97, -27.88, -27.87, -27.77, -27.63, -27.38, -26.94, -26.16, -25.19, -25.10, -25.71, -26.41, -26.70, -26.76, -26.70, -26.57, -26.41, -26.28, -26.14, -25.91, -25.76, -25.54, -25.31, -25.10, -24.82, -24.60, -24.25, -23.82, -23.47, -23.07, -22.76, -22.51, -22.13, -21.69, -21.23, -20.67, -20.12, -19.46, -18.77, -18.00, -17.10, -16.06, -14.89, -13.42, -11.23, -6.94, -1.60, 6.17, 6.17, 8.72, 8.86, 6.69, 2.95, -0.96, -5.80, -10.89, -13.19, -14.72, -15.96, -16.99, -17.88, -18.68, -19.41, -20.02, -20.62, -21.16, -21.67, -22.11, -22.40, -22.74, -23.03, -23.41, -23.83, -24.13, -24.48, -24.77, -25.00, -25.27, -25.47, -25.68, -25.87, -26.00, -26.19, -26.26, -26.43, -26.56, -26.65, -26.56, -26.32, -25.80, -25.12, -25.12, -26.01, -26.85, -27.31, -27.63, -27.82, -27.99, -28.05, -28.11, -28.25, -28.30, -28.24, -28.32, -28.15, -27.94, -27.12, -23.89, -20.73, -17.69, -15.32, -15.32
2026-10-02, 13:05:38, 88000000, 90500000, 19531.25, 18176, -14.68, -16.38, -17.29, -16.09, -14.12, -11.97, -12.81, -15.01, -17.18, -20.31, -24.44, -26.93, -27.64, -27.82, -27.95, -27.93, -27.93, -27.90, -27.89, -27.82, -27.74, -27.55, -27.23, -26.70, -26.13, -25.43, -25.14, -25.93, -26.29, -26.48, -26.70, -26.63, -26.51, -26.39, -26.24, -26.02, -25.87, -25.71, -25.49, -25.30, -25.03, -24.76, -24.52, -24.20, -23.78, -23.46, -23.00, -22.71, -22.42, -22.04, -21.61, -21.13, -20.60, -20.04, -19.39, -18.64, -17.84, -16.94, -15.90, -14.62, -13.08, -10.64, -5.20, 0.03, 6.11, 6.11, 8.24, 8.66, 6.13, 3.52, 0.71, -4.39, -9.87, -12.95, -14.57, -15.83, -16.91, -17.81, -18.62, -19.34, -20.00, -20.60, -21.13, -21.61, -22.07, -22.31, -22.75, -22.99, -23.37, -23.80, -24.13, -24.41, -24.75, -24.99, -25.24, -25.41, -25.62, -25.83, -25.99, -26.11, -26.24, -26.41, -26.57, -26.57, -26.43, -26.21, -25.87, -25.23, -25.22, -26.06, -26.74, -27.26, -27.63, -27.78, -27.94, -28.03, -28.01, -28.18, -28.31, -28.23, -28.27, -28.12, -27.81, -26.51, -22.62, -19.49, -17.28, -15.80, -15.80
2026-10-02, 13:05:39, 88000000, 90500000, 19531.25, 18176, -15.53, -16.45, -16.79, -15.61, -13.96, -12.78, -13.14, -14.46, -16.60, -19.30, -24.14, -26.87, -27.55, -27.83, -27.90, -27.98, -27.98, -27.95, -27.84, -27.84, -27.74, -27.55, -27.19, -26.63, -26.06, -25.56, -25.46, -25.82, -26.19, -26.48, -26.68, -26.65, -26.56, -26.44, -26.22, -26.10, -25.92, -25.77, -25.54, -25.31, -25.05, -24.78, -24.53, -24.20, -23.74, -23.45, -23.09, -22.73, -22.43, -22.03, -21.64, -21.15, -20.59, -20.01, -19.35, -18.62, -17.80, -16.88, -15.82, -14.52, -12.82, -10.03, -4.31, 0.60, 6.43, 6.43, 7.88, 7.86, 6.40, 4.19, 1.30, -3.37, -9.37, -12.65, -14.42, -15.74, -16.84, -17.77, -18.56, -19.34, -19.99, -20.58, -21.14, -21.63, -22.04, -22.32, -22.77, -23.05, -23.41, -23.80, -24.14, -24.47, -24.77, -25.02, -25.27, -25.44, -25.62, -25.86, -26.04, -26.17, -26.27, -26.42, -26.58, -26.59, -26.36, -26.12, -25.78, -25.36, -25.50, -26.02, -26.65, -27.19, -27.67, -27.81, -27.97, -28.08, -28.05, -28.28, -28.34, -28.25, -28.27, -28.09, -27.70, -26.18, -22.11, -19.03, -16.86, -15.69, -15.69
2026-10-02, 13:05:40, 88000000, 90500000, 19531.25, 18176, -15.40, -16.34, -16.99, -15.81, -13.81, -12.63, -12.82, -14.49, -16.86, -20.26, -24.99, -27.12, -27.71, -27.89, -27.98, -27.99, -28.00, -27.96, -27.90, -27.89, -27.76, -27.63, -27.25, -26.76, -26.04, -25.48, -25.44, -25.79, -26.24, -26.63, -26.74, -26.69, -26.58, -26.50, -26.27, -26.11, -25.94, -25.75, -25.56, -25.34, -25.09, -24.81, -24.58, -24.25, -23.79, -23.49, -23.12, -22.80, -22.46, -22.14, -21.68, -21.20, -20.66, -20.09, -19.43, -18.71, -17.92, -17.01, -15.94, -14.72, -13.14, -10.80, -5.99, 0.10, 6.52, 6.52, 8.06, 8.12, 6.54, 4.03, 0.72, -4.64, -10.41, -12.96, -14.59, -15.87, -16.93, -17.83, -18.65, -19.39, -20.02, -20.65, -21.16, -21.66, -22.07, -22.35, -22.80, -23.11, -23.44, -23.84, -24.20, -24.45, -24.80, -25.04, -25.25, -25.49, -25.69, -25.91, -26.02, -26.23, -26.33, -26.47, -26.60, -26.69, -26.47, -26.21, -25.71, -25.36, -25.39, -26.00, -26.68, -27.28, -27.68, -27.89, -28.03, -28.06, -28.09, -28.30, -28.35, -28.29, -28.36, -28.16, -27.89, -26.90, -22.93, -19.36, -16.99, -15.54, -15.54
2026-10-02, 13:05:41, 88000000, 90500000, 19531.25, 18112, -15.26, -16.24, -16.94, -16.08, -13.97, -12.53, -12.85, -14.69, -16.94, -19.67, -23.86, -26.96, -27.63, -27.87, -27.93, -27.99, -28.02, -27.94, -27.88, -27.88, -27.73, -27.51, -27.15, -26.75, -26.05, -25.43, -25.41, -25.81, -26.30, -26.55, -26.65, -26.69, -26.58, -26.43, -26.28, -26.08, -25.92, -25.73, -25.53, -25.32, -25.06, -24.78, -24.53, -24.21, -23.80, -23.49, -23.06, -22.78, -22.45, -22.08, -21.62, -21.16, -20.64, -20.03, -19.37, -18.67, -17.85, -16.94, -15.88, -14.62, -13.02, -10.34, -4.65, 0.73, 6.17, 6.17, 8.00, 8.21, 6.47, 3.75, 1.01, -3.36, -9.66, -12.73, -14.45, -15.76, -16.84, -17.79, -18.60, -19.33, -20.02, -20.60, -21.12, -21.61, -22.03, -22.35, -22.75, -23.02, -23.39, -23.81, -24.15, -24.45, -24.77, -25.01, -25.23, -25.49, -25.65, -25.83, -26.01, -26.15, -26.30, -26.42, -26.58, -26.61, -26.37, -26.23, -25.86, -25.45, -25.39, -25.96, -26.68, -27.19, -27.57, -27.82, -27.96, -28.04, -28.03, -28.24, -28.35, -28.25, -28.27, -28.15, -27.78, -26.31, -22.10, -19.09, -17.37, -15.70, -15.70
2026-10-02, 13:05:42, 88000000, 90500000, 19531.25, 18176, -14.84, -16.26, -17.54, -16.29, -13.82, -12.08, -12.64, -14.86, -17.45, -20.70, -24.78, -27.15, -27.68, -27.90, -27.98, -28.04, -28.03, -28.01, -27.95, -27.88, -27.81, -27.64, -27.33, -26.85, -26.16, -25.36, -25.25, -25.78, -26.35, -26.63, -26.74, -26.73, -26.57, -26.46, -26.31, -26.17, -25.98, -25.80, -25.61, -25.36, -25.11, -24.86, -24.61, -24.25, -23.89, -23.54, -23.13, -22.80, -22.56, -22.18, -21.73, -21.25, -20.71, -20.14, -19.51, -18.80, -17.98, -17.10, -16.07, -14.84, -13.30, -10.79, -5.87, -0.79, 6.20, 6.20, 8.47, 8.54, 6.46, 3.47, 0.13, -4.70, -10.36, -12.93, -14.60, -15.88, -16.95, -17.88, -18.69, -19.41, -20.05, -20.66, -21.17, -21.66, -22.12, -22.39, -22.78, -23.04, -23.45, -23.87, -24.16, -24.50, -24.80, -25.04, -25.30, -25.52, -25.69, -25.91, -26.04, -26.20, -26.32, -26.47, -26.62, -26.65, -26.55, -26.38, -25.79, -25.24, -25.31, -26.12, -26.80, -27.30, -27.70, -27.83, -28.00, -28.07, -28.05, -28.28, -28.33, -28.27, -28.35, -28.18, -27.90, -26.59, -23.39, -20.02, -17.46, -15.46, -15.46
2026-10-02, 13:05:43, 88000000, 90500000, 19531.25, 17984, -14.84, -16.24, -17.33, -16.34, -13.97, -12.08, -12.64, -14.95, -17.26, -20.75, -25.26, -27.21, -27.67, -27.90, -28.05, -28.03, -28.06, -28.02, -27.97, -27.92, -27.80, -27.65, -27.27, -26.85, -26.22, -25.35, -25.27, -25.87, -26.37, -26.63, -26.75, -26.76, -26.60, -26.50, -26.35, -26.19, -25.99, -25.80, -25.63, -25.35, -25.16, -24.85, -24.63, -24.29, -23.90, -23.54, -23.14, -22.83, -22.54, -22.17, -21.74, -21.28, -20.74, -20.14, -19.51, -18.79, -17.99, -17.11, -16.05, -14.84, -13.31, -11.06, -5.61, -0.15, 6.03, 6.03, 8.44, 8.57, 6.39, 3.49, 0.29, -5.15, -10.62, -13.11, -14.70, -15.94, -17.00, -17.90, -18.73, -19.44, -20.07, -20.68, -21.20, -21.69, -22.13, -22.47, -22.78, -23.10, -23.45, -23.86, -24.21, -24.51, -24.85, -25.08, -25.28, -25.53, -25.74, -25.94, -26.06, -26.25, -26.37, -26.50, -26.64, -26.64, -26.51, -26.33, -25.90, -25.27, -25.29, -26.10, -26.82, -27.27, -27.67, -27.85, -28.01, -28.12, -28.12, -28.30, -28.39, -28.32, -28.35, -28.20, -27.89, -26.58, -23.17, -19.56, -17.58, -15.58, -15.58
2026-10-02, 13:05:44, 88000000, 90500000, 19531.25, 18176, -15.37, -16.21, -17.03, -16.02, -13.99, -12.65, -12.88, -14.72, -16.85, -19.25, -23.88, -26.86, -27.56, -27.85, -27.95, -27.96, -28.02, -27.95, -27.91, -27.89, -27.84, -27.54, -27.16, -26.76, -26.10, -25.47, -25.41, -25.87, -26.32, -26.52, -26.71, -26.70, -26.61, -26.46, -26.26, -26.10, -25.96, -25.76, -25.58, -25.33, -25.15, -24.85, -24.56, -24.23, -23.81, -23.53, -23.13, -22.81, -22.49, -22.12, -21.68, -21.22, -20.66, -20.09, -19.44, -18.69, -17.88, -16.96, -15.88, -14.58, -12.88, -9.87, -3.74, 0.86, 6.23, 6.23, 7.94, 8.10, 6.41, 3.82, 1.28, -3.16, -9.52, -12.74, -14.47, -15.80, -16.89, -17.80, -18.65, -19.36, -20.06, -20.61, -21.18, -21.66, -22.12, -22.39, -22.77, -23.09, -23.43, -23.83, -24.22, -24.46, -24.79, -25.06, -25.31, -25.51, -25.67, -25.88, -26.06, -26.22, -26.34, -26.42, -26.60, -26.60, -26.45, -26.27, -25.84, -25.45, -25.46, -26.11, -26.74, -27.19, -27.58, -27.84, -27.95, -28.08, -28.07, -28.31, -28.38, -28.20, -28.28, -28.12, -27.69, -25.64, -21.67, -19.20, -17.25, -15.69, -15.69
2026-10-02, 13:05:45, 88000000, 90500000, 19531.25, 18112, -15.49, -16.47, -17.00, -15.85, -13.62, -12.76, -13.05, -14.47, -16.80, -19.84, -24.47, -27.03, -27.65, -27.91, -27.99, -28.02, -28.03, -27.96, -27.90, -27.86, -27.74, -27.59, -27.23, -26.69, -26.05, -25.44, -25.48, -25.82, -26.25, -26.56, -26.70, -26.69, -26.63, -26.42, -26.26, -26.08, -25.91, -25.72, -25.55, -25.35, -25.08, -24.79, -24.55, -24.22, -23.77, -23.45, -23.10, -22.78, -22.48, -22.08, -21.65, -21.18, -20.64, -20.06, -19.39, -18.67, -17.88, -16.95, -15.90, -14.61, -12.96, -10.18, -4.90, 0.03, 6.59, 6.59, 8.09, 7.87, 6.55, 4.06, 0.85, -3.81, -9.93, -12.86, -14.51, -15.81, -16.88, -17.83, -18.61, -19.35, -20.01, -20.59, -21.16, -21.62, -22.07, -22.34, -22.73, -23.05, -23.41, -23.82, -24.16, -24.48, -24.77, -25.00, -25.24, -25.49, -25.63, -25.84, -25.97, -26.16, -26.25, -26.48, -26.59, -26.64, -26.49, -26.23, -25.75, -25.39, -25.50, -26.01, -26.66, -27.19, -27.60, -27.80, -27.93, -28.06, -28.06, -28.24, -28.34, -28.19, -28.29, -28.10, -27.72, -26.23, -22.73, -19.41, -17.02, -15.34, -15.34
2026-10-02, 13:05:46, 88000000, 90500000, 19531.25, 18176, -14.95, -16.38, -17.14, -16.17, -13.97, -12.22, -12.82, -14.88, -17.12, -19.84, -24.85, -27.03, -27.70, -27.93, -27.95, -28.04, -28.04, -27.97, -27.92, -27.88, -27.82, -27.68, -27.29, -26.82, -26.17, -25.50, -25.25, -25.85, -26.32, -26.57, -26.75, -26.68, -26.63, -26.45, -26.31, -26.17, -25.97, -25.76, -25.58, -25.36, -25.12, -24.85, -24.59, -24.24, -23.83, -23.52, -23.12, -22.82, -22.54, -22.16, -21.73, -21.22, -20.72, -20.13, -19.46, -18.76, -17.95, -17.06, -16.00, -14.76, -13.19, -10.67, -5.75, 0.28, 6.21, 6.21, 8.21, 8.46, 6.27, 3.64, 0.84, -4.24, -10.10, -12.89, -14.58, -15.85, -16.93, -17.84, -18.66, -19.39, -20.06, -20.66, -21.17, -21.68, -22.08, -22.40, -22.80, -23.06, -23.45, -23.88, -24.17, -24.50, -24.82, -25.09, -25.26, -25.51, -25.70, -25.92, -26.04, -26.23, -26.33, -26.47, -26.61, -26.66, -26.46, -26.25, -25.80, -25.31, -25.35, -26.15, -26.83, -27.27, -27.65, -27.87, -28.00, -28.11, -28.10, -28.30, -28.38, -28.26, -28.31, -28.22, -27.88, -26.55, -22.80, -19.35, -17.39, -15.68, -15.68
2026-10-02, 13:05:47, 88000000, 90500000, 19531.25, 18176, -14.70, -16.42, -17.28, -16.18, -14.08, -11.97, -12.84, -14.87, -17.12, -20.14, -25.15, -27.14, -27.67, -27.87, -27.99, -28.02, -27.98, -28.00, -27.89, -27.88, -27.77, -27.59, -27.28, -26.77, -26.15, -25.37, -25.18, -25.88, -26.35, -26.57, -26.70, -26.70, -26.61, -26.44, -26.27, -26.09, -25.92, -25.76, -25.55, -25.36, -25.12, -24.85, -24.57, -24.25, -23.80, -23.47, -23.07, -22.80, -22.47, -22.11, -21.67, -21.20, -20.67, -20.07, -19.44, -18.70, -17.93, -17.02, -15.96, -14.73, -13.16, -10.75, -5.68, -0.10, 6.03, 6.03, 8.33, 8.65, 6.13, 3.73, 0.63, -4.67, -10.29, -12.93, -14.56, -15.82, -16.88, -17.81, -18.63, -19.35, -20.00, -20.61, -21.12, -21.62, -22.09, -22.33, -22.73, -23.03, -23.44, -23.85, -24.15, -24.50, -24.78, -25.03, -25.28, -25.50, -25.65, -25.85, -26.01, -26.16, -26.27, -26.41, -26.61, -26.68, -26.48, -26.26, -25.85, -25.26, -25.25, -26.17, -26.73, -27.19, -27.62, -27.86, -27.94, -28.06, -28.04, -28.24, -28.35, -28.19, -28.29, -28.16, -27.87, -26.57, -22.94, -19.64, -17.44, -15.73, -15.73
2026-10-02, 13:05:48, 88000000, 90500000, 19531.25, 18176, -15.11, -16.27, -17.13, -15.95, -13.94, -12.36, -12.69, -14.51, -17.33, -20.29, -25.18, -27.11, -27.67, -27.84, -27.99, -27.99, -28.00, -27.98, -27.90, -27.86, -27.78, -27.58, -27.27, -26.76, -26.05, -25.46, -25.28, -25.80, -26.33, -26.56, -26.70, -26.69, -26.55, -26.43, -26.26, -26.11, -25.93, -25.78, -25.54, -25.36, -25.13, -24.82, -24.57, -24.22, -23.80, -23.47, -23.11, -22.77, -22.50, -22.13, -21.67, -21.22, -20.69, -20.10, -19.45, -18.72, -17.93, -17.04, -15.99, -14.77, -13.20, -10.91, -6.13, -0.19, 6.37, 6.37, 8.16, 8.33, 6.74, 3.56, 0.45, -4.78, -10.41, -12.98, -14.61, -15.88, -16.93, -17.85, -18.65, -19.38, -20.05, -20.64, -21.16, -21.65, -22.09, -22.39, -22.79, -23.05, -23.42, -23.83, -24.14, -24.49, -24.79, -25.02, -25.25, -25.49, -25.68, -25.88, -26.03, -26.24, -26.26, -26.47, -26.59, -26.65, -26.56, -26.24, -25.81, -25.38, -25.39, -25.98, -26.76, -27.27, -27.67, -27.87, -27.98, -28.08, -28.05, -28.29, -28.36, -28.25, -28.31, -28.18, -27.92, -26.83, -23.16, -19.58, -17.10, -15.61, -15.61
2026-10-02, 13:05:49, 88000000, 90500000, 19531.25, 18176, -14.67, -16.43, -17.40, -16.24, -13.99, -11.91, -12.79, -14.99, -17.00, -20.53, -25.05, -27.12, -27.66, -27.93, -28.02, -27.97, -28.03, -27.97, -27.91, -27.84, -27.78, -27.58, -27.27, -26.81, -26.19, -25.35, -25.17, -25.93, -26.31, -26.60, -26.72, -26.70, -26.56, -26.50, -26.29, -26.12, -25.98, -25.78, -25.56, -25.38, -25.13, -24.86, -24.59, -24.26, -23.83, -23.49, -23.07, -22.80, -22.53, -22.13, -21.69, -21.21, -20.71, -20.12, -19.46, -18.73, -17.95, -17.04, -16.02, -14.78, -13.20, -10.79, -6.05, -0.30, 6.10, 6.10, 8.43, 8.67, 6.18, 3.69, 0.30, -4.71, -10.33, -12.94, -14.58, -15.85, -16.91, -17.86, -18.65, -19.36, -20.02, -20.61, -21.13, -21.64, -22.13, -22.35, -22.76, -23.03, -23.41, -23.85, -24.15, -24.50, -24.79, -25.04, -25.28, -25.48, -25.66, -25.87, -26.03, -26.23, -26.34, -26.46, -26.59, -26.67, -26.53, -26.27, -25.84, -25.19, -25.28, -26.14, -26.73, -27.23, -27.68, -27.84, -27.98, -28.10, -28.05, -28.25, -28.32, -28.21, -28.29, -28.18, -27.91, -26.62, -23.20, -19.67, -17.49, -15.61, -15.61
2026-10-02, 13:05:50, 88000000, 90500000, 19531.25, 18176, -15.34, -16.34, -16.78, -15.83, -14.16, -12.62, -13.03, -14.60, -16.49, -18.96, -24.05, -26.78, -27.54, -27.82, -27.94, -27.96, -28.01, -27.97, -27.88, -27.80, -27.78, -27.54, -27.13, -26.68, -26.10, -25.51, -25.41, -25.81, -26.27, -26.49, -26.65, -26.65, -26.57, -26.42, -26.27, -26.05, -25.94, -25.76, -25.53, -25.32, -25.07, -24.84, -24.54, -24.24, -23.77, -23.50, -23.11, -22.78, -22.48, -22.10, -21.65, -21.17, -20.65, -20.03, -19.41, -18.67, -17.85, -16.95, -15.88, -14.57, -12.93, -10.05, -4.11, 1.26, 6.20, 6.20, 7.83, 8.06, 6.38, 4.11, 1.60, -3.10, -9.47, -12.68, -14.39, -15.75, -16.85, -17.77, -18.62, -19.33, -20.00, -20.60, -21.14, -21.62, -22.06, -22.34, -22.76, -23.09, -23.40, -23.82, -24.17, -24.48, -24.79, -25.04, -25.26, -25.48, -25.65, -25.90, -26.01, -26.19, -26.31, -26.47, -26.57, -26.60, -26.36, -26.20, -25.87, -25.50, -25.42, -26.10, -26.69, -27.12, -27.57, -27.82, -27.98, -28.06, -28.03, -28.29, -28.33, -28.19, -28.31, -28.14, -27.71, -25.98, -21.67, -18.88, -17.11, -15.91, -15.91
2026-10-02, 13:05:51, 88000000, 90500000, 19531.25, 18176, -15.19, -16.36, -17.10, -15.96, -13.73, -12.42, -12.79, -14.48, -16.96, -20.71, -25.32, -27.17, -27.67, -27.92, -27.98, -27.99, -28.03, -27.97, -27.92, -27.85, -27.74, -27.61, -27.30, -26.81, -26.05, -25.46, -25.36, -25.79, -26.28, -26.60, -26.72, -26.73, -26.63, -26.45, -26.28, -26.10, -25.97, -25.79, -25.57, -25.37, -25.09, -24.82, -24.62, -24.25, -23.82, -23.48, -23.11, -22.83, -22.52, -22.12, -21.72, -21.24, -20.67, -20.10, -19.47, -18.76, -17.97, -17.07, -16.01, -14.78, -13.29, -11.16, -6.43, -0.37, 6.48, 6.48, 8.27, 8.25, 6.59, 4.01, 0.38, -5.40, -10.57, -13.01, -14.65, -15.91, -16.95, -17.85, -18.67, -19.41, -20.05, -20.64, -21.18, -21.67, -22.11, -22.38, -22.80, -23.08, -23.43, -23.83, -24.21, -24.51, -24.82, -25.02, -25.30, -25.49, -25.66, -25.88, -26.04, -26.20, -26.32, -26.45, -26.61, -26.72, -26.54, -26.28, -25.73, -25.32, -25.39, -25.98, -26.68, -27.33, -27.67, -27.89, -28.01, -28.08, -28.08, -28.30, -28.38, -28.23, -28.35, -28.17, -27.94, -26.98, -23.46, -19.62, -17.14, -15.39, -15.39
2026-10-02, 13:05:52, 88000000, 90500000, 19531.25, 18112, -15.39, -16.40, -16.91, -15.69, -13.92, -12.64, -12.95, -14.47, -16.68, -19.96, -24.70, -27.04, -27.61, -27.84, -27.96, -27.97, -27.96, -27.95, -27.89, -27.83, -27.75, -27.56, -27.20, -26.67, -26.05, -25.47, -25.47, -25.78, -26.26, -26.55, -26.72, -26.69, -26.56, -26.43, -26.26, -26.08, -25.98, -25.76, -25.55, -25.33, -25.08, -24.80, -24.56, -24.24, -23.77, -23.47, -23.10, -22.74, -22.48, -22.10, -21.64, -21.17, -20.65, -20.06, -19.39, -18.68, -17.87, -16.97, -15.91, -14.64, -13.05, -10.51, -5.44, 0.25, 6.42, 6.42, 8.02, 8.00, 6.57, 4.11, 0.96, -4.43, -10.13, -12.88, -14.50, -15.80, -16.89, -17.80, -18.62, -19.36, -20.01, -20.59, -21.11, -21.61, -22.06, -22.32, -22.78, -23.09, -23.39, -23.83, -24.17, -24.48, -24.79, -25.01, -25.26, -25.47, -25.71, -25.86, -26.03, -26.22, -26.30, -26.48, -26.60, -26.65, -26.48, -26.14, -25.77, -25.35, -25.40, -26.01, -26.66, -27.23, -27.66, -27.89, -27.98, -28.01, -28.05, -28.26, -28.28, -28.27, -28.28, -28.17, -27.80, -26.48, -22.69, -19.18, -16.92, -15.63, -15.63
2026-10-02, 13:05:53, 88000000, 90500000, 19531.25, 18240, -14.67, -16.11, -17.65, -16.44, -13.93, -11.93, -12.46, -15.11, -17.68, -20.33, -24.97, -27.08, -27.67, -27.89, -27.97, -27.99, -27.97, -27.94, -27.89, -27.82, -27.72, -27.55, -27.32, -26.86, -26.11, -25.30, -25.13, -25.78, -26.40, -26.61, -26.71, -26.74, -26.51, -26.42, -26.24, -26.09, -25.90, -25.73, -25.56, -25.32, -25.09, -24.78, -24.55, -24.26, -23.76, -23.48, -23.04, -22.76, -22.49, -22.13, -21.65, -21.21, -20.67, -20.06, -19.45, -18.71, -17.93, -17.05, -16.01, -14.79, -13.25, -10.64, -5.58, -0.33, 6.09, 6.09, 8.47, 8.79, 6.45, 3.07, 0.03, -4.38, -10.14, -12.87, -14.56, -15.82, -16.89, -17.82, -18.61, -19.35, -20.00, -20.61, -21.16, -21.60, -22.06, -22.35, -22.74, -23.02, -23.34, -23.82, -24.15, -24.47, -24.78, -24.99, -25.26, -25.46, -25.70, -25.86, -26.01, -26.12, -26.25, -26.43, -26.55, -26.61, -26.46, -26.31, -25.87, -25.16, -25.14, -26.04, -26.86, -27.27, -27.62, -27.86, -28.02, -28.07, -28.06, -28.23, -28.32, -28.19, -28.30, -28.18, -27.84, -26.42, -23.07, -20.06, -17.58, -15.55, -15.55
2026-10-02, 13:05:54, 88000000, 90500000, 19531.25, 18240, -14.62, -16.24, -17.50, -16.47, -13.88, -11.86, -12.57, -14.92, -17.64, -21.04, -25.37, -27.19, -27.68, -27.87, -27.97, -28.03, -27.99, -27.99, -27.93, -27.82, -27.75, -27.59, -27.30, -26.87, -26.19, -25.27, -25.15, -25.80, -26.35, -26.65, -26.71, -26.71, -26.55, -26.50, -26.27, -26.10, -25.93, -25.76, -25.55, -25.34, -25.13, -24.80, -24.59, -24.26, -23.83, -23.47, -23.11, -22.77, -22.48, -22.10, -21.71, -21.23, -20.69, -20.11, -19.46, -18.75, -17.96, -17.07, -16.02, -14.83, -13.31, -11.14, -6.51, -0.64, 6.06, 6.06, 8.56, 8.80, 6.37, 3.44, -0.20, -5.31, -10.84, -13.14, -14.69, -15.94, -16.98, -17.89, -18.69, -19.41, -20.05, -20.65, -21.18, -21.68, -22.09, -22.37, -22.75, -23.04, -23.43, -23.87, -24.19, -24.49, -24.78, -25.00, -25.28, -25.49, -25.69, -25.89, -26.04, -26.18, -26.33, -26.46, -26.57, -26.69, -26.54, -26.33, -25.85, -25.20, -25.19, -26.16, -26.71, -27.33, -27.61, -27.80, -27.97, -28.01, -28.10, -28.23, -28.33, -28.23, -28.35, -28.19, -27.93, -27.09, -23.39, -20.10, -17.63, -15.48, -15.48
2026-10-02, 13:05:55, 88000000, 90500000, 19531.25, 18176, -15.48, -16.25, -16.88, -15.94, -13.97, -12.76, -12.90, -14.58, -16.69, -19.14, -24.20, -26.92, -27.60, -27.87, -27.98, -28.02, -28.01, -27.96, -27.95, -27.86, -27.72, -27.52, -27.18, -26.67, -26.12, -25.55, -25.38, -25.79, -26.28, -26.51, -26.72, -26.73, -26.57, -26.46, -26.24, -26.12, -25.95, -25.75, -25.54, -25.38, -25.11, -24.81, -24.54, -24.20, -23.81, -23.48, -23.14, -22.77, -22.46, -22.09, -21.66, -21.17, -20.63, -20.04, -19.41, -18.68, -17.86, -16.94, -15.86, -14.57, -12.87, -9.89, -3.94, 0.74, 6.18, 6.18, 7.90, 8.01, 6.53, 3.95, 1.31, -3.22, -9.55, -12.71, -14.44, -15.75, -16.84, -17.77, -18.61, -19.33, -20.01, -20.59, -21.16, -21.62, -22.06, -22.33, -22.80, -23.07, -23.42, -23.85, -24.16, -24.45, -24.82, -25.03, -25.24, -25.50, -25.69, -25.90, -26.01, -26.20, -26.33, -26.47, -26.64, -26.61, -26.45, -26.24, -25.84, -25.41, -25.55, -26.06, -26.73, -27.12, -27.57, -27.86, -27.98, -28.09, -28.08, -28.27, -28.34, -28.24, -28.27, -28.20, -27.76, -25.70, -21.86, -19.05, -17.26, -15.70, -15.70
2026-10-02, 13:05:56, 88000000, 90500000, 19531.25, 18176, -15.53, -16.33, -16.95, -15.75, -13.79, -12.79, -12.88, -14.44, -16.79, -20.18, -24.61, -27.07, -27.70, -27.91, -28.03, -28.09, -28.06, -28.03, -27.94, -27.95, -27.84, -27.62, -27.35, -26.81, -26.10, -25.56, -25.46, -25.86, -26.27, -26.59, -26.79, -26.72, -26.61, -26.52, -26.32, -26.18, -25.98, -25.81, -25.57, -25.36, -25.18, -24.86, -24.59, -24.26, -23.83, -23.53, -23.16, -22.81, -22.51, -22.16, -21.70, -21.18, -20.68, -20.11, -19.45, -18.73, -17.93, -16.99, -15.95, -14.69, -13.04, -10.44, -5.16, 0.10, 6.61, 6.61, 7.95, 7.98, 6.62, 4.04, 0.76, -4.12, -10.02, -12.86, -14.51, -15.82, -16.89, -17.83, -18.65, -19.38, -20.02, -20.60, -21.17, -21.66, -22.08, -22.38, -22.77, -23.11, -23.46, -23.83, -24.20, -24.47, -24.81, -25.11, -25.30, -25.52, -25.71, -25.89, -26.05, -26.19, -26.37, -26.44, -26.66, -26.68, -26.51, -26.25, -25.75, -25.47, -25.53, -25.96, -26.70, -27.24, -27.66, -27.92, -28.01, -28.13, -28.08, -28.28, -28.39, -28.25, -28.33, -28.15, -27.79, -26.19, -22.91, -19.35, -16.91, -15.53, -15.53
2026-10-02, 13:05:57, 88000000, 90500000, 19531.25, 18176, -15.20, -16.28, -16.94, -16.01, -13.87, -12.46, -12.74, -14.52, -17.03, -20.34, -24.73, -26.98, -27.68, -27.90, -27.99, -28.01, -28.05, -28.01, -27.95, -27.91, -27.83, -27.63, -27.28, -26.74, -26.12, -25.44, -25.37, -25.79, -26.33, -26.65, -26.75, -26.71, -26.60, -26.46, -26.32, -26.10, -25.96, -25.75, -25.60, -25.34, -25.10, -24.83, -24.55, -24.25, -23.78, -23.47, -23.07, -22.77, -22.43, -22.11, -21.64, -21.17, -20.64, -20.06, -19.39, -18.65, -17.86, -16.97, -15.90, -14.66, -13.05, -10.52, -5.53, 0.24, 6.32, 6.32, 8.15, 8.27, 6.63, 3.90, 0.40, -4.25, -9.89, -12.81, -14.49, -15.77, -16.87, -17.76, -18.60, -19.33, -19.99, -20.59, -21.12, -21.58, -22.04, -22.32, -22.71, -23.04, -23.41, -23.80, -24.15, -24.49, -24.80, -25.03, -25.27, -25.53, -25.71, -25.88, -26.08, -26.20, -26.36, -26.45, -26.65, -26.72, -26.48, -26.26, -25.85, -25.36, -25.40, -25.99, -26.74, -27.29, -27.66, -27.85, -27.98, -28.11, -28.07, -28.32, -28.32, -28.24, -28.35, -28.18, -27.88, -26.57, -22.86, -19.29, -17.21, -15.56, -15.56
2026-10-02, 13:05:58, 88000000, 90500000, 19531.25, 18240, -14.98, -16.42, -17.14, -16.05, -13.93, -12.25, -12.87, -14.87, -17.02, -19.51, -24.75, -27.08, -27.69, -27.95, -28.01, -28.02, -28.07, -28.05, -27.93, -27.92, -27.82, -27.63, -27.28, -26.82, -26.17, -25.49, -25.28, -25.91, -26.31, -26.59, -26.76, -26.74, -26.61, -26.48, -26.33, -26.12, -25.99, -25.78, -25.58, -25.37, -25.12, -24.86, -24.59, -24.28, -23.82, -23.50, -23.08, -22.79, -22.50, -22.13, -21.71, -21.20, -20.68, -20.09, -19.43, -18.71, -17.92, -17.00, -15.94, -14.70, -13.17, -10.74, -5.65, 0.17, 6.19, 6.19, 8.23, 8.44, 6.17, 3.77, 1.01, -3.85, -10.06, -12.83, -14.48, -15.80, -16.91, -17.81, -18.61, -19.37, -20.03, -20.62, -21.12, -21.61, -22.09, -22.35, -22.77, -23.08, -23.42, -23.83, -24.21, -24.50, -24.79, -25.03, -25.27, -25.51, -25.69, -25.91, -26.05, -26.22, -26.30, -26.47, -26.63, -26.67, -26.48, -26.25, -25.83, -25.33, -25.30, -26.18, -26.79, -27.21, -27.70, -27.92, -27.98, -28.08, -28.07, -28.29, -28.36, -28.28, -28.33, -28.18, -27.90, -26.70, -22.69, -19.35, -17.29, -15.62, -15.62
2026-10-02, 13:05:59, 88000000, 90500000, 19531.25, 18176, -14.71, -16.17, -17.65, -16.45, -13.77, -11.94, -12.54, -15.13, -17.68, -20.51, -25.13, -27.14, -27.66, -27.91, -28.01, -28.01, -28.01, -27.99, -27.97, -27.84, -27.75, -27.56, -27.27, -26.88, -26.20, -25.28, -25.11, -25.83, -26.42, -26.63, -26.74, -26.70, -26.58, -26.45, -26.29, -26.11, -25.97, -25.76, -25.55, -25.33, -25.10, -24.80, -24.60, -24.24, -23.81, -23.51, -23.08, -22.78, -22.50, -22.12, -21.68, -21.17, -20.68, -20.09, -19.43, -18.74, -17.94, -17.02, -16.01, -14.77, -13.21, -10.83, -5.80, -0.51, 6.18, 6.18, 8.55, 8.71, 6.47, 2.97, 0.15, -4.77, -10.45, -13.07, -14.66, -15.92, -16.95, -17.87, -18.69, -19.43, -20.06, -20.68, -21.19, -21.66, -22.12, -22.36, -22.78, -23.06, -23.40, -23.88, -24.23, -24.53, -24.80, -25.07, -25.26, -25.48, -25.74, -25.88, -26.04, -26.24, -26.39, -26.49, -26.66, -26.69, -26.58, -26.37, -25.86, -25.21, -25.26, -26.09, -26.90, -27.28, -27.71, -27.91, -27.98, -28.10, -28.11, -28.33, -28.36, -28.27, -28.35, -28.24, -27.95, -26.72, -23.21, -20.07, -17.62, -15.40, -15.40
2026-10-02, 13:06:00, 88000000, 90500000, 19531.25, 18240, -14.85, -16.30, -17.26, -16.40, -14.09, -12.13, -12.76, -14.89, -17.28, -20.34, -24.72, -27.17, -27.76, -28.02, -28.09, -28.15, -28.16, -28.14, -28.04, -27.98, -27.93, -27.72, -27.40, -26.96, -26.28, -25.51, -25.30, -25.92, -26.44, -26.76, -26.86, -26.84, -26.70, -26.57, -26.41, -26.23, -26.07, -25.87, -25.68, -25.45, -25.21, -24.93, -24.69, -24.33, -23.92, -23.60, -23.18, -22.87, -22.59, -22.20, -21.79, -21.32, -20.74, -20.21, -19.52, -18.82, -18.01, -17.09, -16.05, -14.76, -13.15, -10.21, -5.17, 0.04, 6.05, 6.05, 8.24, 8.55, 6.35, 3.57, 0.31, -4.33, -10.06, -13.05, -14.66, -15.95, -17.00, -17.93, -18.73, -19.47, -20.14, -20.73, -21.25, -21.75, -22.17, -22.45, -22.87, -23.12, -23.50, -23.94, -24.29, -24.59, -24.87, -25.14, -25.38, -25.59, -25.80, -25.94, -26.14, -26.31, -26.45, -26.55, -26.70, -26.79, -26.56, -26.39, -25.92, -25.37, -25.37, -26.19, -26.84, -27.36, -27.76, -27.94, -28.11, -28.13, -28.15, -28.33, -28.45, -28.32, -28.43, -28.26, -27.93, -26.24, -22.68, -19.63, -17.57, -15.76, -15.76
2026-10-02, 13:06:01, 88000000, 90500000, 19531.25, 18176, -15.22, -16.39, -16.85, -15.95, -14.18, -12.50, -13.11, -14.73, -16.45, -19.18, -24.06, -26.97, -27.71, -27.98, -28.10, -28.10, -28.20, -28.12, -28.07, -28.02, -27.91, -27.69, -27.29, -26.82, -26.29, -25.55, -25.53, -25.97, -26.38, -26.68, -26.80, -26.84, -26.72, -26.56, -26.37, -26.17, -26.08, -25.84, -25.63, -25.39, -25.16, -24.88, -24.63, -24.25, -23.84, -23.54, -23.16, -22.84, -22.54, -22.18, -21.70, -21.23, -20.68, -20.09, -19.43, -18.71, -17.90, -16.96, -15.90, -14.60, -12.84, -9.42, -3.92, 1.14, 6.05, 6.05, 7.99, 8.08, 6.23, 4.08, 1.48, -3.06, -9.39, -12.71, -14.43, -15.75, -16.86, -17.79, -18.63, -19.34, -20.01, -20.64, -21.19, -21.66, -22.09, -22.38, -22.80, -23.09, -23.42, -23.86, -24.21, -24.52, -24.83, -25.07, -25.31, -25.52, -25.73, -25.91, -26.08, -26.24, -26.38, -26.51, -26.65, -26.67, -26.45, -26.18, -25.94, -25.47, -25.46, -26.21, -26.70, -27.21, -27.63, -27.87, -27.95, -28.06, -28.06, -28.28, -28.36, -28.27, -28.30, -28.12, -27.53, -25.72, -21.62, -18.94, -17.30, -15.87, -15.87
2026-10-02, 13:06:02, 88000000, 90500000, 19531.25, 18048, -16.07, -16.22, -15.82, -15.23, -14.22, -13.39, -13.26, -13.69, -15.30, -19.37, -24.47, -26.72, -27.33, -27.58, -27.66, -27.73, -27.71, -27.69, -27.62, -27.51, -27.48, -27.26, -26.75, -26.24, -25.88, -25.51, -25.44, -25.47, -25.79, -26.21, -26.46, -26.43, -26.24, -26.16, -26.01, -25.78, -25.66, -25.51, -25.30, -25.05, -24.81, -24.59, -24.27, -23.98, -23.53, -23.24, -22.92, -22.56, -22.19, -21.83, -21.39, -20.92, -20.37, -19.78, -19.14, -18.41, -17.59, -16.63, -15.54, -14.20, -12.48, -9.66, -3.12, 2.31, 6.33, 6.33, 7.31, 7.40, 6.80, 5.35, 2.14, -3.95, -9.85, -12.52, -14.20, -15.51, -16.63, -17.56, -18.39, -19.13, -19.77, -20.40, -20.91, -21.39, -21.81, -22.14, -22.55, -22.90, -23.20, -23.55, -23.87, -24.25, -24.54, -24.79, -25.00, -25.19, -25.43, -25.60, -25.75, -25.89, -26.03, -26.19, -26.32, -26.31, -26.00, -25.76, -25.59, -25.38, -25.46, -25.76, -26.22, -26.82, -27.39, -27.63, -27.67, -27.79, -27.80, -28.01, -28.06, -27.98, -28.06, -27.90, -27.45, -25.50, -20.55, -17.90, -16.70, -16.01, -16.01
2026-10-02, 13:06:03, 88000000, 90500000, 19531.25, 18176, -17.02, -17.06, -15.95, -15.19, -14.76, -14.35, -14.22, -14.44, -15.40, -17.94, -23.55, -26.78, -27.53, -27.79, -27.92, -27.90, -27.96, -27.87, -27.78, -27.72, -27.64, -27.39, -26.93, -26.33, -26.06, -25.85, -25.86, -25.88, -26.02, -26.22, -26.52, -26.64, -26.50, -26.42, -26.18, -26.06, -25.91, -25.74, -25.54, -25.37, -25.12, -24.87, -24.57, -24.27, -23.86, -23.64, -23.30, -22.95, -22.59, -22.17, -21.81, -21.31, -20.80, -20.19, -19.55, -18.82, -18.00, -17.04, -15.96, -14.63, -12.87, -10.16, -3.97, 2.33, 6.01, 6.01, 6.46, 6.29, 5.97, 4.87, 2.94, -2.34, -9.32, -12.58, -14.44, -15.82, -16.96, -17.90, -18.75, -19.49, -20.15, -20.76, -21.30, -21.79, -22.17, -22.48, -22.90, -23.26, -23.57, -23.93, -24.20, -24.45, -24.86, -25.04, -25.31, -25.51, -25.64, -25.87, -26.04, -26.16, -26.26, -26.37, -26.50, -26.52, -26.24, -25.92, -25.77, -25.86, -25.85, -26.07, -26.43, -26.97, -27.55, -27.87, -27.96, -28.06, -28.06, -28.27, -28.35, -28.22, -28.31, -28.16, -27.78, -25.93, -21.13, -17.53, -16.71, -16.66, -16.66
2026-10-02, 13:06:04, 88000000, 90500000, 19531.25, 18048, -17.64, -17.24, -16.03, -15.44, -15.25, -15.04, -14.67, -14.53, -15.23, -18.40, -23.67, -26.97, -27.77, -28.05, -28.17, -28.19, -28.18, -28.13, -28.07, -28.00, -27.94, -27.69, -27.08, -26.69, -26.33, -26.26, -26.19, -26.17, -26.30, -26.51, -26.84, -26.93, -26.77, -26.69, -26.52, -26.35, -26.23, -26.04, -25.83, -25.65, -25.44, -25.16, -24.86, -24.54, -24.16, -23.90, -23.57, -23.22, -22.87, -22.45, -22.06, -21.58, -21.06, -20.47, -19.82, -19.09, -18.26, -17.28, -16.16, -14.79, -12.99, -10.06, -3.51, 2.79, 5.64, 5.64, 5.77, 5.76, 5.67, 4.95, 2.73, -2.44, -9.40, -12.83, -14.68, -16.09, -17.23, -18.18, -19.03, -19.81, -20.43, -21.05, -21.59, -22.04, -22.47, -22.78, -23.22, -23.59, -23.89, -24.22, -24.52, -24.86, -25.19, -25.41, -25.65, -25.82, -26.02, -26.22, -26.35, -26.53, -26.62, -26.72, -26.84, -26.89, -26.47, -26.22, -26.24, -26.29, -26.30, -26.44, -26.73, -27.27, -27.88, -28.21, -28.31, -28.38, -28.40, -28.63, -28.70, -28.55, -28.67, -28.41, -28.09, -26.04, -20.48, -17.68, -17.04, -17.18, -17.18
2026-10-02, 13:06:05, 88000000, 90500000, 19531.25, 18240, -17.70, -17.49, -16.18, -15.28, -15.26, -15.11, -14.94, -14.71, -15.22, -18.00, -24.27, -27.12, -27.85, -28.16, -28.27, -28.28, -28.28, -28.27, -28.17, -28.09, -28.02, -27.77, -27.22, -26.67, -26.39, -26.36, -26.24, -26.28, -26.37, -26.55, -26.90, -26.97, -26.86, -26.76, -26.57, -26.43, -26.29, -26.10, -25.89, -25.64, -25.47, -25.17, -24.96, -24.59, -24.16, -23.90, -23.63, -23.27, -22.88, -22.50, -22.07, -21.67, -21.08, -20.48, -19.84, -19.07, -18.25, -17.30, -16.19, -14.80, -13.03, -10.11, -3.46, 2.37, 5.73, 5.73, 5.67, 5.56, 5.35, 4.95, 2.94, -2.59, -9.55, -12.78, -14.64, -16.07, -17.20, -18.20, -19.02, -19.77, -20.45, -21.04, -21.58, -22.07, -22.47, -22.79, -23.22, -23.57, -23.89, -24.23, -24.52, -24.85, -25.18, -25.38, -25.64, -25.83, -26.03, -26.20, -26.33, -26.50, -26.60, -26.69, -26.83, -26.87, -26.51, -26.27, -26.19, -26.25, -26.39, -26.46, -26.71, -27.25, -27.88, -28.19, -28.28, -28.39, -28.41, -28.59, -28.70, -28.55, -28.67, -28.48, -28.05, -25.91, -20.75, -17.75, -16.87, -17.26, -17.26
2026-10-02, 13:06:06, 88000000, 90500000, 19531.25, 18176, -18.25, -18.38, -17.05, -16.13, -15.88, -15.58, -15.53, -15.62, -16.30, -18.92, -24.46, -27.70, -28.56, -28.81, -28.91, -28.94, -28.95, -28.93, -28.79, -28.73, -28.68, -28.41, -27.98, -27.30, -27.12, -26.99, -26.95, -26.96, -27.03, -27.34, -27.57, -27.63, -27.57, -27.42, -27.26, -27.08, -26.94, -26.84, -26.63, -26.39, -26.20, -25.94, -25.70, -25.28, -24.88, -24.70, -24.36, -24.00, -23.68, -23.28, -22.87, -22.39, -21.86, -21.29, -20.66, -19.89, -19.08, -18.13, -17.02, -15.69, -13.97, -11.08, -5.10, 1.14, 4.96, 4.96, 5.23, 5.09, 4.60, 3.92, 1.83, -3.09, -10.18, -13.58, -15.46, -16.87, -18.01, -18.98, -19.80, -20.55, -21.26, -21.84, -22.36, -22.85, -23.25, -23.53, -24.00, -24.31, -24.66, -24.97, -25.31, -25.59, -25.90, -26.17, -26.36, -26.59, -26.75, -26.95, -27.06, -27.21, -27.30, -27.42, -27.58, -27.56, -27.29, -26.97, -26.90, -26.94, -26.97, -27.29, -27.53, -27.96, -28.52, -28.78, -28.90, -28.98, -29.08, -29.31, -29.42, -29.30, -29.40, -29.23, -28.88, -27.07, -22.22, -18.62, -17.66, -17.83, -17.83
2026-10-02, 13:06:07, 88000000, 90500000, 19531.25, 18240, -17.48, -17.74, -16.80, -15.74, -15.15, -14.79, -14.83, -15.26, -16.28, -18.52, -23.69, -27.25, -28.06, -28.30, -28.46, -28.42, -28.52, -28.42, -28.31, -28.23, -28.18, -27.97, -27.49, -26.88, -26.61, -26.34, -26.42, -26.47, -26.66, -26.84, -27.09, -27.18, -27.05, -26.98, -26.82, -26.63, -26.48, -26.30, -26.16, -25.91, -25.68, -25.44, -25.18, -24.83, -24.43, -24.16, -23.88, -23.52, -23.18, -22.80, -22.37, -21.92, -21.37, -20.79, -20.16, -19.45, -18.61, -17.65, -16.57, -15.24, -13.53, -10.62, -4.52, 1.32, 5.69, 5.69, 6.02, 5.83, 5.11, 4.02, 2.09, -2.45, -9.39, -13.14, -15.03, -16.45, -17.57, -18.53, -19.38, -20.09, -20.78, -21.36, -21.87, -22.36, -22.77, -23.08, -23.49, -23.90, -24.18, -24.49, -24.83, -25.10, -25.41, -25.63, -25.89, -26.06, -26.28, -26.52, -26.60, -26.73, -26.84, -26.99, -27.05, -27.15, -26.80, -26.48, -26.37, -26.43, -26.51, -26.76, -27.11, -27.45, -27.93, -28.29, -28.43, -28.58, -28.62, -28.84, -28.90, -28.82, -28.94, -28.68, -28.34, -26.49, -21.89, -18.37, -17.13, -17.08, -17.08
2026-10-02, 13:06:08, 88000000, 90500000, 19531.25, 18112, -16.95, -17.34, -16.85, -15.95, -15.00, -14.25, -14.24, -15.07, -16.32, -19.31, -24.62, -27.31, -28.03, -28.29, -28.38, -28.35, -28.35, -28.23, -28.18, -28.15, -28.05, -27.84, -27.41, -26.87, -26.43, -26.14, -26.14, -26.27, -26.51, -26.75, -27.00, -27.01, -26.94, -26.82, -26.64, -26.50, -26.36, -26.14, -26.00, -25.81, -25.53, -25.29, -25.06, -24.69, -24.29, -24.03, -23.67, -23.34, -23.02, -22.65, -22.21, -21.77, -21.25, -20.65, -20.01, -19.28, -18.50, -17.55, -16.45, -15.16, -13.41, -10.38, -4.62, 1.14, 5.64, 5.64, 6.56, 6.44, 5.53, 4.10, 1.56, -3.78, -9.86, -13.16, -14.99, -16.33, -17.44, -18.36, -19.24, -19.96, -20.62, -21.19, -21.75, -22.23, -22.65, -22.97, -23.36, -23.67, -23.98, -24.35, -24.62, -24.92, -25.28, -25.48, -25.71, -25.98, -26.11, -26.27, -26.49, -26.58, -26.65, -26.82, -26.97, -26.93, -26.66, -26.45, -26.25, -26.04, -26.12, -26.46, -26.89, -27.43, -27.99, -28.24, -28.34, -28.47, -28.51, -28.66, -28.76, -28.65, -28.72, -28.58, -28.13, -26.46, -22.05, -18.65, -17.31, -16.82, -16.82
2026-10-02, 13:06:09, 88000000, 90500000, 19531.25, 18112, -15.97, -17.08, -17.93, -16.69, -14.54, -13.22, -13.60, -15.29, -17.79, -20.91, -25.45, -27.54, -28.11, -28.30, -28.37, -28.38, -28.28, -28.27, -28.20, -28.15, -28.08, -27.90, -27.60, -27.15, -26.47, -25.91, -25.82, -26.19, -26.64, -26.91, -27.05, -27.04, -26.93, -26.80, -26.68, -26.52, -26.38, -26.17, -25.99, -25.80, -25.58, -25.30, -25.09, -24.75, -24.34, -24.01, -23.66, -23.37, -23.07, -22.74, -22.28, -21.84, -21.30, -20.71, -20.09, -19.40, -18.61, -17.71, -16.66, -15.42, -13.88, -11.39, -6.38, -0.79, 5.64, 5.64, 7.46, 7.45, 5.78, 3.11, -0.17, -4.98, -10.89, -13.64, -15.29, -16.58, -17.61, -18.53, -19.33, -20.03, -20.68, -21.28, -21.78, -22.26, -22.67, -23.01, -23.34, -23.63, -23.93, -24.38, -24.71, -24.99, -25.27, -25.52, -25.73, -25.90, -26.07, -26.29, -26.47, -26.60, -26.67, -26.85, -26.94, -26.97, -26.80, -26.61, -26.23, -25.66, -25.84, -26.42, -27.02, -27.65, -28.03, -28.25, -28.36, -28.43, -28.50, -28.74, -28.82, -28.69, -28.80, -28.63, -28.43, -27.31, -23.49, -20.45, -17.86, -16.20, -16.20
2026-10-02, 13:06:10, 88000000, 90500000, 19531.25, 18240, -16.06, -17.09, -17.73, -16.61, -14.61, -13.32, -13.66, -15.33, -17.60, -20.38, -25.53, -27.59, -28.09, -28.31, -28.32, -28.36, -28.31, -28.22, -28.17, -28.09, -27.99, -27.83, -27.55, -27.04, -26.43, -25.90, -25.86, -26.14, -26.61, -26.84, -27.01, -26.99, -26.91, -26.75, -26.63, -26.43, -26.29, -26.12, -25.98, -25.75, -25.50, -25.26, -25.00, -24.73, -24.26, -23.99, -23.63, -23.29, -23.02, -22.64, -22.22, -21.78, -21.26, -20.69, -20.03, -19.34, -18.53, -17.63, -16.62, -15.35, -13.76, -11.18, -5.98, -0.47, 5.63, 5.63, 7.35, 7.30, 5.77, 3.13, 0.40, -5.16, -10.71, -13.47, -15.18, -16.45, -17.51, -18.46, -19.24, -19.98, -20.62, -21.19, -21.73, -22.19, -22.63, -22.93, -23.31, -23.59, -23.95, -24.32, -24.65, -24.92, -25.21, -25.45, -25.68, -25.88, -26.05, -26.20, -26.41, -26.53, -26.61, -26.74, -26.92, -26.94, -26.76, -26.54, -26.16, -25.79, -25.83, -26.44, -27.06, -27.51, -28.02, -28.22, -28.33, -28.42, -28.45, -28.65, -28.76, -28.61, -28.75, -28.65, -28.37, -27.09, -23.34, -19.98, -17.83, -16.30, -16.30
2026-10-02, 13:06:11, 88000000, 90500000, 19531.25, 18240, -15.95, -16.97, -17.77, -16.64, -14.68, -13.23, -13.51, -15.33, -17.78, -20.96, -25.54, -27.56, -28.11, -28.32, -28.36, -28.32, -28.33, -28.29, -28.21, -28.16, -28.08, -27.80, -27.56, -27.08, -26.50, -25.92, -25.78, -26.14, -26.71, -26.89, -27.02, -27.07, -26.90, -26.83, -26.62, -26.49, -26.37, -26.18, -26.01, -25.78, -25.57, -25.31, -25.09, -24.80, -24.31, -24.06, -23.67, -23.35, -23.07, -22.74, -22.30, -21.80, -21.31, -20.73, -20.07, -19.37, -18.60, -17.70, -16.67, -15.42, -13.86, -11.38, -6.23, -0.54, 5.62, 5.62, 7.37, 7.46, 5.90, 3.05, -0.18, -5.23, -11.06, -13.71, -15.31, -16.61, -17.64, -18.56, -19.35, -20.06, -20.71, -21.29, -21.81, -22.28, -22.73, -22.96, -23.41, -23.65, -23.98, -24.40, -24.71, -24.99, -25.26, -25.54, -25.75, -25.98, -26.13, -26.28, -26.46, -26.63, -26.70, -26.78, -26.94, -27.01, -26.91, -26.56, -26.24, -25.80, -25.89, -26.44, -27.12, -27.63, -28.01, -28.30, -28.36, -28.47, -28.54, -28.73, -28.80, -28.69, -28.83, -28.73, -28.46, -27.15, -23.40, -20.06, -17.84, -16.38, -16.38
2026-10-02, 13:06:12, 88000000, 90500000, 19531.25, 18112, -16.76, -17.14, -17.01, -16.10, -15.10, -14.11, -13.99, -14.92, -16.68, -19.72, -24.38, -27.30, -28.00, -28.27, -28.32, -28.30, -28.33, -28.25, -28.22, -28.16, -28.02, -27.81, -27.32, -27.01, -26.46, -26.16, -26.01, -26.19, -26.50, -26.82, -27.09, -27.06, -26.92, -26.80, -26.66, -26.46, -26.33, -26.18, -25.99, -25.77, -25.57, -25.29, -25.01, -24.69, -24.28, -24.01, -23.69, -23.35, -23.04, -22.67, -22.27, -21.81, -21.27, -20.67, -20.04, -19.32, -18.53, -17.59, -16.51, -15.19, -13.50, -10.44, -4.27, 0.94, 5.61, 5.61, 6.46, 6.75, 5.76, 3.87, 1.25, -3.71, -9.97, -13.29, -15.08, -16.40, -17.50, -18.44, -19.25, -19.98, -20.63, -21.26, -21.76, -22.23, -22.69, -22.91, -23.35, -23.67, -23.98, -24.34, -24.67, -24.96, -25.27, -25.47, -25.76, -25.94, -26.10, -26.31, -26.42, -26.60, -26.72, -26.79, -26.96, -26.94, -26.77, -26.51, -26.28, -26.12, -26.17, -26.55, -27.00, -27.50, -27.92, -28.15, -28.31, -28.39, -28.46, -28.67, -28.81, -28.66, -28.78, -28.64, -28.26, -26.16, -22.01, -19.03, -17.45, -16.89, -16.89
2026-10-02, 13:06:13, 88000000, 90500000, 19531.25, 18176, -16.75, -17.04, -16.96, -16.13, -15.09, -14.07, -13.81, -14.68, -16.74, -20.35, -25.48, -27.42, -28.02, -28.20, -28.32, -28.38, -28.35, -28.28, -28.19, -28.14, -28.04, -27.81, -27.44, -26.93, -26.45, -26.17, -26.03, -26.10, -26.51, -26.85, -27.06, -26.97, -26.93, -26.83, -26.64, -26.48, -26.35, -26.18, -25.97, -25.75, -25.60, -25.29, -25.07, -24.74, -24.23, -24.03, -23.66, -23.32, -23.04, -22.71, -22.27, -21.78, -21.27, -20.70, -20.05, -19.33, -18.53, -17.60, -16.51, -15.23, -13.50, -10.64, -4.89, 0.58, 5.54, 5.54, 6.56, 6.77, 6.11, 4.03, 0.76, -5.01, -10.66, -13.44, -15.14, -16.46, -17.54, -18.44, -19.27, -20.01, -20.66, -21.22, -21.75, -22.26, -22.64, -22.95, -23.34, -23.64, -23.97, -24.32, -24.67, -24.96, -25.28, -25.51, -25.71, -25.93, -26.10, -26.31, -26.45, -26.62, -26.69, -26.79, -26.92, -26.97, -26.71, -26.51, -26.32, -26.06, -26.12, -26.39, -26.98, -27.55, -27.92, -28.21, -28.32, -28.43, -28.48, -28.74, -28.76, -28.66, -28.81, -28.63, -28.30, -26.53, -22.41, -19.05, -17.49, -16.87, -16.87
2026-10-02, 13:06:14, 88000000, 90500000, 19531.25, 18176, -16.32, -16.80, -17.41, -16.34, -15.11, -13.64, -13.43, -15.07, -17.28, -20.76, -25.35, -27.52, -28.02, -28.22, -28.37, -28.32, -28.33, -28.27, -28.17, -28.12, -28.03, -27.83, -27.52, -26.94, -26.50, -26.08, -25.79, -26.14, -26.56, -26.87, -27.03, -27.04, -26.92, -26.75, -26.64, -26.46, -26.28, -26.15, -25.96, -25.76, -25.57, -25.26, -25.03, -24.72, -24.29, -24.01, -23.64, -23.35, -23.05, -22.71, -22.26, -21.81, -21.29, -20.69, -20.08, -19.38, -18.55, -17.63, -16.58, -15.31, -13.64, -10.81, -5.23, -0.01, 5.50, 5.50, 6.76, 7.36, 6.06, 3.46, 0.21, -4.96, -10.77, -13.54, -15.20, -16.50, -17.55, -18.48, -19.29, -20.03, -20.66, -21.23, -21.78, -22.26, -22.67, -22.96, -23.34, -23.68, -23.98, -24.37, -24.69, -24.99, -25.29, -25.51, -25.68, -25.97, -26.05, -26.26, -26.42, -26.54, -26.65, -26.80, -26.94, -26.93, -26.79, -26.56, -26.23, -26.01, -25.89, -26.46, -27.06, -27.56, -27.96, -28.18, -28.28, -28.49, -28.47, -28.69, -28.81, -28.67, -28.81, -28.65, -28.30, -26.78, -22.78, -19.57, -17.58, -16.85, -16.85
2026-10-02, 13:06:15, 88000000, 90500000, 19531.25, 18112, -16.24, -17.00, -17.48, -16.54, -14.75, -13.53, -13.68, -15.16, -17.28, -20.45, -24.82, -27.49, -28.08, -28.23, -28.31, -28.30, -28.30, -28.23, -28.17, -28.10, -28.00, -27.80, -27.48, -27.04, -26.48, -25.94, -25.90, -26.19, -26.59, -26.84, -27.01, -27.05, -26.89, -26.77, -26.61, -26.39, -26.36, -26.13, -25.94, -25.73, -25.58, -25.25, -25.05, -24.69, -24.25, -23.98, -23.65, -23.31, -23.01, -22.66, -22.22, -21.76, -21.26, -20.68, -20.00, -19.31, -18.50, -17.61, -16.54, -15.26, -13.61, -10.66, -4.91, 0.06, 5.55, 5.55, 7.13, 7.22, 5.83, 3.44, 0.28, -4.32, -10.47, -13.43, -15.14, -16.42, -17.51, -18.43, -19.26, -19.96, -20.61, -21.22, -21.73, -22.20, -22.66, -22.93, -23.35, -23.64, -23.92, -24.29, -24.65, -24.97, -25.20, -25.51, -25.71, -25.89, -26.06, -26.26, -26.41, -26.54, -26.62, -26.84, -26.91, -26.98, -26.80, -26.55, -26.22, -25.85, -25.88, -26.33, -26.99, -27.53, -27.91, -28.15, -28.30, -28.41, -28.43, -28.66, -28.74, -28.60, -28.71, -28.59, -28.25, -26.55, -22.59, -19.64, -17.83, -16.47, -16.47
2026-10-02, 13:06:16, 88000000, 90500000, 19531.25, 18176, -15.83, -17.10, -18.01, -16.72, -14.42, -13.09, -13.42, -15.38, -17.91, -21.72, -26.14, -27.71, -28.15, -28.33, -28.30, -28.30, -28.37, -28.26, -28.16, -28.15, -28.06, -27.86, -27.62, -27.14, -26.40, -25.83, -25.69, -26.19, -26.67, -26.96, -27.06, -27.03, -26.94, -26.82, -26.68, -26.48, -26.34, -26.19, -26.00, -25.79, -25.59, -25.31, -25.10, -24.78, -24.35, -24.01, -23.67, -23.38, -23.06, -22.75, -22.32, -21.83, -21.35, -20.79, -20.16, -19.44, -18.66, -17.77, -16.78, -15.55, -14.08, -11.96, -7.85, -1.57, 5.78, 5.78, 7.60, 7.62, 5.82, 3.00, -0.66, -6.16, -11.53, -13.85, -15.38, -16.62, -17.68, -18.57, -19.35, -20.06, -20.74, -21.27, -21.81, -22.29, -22.69, -22.96, -23.35, -23.66, -23.97, -24.37, -24.70, -24.95, -25.30, -25.51, -25.74, -25.92, -26.10, -26.28, -26.40, -26.60, -26.66, -26.79, -27.00, -27.10, -26.94, -26.61, -26.15, -25.78, -25.78, -26.40, -27.13, -27.62, -28.03, -28.20, -28.36, -28.52, -28.54, -28.73, -28.81, -28.70, -28.82, -28.73, -28.51, -27.59, -24.62, -20.53, -17.85, -16.10, -16.10
2026-10-02, 13:06:17, 88000000, 90500000, 19531.25, 18176, -16.40, -17.23, -17.37, -16.31, -14.70, -13.66, -13.89, -15.06, -17.07, -20.30, -24.96, -27.43, -28.02, -28.21, -28.33, -28.33, -28.28, -28.24, -28.18, -28.13, -27.97, -27.83, -27.46, -26.99, -26.49, -25.95, -25.92, -26.16, -26.55, -26.85, -27.01, -27.01, -26.92, -26.78, -26.62, -26.51, -26.35, -26.15, -25.96, -25.77, -25.53, -25.30, -25.05, -24.71, -24.30, -24.00, -23.64, -23.34, -23.07, -22.72, -22.27, -21.77, -21.30, -20.71, -20.06, -19.36, -18.56, -17.64, -16.59, -15.33, -13.70, -11.12, -5.66, 0.32, 5.73, 5.73, 7.08, 6.97, 5.76, 3.72, 0.47, -4.37, -10.51, -13.49, -15.18, -16.48, -17.55, -18.48, -19.27, -20.00, -20.67, -21.25, -21.76, -22.27, -22.68, -22.97, -23.34, -23.66, -23.97, -24.32, -24.67, -24.94, -25.25, -25.50, -25.72, -25.96, -26.08, -26.26, -26.42, -26.57, -26.64, -26.82, -26.97, -26.95, -26.82, -26.55, -26.16, -25.84, -26.02, -26.43, -26.99, -27.51, -27.95, -28.25, -28.38, -28.44, -28.52, -28.71, -28.77, -28.68, -28.80, -28.64, -28.34, -26.91, -22.78, -19.61, -17.55, -16.42, -16.42
2026-10-02, 13:06:18, 88000000, 90500000, 19531.25, 18112, -16.76, -17.40, -17.10, -15.97, -14.76, -14.06, -14.24, -15.12, -16.73, -19.22, -23.93, -27.07, -27.96, -28.22, -28.29, -28.31, -28.29, -28.25, -28.15, -28.11, -28.04, -27.78, -27.44, -26.91, -26.36, -26.13, -26.04, -26.23, -26.48, -26.81, -26.91, -26.93, -26.93, -26.79, -26.63, -26.44, -26.33, -26.19, -25.94, -25.76, -25.52, -25.25, -25.03, -24.69, -24.32, -24.01, -23.67, -23.35, -22.98, -22.64, -22.20, -21.73, -21.25, -20.65, -20.01, -19.29, -18.46, -17.57, -16.44, -15.17, -13.46, -10.57, -4.92, 0.83, 5.87, 5.87, 6.69, 6.60, 5.55, 3.82, 1.22, -3.02, -9.17, -13.08, -14.98, -16.35, -17.45, -18.41, -19.22, -19.95, -20.61, -21.21, -21.75, -22.22, -22.63, -22.94, -23.33, -23.66, -24.01, -24.30, -24.64, -24.93, -25.23, -25.49, -25.72, -25.91, -26.11, -26.24, -26.45, -26.56, -26.66, -26.75, -26.91, -26.98, -26.71, -26.50, -26.14, -26.03, -26.12, -26.55, -27.02, -27.51, -27.91, -28.20, -28.30, -28.40, -28.48, -28.68, -28.76, -28.65, -28.77, -28.60, -28.24, -26.52, -22.38, -19.02, -17.24, -16.61, -16.61
2026-10-02, 13:06:19, 88000000, 90500000, 19531.25, 18240, -17.01, -17.39, -16.78, -15.86, -15.03, -14.33, -14.38, -14.98, -16.02, -19.29, -24.76, -27.31, -27.94, -28.14, -28.23, -28.28, -28.27, -28.18, -28.15, -28.10, -27.98, -27.74, -27.39, -26.81, -26.43, -26.19, -26.03, -26.21, -26.41, -26.68, -26.98, -26.95, -26.89, -26.74, -26.60, -26.37, -26.29, -26.08, -25.91, -25.76, -25.50, -25.24, -24.99, -24.64, -24.27, -23.96, -23.65, -23.30, -22.97, -22.60, -22.16, -21.69, -21.20, -20.58, -19.95, -19.22, -18.39, -17.46, -16.37, -15.04, -13.27, -10.43, -4.43, 1.43, 5.64, 5.64, 6.37, 6.39, 5.49, 4.29, 1.89, -3.87, -10.29, -13.19, -14.98, -16.31, -17.43, -18.35, -19.19, -19.92, -20.59, -21.19, -21.73, -22.15, -22.58, -22.91, -23.29, -23.64, -23.91, -24.29, -24.62, -24.92, -25.24, -25.46, -25.65, -25.85, -26.04, -26.26, -26.39, -26.46, -26.65, -26.75, -26.90, -26.90, -26.62, -26.39, -26.20, -26.09, -26.15, -26.46, -26.87, -27.33, -27.91, -28.18, -28.30, -28.44, -28.44, -28.66, -28.73, -28.64, -28.78, -28.54, -28.19, -26.43, -21.79, -18.58, -17.32, -16.86, -16.86
2026-10-02, 13:06:20, 88000000, 90500000, 19531.25, 18176, -16.34, -17.13, -17.56, -16.33, -14.62, -13.58, -13.74, -15.27, -17.25, -20.06, -24.90, -27.42, -27.99, -28.22, -28.33, -28.30, -28.30, -28.24, -28.13, -28.13, -28.03, -27.82, -27.46, -26.98, -26.42, -25.91, -25.91, -26.19, -26.62, -26.85, -27.02, -27.02, -26.90, -26.77, -26.64, -26.48, -26.28, -26.16, -25.92, -25.75, -25.55, -25.30, -25.01, -24.73, -24.29, -24.01, -23.65, -23.33, -23.05, -22.68, -22.27, -21.82, -21.28, -20.67, -20.05, -19.33, -18.53, -17.63, -16.57, -15.31, -13.65, -11.06, -5.76, 0.01, 5.78, 5.78, 7.15, 7.16, 5.68, 3.41, 0.66, -4.44, -10.16, -13.41, -15.15, -16.46, -17.54, -18.45, -19.27, -20.02, -20.66, -21.24, -21.75, -22.26, -22.66, -22.94, -23.30, -23.66, -23.99, -24.33, -24.68, -24.95, -25.26, -25.49, -25.72, -25.91, -26.07, -26.28, -26.40, -26.56, -26.67, -26.77, -26.90, -26.93, -26.81, -26.52, -26.19, -25.86, -25.96, -26.47, -27.00, -27.50, -27.98, -28.18, -28.34, -28.42, -28.48, -28.68, -28.82, -28.65, -28.79, -28.61, -28.36, -26.92, -22.94, -19.76, -17.56, -16.34, -16.34
2026-10-02, 13:06:21, 88000000, 90500000, 19531.25, 18048, -16.13, -17.07, -17.66, -16.49, -14.62, -13.38, -13.61, -15.29, -17.49, -20.42, -25.16, -27.50, -28.06, -28.26, -28.25, -28.31, -28.24, -28.23, -28.16, -28.08, -28.03, -27.84, -27.53, -27.07, -26.38, -25.88, -25.86, -26.18, -26.60, -26.87, -26.96, -26.97, -26.88, -26.76, -26.62, -26.48, -26.33, -26.17, -25.96, -25.73, -25.56, -25.26, -25.03, -24.75, -24.30, -24.00, -23.65, -23.30, -23.07, -22.68, -22.26, -21.80, -21.27, -20.72, -20.07, -19.35, -18.58, -17.66, -16.61, -15.37, -13.75, -11.24, -5.92, -0.44, 5.73, 5.73, 7.33, 7.31, 5.76, 3.29, 0.21, -4.55, -10.68, -13.58, -15.25, -16.53, -17.61, -18.51, -19.31, -20.03, -20.68, -21.25, -21.79, -22.27, -22.69, -22.96, -23.33, -23.66, -23.97, -24.36, -24.63, -24.93, -25.27, -25.51, -25.69, -25.93, -26.08, -26.28, -26.43, -26.56, -26.65, -26.79, -26.93, -27.00, -26.82, -26.62, -26.21, -25.79, -25.91, -26.40, -27.01, -27.55, -27.94, -28.17, -28.30, -28.47, -28.50, -28.68, -28.80, -28.67, -28.77, -28.68, -28.39, -27.08, -23.32, -19.88, -17.68, -16.31, -16.31
2026-10-02, 13:06:22, 88000000, 90500000, 19531.25, 18240, -16.22, -17.19, -17.59, -16.36, -14.49, -13.47, -13.73, -15.17, -17.36, -20.45, -25.44, -27.45, -28.06, -28.19, -28.26, -28.25, -28.25, -28.14, -28.08, -28.07, -27.92, -27.77, -27.48, -26.92, -26.35, -25.93, -25.80, -26.18, -26.53, -26.83, -26.97, -26.93, -26.87, -26.72, -26.58, -26.40, -26.22, -26.09, -25.90, -25.71, -25.50, -25.25, -24.99, -24.69, -24.29, -23.98, -23.60, -23.30, -22.99, -22.62, -22.20, -21.73, -21.23, -20.62, -20.01, -19.33, -18.51, -17.63, -16.56, -15.35, -13.76, -11.36, -6.53, -0.53, 5.88, 5.88, 7.25, 7.20, 5.76, 3.42, 0.38, -4.83, -10.77, -13.53, -15.18, -16.48, -17.51, -18.45, -19.25, -19.96, -20.62, -21.22, -21.73, -22.20, -22.63, -22.88, -23.29, -23.60, -23.91, -24.32, -24.61, -24.90, -25.22, -25.44, -25.68, -25.86, -26.04, -26.27, -26.35, -26.50, -26.60, -26.74, -26.87, -26.95, -26.76, -26.52, -26.11, -25.80, -25.90, -26.42, -26.96, -27.53, -27.94, -28.17, -28.31, -28.42, -28.40, -28.67, -28.74, -28.60, -28.73, -28.61, -28.41, -27.27, -23.61, -19.84, -17.57, -16.23, -16.23
2026-10-02, 13:06:23, 88000000, 90500000, 19531.25, 18176, -16.10, -17.03, -17.55, -16.58, -14.76, -13.40, -13.74, -15.31, -17.27, -20.09, -24.66, -27.25, -28.04, -28.23, -28.31, -28.21, -28.27, -28.21, -28.15, -28.03, -27.99, -27.72, -27.46, -27.06, -26.50, -25.93, -25.76, -26.19, -26.54, -26.79, -26.97, -26.96, -26.87, -26.76, -26.57, -26.44, -26.29, -26.13, -25.89, -25.75, -25.50, -25.21, -25.01, -24.70, -24.31, -23.95, -23.64, -23.31, -23.03, -22.64, -22.24, -21.73, -21.22, -20.67, -20.01, -19.29, -18.51, -17.59, -16.52, -15.23, -13.49, -10.55, -4.59, 0.36, 5.55, 5.55, 7.17, 7.27, 5.71, 3.39, 0.58, -4.21, -9.92, -13.35, -15.12, -16.43, -17.51, -18.44, -19.26, -19.99, -20.61, -21.22, -21.73, -22.22, -22.64, -22.96, -23.31, -23.60, -23.93, -24.34, -24.65, -24.89, -25.26, -25.49, -25.64, -25.86, -26.09, -26.27, -26.38, -26.59, -26.65, -26.73, -26.90, -26.93, -26.69, -26.59, -26.22, -25.83, -25.94, -26.43, -27.03, -27.50, -27.96, -28.24, -28.36, -28.44, -28.46, -28.61, -28.75, -28.61, -28.79, -28.57, -28.22, -26.11, -22.51, -19.74, -17.86, -16.48, -16.48
2026-10-02, 13:06:24, 88000000, 90500000, 19531.25, 18112, -16.77, -17.17, -17.00, -16.07, -14.91, -14.10, -14.10, -14.83, -16.22, -19.91, -25.09, -27.36, -27.99, -28.19, -28.31, -28.30, -28.27, -28.27, -28.14, -28.10, -27.95, -27.78, -27.36, -26.93, -26.42, -26.15, -26.00, -26.10, -26.47, -26.73, -26.99, -27.00, -26.87, -26.72, -26.63, -26.43, -26.32, -26.18, -25.93, -25.72, -25.54, -25.24, -25.01, -24.71, -24.25, -23.99, -23.68, -23.36, -22.99, -22.64, -22.26, -21.76, -21.24, -20.65, -20.02, -19.26, -18.46, -17.55, -16.45, -15.14, -13.36, -10.00, -4.25, 0.80, 5.70, 5.70, 6.60, 6.63, 5.82, 4.29, 1.37, -4.60, -10.56, -13.34, -15.05, -16.38, -17.48, -18.43, -19.24, -19.95, -20.62, -21.21, -21.70, -22.20, -22.62, -22.86, -23.32, -23.63, -23.98, -24.32, -24.66, -24.91, -25.24, -25.49, -25.69, -25.91, -26.07, -26.26, -26.42, -26.55, -26.65, -26.76, -26.89, -26.91, -26.68, -26.43, -26.17, -26.04, -26.07, -26.41, -26.83, -27.51, -27.94, -28.20, -28.33, -28.40, -28.39, -28.68, -28.77, -28.66, -28.71, -28.59, -28.04, -26.13, -21.91, -19.13, -17.46, -16.71, -16.71
2026-10-02, 13:06:25, 88000000, 90500000, 19531.25, 18176, -16.58, -17.16, -17.15, -16.10, -14.86, -13.89, -13.93, -14.96, -16.82, -20.06, -25.23, -27.49, -28.07, -28.28, -28.35, -28.38, -28.28, -28.25, -28.20, -28.13, -28.00, -27.81, -27.43, -27.01, -26.42, -26.08, -25.98, -26.22, -26.54, -26.84, -27.01, -27.04, -26.92, -26.77, -26.64, -26.47, -26.32, -26.11, -25.94, -25.73, -25.52, -25.23, -25.01, -24.69, -24.26, -23.99, -23.65, -23.32, -23.02, -22.65, -22.22, -21.75, -21.23, -20.65, -19.99, -19.28, -18.46, -17.56, -16.50, -15.20, -13.51, -10.69, -5.12, 0.41, 5.75, 5.75, 6.81, 6.84, 5.81, 3.87, 0.86, -4.45, -10.64, -13.44, -15.13, -16.45, -17.53, -18.45, -19.27, -19.99, -20.66, -21.20, -21.72, -22.22, -22.61, -22.90, -23.33, -23.65, -23.97, -24.31, -24.68, -24.96, -25.27, -25.54, -25.72, -25.92, -26.11, -26.28, -26.43, -26.54, -26.69, -26.84, -26.95, -26.96, -26.75, -26.47, -26.16, -25.99, -26.05, -26.44, -26.97, -27.51, -27.97, -28.15, -28.31, -28.43, -28.44, -28.62, -28.74, -28.67, -28.78, -28.64, -28.28, -26.69, -22.45, -19.25, -17.39, -16.63, -16.63
2026-10-02, 13:06:26, 88000000, 90500000, 19531.25, 18176, -16.29, -16.75, -17.09, -16.15, -14.62, -13.58, -13.46, -14.86, -16.88, -19.91, -24.75, -27.19, -27.81, -28.00, -28.10, -28.08, -28.07, -28.03, -27.92, -27.90, -27.76, -27.56, -27.21, -26.75, -26.26, -25.81, -25.72, -25.92, -26.28, -26.64, -26.72, -26.78, -26.66, -26.55, -26.41, -26.24, -26.12, -25.94, -25.72, -25.54, -25.33, -25.04, -24.81, -24.47, -24.03, -23.81, -23.46, -23.11, -22.83, -22.48, -22.05, -21.57, -21.05, -20.48, -19.88, -19.12, -18.34, -17.41, -16.36, -15.06, -13.40, -10.44, -4.74, 0.54, 5.80, 5.80, 7.07, 7.30, 6.08, 3.84, 0.82, -4.05, -10.22, -13.24, -14.94, -16.22, -17.31, -18.26, -19.07, -19.79, -20.44, -20.98, -21.53, -22.02, -22.43, -22.69, -23.12, -23.47, -23.73, -24.12, -24.46, -24.73, -25.03, -25.25, -25.51, -25.70, -25.91, -26.06, -26.18, -26.36, -26.44, -26.57, -26.69, -26.71, -26.56, -26.31, -26.00, -25.81, -25.74, -26.27, -26.78, -27.27, -27.69, -27.95, -28.11, -28.22, -28.21, -28.48, -28.53, -28.48, -28.56, -28.44, -28.05, -26.29, -22.23, -19.23, -17.47, -16.39, -16.39
2026-10-02, 13:06:27, 88000000, 90500000, 19531.25, 18176, -15.76, -16.89, -17.66, -16.47, -14.35, -12.99, -13.23, -14.94, -17.76, -21.96, -26.28, -27.57, -27.96, -28.10, -28.17, -28.12, -28.12, -28.04, -28.02, -27.95, -27.84, -27.69, -27.42, -26.88, -26.17, -25.72, -25.59, -25.91, -26.41, -26.73, -26.91, -26.80, -26.68, -26.61, -26.44, -26.25, -26.12, -25.94, -25.79, -25.54, -25.35, -25.13, -24.88, -24.55, -24.16, -23.82, -23.49, -23.15, -22.86, -22.52, -22.10, -21.66, -21.11, -20.58, -19.93, -19.23, -18.45, -17.56, -16.56, -15.34, -13.88, -11.84, -8.09, -1.25, 6.01, 6.01, 7.59, 7.71, 6.24, 3.33, -0.66, -6.90, -11.46, -13.70, -15.23, -16.45, -17.49, -18.39, -19.19, -19.87, -20.52, -21.11, -21.61, -22.10, -22.48, -22.74, -23.17, -23.48, -23.79, -24.19, -24.51, -24.83, -25.10, -25.34, -25.52, -25.73, -25.93, -26.11, -26.19, -26.39, -26.53, -26.69, -26.77, -26.89, -26.71, -26.44, -26.01, -25.64, -25.69, -26.25, -26.97, -27.48, -27.84, -28.06, -28.18, -28.32, -28.30, -28.54, -28.61, -28.58, -28.71, -28.55, -28.34, -27.62, -24.45, -20.18, -17.59, -16.02, -16.02
2026-10-02, 13:06:28, 88000000, 90500000, 19531.25, 18112, -15.34, -16.57, -17.35, -16.37, -14.19, -12.60, -13.08, -15.11, -17.16, -19.81, -24.12, -26.93, -27.60, -27.85, -27.82, -27.89, -27.90, -27.83, -27.73, -27.73, -27.59, -27.38, -27.06, -26.68, -26.02, -25.45, -25.30, -25.82, -26.19, -26.43, -26.58, -26.55, -26.43, -26.31, -26.16, -26.00, -25.90, -25.70, -25.49, -25.30, -25.10, -24.77, -24.61, -24.26, -23.82, -23.52, -23.16, -22.85, -22.59, -22.23, -21.77, -21.31, -20.80, -20.22, -19.60, -18.88, -18.08, -17.18, -16.13, -14.88, -13.26, -10.70, -5.33, 0.24, 5.89, 5.89, 7.97, 8.06, 6.02, 3.54, 0.62, -3.53, -9.52, -12.84, -14.62, -15.95, -17.03, -17.94, -18.78, -19.51, -20.16, -20.76, -21.29, -21.75, -22.19, -22.43, -22.84, -23.12, -23.51, -23.88, -24.25, -24.52, -24.79, -25.02, -25.26, -25.47, -25.64, -25.79, -25.98, -26.12, -26.24, -26.38, -26.51, -26.59, -26.35, -26.18, -25.80, -25.30, -25.34, -26.09, -26.64, -27.16, -27.60, -27.80, -27.90, -28.03, -27.99, -28.21, -28.30, -28.26, -28.33, -28.20, -27.85, -26.40, -22.71, -19.57, -17.63, -15.85, -15.85
2026-10-02, 13:06:29, 88000000, 90500000, 19531.25, 17984, -15.96, -16.60, -16.51, -15.40, -13.98, -13.22, -13.36, -14.44, -16.08, -18.99, -23.41, -26.43, -27.20, -27.46, -27.53, -27.54, -27.56, -27.52, -27.42, -27.36, -27.28, -27.04, -26.72, -26.09, -25.67, -25.33, -25.25, -25.47, -25.79, -26.04, -26.29, -26.25, -26.14, -26.09, -25.86, -25.73, -25.54, -25.40, -25.22, -25.03, -24.81, -24.58, -24.32, -24.00, -23.59, -23.26, -22.95, -22.62, -22.35, -21.97, -21.57, -21.07, -20.55, -19.97, -19.32, -18.62, -17.82, -16.91, -15.86, -14.56, -12.94, -10.34, -4.55, 1.03, 6.52, 6.52, 7.59, 7.45, 6.32, 4.41, 1.87, -2.98, -8.79, -12.44, -14.31, -15.67, -16.77, -17.71, -18.55, -19.29, -19.94, -20.52, -21.04, -21.52, -21.94, -22.24, -22.61, -22.97, -23.32, -23.62, -23.98, -24.27, -24.54, -24.78, -24.99, -25.22, -25.41, -25.57, -25.72, -25.89, -26.03, -26.10, -26.27, -26.30, -26.05, -25.77, -25.45, -25.26, -25.43, -25.84, -26.28, -26.84, -27.32, -27.54, -27.68, -27.80, -27.79, -28.00, -28.12, -27.98, -28.12, -27.95, -27.67, -26.25, -21.96, -18.52, -16.68, -15.73, -15.73
2026-10-02, 13:06:30, 88000000, 90500000, 19531.25, 18112, -15.77, -16.40, -16.22, -15.27, -13.87, -13.08, -13.13, -14.05, -15.74, -19.40, -24.62, -26.81, -27.35, -27.63, -27.72, -27.75, -27.72, -27.69, -27.59, -27.56, -27.43, -27.22, -26.89, -26.33, -25.76, -25.37, -25.38, -25.57, -25.88, -26.21, -26.46, -26.41, -26.28, -26.16, -26.02, -25.80, -25.69, -25.48, -25.27, -25.10, -24.81, -24.57, -24.28, -24.01, -23.58, -23.29, -22.95, -22.58, -22.27, -21.93, -21.48, -21.02, -20.47, -19.88, -19.22, -18.51, -17.68, -16.76, -15.69, -14.40, -12.79, -10.08, -4.46, 1.35, 6.60, 6.60, 7.75, 7.63, 6.63, 4.87, 1.91, -4.14, -9.77, -12.60, -14.28, -15.60, -16.69, -17.62, -18.44, -19.18, -19.84, -20.42, -20.98, -21.46, -21.90, -22.15, -22.56, -22.87, -23.21, -23.59, -23.96, -24.25, -24.55, -24.78, -25.06, -25.23, -25.44, -25.58, -25.75, -25.91, -26.01, -26.15, -26.31, -26.30, -26.13, -25.83, -25.55, -25.29, -25.37, -25.84, -26.29, -26.85, -27.38, -27.59, -27.68, -27.76, -27.78, -28.04, -28.10, -28.00, -28.03, -27.92, -27.56, -26.03, -21.77, -18.30, -16.63, -15.62, -15.62
2026-10-02, 13:06:31, 88000000, 90500000, 19531.25, 18176, -15.77, -16.41, -16.44, -15.44, -14.00, -13.07, -13.13, -14.20, -16.19, -19.25, -23.99, -26.93, -27.70, -28.02, -28.10, -28.16, -28.20, -28.15, -28.14, -28.05, -27.97, -27.77, -27.33, -26.81, -26.17, -25.76, -25.66, -25.94, -26.28, -26.64, -26.87, -26.85, -26.73, -26.54, -26.42, -26.25, -26.06, -25.86, -25.66, -25.45, -25.17, -24.91, -24.62, -24.28, -23.79, -23.51, -23.18, -22.81, -22.48, -22.09, -21.67, -21.16, -20.63, -20.05, -19.35, -18.64, -17.83, -16.87, -15.78, -14.50, -12.79, -9.94, -4.51, 1.41, 6.51, 6.51, 7.63, 7.74, 6.59, 4.52, 1.57, -3.18, -9.48, -12.61, -14.37, -15.71, -16.81, -17.75, -18.59, -19.31, -19.99, -20.60, -21.13, -21.64, -22.09, -22.36, -22.77, -23.08, -23.46, -23.83, -24.20, -24.49, -24.82, -25.08, -25.33, -25.53, -25.73, -25.94, -26.12, -26.27, -26.38, -26.47, -26.67, -26.68, -26.49, -26.15, -25.86, -25.62, -25.66, -26.06, -26.69, -27.22, -27.62, -27.87, -28.02, -28.09, -28.11, -28.29, -28.36, -28.28, -28.31, -28.12, -27.69, -26.06, -21.66, -18.60, -16.72, -15.76, -15.76
2026-10-02, 13:06:32, 88000000, 90500000, 19531.25, 18112, -15.50, -16.48, -17.07, -15.84, -13.96, -12.75, -12.96, -14.65, -16.86, -20.04, -24.75, -27.18, -27.73, -28.01, -28.09, -28.13, -28.16, -28.11, -28.04, -27.98, -27.93, -27.73, -27.43, -26.86, -26.20, -25.66, -25.48, -25.88, -26.39, -26.72, -26.78, -26.81, -26.64, -26.54, -26.40, -26.21, -26.02, -25.88, -25.65, -25.44, -25.20, -24.92, -24.68, -24.33, -23.86, -23.55, -23.20, -22.88, -22.59, -22.17, -21.75, -21.28, -20.75, -20.18, -19.50, -18.80, -17.99, -17.09, -16.02, -14.79, -13.22, -10.80, -5.45, -0.10, 6.41, 6.41, 7.89, 7.99, 6.42, 3.95, 0.84, -4.23, -10.09, -12.88, -14.57, -15.87, -16.95, -17.88, -18.68, -19.43, -20.08, -20.68, -21.23, -21.70, -22.14, -22.45, -22.86, -23.13, -23.46, -23.90, -24.24, -24.55, -24.84, -25.10, -25.33, -25.55, -25.76, -25.95, -26.10, -26.25, -26.40, -26.53, -26.63, -26.68, -26.60, -26.27, -25.84, -25.48, -25.53, -26.15, -26.73, -27.28, -27.71, -27.89, -28.03, -28.12, -28.09, -28.34, -28.37, -28.29, -28.40, -28.22, -27.92, -26.54, -23.02, -19.37, -17.06, -15.68, -15.68
2026-10-02, 13:06:33, 88000000, 90500000, 19531.25, 18048, -15.80, -16.56, -16.56, -15.49, -13.95, -13.10, -13.24, -14.39, -16.10, -19.30, -24.47, -26.93, -27.54, -27.85, -27.94, -27.96, -28.00, -27.96, -27.91, -27.83, -27.76, -27.58, -27.18, -26.66, -26.05, -25.65, -25.57, -25.82, -26.17, -26.50, -26.71, -26.67, -26.54, -26.40, -26.29, -26.06, -25.93, -25.74, -25.52, -25.34, -25.10, -24.82, -24.55, -24.24, -23.78, -23.49, -23.13, -22.80, -22.48, -22.11, -21.70, -21.17, -20.67, -20.08, -19.40, -18.69, -17.88, -16.94, -15.87, -14.59, -12.97, -10.40, -4.81, 1.04, 6.52, 6.52, 7.67, 7.65, 6.38, 4.50, 1.61, -3.59, -9.87, -12.74, -14.45, -15.75, -16.84, -17.79, -18.62, -19.38, -20.01, -20.63, -21.17, -21.64, -22.08, -22.35, -22.78, -23.12, -23.46, -23.85, -24.17, -24.51, -24.85, -25.06, -25.29, -25.48, -25.67, -25.91, -26.02, -26.22, -26.32, -26.50, -26.60, -26.64, -26.40, -26.11, -25.80, -25.52, -25.62, -26.12, -26.64, -27.16, -27.69, -27.99, -28.01, -28.11, -28.09, -28.31, -28.37, -28.27, -28.38, -28.17, -27.86, -26.38, -22.08, -18.71, -16.80, -15.71, -15.71
2026-10-02, 13:06:34, 88000000, 90500000, 19531.25, 18112, -16.12, -16.46, -16.22, -15.33, -14.09, -13.48, -13.41, -14.26, -15.77, -18.77, -23.69, -26.70, -27.57, -27.78, -27.90, -27.96, -27.95, -27.95, -27.89, -27.83, -27.70, -27.45, -27.05, -26.59, -26.03, -25.73, -25.61, -25.75, -26.13, -26.41, -26.63, -26.67, -26.56, -26.38, -26.30, -26.05, -25.91, -25.71, -25.53, -25.32, -25.03, -24.77, -24.54, -24.13, -23.70, -23.41, -23.08, -22.75, -22.40, -22.01, -21.63, -21.10, -20.55, -19.97, -19.28, -18.57, -17.72, -16.78, -15.67, -14.32, -12.57, -9.11, -3.14, 1.85, 6.51, 6.51, 7.28, 7.32, 6.45, 4.72, 2.08, -2.77, -8.89, -12.47, -14.29, -15.64, -16.75, -17.71, -18.53, -19.32, -19.95, -20.56, -21.08, -21.57, -21.99, -22.31, -22.71, -23.09, -23.39, -23.78, -24.13, -24.40, -24.74, -25.00, -25.22, -25.50, -25.65, -25.85, -26.05, -26.13, -26.29, -26.42, -26.55, -26.57, -26.25, -26.07, -25.69, -25.63, -25.62, -26.05, -26.54, -27.10, -27.59, -27.84, -27.97, -28.08, -28.00, -28.23, -28.29, -28.17, -28.25, -28.05, -27.55, -25.22, -21.14, -18.18, -16.65, -15.95, -15.95
2026-10-02, 13:06:35, 88000000, 90500000, 19531.25, 18112, -15.55, -16.44, -16.81, -15.68, -13.79, -12.81, -13.00, -14.36, -16.56, -19.73, -24.26, -26.90, -27.57, -27.81, -27.94, -27.93, -27.96, -27.92, -27.86, -27.78, -27.71, -27.46, -27.23, -26.61, -25.96, -25.44, -25.43, -25.80, -26.16, -26.52, -26.65, -26.64, -26.49, -26.43, -26.20, -26.06, -25.90, -25.70, -25.48, -25.30, -25.06, -24.75, -24.52, -24.21, -23.77, -23.42, -23.07, -22.75, -22.43, -22.07, -21.62, -21.15, -20.64, -20.05, -19.39, -18.66, -17.87, -16.95, -15.88, -14.63, -12.97, -10.35, -5.26, 0.38, 6.57, 6.57, 7.93, 7.94, 6.56, 4.18, 1.22, -3.84, -9.58, -12.75, -14.43, -15.75, -16.83, -17.78, -18.59, -19.33, -19.99, -20.57, -21.13, -21.60, -21.98, -22.27, -22.74, -23.01, -23.38, -23.77, -24.11, -24.40, -24.76, -25.01, -25.19, -25.44, -25.63, -25.83, -25.98, -26.14, -26.25, -26.41, -26.55, -26.63, -26.37, -26.15, -25.67, -25.34, -25.44, -25.91, -26.59, -27.16, -27.58, -27.79, -27.93, -28.00, -28.00, -28.16, -28.31, -28.16, -28.21, -28.08, -27.75, -26.16, -22.79, -19.09, -16.89, -15.50, -15.50
2026-10-02, 13:06:36, 88000000, 90500000, 19531.25, 18112, -15.11, -16.24, -17.15, -15.96, -13.77, -12.35, -12.72, -14.71, -17.06, -20.10, -24.95, -27.09, -27.62, -27.81, -27.91, -27.93, -27.98, -27.92, -27.90, -27.81, -27.71, -27.52, -27.23, -26.67, -26.02, -25.38, -25.23, -25.74, -26.28, -26.52, -26.66, -26.64, -26.54, -26.40, -26.22, -26.07, -25.92, -25.70, -25.49, -25.27, -25.07, -24.79, -24.54, -24.20, -23.76, -23.43, -23.08, -22.71, -22.46, -22.08, -21.63, -21.16, -20.65, -20.04, -19.39, -18.71, -17.88, -16.96, -15.93, -14.69, -13.11, -10.74, -5.71, -0.10, 6.40, 6.40, 8.29, 8.34, 6.56, 3.71, 0.60, -4.42, -10.25, -12.89, -14.53, -15.81, -16.90, -17.81, -18.63, -19.36, -20.01, -20.59, -21.11, -21.64, -22.05, -22.34, -22.75, -23.05, -23.34, -23.81, -24.15, -24.45, -24.78, -24.98, -25.21, -25.44, -25.64, -25.82, -25.98, -26.16, -26.24, -26.39, -26.53, -26.58, -26.52, -26.19, -25.73, -25.26, -25.33, -25.99, -26.73, -27.24, -27.61, -27.80, -27.97, -28.06, -28.02, -28.24, -28.32, -28.21, -28.25, -28.11, -27.86, -26.71, -22.86, -19.48, -17.16, -15.44, -15.44
2026-10-02, 13:06:37, 88000000, 90500000, 19531.25, 18240, -15.23, -16.35, -16.98, -15.79, -13.90, -12.51, -12.90, -14.68, -16.66, -19.28, -24.42, -26.89, -27.50, -27.76, -27.90, -27.87, -27.94, -27.87, -27.83, -27.79, -27.65, -27.46, -27.17, -26.60, -26.03, -25.46, -25.31, -25.75, -26.22, -26.44, -26.64, -26.63, -26.46, -26.37, -26.25, -26.05, -25.90, -25.70, -25.51, -25.27, -24.99, -24.78, -24.50, -24.19, -23.72, -23.39, -23.05, -22.71, -22.43, -22.06, -21.62, -21.15, -20.62, -20.03, -19.38, -18.65, -17.86, -16.96, -15.89, -14.62, -13.02, -10.50, -4.91, 0.49, 6.36, 6.36, 8.05, 8.21, 6.41, 3.92, 1.35, -3.73, -9.56, -12.65, -14.36, -15.70, -16.78, -17.72, -18.54, -19.27, -19.94, -20.52, -21.06, -21.58, -22.00, -22.30, -22.68, -23.04, -23.31, -23.78, -24.09, -24.40, -24.72, -25.00, -25.20, -25.43, -25.59, -25.81, -26.01, -26.10, -26.25, -26.38, -26.53, -26.58, -26.38, -26.13, -25.71, -25.38, -25.39, -26.05, -26.71, -27.09, -27.54, -27.79, -27.92, -28.02, -28.04, -28.26, -28.29, -28.18, -28.29, -28.13, -27.77, -26.24, -22.35, -19.08, -17.09, -15.61, -15.61
2026-10-02, 13:06:38, 88000000, 90500000, 19531.25, 18240, -14.19, -16.24, -17.79, -16.58, -13.93, -11.42, -12.45, -15.23, -17.94, -21.13, -25.43, -27.17, -27.61, -27.81, -27.92, -27.96, -27.91, -27.88, -27.84, -27.81, -27.67, -27.54, -27.27, -26.83, -26.21, -25.16, -24.91, -25.82, -26.42, -26.60, -26.70, -26.63, -26.50, -26.36, -26.21, -26.03, -25.86, -25.68, -25.51, -25.30, -25.06, -24.79, -24.52, -24.22, -23.79, -23.44, -23.02, -22.69, -22.48, -22.11, -21.68, -21.19, -20.66, -20.10, -19.44, -18.74, -17.93, -17.05, -16.05, -14.84, -13.36, -11.37, -6.74, -1.17, 5.89, 5.89, 8.84, 9.18, 6.23, 2.97, -0.40, -5.67, -10.80, -13.18, -14.72, -15.94, -16.96, -17.84, -18.65, -19.36, -20.01, -20.64, -21.16, -21.63, -22.06, -22.36, -22.74, -23.00, -23.36, -23.81, -24.16, -24.44, -24.76, -25.01, -25.24, -25.45, -25.59, -25.84, -26.00, -26.17, -26.26, -26.45, -26.55, -26.60, -26.50, -26.33, -25.86, -25.08, -25.07, -26.09, -26.82, -27.25, -27.59, -27.86, -27.92, -28.07, -28.04, -28.24, -28.31, -28.26, -28.30, -28.19, -27.96, -27.03, -24.05, -20.29, -17.76, -15.49, -15.49
2026-10-02, 13:06:39, 88000000, 90500000, 19531.25, 18240, -15.26, -16.22, -16.95, -15.88, -13.89, -12.54, -12.80, -14.76, -16.63, -19.26, -24.43, -26.88, -27.53, -27.80, -27.90, -27.90, -27.92, -27.87, -27.81, -27.76, -27.66, -27.47, -27.15, -26.66, -25.97, -25.49, -25.37, -25.74, -26.17, -26.44, -26.57, -26.62, -26.47, -26.36, -26.19, -26.01, -25.84, -25.68, -25.45, -25.27, -25.03, -24.73, -24.47, -24.13, -23.73, -23.42, -23.04, -22.72, -22.41, -22.07, -21.61, -21.14, -20.60, -20.00, -19.36, -18.65, -17.83, -16.91, -15.85, -14.57, -12.96, -10.28, -4.59, 0.77, 6.37, 6.37, 8.03, 8.26, 6.39, 3.93, 1.40, -3.62, -9.90, -12.70, -14.41, -15.74, -16.82, -17.73, -18.55, -19.32, -19.96, -20.54, -21.08, -21.59, -22.02, -22.30, -22.70, -23.00, -23.35, -23.78, -24.13, -24.42, -24.72, -24.97, -25.21, -25.43, -25.60, -25.81, -25.99, -26.13, -26.27, -26.39, -26.50, -26.58, -26.35, -26.20, -25.74, -25.29, -25.27, -26.05, -26.64, -27.13, -27.62, -27.81, -27.92, -28.08, -28.03, -28.23, -28.25, -28.21, -28.26, -28.10, -27.71, -26.11, -22.05, -19.14, -17.12, -15.63, -15.63
2026-10-02, 13:06:40, 88000000, 90500000, 19531.25, 18176, -15.53, -16.50, -16.78, -15.46, -13.80, -12.77, -13.09, -14.45, -16.66, -19.66, -23.97, -26.82, -27.56, -27.82, -27.91, -27.91, -27.97, -27.90, -27.81, -27.73, -27.68, -27.49, -27.12, -26.53, -25.90, -25.47, -25.42, -25.75, -26.12, -26.43, -26.60, -26.61, -26.43, -26.31, -26.18, -26.01, -25.84, -25.67, -25.48, -25.22, -24.99, -24.72, -24.47, -24.14, -23.69, -23.38, -23.05, -22.68, -22.37, -22.00, -21.59, -21.08, -20.57, -19.98, -19.31, -18.57, -17.78, -16.86, -15.79, -14.53, -12.93, -10.52, -5.35, 0.59, 6.69, 6.69, 7.96, 7.86, 6.47, 4.08, 1.17, -3.37, -9.66, -12.67, -14.41, -15.73, -16.83, -17.75, -18.56, -19.29, -19.95, -20.56, -21.08, -21.57, -21.99, -22.27, -22.71, -23.00, -23.32, -23.72, -24.11, -24.38, -24.72, -24.93, -25.21, -25.40, -25.61, -25.78, -25.90, -26.12, -26.26, -26.35, -26.52, -26.56, -26.33, -26.09, -25.62, -25.31, -25.47, -26.04, -26.67, -27.13, -27.55, -27.80, -27.89, -27.97, -27.99, -28.20, -28.27, -28.19, -28.23, -28.08, -27.79, -26.53, -22.45, -18.97, -16.62, -15.55, -15.55
2026-10-02, 13:06:41, 88000000, 90500000, 19531.25, 18176, -15.36, -16.30, -16.92, -15.58, -13.90, -12.63, -12.76, -14.37, -16.71, -20.38, -25.05, -27.02, -27.57, -27.78, -27.93, -27.92, -27.92, -27.91, -27.83, -27.76, -27.64, -27.53, -27.17, -26.61, -25.92, -25.46, -25.26, -25.71, -26.13, -26.49, -26.66, -26.63, -26.49, -26.32, -26.21, -26.05, -25.85, -25.68, -25.48, -25.21, -25.01, -24.71, -24.49, -24.16, -23.70, -23.37, -23.06, -22.72, -22.39, -22.07, -21.62, -21.12, -20.58, -19.99, -19.35, -18.64, -17.83, -16.94, -15.88, -14.62, -13.04, -10.67, -5.56, 0.05, 6.61, 6.61, 7.93, 8.22, 6.63, 4.20, 0.80, -5.11, -10.32, -12.90, -14.55, -15.81, -16.87, -17.79, -18.61, -19.31, -19.97, -20.58, -21.11, -21.61, -22.01, -22.30, -22.69, -23.00, -23.37, -23.74, -24.12, -24.44, -24.78, -25.01, -25.21, -25.43, -25.61, -25.78, -25.96, -26.14, -26.24, -26.42, -26.54, -26.56, -26.40, -26.11, -25.70, -25.32, -25.35, -25.98, -26.62, -27.27, -27.64, -27.89, -27.93, -28.05, -28.07, -28.20, -28.32, -28.22, -28.27, -28.13, -27.85, -26.67, -22.98, -19.33, -16.75, -15.61, -15.61
2026-10-02, 13:06:42, 88000000, 90500000, 19531.25, 18304, -15.51, -16.31, -16.75, -15.65, -13.87, -12.76, -12.90, -14.35, -16.53, -19.55, -24.71, -27.00, -27.53, -27.77, -27.83, -27.92, -27.90, -27.88, -27.87, -27.77, -27.68, -27.51, -27.15, -26.59, -25.99, -25.39, -25.35, -25.71, -26.14, -26.40, -26.62, -26.59, -26.46, -26.38, -26.19, -25.98, -25.84, -25.66, -25.45, -25.24, -24.99, -24.73, -24.47, -24.12, -23.66, -23.38, -23.04, -22.66, -22.38, -22.03, -21.58, -21.09, -20.57, -19.98, -19.32, -18.61, -17.78, -16.89, -15.82, -14.56, -12.99, -10.42, -4.97, 0.48, 6.49, 6.49, 7.98, 7.95, 6.62, 4.23, 1.31, -3.94, -10.06, -12.73, -14.39, -15.69, -16.79, -17.69, -18.52, -19.26, -19.89, -20.50, -21.03, -21.52, -21.96, -22.26, -22.64, -22.98, -23.34, -23.72, -24.06, -24.39, -24.71, -24.93, -25.22, -25.39, -25.57, -25.76, -25.94, -26.10, -26.21, -26.31, -26.50, -26.50, -26.36, -26.12, -25.69, -25.35, -25.40, -25.97, -26.58, -27.13, -27.57, -27.77, -27.90, -28.00, -27.98, -28.16, -28.25, -28.14, -28.25, -28.08, -27.78, -26.35, -22.38, -19.05, -16.89, -15.59, -15.59
2026-10-02, 13:06:43, 88000000, 90500000, 19531.25, 18176, -14.49, -16.13, -17.74, -16.52, -13.78, -11.74, -12.41, -15.20, -17.67, -20.94, -25.25, -27.11, -27.63, -27.78, -27.89, -27.90, -27.93, -27.89, -27.77, -27.76, -27.66, -27.50, -27.23, -26.73, -26.10, -25.19, -25.00, -25.77, -26.27, -26.57, -26.65, -26.60, -26.43, -26.33, -26.17, -25.98, -25.83, -25.66, -25.44, -25.23, -24.99, -24.71, -24.45, -24.14, -23.70, -23.39, -22.95, -22.69, -22.41, -22.05, -21.63, -21.12, -20.59, -20.01, -19.36, -18.65, -17.87, -16.98, -15.95, -14.74, -13.20, -10.94, -6.17, -0.82, 6.09, 6.09, 8.68, 8.94, 6.33, 3.17, -0.28, -4.99, -10.49, -13.02, -14.57, -15.80, -16.87, -17.77, -18.57, -19.28, -19.96, -20.54, -21.07, -21.55, -22.02, -22.28, -22.66, -22.94, -23.30, -23.71, -24.12, -24.36, -24.71, -24.94, -25.17, -25.35, -25.57, -25.79, -25.90, -26.10, -26.23, -26.36, -26.50, -26.56, -26.47, -26.24, -25.75, -25.15, -25.03, -26.08, -26.74, -27.20, -27.56, -27.76, -27.89, -27.96, -27.95, -28.22, -28.24, -28.17, -28.26, -28.14, -27.90, -26.72, -23.37, -20.18, -17.70, -15.39, -15.39
2026-10-02, 13:06:44, 88000000, 90500000, 19531.25, 18240, -15.00, -16.15, -17.14, -16.17, -13.81, -12.25, -12.54, -14.69, -17.17, -20.55, -25.20, -27.08, -27.56, -27.82, -27.92, -27.91, -27.88, -27.84, -27.80, -27.76, -27.63, -27.50, -27.13, -26.73, -26.04, -25.35, -25.22, -25.67, -26.25, -26.53, -26.65, -26.60, -26.48, -26.36, -26.25, -25.99, -25.85, -25.67, -25.49, -25.23, -25.00, -24.75, -24.50, -24.17, -23.74, -23.39, -23.01, -22.68, -22.40, -22.03, -21.63, -21.13, -20.59, -20.01, -19.37, -18.63, -17.87, -16.97, -15.93, -14.68, -13.12, -10.78, -6.26, 0.06, 6.27, 6.27, 8.30, 8.51, 6.57, 3.77, 0.31, -4.84, -10.56, -12.99, -14.56, -15.82, -16.86, -17.78, -18.58, -19.32, -19.96, -20.57, -21.08, -21.59, -22.02, -22.30, -22.69, -22.99, -23.32, -23.76, -24.11, -24.40, -24.71, -24.96, -25.21, -25.42, -25.58, -25.78, -25.95, -26.10, -26.23, -26.38, -26.52, -26.58, -26.40, -26.24, -25.75, -25.21, -25.23, -25.94, -26.71, -27.17, -27.58, -27.80, -27.93, -28.02, -28.02, -28.20, -28.30, -28.18, -28.25, -28.15, -27.89, -26.84, -23.02, -19.51, -17.38, -15.48, -15.48
2026-10-02, 13:06:45, 88000000, 90500000, 19531.25, 18176, -15.15, -16.23, -16.97, -15.98, -14.02, -12.43, -12.86, -14.63, -16.78, -19.49, -23.79, -26.65, -27.53, -27.76, -27.90, -27.91, -27.95, -27.90, -27.77, -27.72, -27.65, -27.42, -27.11, -26.71, -26.12, -25.44, -25.26, -25.77, -26.22, -26.47, -26.59, -26.62, -26.48, -26.40, -26.24, -26.06, -25.90, -25.68, -25.51, -25.24, -25.05, -24.79, -24.53, -24.17, -23.79, -23.44, -23.05, -22.72, -22.44, -22.05, -21.61, -21.15, -20.61, -20.01, -19.40, -18.66, -17.83, -16.93, -15.84, -14.57, -12.79, -9.35, -3.97, 0.67, 6.27, 6.27, 8.01, 8.27, 6.40, 3.98, 1.14, -3.41, -9.13, -12.54, -14.37, -15.73, -16.80, -17.75, -18.59, -19.31, -19.97, -20.56, -21.13, -21.60, -22.04, -22.33, -22.74, -23.05, -23.39, -23.77, -24.11, -24.43, -24.76, -24.98, -25.22, -25.45, -25.61, -25.85, -25.99, -26.12, -26.26, -26.41, -26.57, -26.57, -26.42, -26.19, -25.76, -25.35, -25.36, -26.04, -26.67, -27.12, -27.61, -27.82, -27.98, -28.10, -28.09, -28.24, -28.30, -28.20, -28.28, -28.12, -27.59, -25.57, -21.97, -19.28, -17.25, -15.75, -15.75
2026-10-02, 13:06:46, 88000000, 90500000, 19531.25, 18176, -15.37, -16.39, -17.02, -15.71, -13.70, -12.62, -12.88, -14.59, -16.82, -19.79, -24.60, -27.00, -27.60, -27.85, -27.95, -27.95, -27.89, -27.88, -27.88, -27.77, -27.73, -27.47, -27.20, -26.66, -25.97, -25.47, -25.36, -25.71, -26.21, -26.50, -26.61, -26.63, -26.50, -26.39, -26.21, -26.05, -25.86, -25.71, -25.52, -25.28, -25.04, -24.74, -24.52, -24.19, -23.78, -23.42, -23.07, -22.72, -22.41, -22.06, -21.62, -21.15, -20.62, -20.03, -19.36, -18.64, -17.86, -16.92, -15.89, -14.62, -13.02, -10.24, -5.36, -0.02, 6.58, 6.58, 8.13, 8.09, 6.55, 3.87, 0.96, -3.94, -10.05, -12.80, -14.46, -15.75, -16.84, -17.75, -18.58, -19.32, -19.95, -20.55, -21.10, -21.60, -22.02, -22.34, -22.71, -22.99, -23.37, -23.75, -24.10, -24.38, -24.72, -24.96, -25.21, -25.43, -25.61, -25.81, -25.97, -26.15, -26.25, -26.37, -26.52, -26.58, -26.45, -26.08, -25.66, -25.33, -25.38, -25.99, -26.67, -27.13, -27.59, -27.80, -27.90, -28.05, -28.07, -28.19, -28.23, -28.15, -28.23, -28.06, -27.67, -26.33, -22.96, -19.32, -16.91, -15.42, -15.42
2026-10-02, 13:06:47, 88000000, 90500000, 19531.25, 18176, -15.25, -16.35, -17.03, -15.72, -13.84, -12.52, -12.85, -14.68, -16.73, -19.86, -24.45, -26.96, -27.58, -27.82, -27.92, -27.92, -27.95, -27.89, -27.81, -27.76, -27.66, -27.54, -27.14, -26.52, -26.01, -25.44, -25.34, -25.72, -26.22, -26.46, -26.57, -26.59, -26.47, -26.33, -26.21, -26.02, -25.86, -25.67, -25.47, -25.25, -25.00, -24.74, -24.46, -24.15, -23.80, -23.39, -23.03, -22.72, -22.40, -22.04, -21.60, -21.13, -20.61, -20.01, -19.38, -18.63, -17.84, -16.94, -15.89, -14.67, -13.08, -10.71, -5.70, 0.20, 6.47, 6.47, 8.09, 8.14, 6.53, 3.84, 1.14, -4.09, -9.88, -12.79, -14.44, -15.71, -16.83, -17.73, -18.56, -19.30, -19.94, -20.54, -21.08, -21.56, -22.00, -22.32, -22.67, -22.97, -23.32, -23.74, -24.09, -24.41, -24.72, -24.96, -25.22, -25.44, -25.61, -25.77, -25.96, -26.10, -26.21, -26.36, -26.51, -26.55, -26.41, -26.12, -25.75, -25.32, -25.36, -26.00, -26.65, -27.13, -27.61, -27.78, -27.96, -28.00, -28.05, -28.22, -28.32, -28.18, -28.29, -28.13, -27.84, -26.58, -22.90, -19.18, -16.95, -15.56, -15.56
2026-10-02, 13:06:48, 88000000, 90500000, 19531.25, 18176, -15.36, -16.31, -17.04, -15.75, -13.84, -12.59, -12.82, -14.57, -16.82, -19.77, -24.66, -27.04, -27.62, -27.86, -27.94, -27.97, -27.91, -27.88, -27.81, -27.81, -27.75, -27.52, -27.21, -26.65, -26.02, -25.47, -25.33, -25.77, -26.22, -26.48, -26.66, -26.64, -26.53, -26.41, -26.20, -26.06, -25.87, -25.75, -25.53, -25.29, -25.06, -24.78, -24.53, -24.22, -23.78, -23.48, -23.12, -22.77, -22.46, -22.11, -21.63, -21.19, -20.63, -20.06, -19.42, -18.70, -17.90, -16.99, -15.94, -14.70, -13.12, -10.75, -5.74, 0.24, 6.52, 6.52, 8.10, 8.13, 6.55, 3.94, 0.85, -3.92, -10.08, -12.84, -14.48, -15.80, -16.86, -17.80, -18.60, -19.31, -20.00, -20.58, -21.11, -21.61, -22.05, -22.34, -22.74, -23.03, -23.41, -23.82, -24.13, -24.46, -24.71, -24.98, -25.22, -25.46, -25.65, -25.80, -26.00, -26.12, -26.26, -26.41, -26.63, -26.64, -26.39, -26.20, -25.71, -25.33, -25.41, -26.01, -26.67, -27.17, -27.60, -27.85, -27.95, -28.08, -28.07, -28.23, -28.31, -28.18, -28.28, -28.10, -27.82, -26.69, -22.63, -19.34, -16.95, -15.52, -15.52
2026-10-02, 13:06:49, 88000000, 90500000, 19531.25, 18240, -14.58, -16.23, -17.65, -16.45, -13.80, -11.81, -12.55, -14.91, -17.73, -20.93, -25.41, -27.14, -27.66, -27.86, -27.96, -27.98, -27.95, -27.98, -27.86, -27.80, -27.71, -27.53, -27.23, -26.83, -26.09, -25.24, -25.08, -25.72, -26.34, -26.58, -26.72, -26.66, -26.54, -26.41, -26.23, -26.03, -25.88, -25.69, -25.50, -25.31, -25.07, -24.81, -24.53, -24.23, -23.82, -23.44, -23.02, -22.72, -22.46, -22.09, -21.68, -21.18, -20.68, -20.07, -19.44, -18.71, -17.92, -17.03, -16.01, -14.79, -13.29, -11.04, -6.52, -0.95, 6.19, 6.19, 8.63, 8.74, 6.52, 3.21, -0.19, -5.37, -10.49, -13.03, -14.60, -15.87, -16.91, -17.82, -18.65, -19.36, -20.01, -20.60, -21.13, -21.59, -22.06, -22.36, -22.71, -22.97, -23.35, -23.80, -24.15, -24.42, -24.73, -24.96, -25.21, -25.44, -25.58, -25.83, -25.98, -26.16, -26.28, -26.42, -26.54, -26.60, -26.59, -26.33, -25.78, -25.11, -25.22, -26.03, -26.74, -27.30, -27.61, -27.81, -27.94, -27.97, -28.07, -28.26, -28.32, -28.19, -28.30, -28.16, -27.92, -26.81, -23.58, -20.27, -17.61, -15.39, -15.39
2026-10-02, 13:06:50, 88000000, 90500000, 19531.25, 18176, -15.07, -16.24, -17.25, -16.12, -13.70, -12.32, -12.61, -14.71, -17.09, -20.48, -24.97, -27.01, -27.59, -27.84, -27.89, -27.96, -27.92, -27.86, -27.82, -27.80, -27.71, -27.53, -27.23, -26.75, -26.01, -25.38, -25.20, -25.74, -26.29, -26.49, -26.69, -26.64, -26.50, -26.40, -26.22, -26.04, -25.91, -25.69, -25.50, -25.30, -25.07, -24.78, -24.48, -24.22, -23.80, -23.44, -23.07, -22.71, -22.43, -22.08, -21.67, -21.17, -20.66, -20.07, -19.42, -18.70, -17.89, -17.00, -15.98, -14.75, -13.19, -10.83, -5.81, -0.16, 6.36, 6.36, 8.33, 8.46, 6.49, 3.77, 0.44, -4.73, -10.13, -12.94, -14.56, -15.84, -16.89, -17.81, -18.60, -19.33, -19.99, -20.58, -21.12, -21.58, -22.06, -22.33, -22.71, -23.01, -23.40, -23.80, -24.13, -24.44, -24.70, -24.98, -25.23, -25.43, -25.60, -25.83, -25.96, -26.15, -26.25, -26.41, -26.55, -26.66, -26.43, -26.22, -25.74, -25.28, -25.20, -26.08, -26.73, -27.30, -27.62, -27.87, -27.99, -28.08, -28.04, -28.26, -28.30, -28.19, -28.28, -28.12, -27.87, -26.56, -23.13, -19.72, -17.30, -15.35, -15.35
2026-10-02, 13:06:51, 88000000, 90500000, 19531.25, 18176, -15.27, -16.37, -17.01, -15.67, -13.96, -12.54, -12.93, -14.71, -16.77, -19.34, -24.04, -26.90, -27.52, -27.82, -27.91, -27.92, -27.93, -27.90, -27.87, -27.77, -27.66, -27.50, -27.11, -26.63, -26.06, -25.41, -25.35, -25.81, -26.22, -26.43, -26.62, -26.61, -26.50, -26.40, -26.22, -26.07, -25.89, -25.70, -25.51, -25.28, -25.04, -24.78, -24.49, -24.19, -23.73, -23.46, -23.03, -22.75, -22.44, -22.05, -21.65, -21.14, -20.65, -20.03, -19.37, -18.67, -17.86, -16.94, -15.88, -14.61, -13.03, -10.51, -5.05, 0.59, 6.42, 6.42, 8.00, 8.16, 6.39, 3.90, 1.22, -3.22, -9.60, -12.69, -14.40, -15.74, -16.82, -17.76, -18.57, -19.32, -19.98, -20.55, -21.10, -21.56, -22.02, -22.33, -22.73, -23.00, -23.36, -23.77, -24.13, -24.42, -24.71, -24.97, -25.18, -25.40, -25.62, -25.79, -25.95, -26.14, -26.25, -26.43, -26.56, -26.58, -26.45, -26.08, -25.65, -25.35, -25.37, -25.99, -26.65, -27.22, -27.56, -27.83, -27.91, -28.03, -28.03, -28.19, -28.28, -28.12, -28.23, -28.11, -27.76, -26.32, -22.36, -19.16, -16.88, -15.71, -15.71
2026-10-02, 13:06:52, 88000000, 90500000, 19531.25, 18176, -15.57, -16.43, -16.80, -15.47, -13.91, -12.83, -12.96, -14.31, -16.41, -19.84, -24.59, -26.91, -27.57, -27.78, -27.90, -27.94, -27.92, -27.87, -27.85, -27.76, -27.70, -27.50, -27.20, -26.61, -25.99, -25.50, -25.43, -25.73, -26.19, -26.48, -26.66, -26.66, -26.49, -26.40, -26.21, -26.05, -25.91, -25.69, -25.51, -25.27, -25.06, -24.78, -24.51, -24.19, -23.72, -23.48, -23.08, -22.75, -22.42, -22.08, -21.64, -21.17, -20.63, -20.06, -19.38, -18.67, -17.85, -16.99, -15.91, -14.67, -13.07, -10.75, -5.64, 0.05, 6.62, 6.62, 7.88, 7.91, 6.64, 4.33, 1.20, -4.07, -10.04, -12.80, -14.48, -15.77, -16.84, -17.76, -18.59, -19.31, -19.98, -20.61, -21.12, -21.60, -22.01, -22.34, -22.70, -23.04, -23.38, -23.77, -24.12, -24.45, -24.78, -25.01, -25.22, -25.43, -25.62, -25.83, -25.96, -26.10, -26.27, -26.43, -26.56, -26.62, -26.45, -26.12, -25.72, -25.31, -25.42, -25.99, -26.60, -27.19, -27.63, -27.84, -27.97, -28.06, -28.03, -28.24, -28.27, -28.15, -28.23, -28.12, -27.86, -26.63, -22.88, -19.17, -16.68, -15.64, -15.64
2026-10-02, 13:06:53, 88000000, 90500000, 19531.25, 18112, -15.51, -16.43, -16.73, -15.78, -13.75, -12.76, -13.05, -14.39, -16.65, -19.47, -24.56, -26.91, -27.56, -27.80, -27.91, -27.93, -27.96, -27.91, -27.85, -27.82, -27.68, -27.47, -27.17, -26.60, -26.06, -25.45, -25.37, -25.78, -26.18, -26.51, -26.64, -26.67, -26.55, -26.41, -26.22, -26.04, -25.90, -25.70, -25.49, -25.26, -25.05, -24.76, -24.54, -24.17, -23.77, -23.40, -23.08, -22.76, -22.43, -22.06, -21.62, -21.15, -20.62, -20.03, -19.39, -18.64, -17.85, -16.92, -15.87, -14.61, -12.91, -10.18, -4.72, 0.61, 6.47, 6.47, 8.03, 7.89, 6.51, 4.24, 1.12, -3.72, -9.81, -12.74, -14.44, -15.73, -16.83, -17.76, -18.58, -19.30, -19.98, -20.56, -21.11, -21.59, -22.03, -22.32, -22.72, -23.03, -23.39, -23.76, -24.10, -24.42, -24.76, -24.98, -25.20, -25.47, -25.61, -25.82, -25.99, -26.17, -26.25, -26.42, -26.49, -26.61, -26.40, -26.10, -25.68, -25.26, -25.47, -25.99, -26.62, -27.22, -27.61, -27.86, -27.92, -28.05, -28.06, -28.20, -28.27, -28.17, -28.29, -28.07, -27.66, -26.08, -22.38, -18.95, -17.05, -15.48, -15.48
2026-10-02, 13:06:54, 88000000, 90500000, 19531.25, 18176, -14.86, -16.21, -17.53, -16.17, -13.67, -12.08, -12.53, -14.77, -17.70, -21.03, -25.31, -27.11, -27.62, -27.85, -27.94, -27.96, -27.93, -27.93, -27.82, -27.79, -27.69, -27.55, -27.28, -26.78, -26.05, -25.28, -25.16, -25.69, -26.29, -26.60, -26.66, -26.63, -26.48, -26.37, -26.25, -26.01, -25.90, -25.69, -25.47, -25.27, -25.03, -24.74, -24.51, -24.17, -23.74, -23.43, -23.00, -22.75, -22.43, -22.05, -21.61, -21.15, -20.60, -20.03, -19.39, -18.68, -17.88, -16.98, -15.95, -14.74, -13.25, -10.96, -6.68, -0.96, 6.53, 6.53, 8.47, 8.60, 6.58, 3.46, -0.26, -5.41, -10.44, -13.08, -14.63, -15.90, -16.93, -17.85, -18.61, -19.36, -20.01, -20.58, -21.13, -21.61, -22.04, -22.35, -22.73, -22.96, -23.38, -23.79, -24.15, -24.40, -24.75, -25.00, -25.24, -25.41, -25.61, -25.80, -26.00, -26.13, -26.22, -26.36, -26.56, -26.63, -26.44, -26.20, -25.69, -25.18, -25.18, -25.98, -26.78, -27.28, -27.66, -27.81, -27.96, -28.08, -28.01, -28.24, -28.26, -28.19, -28.30, -28.13, -27.91, -26.87, -23.82, -20.22, -17.18, -15.32, -15.32
2026-10-02, 13:06:55, 88000000, 90500000, 19531.25, 18176, -15.09, -16.23, -17.18, -16.03, -13.80, -12.34, -12.57, -14.51, -17.35, -20.91, -25.59, -27.14, -27.68, -27.84, -27.94, -27.98, -27.95, -27.90, -27.89, -27.78, -27.69, -27.52, -27.22, -26.72, -26.06, -25.39, -25.21, -25.77, -26.27, -26.57, -26.70, -26.68, -26.52, -26.40, -26.26, -26.09, -25.92, -25.69, -25.49, -25.29, -25.06, -24.78, -24.54, -24.17, -23.74, -23.40, -23.01, -22.71, -22.40, -22.06, -21.64, -21.14, -20.60, -20.02, -19.38, -18.66, -17.87, -16.96, -15.95, -14.70, -13.18, -10.99, -6.54, -0.64, 6.37, 6.37, 8.25, 8.44, 6.70, 3.75, 0.15, -5.70, -10.57, -13.00, -14.57, -15.82, -16.87, -17.77, -18.58, -19.32, -19.96, -20.57, -21.09, -21.58, -22.02, -22.32, -22.70, -23.00, -23.41, -23.77, -24.11, -24.43, -24.78, -24.98, -25.22, -25.46, -25.62, -25.86, -26.01, -26.18, -26.24, -26.38, -26.57, -26.65, -26.52, -26.20, -25.73, -25.28, -25.29, -25.95, -26.75, -27.28, -27.64, -27.81, -27.95, -28.07, -28.08, -28.22, -28.32, -28.21, -28.28, -28.18, -27.94, -26.89, -23.63, -19.73, -17.20, -15.45, -15.45
2026-10-02, 13:06:56, 88000000, 90500000, 19531.25, 18112, -15.78, -16.41, -16.85, -15.79, -14.15, -13.07, -13.10, -14.58, -16.60, -19.34, -24.39, -27.06, -27.74, -28.02, -28.16, -28.20, -28.18, -28.14, -28.10, -28.06, -27.97, -27.73, -27.40, -26.88, -26.23, -25.80, -25.62, -26.02, -26.39, -26.70, -26.84, -26.89, -26.76, -26.62, -26.46, -26.30, -26.12, -25.93, -25.71, -25.52, -25.29, -24.96, -24.72, -24.39, -23.96, -23.64, -23.28, -22.94, -22.61, -22.24, -21.81, -21.34, -20.77, -20.20, -19.54, -18.82, -18.00, -17.08, -15.98, -14.70, -13.02, -9.89, -3.78, 0.58, 6.35, 6.35, 7.58, 7.76, 6.34, 4.14, 1.31, -3.50, -9.58, -12.76, -14.55, -15.88, -16.96, -17.89, -18.74, -19.47, -20.13, -20.73, -21.27, -21.78, -22.23, -22.50, -22.91, -23.23, -23.54, -23.97, -24.33, -24.64, -24.92, -25.18, -25.44, -25.62, -25.83, -26.04, -26.15, -26.34, -26.47, -26.57, -26.71, -26.76, -26.66, -26.30, -25.89, -25.65, -25.71, -26.20, -26.79, -27.29, -27.74, -27.98, -28.12, -28.18, -28.20, -28.45, -28.50, -28.34, -28.41, -28.24, -27.80, -25.68, -22.06, -19.03, -17.04, -15.91, -15.91
2026-10-02, 13:06:57, 88000000, 90500000, 19531.25, 18176, -15.27, -16.28, -16.86, -15.70, -13.66, -12.55, -12.82, -14.29, -16.76, -19.72, -24.40, -26.98, -27.61, -27.86, -27.95, -28.01, -27.98, -27.97, -27.91, -27.85, -27.78, -27.58, -27.23, -26.75, -26.04, -25.46, -25.38, -25.73, -26.25, -26.51, -26.69, -26.67, -26.55, -26.41, -26.26, -26.10, -25.90, -25.72, -25.51, -25.26, -25.05, -24.76, -24.48, -24.16, -23.72, -23.40, -23.02, -22.69, -22.34, -22.02, -21.58, -21.09, -20.55, -19.98, -19.31, -18.57, -17.77, -16.87, -15.79, -14.51, -12.86, -9.74, -4.69, 0.32, 6.70, 6.70, 8.13, 8.14, 6.71, 4.14, 1.07, -4.01, -9.78, -12.70, -14.38, -15.70, -16.78, -17.68, -18.50, -19.25, -19.89, -20.50, -21.03, -21.53, -21.96, -22.26, -22.64, -22.98, -23.31, -23.74, -24.06, -24.39, -24.65, -24.92, -25.18, -25.41, -25.57, -25.74, -25.93, -26.13, -26.23, -26.32, -26.49, -26.58, -26.39, -26.16, -25.66, -25.30, -25.40, -25.96, -26.65, -27.13, -27.52, -27.75, -27.89, -28.00, -28.05, -28.22, -28.24, -28.11, -28.21, -28.01, -27.55, -25.96, -22.50, -19.33, -16.89, -15.40, -15.40
2026-10-02, 13:06:58, 88000000, 90500000, 19531.25, 18176, -15.39, -16.28, -16.57, -15.66, -13.85, -12.64, -12.78, -14.25, -16.57, -20.08, -25.09, -27.08, -27.66, -27.85, -28.01, -28.05, -28.03, -28.02, -27.95, -27.91, -27.84, -27.66, -27.25, -26.69, -26.07, -25.55, -25.40, -25.72, -26.24, -26.57, -26.72, -26.75, -26.57, -26.45, -26.28, -26.10, -25.92, -25.73, -25.51, -25.32, -25.03, -24.80, -24.50, -24.19, -23.76, -23.40, -23.02, -22.73, -22.41, -22.03, -21.59, -21.12, -20.57, -19.98, -19.34, -18.62, -17.82, -16.90, -15.84, -14.61, -13.05, -10.84, -6.07, 0.61, 6.51, 6.51, 8.00, 8.11, 6.77, 4.38, 0.91, -4.71, -10.32, -12.83, -14.46, -15.74, -16.78, -17.73, -18.53, -19.27, -19.96, -20.53, -21.07, -21.54, -22.00, -22.28, -22.65, -23.01, -23.33, -23.74, -24.12, -24.38, -24.73, -24.96, -25.22, -25.46, -25.59, -25.86, -26.00, -26.12, -26.25, -26.40, -26.52, -26.64, -26.40, -26.08, -25.72, -25.39, -25.42, -25.90, -26.61, -27.24, -27.63, -27.85, -27.92, -27.99, -28.00, -28.21, -28.25, -28.13, -28.23, -28.06, -27.78, -26.74, -22.79, -18.80, -16.87, -15.57, -15.57
2026-10-02, 13:06:59, 88000000, 90500000, 19531.25, 18176, -15.29, -16.35, -17.12, -15.89, -14.02, -12.55, -12.81, -14.68, -17.12, -19.98, -24.87, -27.22, -27.84, -28.08, -28.16, -28.25, -28.22, -28.24, -28.16, -28.11, -28.01, -27.83, -27.48, -26.96, -26.23, -25.71, -25.43, -25.94, -26.49, -26.79, -26.92, -26.89, -26.78, -26.62, -26.43, -26.28, -26.08, -25.89, -25.69, -25.46, -25.21, -24.93, -24.70, -24.33, -23.92, -23.58, -23.19, -22.88, -22.55, -22.21, -21.75, -21.28, -20.73, -20.13, -19.49, -18.76, -17.96, -17.04, -16.00, -14.74, -13.14, -10.76, -5.71, 0.11, 6.37, 6.37, 7.97, 8.25, 6.44, 3.70, 0.82, -4.16, -10.23, -12.92, -14.58, -15.86, -16.92, -17.86, -18.68, -19.40, -20.05, -20.65, -21.22, -21.68, -22.12, -22.41, -22.83, -23.13, -23.50, -23.92, -24.23, -24.56, -24.83, -25.11, -25.34, -25.57, -25.74, -25.98, -26.11, -26.25, -26.37, -26.55, -26.70, -26.75, -26.56, -26.30, -25.87, -25.46, -25.44, -26.16, -26.84, -27.37, -27.77, -27.98, -28.12, -28.19, -28.20, -28.39, -28.42, -28.26, -28.41, -28.21, -27.93, -26.55, -22.99, -19.44, -17.05, -15.74, -15.74
2026-10-02, 13:07:00, 88000000, 90500000, 19531.25, 18176, -15.29, -16.52, -17.21, -16.01, -14.01, -12.54, -13.01, -14.96, -16.97, -19.86, -25.10, -27.24, -27.82, -28.04, -28.16, -28.18, -28.16, -28.11, -28.03, -27.98, -27.91, -27.79, -27.39, -26.89, -26.22, -25.62, -25.46, -25.97, -26.37, -26.64, -26.83, -26.82, -26.69, -26.53, -26.39, -26.23, -26.06, -25.89, -25.67, -25.43, -25.22, -24.94, -24.69, -24.30, -23.92, -23.58, -23.19, -22.84, -22.57, -22.18, -21.78, -21.31, -20.75, -20.17, -19.51, -18.81, -18.00, -17.08, -16.06, -14.80, -13.25, -10.89, -6.00, 0.05, 6.26, 6.26, 8.01, 8.10, 6.20, 3.69, 0.93, -4.40, -10.17, -12.92, -14.61, -15.90, -16.96, -17.89, -18.68, -19.44, -20.10, -20.69, -21.22, -21.71, -22.16, -22.47, -22.82, -23.17, -23.47, -23.90, -24.27, -24.56, -24.88, -25.14, -25.35, -25.59, -25.76, -25.97, -26.08, -26.25, -26.37, -26.57, -26.67, -26.76, -26.57, -26.25, -25.85, -25.46, -25.49, -26.14, -26.80, -27.30, -27.76, -27.98, -28.05, -28.14, -28.18, -28.37, -28.39, -28.30, -28.39, -28.28, -28.01, -26.87, -22.95, -19.41, -17.24, -15.71, -15.71
2026-10-02, 13:07:01, 88000000, 90500000, 19531.25, 18176, -14.91, -16.33, -17.40, -16.33, -13.88, -12.15, -12.72, -15.10, -17.32, -20.36, -24.96, -27.11, -27.69, -27.90, -28.00, -28.03, -28.02, -28.00, -27.93, -27.85, -27.75, -27.62, -27.30, -26.83, -26.20, -25.40, -25.24, -25.91, -26.37, -26.64, -26.70, -26.75, -26.62, -26.46, -26.31, -26.11, -25.99, -25.75, -25.57, -25.38, -25.14, -24.87, -24.60, -24.26, -23.88, -23.50, -23.11, -22.81, -22.54, -22.17, -21.73, -21.23, -20.71, -20.11, -19.48, -18.78, -17.98, -17.06, -16.01, -14.78, -13.21, -10.87, -5.57, -0.34, 6.06, 6.06, 8.35, 8.57, 6.21, 3.49, 0.33, -4.59, -10.43, -13.07, -14.68, -15.95, -17.01, -17.93, -18.73, -19.45, -20.11, -20.69, -21.23, -21.71, -22.13, -22.47, -22.84, -23.11, -23.48, -23.89, -24.27, -24.50, -24.81, -25.12, -25.33, -25.53, -25.75, -25.94, -26.10, -26.22, -26.32, -26.46, -26.63, -26.69, -26.60, -26.31, -25.87, -25.33, -25.29, -26.22, -26.81, -27.29, -27.69, -27.87, -28.03, -28.10, -28.11, -28.32, -28.42, -28.26, -28.38, -28.21, -27.94, -26.71, -23.20, -19.58, -17.58, -15.52, -15.52
2026-10-02, 13:07:02, 88000000, 90500000, 19531.25, 18176, -15.74, -16.56, -16.60, -15.47, -14.14, -13.01, -13.22, -14.48, -16.33, -19.07, -23.96, -26.83, -27.53, -27.80, -27.93, -27.95, -27.93, -27.91, -27.88, -27.77, -27.68, -27.50, -27.12, -26.53, -26.04, -25.59, -25.52, -25.77, -26.18, -26.45, -26.66, -26.68, -26.57, -26.42, -26.24, -26.10, -25.93, -25.71, -25.51, -25.28, -25.06, -24.80, -24.54, -24.22, -23.80, -23.49, -23.09, -22.77, -22.45, -22.08, -21.64, -21.20, -20.65, -20.06, -19.41, -18.68, -17.85, -16.94, -15.88, -14.57, -12.91, -10.37, -4.84, 0.81, 6.34, 6.34, 7.67, 7.64, 6.39, 4.32, 1.54, -3.06, -9.39, -12.60, -14.40, -15.72, -16.82, -17.77, -18.62, -19.33, -19.97, -20.57, -21.14, -21.62, -22.07, -22.36, -22.79, -23.09, -23.41, -23.82, -24.15, -24.46, -24.76, -25.03, -25.23, -25.47, -25.69, -25.85, -26.02, -26.13, -26.33, -26.41, -26.62, -26.67, -26.40, -26.10, -25.78, -25.45, -25.60, -26.10, -26.63, -27.11, -27.55, -27.81, -27.91, -28.06, -28.05, -28.22, -28.36, -28.23, -28.28, -28.15, -27.78, -26.21, -22.32, -18.57, -16.79, -15.88, -15.88
2026-10-02, 13:07:03, 88000000, 90500000, 19531.25, 18240, -15.56, -16.37, -16.98, -15.77, -13.91, -12.82, -12.84, -14.31, -16.72, -20.70, -25.42, -27.20, -27.67, -27.92, -27.98, -28.00, -28.01, -27.99, -27.89, -27.84, -27.77, -27.59, -27.26, -26.79, -26.06, -25.54, -25.43, -25.78, -26.21, -26.62, -26.76, -26.76, -26.57, -26.48, -26.30, -26.12, -25.93, -25.74, -25.57, -25.42, -25.14, -24.86, -24.63, -24.32, -23.83, -23.52, -23.18, -22.89, -22.54, -22.20, -21.74, -21.30, -20.76, -20.19, -19.52, -18.82, -18.04, -17.12, -16.07, -14.85, -13.29, -10.91, -6.05, -0.19, 6.56, 6.56, 7.87, 8.02, 6.67, 4.25, 0.49, -5.42, -10.57, -13.03, -14.65, -15.93, -16.98, -17.91, -18.73, -19.46, -20.10, -20.69, -21.23, -21.75, -22.13, -22.42, -22.83, -23.11, -23.49, -23.88, -24.21, -24.48, -24.81, -25.07, -25.29, -25.51, -25.70, -25.87, -26.06, -26.19, -26.31, -26.47, -26.60, -26.67, -26.49, -26.18, -25.77, -25.39, -25.49, -25.98, -26.62, -27.33, -27.69, -27.89, -28.05, -28.12, -28.15, -28.29, -28.38, -28.31, -28.35, -28.22, -27.95, -26.71, -23.24, -19.47, -16.94, -15.64, -15.64
2026-10-02, 13:07:04, 88000000, 90500000, 19531.25, 18112, -15.67, -16.41, -16.86, -15.65, -13.98, -12.95, -13.02, -14.44, -16.56, -19.80, -24.35, -26.92, -27.59, -27.86, -27.94, -27.95, -28.00, -27.91, -27.89, -27.86, -27.80, -27.56, -27.25, -26.66, -26.04, -25.59, -25.47, -25.78, -26.21, -26.50, -26.70, -26.64, -26.54, -26.49, -26.28, -26.09, -25.97, -25.77, -25.59, -25.33, -25.12, -24.84, -24.59, -24.26, -23.83, -23.51, -23.17, -22.80, -22.52, -22.13, -21.74, -21.25, -20.70, -20.10, -19.47, -18.75, -17.94, -17.02, -15.98, -14.72, -13.12, -10.54, -5.17, 0.45, 6.48, 6.48, 7.72, 7.85, 6.58, 4.10, 1.00, -3.64, -9.89, -12.83, -14.56, -15.84, -16.91, -17.84, -18.67, -19.40, -20.07, -20.65, -21.18, -21.64, -22.12, -22.41, -22.78, -23.11, -23.45, -23.86, -24.24, -24.51, -24.83, -25.08, -25.31, -25.49, -25.68, -25.89, -26.03, -26.20, -26.37, -26.45, -26.59, -26.65, -26.42, -26.15, -25.77, -25.46, -25.46, -25.98, -26.68, -27.29, -27.67, -27.93, -28.00, -28.11, -28.14, -28.29, -28.34, -28.27, -28.34, -28.18, -27.90, -26.45, -22.43, -19.07, -16.90, -15.75, -15.75
2026-10-02, 13:07:05, 88000000, 90500000, 19531.25, 18176, -14.76, -16.21, -17.62, -16.48, -13.87, -12.00, -12.54, -15.07, -17.71, -20.56, -25.07, -27.16, -27.62, -27.86, -27.90, -27.94, -27.95, -27.90, -27.85, -27.78, -27.72, -27.50, -27.22, -26.81, -26.14, -25.31, -25.12, -25.82, -26.32, -26.57, -26.63, -26.64, -26.46, -26.39, -26.22, -26.05, -25.88, -25.69, -25.49, -25.27, -25.06, -24.76, -24.50, -24.22, -23.80, -23.45, -23.01, -22.76, -22.47, -22.11, -21.70, -21.19, -20.65, -20.09, -19.44, -18.71, -17.95, -17.06, -16.04, -14.81, -13.28, -10.99, -5.85, -0.57, 6.12, 6.12, 8.48, 8.65, 6.37, 3.24, 0.02, -4.72, -10.41, -13.04, -14.62, -15.88, -16.94, -17.83, -18.63, -19.36, -20.02, -20.61, -21.12, -21.63, -22.06, -22.35, -22.74, -23.03, -23.41, -23.78, -24.16, -24.47, -24.73, -24.99, -25.19, -25.45, -25.64, -25.83, -25.96, -26.12, -26.28, -26.39, -26.51, -26.60, -26.45, -26.27, -25.80, -25.17, -25.19, -26.05, -26.81, -27.28, -27.64, -27.86, -27.94, -28.05, -28.07, -28.27, -28.31, -28.26, -28.33, -28.21, -27.95, -26.81, -23.23, -20.12, -17.63, -15.51, -15.51
2026-10-02, 13:07:06, 88000000, 90500000, 19531.25, 18176, -15.09, -16.37, -17.33, -16.17, -13.76, -12.32, -12.70, -14.71, -17.31, -21.05, -25.46, -27.21, -27.72, -27.86, -27.97, -27.97, -27.99, -27.93, -27.88, -27.89, -27.76, -27.56, -27.26, -26.79, -26.13, -25.39, -25.28, -25.78, -26.31, -26.65, -26.77, -26.72, -26.61, -26.44, -26.32, -26.17, -25.94, -25.77, -25.63, -25.37, -25.16, -24.88, -24.56, -24.29, -23.86, -23.49, -23.15, -22.85, -22.56, -22.18, -21.75, -21.30, -20.77, -20.16, -19.51, -18.81, -18.03, -17.14, -16.09, -14.90, -13.38, -11.23, -6.94, -0.76, 6.33, 6.33, 8.38, 8.37, 6.48, 3.67, 0.07, -5.66, -10.78, -13.18, -14.76, -16.01, -17.03, -17.95, -18.76, -19.46, -20.13, -20.68, -21.23, -21.71, -22.13, -22.41, -22.80, -23.14, -23.47, -23.89, -24.19, -24.52, -24.84, -25.06, -25.31, -25.52, -25.69, -25.93, -26.07, -26.25, -26.33, -26.52, -26.64, -26.70, -26.57, -26.31, -25.76, -25.23, -25.42, -26.09, -26.74, -27.34, -27.68, -27.88, -27.98, -28.11, -28.07, -28.32, -28.41, -28.32, -28.38, -28.26, -28.04, -27.13, -23.62, -19.84, -17.34, -15.40, -15.40
2026-10-02, 13:07:07, 88000000, 90500000, 19531.25, 18240, -15.15, -16.37, -17.13, -16.14, -14.00, -12.43, -12.90, -14.85, -16.70, -19.66, -24.78, -26.95, -27.57, -27.82, -27.93, -27.92, -27.95, -27.91, -27.82, -27.83, -27.70, -27.48, -27.20, -26.69, -26.11, -25.45, -25.33, -25.81, -26.25, -26.48, -26.64, -26.64, -26.53, -26.39, -26.25, -26.04, -25.94, -25.70, -25.53, -25.32, -25.10, -24.80, -24.59, -24.22, -23.80, -23.47, -23.10, -22.76, -22.46, -22.09, -21.65, -21.20, -20.66, -20.08, -19.41, -18.69, -17.88, -16.97, -15.92, -14.64, -13.01, -9.94, -4.46, 0.32, 6.09, 6.09, 8.11, 8.25, 6.31, 3.81, 1.22, -4.22, -9.78, -12.75, -14.48, -15.79, -16.86, -17.81, -18.61, -19.34, -20.01, -20.60, -21.14, -21.62, -22.06, -22.35, -22.75, -23.04, -23.39, -23.85, -24.15, -24.41, -24.78, -25.02, -25.24, -25.48, -25.65, -25.86, -25.99, -26.16, -26.26, -26.44, -26.50, -26.57, -26.45, -26.24, -25.87, -25.30, -25.40, -26.08, -26.71, -27.05, -27.57, -27.79, -27.93, -28.04, -28.03, -28.24, -28.29, -28.24, -28.33, -28.20, -27.82, -25.71, -22.56, -19.36, -17.46, -15.69, -15.69
2026-10-02, 13:07:08, 88000000, 90500000, 19531.25, 18176, -15.52, -16.44, -16.98, -15.80, -13.80, -12.80, -13.00, -14.49, -16.88, -19.97, -24.33, -26.97, -27.59, -27.85, -27.89, -27.97, -27.99, -27.89, -27.89, -27.79, -27.68, -27.51, -27.18, -26.70, -26.03, -25.45, -25.44, -25.77, -26.19, -26.55, -26.69, -26.62, -26.52, -26.41, -26.23, -26.00, -25.91, -25.72, -25.53, -25.31, -25.09, -24.82, -24.54, -24.22, -23.79, -23.46, -23.12, -22.79, -22.46, -22.11, -21.69, -21.18, -20.68, -20.07, -19.42, -18.68, -17.87, -16.98, -15.92, -14.66, -13.04, -9.90, -4.85, 0.19, 6.57, 6.57, 7.94, 7.93, 6.49, 3.96, 0.81, -3.84, -9.97, -12.86, -14.52, -15.80, -16.90, -17.81, -18.62, -19.37, -20.03, -20.60, -21.17, -21.64, -22.10, -22.38, -22.75, -23.09, -23.40, -23.80, -24.17, -24.46, -24.79, -25.03, -25.27, -25.48, -25.68, -25.90, -25.95, -26.14, -26.29, -26.42, -26.57, -26.57, -26.48, -26.22, -25.71, -25.40, -25.47, -26.08, -26.72, -27.15, -27.57, -27.88, -27.96, -28.05, -28.08, -28.25, -28.30, -28.23, -28.29, -28.13, -27.77, -25.99, -22.65, -19.36, -16.98, -15.52, -15.52
2026-10-02, 13:07:09, 88000000, 90500000, 19531.25, 18176, -15.57, -16.46, -16.93, -15.54, -13.93, -12.85, -12.89, -14.39, -16.73, -20.13, -25.21, -27.13, -27.66, -27.88, -27.99, -28.00, -28.00, -27.96, -27.84, -27.87, -27.74, -27.55, -27.30, -26.64, -25.96, -25.59, -25.43, -25.74, -26.24, -26.51, -26.74, -26.70, -26.52, -26.41, -26.23, -26.10, -25.96, -25.75, -25.56, -25.33, -25.08, -24.82, -24.58, -24.27, -23.85, -23.49, -23.12, -22.81, -22.50, -22.13, -21.68, -21.23, -20.70, -20.09, -19.44, -18.74, -17.92, -17.01, -15.99, -14.73, -13.18, -10.85, -5.98, -0.20, 6.57, 6.57, 7.82, 8.03, 6.60, 4.07, 0.87, -4.79, -10.34, -12.91, -14.56, -15.83, -16.92, -17.85, -18.68, -19.36, -20.03, -20.65, -21.16, -21.68, -22.08, -22.41, -22.78, -23.13, -23.43, -23.82, -24.17, -24.49, -24.79, -25.01, -25.30, -25.49, -25.65, -25.87, -26.00, -26.19, -26.27, -26.48, -26.62, -26.62, -26.48, -26.15, -25.74, -25.43, -25.47, -26.02, -26.66, -27.20, -27.60, -27.84, -27.97, -28.08, -28.11, -28.25, -28.34, -28.22, -28.31, -28.20, -27.90, -26.77, -23.31, -19.30, -16.73, -15.66, -15.66
2026-10-02, 13:07:10, 88000000, 90500000, 19531.25, 18240, -15.10, -16.46, -17.27, -16.05, -13.77, -12.32, -12.94, -14.91, -17.10, -19.76, -24.87, -26.98, -27.58, -27.84, -27.91, -27.95, -27.96, -27.89, -27.81, -27.79, -27.70, -27.51, -27.21, -26.70, -26.05, -25.36, -25.27, -25.87, -26.29, -26.50, -26.69, -26.61, -26.56, -26.35, -26.22, -26.06, -25.91, -25.71, -25.54, -25.30, -25.05, -24.77, -24.53, -24.19, -23.81, -23.43, -23.05, -22.74, -22.46, -22.08, -21.64, -21.18, -20.63, -20.07, -19.42, -18.71, -17.86, -17.00, -15.95, -14.72, -13.09, -10.79, -5.64, 0.10, 6.36, 6.36, 8.31, 8.25, 6.22, 3.62, 0.91, -4.12, -10.18, -12.93, -14.57, -15.84, -16.92, -17.84, -18.65, -19.37, -20.02, -20.63, -21.14, -21.64, -22.07, -22.38, -22.75, -23.01, -23.36, -23.80, -24.16, -24.48, -24.75, -24.98, -25.21, -25.42, -25.66, -25.82, -26.01, -26.16, -26.27, -26.40, -26.54, -26.63, -26.47, -26.17, -25.77, -25.32, -25.37, -26.06, -26.71, -27.20, -27.54, -27.79, -27.94, -28.03, -28.02, -28.24, -28.30, -28.22, -28.29, -28.17, -27.85, -26.59, -22.79, -19.51, -17.29, -15.43, -15.43
2026-10-02, 13:07:11, 88000000, 90500000, 19531.25, 18176, -15.19, -16.36, -17.24, -15.87, -13.94, -12.47, -12.80, -14.70, -17.07, -20.15, -24.99, -27.05, -27.64, -27.85, -27.94, -27.94, -27.95, -27.93, -27.84, -27.81, -27.70, -27.48, -27.20, -26.72, -26.02, -25.45, -25.32, -25.70, -26.22, -26.52, -26.66, -26.65, -26.48, -26.35, -26.22, -25.98, -25.92, -25.71, -25.48, -25.27, -25.06, -24.77, -24.53, -24.18, -23.77, -23.44, -23.08, -22.74, -22.46, -22.08, -21.64, -21.16, -20.65, -20.04, -19.43, -18.71, -17.90, -17.00, -15.95, -14.73, -13.21, -10.84, -5.94, -0.27, 6.44, 6.44, 8.04, 8.26, 6.52, 3.74, 0.72, -4.71, -10.30, -12.95, -14.57, -15.83, -16.91, -17.81, -18.62, -19.36, -20.03, -20.60, -21.14, -21.61, -22.06, -22.32, -22.74, -23.05, -23.37, -23.77, -24.11, -24.43, -24.70, -24.99, -25.23, -25.43, -25.61, -25.79, -25.97, -26.15, -26.27, -26.43, -26.55, -26.57, -26.50, -26.22, -25.74, -25.31, -25.35, -26.04, -26.70, -27.19, -27.60, -27.79, -27.89, -27.98, -28.05, -28.24, -28.27, -28.20, -28.32, -28.14, -27.94, -26.79, -23.17, -19.66, -17.03, -15.64, -15.64
2026-10-02, 13:07:12, 88000000, 90500000, 19531.25, 18240, -15.01, -16.29, -17.31, -16.22, -13.92, -12.28, -12.74, -14.84, -17.20, -20.36, -25.15, -27.14, -27.69, -27.91, -28.01, -28.03, -28.01, -27.97, -27.91, -27.83, -27.77, -27.56, -27.24, -26.76, -26.14, -25.42, -25.24, -25.84, -26.28, -26.55, -26.67, -26.69, -26.54, -26.43, -26.24, -26.09, -25.90, -25.77, -25.54, -25.33, -25.11, -24.86, -24.61, -24.25, -23.85, -23.46, -23.10, -22.81, -22.52, -22.17, -21.70, -21.22, -20.73, -20.13, -19.49, -18.80, -18.00, -17.08, -16.06, -14.82, -13.25, -10.80, -5.55, 0.03, 6.20, 6.20, 8.22, 8.43, 6.40, 3.57, 0.45, -4.68, -10.43, -12.97, -14.60, -15.88, -16.94, -17.86, -18.70, -19.39, -20.04, -20.63, -21.20, -21.66, -22.10, -22.40, -22.78, -23.10, -23.45, -23.86, -24.19, -24.48, -24.79, -25.05, -25.27, -25.48, -25.68, -25.88, -26.00, -26.11, -26.28, -26.44, -26.59, -26.62, -26.46, -26.26, -25.81, -25.38, -25.29, -26.07, -26.74, -27.25, -27.64, -27.82, -27.95, -28.09, -28.10, -28.30, -28.34, -28.16, -28.33, -28.14, -27.84, -26.58, -22.86, -19.69, -17.45, -15.60, -15.60
2026-10-02, 13:07:13, 88000000, 90500000, 19531.25, 18240, -15.32, -16.28, -17.01, -16.10, -14.02, -12.63, -12.92, -14.66, -16.83, -19.65, -24.42, -26.95, -27.60, -27.85, -27.97, -27.98, -27.99, -27.96, -27.88, -27.81, -27.71, -27.52, -27.14, -26.66, -26.10, -25.53, -25.35, -25.87, -26.25, -26.56, -26.62, -26.64, -26.55, -26.43, -26.29, -26.09, -25.91, -25.72, -25.52, -25.29, -25.06, -24.81, -24.56, -24.24, -23.81, -23.50, -23.11, -22.76, -22.49, -22.11, -21.66, -21.19, -20.66, -20.07, -19.42, -18.69, -17.88, -16.94, -15.87, -14.58, -12.85, -9.86, -3.72, 0.64, 6.16, 6.16, 7.93, 8.12, 6.41, 3.93, 0.93, -3.70, -9.69, -12.74, -14.50, -15.80, -16.88, -17.84, -18.65, -19.37, -20.04, -20.63, -21.19, -21.66, -22.10, -22.40, -22.74, -23.07, -23.40, -23.81, -24.18, -24.48, -24.77, -25.01, -25.25, -25.47, -25.64, -25.86, -25.99, -26.15, -26.24, -26.42, -26.55, -26.54, -26.47, -26.21, -25.87, -25.42, -25.45, -26.08, -26.67, -27.18, -27.60, -27.78, -27.98, -28.04, -28.03, -28.25, -28.34, -28.21, -28.30, -28.12, -27.69, -25.60, -21.92, -19.27, -17.34, -15.72, -15.72
2026-10-02, 13:07:14, 88000000, 90500000, 19531.25, 18176, -16.24, -16.38, -16.08, -15.51, -14.42, -13.55, -13.31, -13.91, -15.86, -19.40, -24.44, -26.90, -27.59, -27.85, -27.91, -27.99, -27.97, -27.95, -27.87, -27.82, -27.74, -27.48, -27.03, -26.55, -26.11, -25.74, -25.65, -25.76, -26.12, -26.46, -26.69, -26.68, -26.60, -26.43, -26.29, -26.11, -25.95, -25.78, -25.55, -25.38, -25.11, -24.84, -24.60, -24.23, -23.81, -23.53, -23.18, -22.82, -22.50, -22.10, -21.69, -21.22, -20.67, -20.08, -19.44, -18.70, -17.88, -16.93, -15.87, -14.56, -12.82, -9.92, -3.83, 1.93, 6.21, 6.21, 7.14, 7.29, 6.65, 4.99, 1.63, -3.55, -9.82, -12.67, -14.39, -15.72, -16.84, -17.81, -18.62, -19.35, -20.03, -20.65, -21.17, -21.65, -22.07, -22.39, -22.80, -23.14, -23.45, -23.82, -24.17, -24.51, -24.78, -25.05, -25.26, -25.52, -25.69, -25.88, -26.05, -26.21, -26.33, -26.49, -26.57, -26.64, -26.33, -26.09, -25.89, -25.71, -25.73, -26.00, -26.53, -27.10, -27.58, -27.87, -27.96, -28.07, -28.09, -28.23, -28.35, -28.19, -28.32, -28.09, -27.75, -25.85, -21.04, -18.22, -16.91, -16.20, -16.20
2026-10-02, 13:07:15, 88000000, 90500000, 19531.25, 18176, -16.70, -16.70, -15.77, -15.08, -14.49, -14.07, -13.96, -14.23, -15.17, -17.76, -23.19, -26.63, -27.45, -27.77, -27.92, -27.94, -27.96, -28.00, -27.84, -27.82, -27.68, -27.45, -26.90, -26.38, -26.11, -25.86, -25.86, -25.92, -26.03, -26.27, -26.61, -26.67, -26.54, -26.41, -26.28, -26.07, -25.90, -25.75, -25.50, -25.31, -25.06, -24.77, -24.53, -24.17, -23.76, -23.49, -23.14, -22.79, -22.42, -22.05, -21.59, -21.14, -20.58, -19.98, -19.32, -18.58, -17.72, -16.77, -15.65, -14.28, -12.52, -9.59, -3.22, 2.77, 6.14, 6.14, 6.71, 6.63, 6.12, 5.18, 3.07, -1.92, -8.85, -12.27, -14.17, -15.57, -16.71, -17.67, -18.53, -19.28, -19.96, -20.55, -21.10, -21.60, -22.04, -22.34, -22.76, -23.11, -23.44, -23.79, -24.13, -24.43, -24.79, -25.01, -25.22, -25.47, -25.68, -25.84, -26.02, -26.17, -26.28, -26.37, -26.52, -26.55, -26.25, -25.93, -25.87, -25.79, -25.87, -26.12, -26.37, -26.94, -27.51, -27.77, -27.92, -28.05, -28.03, -28.25, -28.27, -28.15, -28.27, -28.06, -27.64, -25.77, -20.37, -17.38, -16.64, -16.41, -16.41
2026-10-02, 13:07:16, 88000000, 90500000, 19531.25, 18112, -17.17, -16.73, -15.47, -14.93, -14.64, -14.57, -14.12, -13.98, -14.97, -17.46, -23.12, -26.50, -27.40, -27.75, -27.88, -27.94, -27.92, -27.93, -27.82, -27.82, -27.71, -27.39, -26.83, -26.34, -26.09, -26.00, -25.86, -25.89, -25.97, -26.28, -26.63, -26.65, -26.47, -26.38, -26.21, -26.08, -25.92, -25.74, -25.52, -25.30, -25.05, -24.77, -24.49, -24.09, -23.73, -23.49, -23.19, -22.77, -22.40, -22.01, -21.57, -21.10, -20.56, -19.95, -19.29, -18.52, -17.68, -16.71, -15.58, -14.18, -12.35, -9.42, -2.91, 3.26, 6.25, 6.25, 6.31, 6.21, 6.18, 5.43, 3.36, -1.78, -8.63, -12.14, -14.07, -15.50, -16.66, -17.65, -18.50, -19.26, -19.92, -20.51, -21.08, -21.59, -21.99, -22.32, -22.75, -23.12, -23.42, -23.76, -24.08, -24.42, -24.76, -24.99, -25.23, -25.45, -25.64, -25.86, -26.02, -26.18, -26.29, -26.41, -26.56, -26.52, -26.14, -25.91, -25.81, -25.90, -26.00, -26.09, -26.36, -26.89, -27.53, -27.83, -27.95, -28.02, -28.05, -28.24, -28.32, -28.15, -28.25, -28.06, -27.58, -25.58, -20.03, -17.12, -16.44, -16.61, -16.61
2026-10-02, 13:07:17, 88000000, 90500000, 19531.25, 18304, -17.07, -16.82, -15.60, -14.83, -14.64, -14.45, -14.33, -14.26, -14.74, -17.20, -23.28, -26.54, -27.42, -27.77, -27.92, -27.92, -27.95, -27.90, -27.90, -27.80, -27.68, -27.48, -26.87, -26.34, -26.09, -25.99, -25.92, -25.91, -26.03, -26.20, -26.58, -26.68, -26.53, -26.40, -26.25, -26.10, -25.89, -25.71, -25.55, -25.29, -25.08, -24.79, -24.49, -24.14, -23.74, -23.49, -23.17, -22.79, -22.41, -22.02, -21.57, -21.13, -20.58, -19.99, -19.30, -18.54, -17.70, -16.72, -15.58, -14.17, -12.33, -9.26, -2.43, 3.15, 6.15, 6.15, 6.41, 6.22, 5.92, 5.29, 3.75, -1.75, -8.76, -12.19, -14.10, -15.54, -16.69, -17.65, -18.52, -19.28, -19.94, -20.55, -21.12, -21.60, -21.99, -22.32, -22.77, -23.14, -23.45, -23.79, -24.14, -24.45, -24.74, -25.03, -25.24, -25.50, -25.62, -25.88, -26.02, -26.12, -26.28, -26.44, -26.54, -26.54, -26.13, -25.93, -25.84, -25.82, -26.02, -26.13, -26.36, -26.83, -27.50, -27.89, -27.97, -28.03, -28.06, -28.22, -28.33, -28.15, -28.21, -28.04, -27.50, -25.32, -19.94, -17.09, -16.41, -16.61, -16.61
2026-10-02, 13:07:18, 88000000, 90500000, 19531.25, 18112, -16.88, -16.90, -15.66, -14.70, -14.52, -14.24, -14.07, -14.00, -14.87, -18.09, -23.88, -26.66, -27.47, -27.77, -27.86, -27.95, -27.95, -27.87, -27.82, -27.82, -27.70, -27.45, -27.01, -26.29, -26.01, -25.89, -25.86, -25.86, -25.90, -26.24, -26.61, -26.63, -26.52, -26.39, -26.24, -26.09, -25.87, -25.71, -25.51, -25.24, -25.06, -24.77, -24.49, -24.16, -23.72, -23.45, -23.15, -22.78, -22.40, -22.02, -21.57, -21.14, -20.56, -19.98, -19.32, -18.56, -17.74, -16.77, -15.66, -14.32, -12.55, -9.68, -3.52, 2.45, 6.41, 6.41, 6.58, 6.47, 6.15, 5.52, 3.10, -2.78, -9.27, -12.37, -14.21, -15.61, -16.74, -17.68, -18.54, -19.29, -19.95, -20.55, -21.11, -21.56, -22.01, -22.31, -22.76, -23.11, -23.46, -23.72, -24.11, -24.40, -24.74, -25.01, -25.23, -25.45, -25.64, -25.81, -26.02, -26.14, -26.26, -26.39, -26.53, -26.57, -26.27, -25.80, -25.76, -25.77, -25.88, -26.08, -26.33, -26.91, -27.58, -27.87, -27.90, -28.05, -28.07, -28.25, -28.28, -28.16, -28.27, -28.03, -27.61, -25.75, -20.83, -17.32, -16.22, -16.44, -16.44
2026-10-02, 13:07:19, 88000000, 90500000, 19531.25, 18176, -16.57, -16.99, -16.04, -14.90, -14.09, -13.88, -13.94, -14.48, -15.37, -17.65, -23.15, -26.59, -27.46, -27.74, -27.89, -27.97, -27.95, -27.97, -27.87, -27.77, -27.70, -27.55, -27.08, -26.39, -25.95, -25.76, -25.78, -25.94, -26.10, -26.28, -26.64, -26.68, -26.52, -26.44, -26.28, -26.09, -25.89, -25.79, -25.57, -25.32, -25.10, -24.81, -24.54, -24.19, -23.80, -23.48, -23.16, -22.85, -22.48, -22.06, -21.66, -21.20, -20.64, -20.03, -19.36, -18.65, -17.82, -16.87, -15.78, -14.45, -12.75, -9.96, -4.43, 1.89, 6.69, 6.69, 7.04, 6.77, 5.99, 4.83, 3.01, -1.79, -8.70, -12.24, -14.18, -15.59, -16.75, -17.70, -18.56, -19.30, -19.99, -20.60, -21.11, -21.62, -22.03, -22.33, -22.81, -23.14, -23.45, -23.84, -24.14, -24.44, -24.79, -25.00, -25.26, -25.50, -25.62, -25.88, -26.01, -26.09, -26.31, -26.43, -26.57, -26.60, -26.31, -25.98, -25.67, -25.68, -25.86, -26.12, -26.46, -26.97, -27.51, -27.85, -27.99, -28.03, -28.06, -28.30, -28.36, -28.19, -28.31, -28.09, -27.71, -25.97, -21.66, -17.63, -16.28, -16.02, -16.02
2026-10-02, 13:07:20, 88000000, 90500000, 19531.25, 18176, -16.12, -16.64, -16.17, -15.29, -14.24, -13.40, -13.45, -14.22, -15.72, -19.10, -24.33, -26.95, -27.53, -27.89, -27.99, -28.04, -28.02, -27.96, -27.93, -27.87, -27.80, -27.56, -27.12, -26.57, -26.09, -25.71, -25.67, -25.87, -26.17, -26.42, -26.71, -26.78, -26.59, -26.50, -26.32, -26.12, -25.99, -25.76, -25.61, -25.34, -25.15, -24.87, -24.56, -24.28, -23.83, -23.56, -23.20, -22.86, -22.51, -22.14, -21.71, -21.20, -20.69, -20.12, -19.44, -18.71, -17.91, -16.95, -15.87, -14.56, -12.89, -10.21, -4.40, 1.57, 6.38, 6.38, 7.34, 7.32, 6.41, 4.79, 2.09, -3.61, -9.82, -12.75, -14.49, -15.80, -16.89, -17.83, -18.68, -19.42, -20.09, -20.67, -21.21, -21.67, -22.10, -22.41, -22.82, -23.16, -23.51, -23.88, -24.19, -24.47, -24.82, -25.11, -25.33, -25.55, -25.69, -25.89, -26.01, -26.21, -26.33, -26.46, -26.56, -26.65, -26.38, -26.07, -25.85, -25.60, -25.71, -26.09, -26.55, -27.13, -27.61, -27.89, -27.99, -28.04, -28.10, -28.29, -28.35, -28.22, -28.26, -28.10, -27.70, -26.09, -21.62, -18.10, -16.67, -16.05, -16.05
2026-10-02, 13:07:21, 88000000, 90500000, 19531.25, 18112, -15.42, -16.37, -17.09, -15.88, -13.73, -12.66, -12.89, -14.55, -16.96, -20.10, -24.47, -26.97, -27.58, -27.81, -27.89, -27.98, -27.96, -27.91, -27.83, -27.84, -27.68, -27.49, -27.19, -26.68, -26.00, -25.44, -25.35, -25.79, -26.26, -26.55, -26.64, -26.67, -26.55, -26.43, -26.21, -26.04, -25.89, -25.72, -25.54, -25.29, -25.07, -24.78, -24.54, -24.21, -23.81, -23.45, -23.10, -22.74, -22.44, -22.09, -21.64, -21.19, -20.65, -20.05, -19.41, -18.68, -17.87, -16.98, -15.93, -14.66, -13.08, -10.58, -5.49, 0.09, 6.49, 6.49, 8.10, 8.03, 6.52, 3.98, 0.56, -3.95, -9.89, -12.87, -14.55, -15.84, -16.89, -17.84, -18.63, -19.37, -20.02, -20.64, -21.15, -21.63, -22.07, -22.39, -22.75, -23.07, -23.40, -23.84, -24.14, -24.45, -24.78, -24.98, -25.24, -25.46, -25.64, -25.83, -26.00, -26.17, -26.29, -26.38, -26.57, -26.59, -26.50, -26.24, -25.69, -25.35, -25.47, -26.01, -26.68, -27.21, -27.58, -27.81, -27.92, -28.05, -28.04, -28.23, -28.34, -28.20, -28.31, -28.19, -27.90, -26.56, -22.84, -19.52, -17.05, -15.45, -15.45
2026-10-02, 13:07:22, 88000000, 90500000, 19531.25, 18176, -15.32, -16.31, -17.07, -15.95, -13.84, -12.57, -12.85, -14.62, -16.95, -19.95, -24.94, -27.07, -27.62, -27.84, -27.91, -27.99, -28.01, -27.94, -27.85, -27.83, -27.71, -27.55, -27.21, -26.72, -26.06, -25.46, -25.34, -25.73, -26.24, -26.56, -26.67, -26.66, -26.54, -26.41, -26.23, -26.10, -25.89, -25.67, -25.54, -25.31, -25.08, -24.81, -24.55, -24.21, -23.79, -23.45, -23.09, -22.77, -22.47, -22.10, -21.66, -21.20, -20.64, -20.08, -19.43, -18.68, -17.92, -17.00, -15.95, -14.68, -13.05, -10.58, -5.58, 0.17, 6.40, 6.40, 8.10, 8.13, 6.54, 3.87, 0.81, -4.37, -10.20, -12.89, -14.55, -15.84, -16.92, -17.82, -18.65, -19.37, -20.02, -20.60, -21.14, -21.64, -22.07, -22.40, -22.76, -23.08, -23.36, -23.80, -24.16, -24.48, -24.79, -25.02, -25.21, -25.48, -25.63, -25.85, -26.01, -26.14, -26.25, -26.42, -26.54, -26.59, -26.46, -26.22, -25.69, -25.33, -25.41, -26.02, -26.71, -27.19, -27.65, -27.85, -27.92, -28.05, -28.07, -28.34, -28.36, -28.17, -28.33, -28.14, -27.83, -26.71, -22.63, -19.38, -17.17, -15.52, -15.52
2026-10-02, 13:07:23, 88000000, 90500000, 19531.25, 18176, -15.17, -16.33, -17.08, -16.03, -13.92, -12.41, -12.80, -14.50, -17.07, -20.40, -25.13, -27.09, -27.65, -27.87, -27.94, -28.02, -27.94, -27.94, -27.90, -27.80, -27.73, -27.54, -27.34, -26.72, -26.05, -25.39, -25.29, -25.73, -26.23, -26.57, -26.72, -26.68, -26.56, -26.44, -26.25, -26.06, -25.90, -25.74, -25.54, -25.30, -25.11, -24.82, -24.56, -24.24, -23.81, -23.52, -23.13, -22.76, -22.48, -22.12, -21.71, -21.21, -20.69, -20.11, -19.46, -18.75, -17.94, -17.05, -15.99, -14.76, -13.19, -10.81, -5.85, -0.22, 6.30, 6.30, 8.18, 8.26, 6.61, 3.90, 0.32, -4.67, -10.35, -12.94, -14.58, -15.87, -16.95, -17.86, -18.68, -19.39, -20.05, -20.64, -21.17, -21.67, -22.10, -22.39, -22.77, -23.05, -23.41, -23.82, -24.17, -24.48, -24.79, -25.04, -25.24, -25.51, -25.67, -25.86, -26.01, -26.14, -26.27, -26.40, -26.57, -26.58, -26.46, -26.21, -25.74, -25.32, -25.33, -26.02, -26.69, -27.20, -27.62, -27.85, -27.98, -28.09, -28.08, -28.27, -28.33, -28.18, -28.33, -28.12, -27.89, -26.76, -23.10, -19.52, -17.24, -15.59, -15.59
2026-10-02, 13:07:24, 88000000, 90500000, 19531.25, 18176, -16.07, -16.39, -16.23, -15.39, -14.39, -13.38, -13.27, -14.15, -15.78, -19.11, -23.77, -26.78, -27.53, -27.77, -27.92, -27.92, -27.96, -27.94, -27.86, -27.75, -27.71, -27.48, -27.05, -26.56, -26.10, -25.68, -25.57, -25.75, -26.04, -26.41, -26.60, -26.67, -26.50, -26.36, -26.22, -26.07, -25.92, -25.75, -25.52, -25.30, -25.08, -24.79, -24.53, -24.16, -23.77, -23.50, -23.10, -22.75, -22.43, -22.05, -21.64, -21.15, -20.62, -20.02, -19.33, -18.62, -17.80, -16.84, -15.74, -14.45, -12.67, -9.80, -3.44, 1.68, 6.24, 6.24, 7.29, 7.41, 6.58, 4.83, 1.89, -3.17, -9.35, -12.58, -14.36, -15.70, -16.80, -17.75, -18.60, -19.34, -19.99, -20.62, -21.12, -21.61, -22.04, -22.36, -22.77, -23.10, -23.42, -23.76, -24.14, -24.44, -24.77, -24.98, -25.22, -25.44, -25.61, -25.85, -26.01, -26.14, -26.30, -26.45, -26.54, -26.55, -26.31, -26.06, -25.76, -25.57, -25.69, -26.02, -26.52, -27.12, -27.57, -27.84, -27.97, -28.04, -28.02, -28.27, -28.31, -28.22, -28.29, -28.10, -27.64, -25.61, -21.34, -18.28, -16.79, -16.16, -16.16
2026-10-02, 13:07:25, 88000000, 90500000, 19531.25, 18176, -16.13, -16.33, -16.19, -15.42, -14.33, -13.49, -13.10, -14.03, -15.92, -19.66, -24.59, -26.97, -27.57, -27.83, -27.97, -27.98, -27.99, -27.95, -27.90, -27.80, -27.75, -27.52, -27.07, -26.55, -26.02, -25.81, -25.61, -25.67, -26.13, -26.47, -26.75, -26.71, -26.54, -26.46, -26.30, -26.07, -25.91, -25.76, -25.53, -25.32, -25.09, -24.79, -24.52, -24.16, -23.79, -23.50, -23.12, -22.79, -22.47, -22.10, -21.67, -21.18, -20.65, -20.04, -19.38, -18.68, -17.85, -16.90, -15.83, -14.50, -12.80, -9.82, -3.84, 1.51, 6.36, 6.36, 7.15, 7.48, 6.77, 4.83, 1.52, -4.01, -9.98, -12.75, -14.45, -15.75, -16.84, -17.80, -18.64, -19.36, -20.05, -20.65, -21.15, -21.65, -22.06, -22.31, -22.78, -23.13, -23.43, -23.76, -24.16, -24.51, -24.79, -25.02, -25.25, -25.49, -25.66, -25.84, -26.03, -26.14, -26.31, -26.45, -26.54, -26.56, -26.32, -26.06, -25.81, -25.65, -25.63, -25.94, -26.61, -27.16, -27.54, -27.82, -27.93, -28.02, -28.01, -28.28, -28.30, -28.20, -28.27, -28.10, -27.69, -25.67, -21.57, -18.25, -16.76, -16.13, -16.13
2026-10-02, 13:07:26, 88000000, 90500000, 19531.25, 18176, -15.61, -16.16, -16.62, -15.66, -14.38, -12.96, -12.81, -14.30, -16.61, -19.85, -24.64, -27.01, -27.60, -27.87, -27.96, -27.95, -27.94, -27.91, -27.91, -27.81, -27.72, -27.45, -27.06, -26.63, -26.09, -25.66, -25.39, -25.69, -26.20, -26.50, -26.67, -26.66, -26.54, -26.42, -26.23, -26.09, -25.88, -25.72, -25.54, -25.30, -25.05, -24.83, -24.54, -24.23, -23.79, -23.50, -23.10, -22.76, -22.47, -22.10, -21.67, -21.20, -20.65, -20.09, -19.39, -18.71, -17.87, -16.95, -15.89, -14.59, -12.92, -9.94, -4.19, 0.89, 6.20, 6.20, 7.43, 8.01, 6.73, 4.21, 1.12, -4.25, -9.88, -12.74, -14.45, -15.75, -16.86, -17.79, -18.60, -19.33, -20.01, -20.59, -21.14, -21.62, -22.06, -22.33, -22.74, -23.06, -23.41, -23.79, -24.16, -24.44, -24.73, -25.01, -25.30, -25.46, -25.65, -25.83, -26.02, -26.14, -26.28, -26.42, -26.55, -26.59, -26.41, -26.10, -25.80, -25.60, -25.46, -26.01, -26.61, -27.19, -27.57, -27.75, -27.94, -28.05, -28.01, -28.25, -28.33, -28.17, -28.31, -28.13, -27.71, -25.76, -21.96, -18.77, -16.93, -16.18, -16.18
2026-10-02, 13:07:27, 88000000, 90500000, 19531.25, 18176, -15.45, -16.33, -16.86, -15.89, -13.93, -12.75, -12.93, -14.42, -16.85, -19.85, -24.41, -26.90, -27.56, -27.81, -27.88, -27.87, -27.89, -27.85, -27.85, -27.77, -27.70, -27.45, -27.14, -26.61, -26.02, -25.47, -25.34, -25.70, -26.17, -26.50, -26.58, -26.65, -26.47, -26.35, -26.18, -26.00, -25.83, -25.69, -25.47, -25.24, -24.99, -24.73, -24.51, -24.15, -23.70, -23.41, -23.02, -22.71, -22.40, -22.06, -21.60, -21.15, -20.59, -20.03, -19.36, -18.64, -17.84, -16.91, -15.87, -14.61, -12.98, -10.49, -4.51, 0.46, 6.40, 6.40, 7.90, 7.98, 6.58, 4.11, 0.69, -3.58, -9.88, -12.72, -14.44, -15.73, -16.82, -17.74, -18.59, -19.30, -19.93, -20.55, -21.09, -21.60, -22.03, -22.30, -22.66, -23.00, -23.34, -23.72, -24.08, -24.42, -24.69, -24.93, -25.20, -25.40, -25.58, -25.81, -25.94, -26.11, -26.23, -26.36, -26.51, -26.53, -26.38, -26.16, -25.73, -25.39, -25.45, -25.95, -26.66, -27.12, -27.51, -27.78, -27.85, -28.01, -27.94, -28.16, -28.26, -28.19, -28.28, -28.13, -27.79, -26.20, -22.31, -19.17, -17.09, -15.66, -15.66
2026-10-02, 13:07:28, 88000000, 90500000, 19531.25, 18176, -15.13, -16.37, -17.33, -16.06, -13.74, -12.38, -12.70, -14.61, -17.28, -21.00, -25.52, -27.17, -27.68, -27.92, -27.96, -28.01, -27.97, -27.97, -27.94, -27.80, -27.73, -27.58, -27.28, -26.75, -26.02, -25.38, -25.25, -25.72, -26.29, -26.60, -26.74, -26.68, -26.53, -26.44, -26.29, -26.11, -25.92, -25.75, -25.58, -25.35, -25.11, -24.84, -24.59, -24.28, -23.79, -23.48, -23.12, -22.81, -22.51, -22.14, -21.71, -21.26, -20.72, -20.14, -19.52, -18.78, -18.01, -17.10, -16.08, -14.88, -13.39, -11.33, -7.03, -0.95, 6.49, 6.49, 8.28, 8.35, 6.62, 3.68, 0.01, -5.56, -10.73, -13.16, -14.71, -15.95, -17.00, -17.93, -18.72, -19.44, -20.08, -20.70, -21.24, -21.70, -22.13, -22.36, -22.79, -23.10, -23.45, -23.85, -24.21, -24.52, -24.83, -25.05, -25.30, -25.47, -25.67, -25.90, -26.04, -26.19, -26.33, -26.42, -26.62, -26.66, -26.57, -26.24, -25.72, -25.28, -25.41, -26.03, -26.75, -27.33, -27.69, -27.85, -28.00, -28.12, -28.07, -28.31, -28.37, -28.29, -28.34, -28.26, -27.98, -27.15, -24.02, -19.88, -17.22, -15.39, -15.39
2026-10-02, 13:07:29, 88000000, 90500000, 19531.25, 18240, -15.83, -16.50, -16.60, -15.60, -14.01, -13.12, -13.18, -14.36, -16.30, -19.59, -24.39, -26.96, -27.63, -27.84, -27.98, -28.00, -27.97, -27.94, -27.89, -27.84, -27.76, -27.55, -27.18, -26.65, -26.05, -25.61, -25.53, -25.76, -26.22, -26.58, -26.68, -26.68, -26.63, -26.43, -26.29, -26.11, -25.94, -25.80, -25.59, -25.36, -25.09, -24.81, -24.57, -24.28, -23.81, -23.52, -23.17, -22.81, -22.51, -22.11, -21.68, -21.20, -20.70, -20.08, -19.45, -18.72, -17.90, -16.98, -15.93, -14.64, -12.99, -10.34, -4.90, 1.07, 6.41, 6.41, 7.64, 7.64, 6.46, 4.49, 1.19, -3.53, -9.98, -12.77, -14.50, -15.79, -16.88, -17.82, -18.67, -19.37, -20.04, -20.65, -21.17, -21.66, -22.10, -22.41, -22.75, -23.13, -23.44, -23.85, -24.17, -24.50, -24.80, -25.06, -25.26, -25.52, -25.67, -25.86, -26.04, -26.14, -26.30, -26.46, -26.60, -26.65, -26.34, -26.10, -25.77, -25.48, -25.62, -26.07, -26.56, -27.16, -27.62, -27.83, -27.98, -28.10, -28.10, -28.27, -28.33, -28.25, -28.32, -28.15, -27.77, -26.25, -22.02, -18.79, -16.87, -15.78, -15.78
2026-10-02, 13:07:30, 88000000, 90500000, 19531.25, 18112, -16.04, -16.66, -16.48, -15.43, -14.02, -13.31, -13.44, -14.46, -16.08, -18.75, -23.46, -26.58, -27.56, -27.86, -27.94, -28.00, -27.94, -27.97, -27.85, -27.82, -27.75, -27.52, -27.09, -26.58, -26.03, -25.68, -25.57, -25.89, -26.19, -26.45, -26.64, -26.66, -26.55, -26.42, -26.30, -26.13, -25.94, -25.77, -25.55, -25.32, -25.07, -24.80, -24.56, -24.24, -23.82, -23.51, -23.14, -22.82, -22.48, -22.07, -21.66, -21.18, -20.61, -20.05, -19.40, -18.67, -17.86, -16.90, -15.85, -14.54, -12.82, -10.04, -4.39, 1.30, 6.48, 6.48, 7.50, 7.39, 6.26, 4.42, 1.98, -2.50, -8.73, -12.46, -14.35, -15.70, -16.82, -17.78, -18.60, -19.35, -20.01, -20.61, -21.17, -21.65, -22.05, -22.40, -22.77, -23.12, -23.44, -23.81, -24.14, -24.47, -24.78, -25.06, -25.28, -25.50, -25.65, -25.88, -26.03, -26.15, -26.30, -26.41, -26.56, -26.58, -26.40, -26.09, -25.78, -25.54, -25.70, -26.09, -26.59, -27.02, -27.54, -27.83, -27.90, -28.08, -28.05, -28.25, -28.30, -28.19, -28.26, -28.07, -27.71, -26.13, -21.83, -18.42, -16.73, -15.83, -15.83
2026-10-02, 13:07:31, 88000000, 90500000, 19531.25, 18112, -16.40, -16.69, -16.05, -15.18, -14.30, -13.74, -13.67, -14.27, -15.21, -18.46, -24.09, -26.81, -27.55, -27.81, -27.92, -27.94, -27.96, -27.95, -27.87, -27.81, -27.70, -27.48, -27.03, -26.47, -26.01, -25.77, -25.78, -25.83, -26.09, -26.36, -26.66, -26.68, -26.56, -26.41, -26.27, -26.12, -25.94, -25.77, -25.55, -25.35, -25.13, -24.83, -24.57, -24.23, -23.80, -23.51, -23.18, -22.80, -22.50, -22.07, -21.68, -21.20, -20.64, -20.05, -19.38, -18.65, -17.81, -16.89, -15.76, -14.43, -12.65, -9.74, -3.67, 2.03, 6.32, 6.32, 7.09, 6.99, 6.25, 5.08, 2.65, -2.92, -9.49, -12.51, -14.30, -15.67, -16.78, -17.72, -18.57, -19.33, -20.00, -20.61, -21.15, -21.62, -22.03, -22.39, -22.78, -23.14, -23.47, -23.79, -24.13, -24.47, -24.78, -25.02, -25.28, -25.51, -25.69, -25.86, -26.03, -26.18, -26.29, -26.40, -26.56, -26.62, -26.26, -26.06, -25.85, -25.72, -25.79, -26.12, -26.49, -27.04, -27.60, -27.82, -27.94, -28.04, -28.08, -28.20, -28.31, -28.19, -28.30, -28.04, -27.65, -25.80, -21.16, -17.84, -16.67, -16.14, -16.14
2026-10-02, 13:07:32, 88000000, 90500000, 19531.25, 18176, -15.62, -16.53, -16.75, -15.63, -13.90, -12.89, -13.12, -14.43, -16.55, -19.42, -24.31, -26.89, -27.54, -27.81, -27.98, -27.96, -27.95, -27.92, -27.84, -27.81, -27.69, -27.52, -27.16, -26.60, -26.03, -25.52, -25.51, -25.84, -26.24, -26.44, -26.64, -26.70, -26.54, -26.44, -26.28, -26.09, -25.96, -25.68, -25.54, -25.34, -25.08, -24.83, -24.51, -24.23, -23.79, -23.44, -23.11, -22.81, -22.50, -22.10, -21.68, -21.21, -20.68, -20.09, -19.41, -18.69, -17.88, -16.98, -15.92, -14.65, -13.00, -10.34, -5.10, 0.65, 6.50, 6.50, 7.82, 7.85, 6.44, 4.20, 1.22, -3.61, -9.55, -12.71, -14.45, -15.78, -16.87, -17.81, -18.63, -19.37, -20.01, -20.62, -21.17, -21.62, -22.08, -22.37, -22.76, -23.06, -23.40, -23.80, -24.16, -24.45, -24.77, -25.03, -25.26, -25.46, -25.64, -25.88, -26.02, -26.16, -26.25, -26.41, -26.59, -26.60, -26.46, -26.19, -25.76, -25.44, -25.50, -26.09, -26.64, -27.20, -27.55, -27.80, -27.93, -28.01, -28.11, -28.29, -28.27, -28.21, -28.27, -28.12, -27.78, -26.31, -22.41, -18.97, -16.92, -15.63, -15.63
2026-10-02, 13:07:33, 88000000, 90500000, 19531.25, 18112, -15.06, -16.22, -17.35, -16.18, -13.84, -12.34, -12.70, -14.86, -17.34, -20.08, -24.89, -27.06, -27.62, -27.82, -27.94, -27.97, -27.95, -27.92, -27.85, -27.79, -27.68, -27.50, -27.20, -26.73, -26.02, -25.40, -25.28, -25.80, -26.30, -26.53, -26.69, -26.61, -26.52, -26.40, -26.25, -26.06, -25.90, -25.74, -25.53, -25.30, -25.08, -24.79, -24.53, -24.23, -23.77, -23.47, -23.07, -22.73, -22.49, -22.10, -21.69, -21.15, -20.67, -20.07, -19.40, -18.72, -17.89, -16.99, -15.96, -14.73, -13.15, -10.60, -5.36, -0.18, 6.33, 6.33, 8.25, 8.36, 6.49, 3.51, 0.44, -4.29, -10.08, -12.90, -14.56, -15.85, -16.92, -17.82, -18.62, -19.36, -20.02, -20.62, -21.13, -21.64, -22.06, -22.37, -22.75, -23.01, -23.42, -23.79, -24.14, -24.45, -24.73, -25.00, -25.20, -25.47, -25.61, -25.84, -26.01, -26.10, -26.25, -26.40, -26.52, -26.61, -26.46, -26.31, -25.78, -25.27, -25.32, -25.96, -26.77, -27.21, -27.53, -27.75, -27.87, -28.02, -28.02, -28.20, -28.25, -28.22, -28.27, -28.11, -27.81, -26.52, -22.88, -19.71, -17.34, -15.51, -15.51
2026-10-02, 13:07:34, 88000000, 90500000, 19531.25, 18112, -15.20, -16.38, -17.28, -16.00, -13.76, -12.44, -12.75, -14.63, -17.36, -20.53, -25.12, -27.15, -27.66, -27.91, -27.98, -28.00, -28.01, -27.96, -27.87, -27.82, -27.74, -27.56, -27.31, -26.79, -26.02, -25.39, -25.31, -25.71, -26.28, -26.57, -26.68, -26.68, -26.54, -26.42, -26.23, -26.09, -25.90, -25.75, -25.55, -25.31, -25.10, -24.80, -24.55, -24.22, -23.78, -23.49, -23.09, -22.78, -22.49, -22.12, -21.70, -21.23, -20.69, -20.11, -19.45, -18.76, -17.96, -17.05, -16.00, -14.77, -13.29, -11.07, -6.31, -0.84, 6.57, 6.57, 8.21, 8.22, 6.58, 3.64, 0.21, -4.72, -10.51, -13.04, -14.67, -15.90, -16.99, -17.87, -18.69, -19.41, -20.08, -20.64, -21.18, -21.68, -22.12, -22.37, -22.77, -23.08, -23.44, -23.82, -24.18, -24.47, -24.77, -25.02, -25.23, -25.45, -25.66, -25.86, -25.96, -26.16, -26.28, -26.41, -26.58, -26.65, -26.44, -26.21, -25.71, -25.28, -25.39, -26.07, -26.76, -27.28, -27.66, -27.76, -27.93, -28.05, -28.05, -28.24, -28.32, -28.27, -28.36, -28.19, -27.91, -26.85, -23.74, -19.79, -17.07, -15.46, -15.46
2026-10-02, 13:07:35, 88000000, 90500000, 19531.25, 18048, -15.47, -16.40, -16.73, -15.85, -14.17, -12.81, -13.19, -14.58, -16.44, -19.14, -23.77, -26.77, -27.63, -27.86, -27.97, -28.02, -27.99, -27.94, -27.89, -27.83, -27.75, -27.49, -27.10, -26.66, -26.11, -25.59, -25.45, -25.87, -26.28, -26.40, -26.62, -26.67, -26.55, -26.45, -26.29, -26.11, -25.93, -25.77, -25.53, -25.33, -25.10, -24.76, -24.54, -24.23, -23.82, -23.49, -23.15, -22.77, -22.47, -22.10, -21.67, -21.15, -20.65, -20.03, -19.39, -18.67, -17.86, -16.90, -15.82, -14.51, -12.73, -9.53, -3.68, 1.24, 6.19, 6.19, 7.73, 7.84, 6.33, 4.17, 1.62, -3.13, -9.20, -12.57, -14.40, -15.73, -16.84, -17.78, -18.60, -19.36, -20.01, -20.62, -21.16, -21.63, -22.06, -22.38, -22.78, -23.07, -23.42, -23.83, -24.15, -24.47, -24.77, -25.01, -25.21, -25.44, -25.65, -25.82, -26.01, -26.16, -26.21, -26.41, -26.51, -26.55, -26.31, -26.20, -25.80, -25.44, -25.53, -26.10, -26.63, -27.10, -27.54, -27.75, -27.91, -28.00, -28.00, -28.16, -28.26, -28.19, -28.19, -28.04, -27.56, -25.41, -21.49, -18.88, -17.19, -15.93, -15.93
2026-10-02, 13:07:36, 88000000, 90500000, 19531.25, 18176, -16.05, -16.49, -16.42, -15.47, -14.18, -13.40, -13.45, -14.21, -15.69, -19.26, -24.50, -26.93, -27.60, -27.83, -27.93, -27.97, -27.97, -27.96, -27.86, -27.82, -27.73, -27.50, -27.13, -26.63, -26.05, -25.67, -25.64, -25.81, -26.02, -26.43, -26.68, -26.67, -26.51, -26.37, -26.26, -26.06, -25.89, -25.74, -25.55, -25.33, -25.11, -24.78, -24.55, -24.20, -23.79, -23.50, -23.12, -22.80, -22.42, -22.07, -21.64, -21.16, -20.64, -20.04, -19.36, -18.65, -17.81, -16.88, -15.78, -14.43, -12.68, -9.32, -3.25, 1.59, 6.37, 6.37, 7.34, 7.28, 6.43, 4.83, 2.05, -3.91, -9.73, -12.64, -14.39, -15.74, -16.83, -17.75, -18.59, -19.34, -19.99, -20.62, -21.13, -21.63, -22.08, -22.38, -22.76, -23.09, -23.47, -23.81, -24.15, -24.46, -24.76, -25.01, -25.25, -25.49, -25.62, -25.86, -26.04, -26.17, -26.26, -26.40, -26.51, -26.55, -26.28, -26.09, -25.77, -25.59, -25.75, -26.05, -26.57, -27.10, -27.55, -27.77, -27.92, -28.01, -28.04, -28.21, -28.33, -28.23, -28.27, -28.08, -27.61, -25.36, -21.09, -18.55, -16.89, -15.97, -15.97
2026-10-02, 13:07:37, 88000000, 90500000, 19531.25, 18176, -15.97, -16.46, -16.36, -15.47, -14.28, -13.27, -13.21, -14.14, -16.12, -19.37, -24.57, -26.94, -27.55, -27.82, -27.87, -27.96, -27.93, -27.93, -27.90, -27.74, -27.67, -27.54, -27.09, -26.62, -26.01, -25.69, -25.55, -25.75, -26.12, -26.46, -26.66, -26.66, -26.51, -26.46, -26.21, -26.09, -25.93, -25.74, -25.56, -25.34, -25.06, -24.78, -24.56, -24.22, -23.81, -23.46, -23.12, -22.80, -22.46, -22.10, -21.68, -21.20, -20.65, -20.05, -19.42, -18.67, -17.85, -16.93, -15.83, -14.56, -12.86, -10.14, -4.24, 1.23, 6.29, 6.29, 7.39, 7.55, 6.54, 4.66, 1.58, -3.72, -9.98, -12.76, -14.45, -15.77, -16.85, -17.78, -18.62, -19.35, -20.01, -20.62, -21.13, -21.62, -22.06, -22.35, -22.80, -23.12, -23.43, -23.82, -24.12, -24.46, -24.81, -25.02, -25.26, -25.53, -25.66, -25.85, -26.02, -26.20, -26.30, -26.43, -26.56, -26.63, -26.39, -26.07, -25.86, -25.62, -25.64, -26.07, -26.53, -27.12, -27.57, -27.83, -27.98, -28.06, -28.04, -28.25, -28.33, -28.26, -28.30, -28.13, -27.75, -26.04, -21.81, -18.46, -16.81, -16.05, -16.05
2026-10-02, 13:07:38, 88000000, 90500000, 19531.25, 18176, -15.75, -16.30, -16.62, -15.68, -14.06, -13.06, -13.02, -14.31, -16.44, -19.47, -24.27, -26.95, -27.60, -27.85, -27.97, -27.98, -27.99, -27.93, -27.86, -27.82, -27.71, -27.55, -27.13, -26.64, -25.98, -25.60, -25.46, -25.79, -26.24, -26.45, -26.68, -26.70, -26.55, -26.43, -26.25, -26.07, -25.93, -25.75, -25.53, -25.33, -25.09, -24.80, -24.53, -24.23, -23.78, -23.47, -23.10, -22.78, -22.47, -22.06, -21.65, -21.18, -20.66, -20.06, -19.42, -18.68, -17.85, -16.95, -15.85, -14.57, -12.90, -9.94, -4.05, 0.94, 6.38, 6.38, 7.60, 7.79, 6.56, 4.29, 1.35, -3.57, -9.63, -12.67, -14.44, -15.74, -16.83, -17.79, -18.61, -19.32, -20.01, -20.60, -21.14, -21.64, -22.04, -22.37, -22.75, -23.09, -23.37, -23.76, -24.15, -24.44, -24.77, -25.03, -25.24, -25.46, -25.66, -25.86, -25.97, -26.14, -26.24, -26.38, -26.57, -26.58, -26.37, -26.10, -25.81, -25.54, -25.55, -26.05, -26.60, -27.14, -27.57, -27.81, -27.94, -28.00, -28.10, -28.26, -28.30, -28.17, -28.26, -28.12, -27.71, -25.87, -21.82, -18.81, -16.96, -15.83, -15.83
2026-10-02, 13:07:39, 88000000, 90500000, 19531.25, 18240, -15.25, -16.35, -17.13, -15.96, -13.82, -12.48, -12.67, -14.33, -17.09, -21.59, -25.96, -27.22, -27.69, -27.89, -27.93, -28.02, -27.96, -27.95, -27.82, -27.76, -27.71, -27.59, -27.30, -26.71, -26.01, -25.38, -25.31, -25.68, -26.23, -26.53, -26.73, -26.63, -26.49, -26.41, -26.25, -26.03, -25.89, -25.71, -25.50, -25.30, -25.04, -24.80, -24.51, -24.25, -23.83, -23.43, -23.11, -22.77, -22.46, -22.09, -21.69, -21.20, -20.68, -20.10, -19.47, -18.75, -17.97, -17.08, -16.04, -14.84, -13.36, -11.36, -7.68, -0.94, 6.47, 6.47, 8.16, 8.26, 6.79, 4.00, -0.07, -6.61, -10.98, -13.13, -14.67, -15.89, -16.96, -17.85, -18.67, -19.37, -20.03, -20.62, -21.16, -21.63, -22.05, -22.38, -22.76, -23.05, -23.37, -23.79, -24.11, -24.42, -24.76, -24.99, -25.22, -25.44, -25.62, -25.85, -26.01, -26.14, -26.22, -26.39, -26.51, -26.59, -26.51, -26.20, -25.72, -25.36, -25.37, -25.92, -26.71, -27.26, -27.61, -27.77, -27.93, -28.02, -28.03, -28.22, -28.29, -28.19, -28.35, -28.19, -27.98, -27.28, -24.24, -19.76, -17.14, -15.46, -15.46
2026-10-02, 13:07:40, 88000000, 90500000, 19531.25, 18176, -15.18, -16.33, -17.03, -16.20, -14.01, -12.44, -12.92, -14.79, -17.04, -19.53, -24.08, -26.85, -27.58, -27.86, -27.96, -27.96, -28.02, -27.94, -27.89, -27.88, -27.78, -27.50, -27.22, -26.76, -26.17, -25.44, -25.33, -25.82, -26.30, -26.56, -26.66, -26.69, -26.55, -26.42, -26.25, -26.13, -25.94, -25.76, -25.57, -25.35, -25.14, -24.81, -24.57, -24.25, -23.86, -23.51, -23.10, -22.80, -22.50, -22.13, -21.71, -21.24, -20.68, -20.13, -19.47, -18.74, -17.94, -17.02, -15.96, -14.69, -13.06, -10.20, -4.73, 0.51, 6.08, 6.08, 8.16, 8.18, 6.33, 3.78, 0.84, -3.27, -9.28, -12.79, -14.49, -15.82, -16.90, -17.84, -18.66, -19.39, -20.08, -20.67, -21.17, -21.69, -22.10, -22.44, -22.79, -23.07, -23.45, -23.87, -24.18, -24.49, -24.78, -25.06, -25.26, -25.52, -25.68, -25.84, -26.06, -26.18, -26.27, -26.40, -26.56, -26.63, -26.44, -26.20, -25.83, -25.26, -25.41, -26.15, -26.72, -27.21, -27.56, -27.81, -27.96, -28.10, -28.14, -28.28, -28.33, -28.25, -28.30, -28.13, -27.77, -26.07, -22.34, -19.21, -17.45, -15.69, -15.69
2026-10-02, 13:07:41, 88000000, 90500000, 19531.25, 18112, -15.97, -16.70, -16.68, -15.37, -13.88, -13.25, -13.47, -14.56, -16.18, -18.89, -23.43, -26.74, -27.55, -27.84, -27.91, -27.99, -27.95, -27.97, -27.87, -27.78, -27.78, -27.54, -27.11, -26.66, -25.94, -25.60, -25.62, -25.88, -26.14, -26.46, -26.62, -26.69, -26.52, -26.45, -26.25, -26.10, -25.93, -25.73, -25.52, -25.29, -25.09, -24.76, -24.53, -24.22, -23.79, -23.47, -23.15, -22.79, -22.48, -22.10, -21.65, -21.17, -20.62, -20.05, -19.40, -18.67, -17.85, -16.94, -15.85, -14.59, -12.94, -10.28, -4.70, 1.00, 6.70, 6.70, 7.62, 7.31, 6.23, 4.33, 1.79, -2.56, -9.01, -12.46, -14.31, -15.70, -16.81, -17.73, -18.58, -19.32, -19.98, -20.59, -21.15, -21.61, -22.03, -22.37, -22.73, -23.07, -23.38, -23.82, -24.16, -24.40, -24.79, -25.02, -25.22, -25.48, -25.65, -25.87, -26.00, -26.13, -26.29, -26.40, -26.57, -26.61, -26.34, -26.04, -25.72, -25.56, -25.69, -26.13, -26.63, -27.09, -27.58, -27.78, -27.94, -28.05, -28.08, -28.24, -28.32, -28.22, -28.25, -28.08, -27.72, -26.23, -22.06, -18.66, -16.62, -15.68, -15.68
2026-10-02, 13:07:42, 88000000, 90500000, 19531.25, 18176, -16.00, -16.59, -16.51, -15.44, -14.11, -13.29, -13.38, -14.29, -15.98, -19.36, -24.84, -26.98, -27.60, -27.85, -27.94, -28.00, -27.95, -27.97, -27.91, -27.85, -27.75, -27.55, -27.14, -26.58, -26.04, -25.66, -25.62, -25.79, -26.13, -26.44, -26.70, -26.74, -26.52, -26.47, -26.27, -26.14, -25.97, -25.75, -25.56, -25.36, -25.13, -24.81, -24.57, -24.23, -23.84, -23.50, -23.16, -22.80, -22.47, -22.14, -21.71, -21.23, -20.68, -20.08, -19.45, -18.71, -17.87, -16.97, -15.89, -14.59, -12.95, -10.27, -4.46, 1.11, 6.42, 6.42, 7.51, 7.39, 6.44, 4.63, 1.77, -4.18, -10.11, -12.83, -14.52, -15.81, -16.92, -17.84, -18.66, -19.40, -20.04, -20.67, -21.21, -21.67, -22.15, -22.41, -22.83, -23.13, -23.47, -23.85, -24.20, -24.47, -24.79, -25.03, -25.32, -25.50, -25.70, -25.91, -26.04, -26.20, -26.31, -26.47, -26.57, -26.59, -26.44, -26.10, -25.80, -25.61, -25.69, -26.08, -26.59, -27.15, -27.67, -27.83, -28.01, -28.11, -28.10, -28.32, -28.35, -28.28, -28.36, -28.19, -27.83, -26.30, -21.94, -18.66, -16.75, -15.88, -15.88
2026-10-02, 13:07:43, 88000000, 90500000, 19531.25, 18176, -15.87, -16.49, -16.62, -15.59, -14.10, -13.16, -13.20, -14.34, -16.48, -19.24, -24.15, -26.90, -27.61, -27.87, -27.98, -27.97, -28.03, -27.95, -27.86, -27.85, -27.72, -27.57, -27.16, -26.60, -26.00, -25.58, -25.57, -25.84, -26.21, -26.51, -26.66, -26.69, -26.58, -26.46, -26.30, -26.11, -25.89, -25.78, -25.55, -25.30, -25.10, -24.82, -24.57, -24.26, -23.84, -23.52, -23.19, -22.81, -22.50, -22.12, -21.70, -21.22, -20.69, -20.09, -19.44, -18.69, -17.92, -16.97, -15.91, -14.61, -12.94, -10.07, -4.47, 1.06, 6.42, 6.42, 7.53, 7.61, 6.50, 4.27, 1.50, -3.37, -9.50, -12.68, -14.45, -15.78, -16.88, -17.82, -18.64, -19.37, -20.05, -20.64, -21.17, -21.67, -22.11, -22.41, -22.76, -23.12, -23.43, -23.81, -24.18, -24.50, -24.83, -25.04, -25.27, -25.48, -25.68, -25.89, -26.03, -26.18, -26.28, -26.46, -26.58, -26.60, -26.41, -26.17, -25.79, -25.58, -25.68, -26.03, -26.71, -27.23, -27.61, -27.85, -27.98, -28.05, -28.12, -28.25, -28.34, -28.20, -28.35, -28.13, -27.73, -26.19, -21.91, -18.79, -16.86, -15.87, -15.87
2026-10-02, 13:07:44, 88000000, 90500000, 19531.25, 18176, -15.46, -16.49, -16.97, -15.80, -13.99, -12.72, -12.97, -14.54, -16.93, -20.03, -24.51, -27.00, -27.60, -27.84, -27.95, -27.98, -28.00, -27.97, -27.87, -27.87, -27.80, -27.56, -27.21, -26.66, -26.09, -25.52, -25.43, -25.79, -26.27, -26.56, -26.72, -26.71, -26.58, -26.45, -26.27, -26.12, -25.95, -25.77, -25.54, -25.39, -25.12, -24.85, -24.59, -24.26, -23.86, -23.51, -23.16, -22.83, -22.49, -22.15, -21.74, -21.25, -20.73, -20.12, -19.47, -18.75, -17.95, -17.04, -15.99, -14.73, -13.12, -10.55, -5.73, -0.01, 6.41, 6.41, 7.90, 8.02, 6.44, 4.01, 0.80, -4.29, -10.02, -12.97, -14.65, -15.92, -17.00, -17.90, -18.72, -19.46, -20.11, -20.71, -21.24, -21.72, -22.15, -22.42, -22.83, -23.15, -23.44, -23.91, -24.18, -24.48, -24.86, -25.08, -25.33, -25.54, -25.74, -25.93, -26.09, -26.27, -26.35, -26.47, -26.66, -26.66, -26.57, -26.19, -25.82, -25.50, -25.51, -26.14, -26.70, -27.26, -27.71, -27.81, -27.93, -28.13, -28.14, -28.27, -28.37, -28.30, -28.38, -28.24, -27.89, -26.55, -23.15, -19.26, -16.99, -15.70, -15.70
2026-10-02, 13:07:45, 88000000, 90500000, 19531.25, 18048, -15.66, -16.55, -16.73, -15.68, -14.02, -12.92, -13.11, -14.49, -16.44, -19.90, -24.70, -27.06, -27.65, -27.89, -27.98, -28.05, -28.01, -27.92, -27.89, -27.85, -27.70, -27.62, -27.22, -26.68, -26.11, -25.59, -25.51, -25.78, -26.20, -26.48, -26.70, -26.74, -26.56, -26.47, -26.30, -26.10, -25.96, -25.77, -25.58, -25.35, -25.10, -24.84, -24.61, -24.25, -23.84, -23.50, -23.16, -22.83, -22.52, -22.13, -21.70, -21.22, -20.71, -20.11, -19.46, -18.73, -17.95, -17.02, -15.96, -14.70, -13.09, -10.58, -5.36, 0.53, 6.41, 6.41, 7.76, 7.83, 6.43, 4.23, 1.14, -4.22, -10.08, -12.86, -14.54, -15.85, -16.92, -17.85, -18.68, -19.40, -20.05, -20.66, -21.18, -21.71, -22.11, -22.39, -22.79, -23.14, -23.44, -23.86, -24.20, -24.49, -24.80, -25.06, -25.26, -25.50, -25.70, -25.83, -26.04, -26.19, -26.32, -26.46, -26.61, -26.68, -26.44, -26.14, -25.81, -25.46, -25.55, -26.10, -26.65, -27.18, -27.61, -27.84, -27.93, -28.07, -28.06, -28.27, -28.37, -28.29, -28.32, -28.17, -27.87, -26.56, -22.64, -18.89, -16.95, -15.72, -15.72
2026-10-02, 13:07:46, 88000000, 90500000, 19531.25, 18112, -16.01, -16.60, -16.61, -15.41, -14.10, -13.32, -13.40, -14.47, -16.05, -19.19, -23.96, -26.89, -27.63, -27.88, -27.98, -28.03, -28.03, -27.96, -27.90, -27.83, -27.77, -27.56, -27.16, -26.64, -26.03, -25.71, -25.62, -25.89, -26.22, -26.48, -26.71, -26.73, -26.59, -26.47, -26.30, -26.14, -25.95, -25.80, -25.58, -25.36, -25.15, -24.84, -24.58, -24.26, -23.84, -23.53, -23.22, -22.83, -22.53, -22.13, -21.73, -21.24, -20.69, -20.12, -19.45, -18.70, -17.88, -16.96, -15.87, -14.56, -12.90, -10.00, -3.92, 1.22, 6.56, 6.56, 7.38, 7.48, 6.20, 4.55, 1.76, -3.37, -9.59, -12.68, -14.45, -15.80, -16.91, -17.84, -18.64, -19.41, -20.08, -20.66, -21.21, -21.71, -22.14, -22.40, -22.85, -23.15, -23.49, -23.88, -24.21, -24.50, -24.82, -25.07, -25.29, -25.52, -25.72, -25.92, -26.06, -26.22, -26.33, -26.47, -26.61, -26.65, -26.43, -26.20, -25.78, -25.64, -25.70, -26.13, -26.60, -27.11, -27.61, -27.79, -27.99, -28.09, -28.16, -28.30, -28.36, -28.29, -28.31, -28.13, -27.71, -25.84, -21.63, -18.76, -16.70, -15.91, -15.91
2026-10-02, 13:07:47, 88000000, 90500000, 19531.25, 18176, -14.76, -16.25, -17.70, -16.52, -14.00, -12.02, -12.53, -14.99, -18.15, -21.14, -25.26, -27.20, -27.78, -27.91, -27.99, -28.04, -28.05, -28.00, -27.94, -27.90, -27.82, -27.66, -27.40, -26.87, -26.16, -25.43, -25.14, -25.80, -26.40, -26.68, -26.81, -26.76, -26.62, -26.52, -26.33, -26.12, -25.99, -25.79, -25.61, -25.36, -25.15, -24.88, -24.63, -24.30, -23.88, -23.54, -23.12, -22.82, -22.56, -22.21, -21.76, -21.27, -20.79, -20.18, -19.56, -18.84, -18.05, -17.16, -16.12, -14.94, -13.45, -11.41, -6.75, -1.12, 6.27, 6.27, 8.31, 8.73, 6.42, 2.96, -0.47, -5.48, -10.38, -13.25, -14.79, -16.02, -17.08, -17.97, -18.77, -19.51, -20.14, -20.72, -21.26, -21.76, -22.18, -22.49, -22.83, -23.13, -23.50, -23.91, -24.27, -24.53, -24.85, -25.07, -25.32, -25.55, -25.74, -25.92, -26.08, -26.23, -26.37, -26.46, -26.65, -26.72, -26.59, -26.40, -25.85, -25.28, -25.27, -26.12, -26.96, -27.38, -27.69, -27.88, -28.01, -28.12, -28.15, -28.32, -28.41, -28.35, -28.43, -28.27, -28.09, -27.21, -23.89, -20.29, -17.56, -15.66, -15.66
2026-10-02, 13:07:48, 88000000, 90500000, 19531.25, 18112, -15.32, -16.32, -17.31, -16.14, -13.76, -12.55, -12.78, -14.96, -17.22, -20.23, -24.78, -27.11, -27.67, -27.92, -28.00, -28.03, -28.05, -27.98, -27.94, -27.84, -27.76, -27.59, -27.24, -26.80, -26.09, -25.39, -25.37, -25.83, -26.37, -26.59, -26.69, -26.68, -26.56, -26.49, -26.30, -26.13, -25.93, -25.78, -25.59, -25.39, -25.09, -24.85, -24.59, -24.29, -23.86, -23.56, -23.16, -22.86, -22.51, -22.18, -21.73, -21.23, -20.73, -20.15, -19.48, -18.77, -17.98, -17.07, -16.03, -14.78, -13.21, -10.78, -5.40, 0.03, 6.29, 6.29, 8.26, 8.13, 6.45, 3.51, 0.45, -4.32, -10.10, -12.98, -14.63, -15.91, -16.98, -17.89, -18.73, -19.43, -20.11, -20.66, -21.22, -21.71, -22.13, -22.46, -22.82, -23.14, -23.44, -23.87, -24.21, -24.48, -24.83, -25.05, -25.32, -25.53, -25.72, -25.89, -26.04, -26.24, -26.39, -26.48, -26.67, -26.67, -26.46, -26.26, -25.81, -25.37, -25.46, -26.10, -26.76, -27.27, -27.65, -27.94, -28.04, -28.11, -28.14, -28.34, -28.38, -28.28, -28.37, -28.20, -27.90, -26.62, -22.86, -19.54, -17.32, -15.42, -15.42
2026-10-02, 13:07:49, 88000000, 90500000, 19531.25, 18240, -15.13, -16.11, -17.47, -16.42, -13.80, -12.41, -12.57, -15.00, -17.53, -19.86, -24.97, -27.10, -27.71, -27.89, -28.00, -28.03, -28.01, -27.94, -27.94, -27.86, -27.77, -27.53, -27.24, -26.81, -26.10, -25.47, -25.30, -25.76, -26.39, -26.58, -26.74, -26.66, -26.60, -26.45, -26.29, -26.11, -25.97, -25.80, -25.60, -25.36, -25.14, -24.83, -24.61, -24.28, -23.84, -23.52, -23.16, -22.80, -22.51, -22.13, -21.71, -21.26, -20.74, -20.11, -19.48, -18.78, -17.95, -17.06, -16.02, -14.75, -13.19, -10.74, -5.27, 0.06, 6.15, 6.15, 8.19, 8.47, 6.54, 3.18, 0.62, -4.21, -10.21, -12.96, -14.59, -15.89, -16.95, -17.88, -18.68, -19.40, -20.07, -20.65, -21.19, -21.68, -22.08, -22.44, -22.78, -23.07, -23.45, -23.88, -24.20, -24.47, -24.84, -25.02, -25.29, -25.50, -25.66, -25.90, -26.07, -26.17, -26.30, -26.49, -26.62, -26.65, -26.49, -26.34, -25.86, -25.32, -25.31, -26.05, -26.83, -27.21, -27.68, -27.91, -27.98, -28.08, -28.12, -28.26, -28.39, -28.28, -28.31, -28.17, -27.85, -26.50, -22.60, -19.75, -17.62, -15.47, -15.47
2026-10-02, 13:07:50, 88000000, 90500000, 19531.25, 18048, -13.75, -16.46, -18.54, -17.36, -13.95, -10.99, -12.49, -15.53, -18.99, -23.11, -26.55, -27.50, -27.83, -28.00, -28.04, -28.04, -28.02, -28.04, -27.91, -27.94, -27.81, -27.66, -27.49, -27.08, -26.28, -25.14, -24.85, -25.94, -26.53, -26.79, -26.81, -26.70, -26.60, -26.47, -26.33, -26.12, -25.96, -25.80, -25.56, -25.37, -25.13, -24.83, -24.62, -24.32, -23.88, -23.52, -23.07, -22.81, -22.54, -22.20, -21.75, -21.27, -20.74, -20.17, -19.55, -18.84, -18.06, -17.20, -16.21, -15.06, -13.66, -11.82, -8.65, -3.09, 5.76, 5.76, 9.02, 9.43, 6.07, 2.50, -2.43, -7.69, -11.49, -13.46, -14.90, -16.07, -17.08, -17.96, -18.75, -19.45, -20.09, -20.69, -21.23, -21.71, -22.13, -22.43, -22.78, -22.99, -23.41, -23.88, -24.21, -24.47, -24.82, -25.05, -25.26, -25.51, -25.68, -25.88, -26.05, -26.21, -26.31, -26.47, -26.64, -26.73, -26.64, -26.51, -25.90, -24.97, -24.94, -26.18, -26.91, -27.49, -27.79, -27.90, -27.96, -28.14, -28.13, -28.27, -28.37, -28.32, -28.36, -28.27, -28.08, -27.60, -25.39, -21.59, -18.36, -15.49, -15.49
2026-10-02, 13:07:51, 88000000, 90500000, 19531.25, 18240, -15.20, -16.38, -17.24, -16.45, -13.91, -12.45, -12.94, -14.78, -17.56, -19.72, -24.84, -27.14, -27.75, -27.99, -28.09, -28.15, -28.12, -28.07, -28.01, -27.99, -27.85, -27.70, -27.38, -26.92, -26.17, -25.54, -25.50, -25.88, -26.50, -26.75, -26.82, -26.83, -26.70, -26.60, -26.42, -26.23, -26.07, -25.85, -25.70, -25.46, -25.24, -24.93, -24.71, -24.35, -23.95, -23.62, -23.24, -22.91, -22.63, -22.24, -21.80, -21.35, -20.84, -20.19, -19.55, -18.87, -18.06, -17.12, -16.11, -14.84, -13.24, -10.51, -5.19, 0.22, 6.21, 6.21, 8.14, 8.13, 6.48, 3.46, 0.35, -3.83, -10.05, -12.96, -14.66, -15.94, -17.02, -17.93, -18.78, -19.50, -20.14, -20.76, -21.29, -21.80, -22.21, -22.51, -22.88, -23.19, -23.56, -23.96, -24.31, -24.60, -24.93, -25.19, -25.43, -25.62, -25.81, -26.03, -26.15, -26.33, -26.47, -26.60, -26.77, -26.77, -26.58, -26.46, -25.98, -25.43, -25.56, -26.19, -26.89, -27.37, -27.68, -27.90, -28.04, -28.16, -28.22, -28.38, -28.46, -28.40, -28.44, -28.24, -27.91, -26.45, -22.56, -19.61, -17.57, -15.61, -15.61
2026-10-02, 13:07:52, 88000000, 90500000, 19531.25, 18176, -14.23, -16.38, -18.52, -17.23, -13.99, -11.44, -12.62, -15.89, -18.70, -21.02, -25.02, -27.33, -27.92, -28.11, -28.22, -28.19, -28.18, -28.17, -28.10, -28.03, -27.97, -27.75, -27.49, -27.20, -26.43, -25.34, -25.12, -26.08, -26.67, -26.82, -26.94, -26.90, -26.77, -26.60, -26.48, -26.29, -26.11, -25.92, -25.73, -25.48, -25.29, -24.97, -24.74, -24.44, -23.99, -23.66, -23.20, -22.95, -22.70, -22.31, -21.87, -21.40, -20.87, -20.29, -19.63, -18.96, -18.16, -17.25, -16.26, -15.05, -13.56, -11.41, -6.48, -1.50, 5.70, 5.70, 8.85, 8.98, 5.91, 2.03, -0.51, -5.23, -10.34, -13.33, -14.86, -16.09, -17.14, -18.04, -18.85, -19.54, -20.22, -20.82, -21.32, -21.81, -22.27, -22.55, -22.93, -23.15, -23.59, -24.04, -24.34, -24.61, -24.92, -25.17, -25.43, -25.68, -25.85, -26.03, -26.13, -26.35, -26.48, -26.61, -26.74, -26.84, -26.71, -26.62, -26.02, -25.17, -25.20, -26.32, -27.09, -27.46, -27.77, -27.98, -28.11, -28.24, -28.26, -28.41, -28.51, -28.43, -28.52, -28.35, -28.11, -27.10, -23.84, -21.13, -18.33, -15.55, -15.55
2026-10-02, 13:07:53, 88000000, 90500000, 19531.25, 18176, -14.73, -16.29, -17.61, -16.36, -13.77, -11.97, -12.59, -14.79, -17.56, -21.18, -25.35, -27.31, -27.84, -28.06, -28.15, -28.17, -28.21, -28.19, -28.10, -28.08, -27.95, -27.82, -27.52, -27.07, -26.28, -25.43, -25.37, -25.97, -26.49, -26.85, -26.96, -26.91, -26.74, -26.61, -26.43, -26.27, -26.09, -25.89, -25.72, -25.46, -25.23, -24.96, -24.67, -24.32, -23.93, -23.55, -23.16, -22.84, -22.58, -22.20, -21.76, -21.28, -20.73, -20.15, -19.50, -18.78, -18.00, -17.11, -16.08, -14.86, -13.38, -11.23, -6.60, -0.89, 6.27, 6.27, 8.54, 8.68, 6.45, 3.58, -0.42, -5.22, -10.73, -13.11, -14.67, -15.90, -16.98, -17.86, -18.69, -19.40, -20.08, -20.66, -21.20, -21.69, -22.15, -22.40, -22.79, -23.08, -23.45, -23.90, -24.29, -24.55, -24.85, -25.11, -25.36, -25.57, -25.76, -25.96, -26.13, -26.27, -26.39, -26.56, -26.69, -26.76, -26.66, -26.39, -25.89, -25.25, -25.30, -26.14, -26.81, -27.43, -27.76, -27.95, -28.08, -28.16, -28.18, -28.36, -28.39, -28.36, -28.37, -28.23, -28.00, -27.02, -23.66, -20.37, -17.48, -15.38, -15.38
2026-10-02, 13:07:54, 88000000, 90500000, 19531.25, 18176, -14.64, -16.44, -17.29, -16.34, -14.33, -11.93, -12.98, -15.07, -17.18, -19.49, -24.44, -26.73, -27.43, -27.65, -27.71, -27.76, -27.76, -27.67, -27.61, -27.55, -27.41, -27.27, -26.89, -26.47, -26.01, -25.28, -24.98, -25.65, -26.08, -26.32, -26.39, -26.43, -26.27, -26.18, -26.07, -25.86, -25.67, -25.54, -25.36, -25.15, -24.89, -24.61, -24.41, -24.08, -23.68, -23.35, -22.95, -22.69, -22.36, -21.99, -21.56, -21.13, -20.58, -19.99, -19.37, -18.66, -17.87, -16.94, -15.91, -14.67, -13.07, -10.48, -5.01, 0.55, 5.80, 5.80, 8.08, 8.61, 6.09, 3.58, 0.81, -3.41, -9.71, -12.76, -14.48, -15.76, -16.84, -17.74, -18.57, -19.30, -19.93, -20.54, -21.04, -21.52, -21.98, -22.29, -22.66, -22.93, -23.30, -23.71, -24.02, -24.30, -24.64, -24.88, -25.12, -25.30, -25.44, -25.68, -25.80, -25.94, -26.03, -26.20, -26.35, -26.36, -26.26, -26.07, -25.71, -25.18, -25.07, -25.96, -26.55, -27.00, -27.33, -27.61, -27.83, -27.90, -27.87, -28.11, -28.18, -28.11, -28.21, -28.07, -27.77, -26.31, -22.24, -19.44, -17.64, -16.06, -16.06
2026-10-02, 13:07:55, 88000000, 90500000, 19531.25, 18176, -15.03, -16.62, -18.04, -16.96, -14.22, -12.27, -13.01, -15.30, -18.27, -21.11, -25.32, -27.25, -27.77, -27.95, -27.98, -27.97, -27.94, -27.92, -27.84, -27.79, -27.66, -27.52, -27.22, -26.87, -26.14, -25.46, -25.26, -25.85, -26.31, -26.62, -26.67, -26.68, -26.49, -26.42, -26.28, -26.14, -25.98, -25.79, -25.60, -25.44, -25.20, -24.90, -24.71, -24.37, -23.98, -23.67, -23.21, -22.98, -22.68, -22.36, -21.90, -21.45, -20.95, -20.37, -19.74, -19.02, -18.25, -17.36, -16.36, -15.13, -13.61, -11.24, -6.07, -0.92, 5.76, 5.76, 8.13, 8.31, 6.04, 2.91, -0.86, -5.04, -10.83, -13.43, -15.01, -16.24, -17.28, -18.20, -18.96, -19.70, -20.35, -20.92, -21.48, -21.90, -22.35, -22.63, -22.98, -23.21, -23.60, -24.02, -24.33, -24.62, -24.92, -25.13, -25.37, -25.59, -25.78, -25.90, -26.07, -26.31, -26.30, -26.42, -26.61, -26.67, -26.55, -26.41, -25.96, -25.28, -25.36, -26.12, -26.89, -27.31, -27.70, -27.94, -27.99, -28.14, -28.16, -28.37, -28.45, -28.42, -28.50, -28.37, -28.16, -26.89, -23.35, -20.76, -18.06, -15.84, -15.84
2026-10-02, 13:07:56, 88000000, 90500000, 19531.25, 18176, -15.55, -16.90, -17.86, -16.90, -14.28, -12.79, -13.31, -15.29, -17.95, -21.20, -25.66, -27.52, -27.98, -28.18, -28.23, -28.21, -28.24, -28.12, -28.06, -27.99, -27.85, -27.75, -27.48, -26.95, -26.36, -25.65, -25.57, -26.10, -26.57, -26.83, -26.88, -26.86, -26.83, -26.66, -26.53, -26.34, -26.18, -26.04, -25.83, -25.65, -25.41, -25.16, -24.92, -24.62, -24.20, -23.85, -23.49, -23.19, -22.90, -22.56, -22.14, -21.68, -21.16, -20.58, -19.94, -19.23, -18.44, -17.57, -16.51, -15.30, -13.75, -11.41, -6.59, -1.07, 5.70, 5.70, 7.84, 7.88, 5.93, 2.94, -0.50, -5.50, -11.05, -13.54, -15.15, -16.43, -17.46, -18.39, -19.16, -19.90, -20.55, -21.13, -21.65, -22.10, -22.55, -22.81, -23.18, -23.48, -23.81, -24.25, -24.56, -24.85, -25.18, -25.35, -25.58, -25.81, -26.01, -26.23, -26.33, -26.47, -26.56, -26.75, -26.88, -26.94, -26.81, -26.67, -26.19, -25.61, -25.66, -26.40, -27.12, -27.59, -27.93, -28.05, -28.26, -28.37, -28.38, -28.61, -28.72, -28.65, -28.72, -28.61, -28.31, -27.17, -23.96, -20.33, -18.11, -15.91, -15.91
2026-10-02, 13:07:57, 88000000, 90500000, 19531.25, 18304, -15.86, -16.98, -17.78, -16.83, -14.90, -13.16, -13.65, -15.60, -17.64, -19.92, -24.41, -27.36, -27.98, -28.25, -28.30, -28.34, -28.30, -28.18, -28.19, -28.09, -27.98, -27.77, -27.44, -27.03, -26.51, -25.92, -25.75, -26.22, -26.66, -26.86, -26.99, -27.01, -26.86, -26.73, -26.59, -26.47, -26.29, -26.14, -25.92, -25.75, -25.51, -25.26, -25.00, -24.71, -24.32, -23.95, -23.65, -23.30, -23.07, -22.64, -22.21, -21.78, -21.26, -20.66, -20.04, -19.31, -18.52, -17.60, -16.54, -15.26, -13.57, -10.49, -4.66, 0.02, 5.30, 5.30, 7.15, 7.53, 5.56, 2.96, 0.41, -3.59, -10.15, -13.36, -15.11, -16.41, -17.51, -18.44, -19.27, -19.97, -20.64, -21.22, -21.74, -22.24, -22.65, -22.89, -23.34, -23.62, -23.94, -24.37, -24.68, -24.96, -25.26, -25.47, -25.71, -25.93, -26.08, -26.27, -26.43, -26.61, -26.72, -26.83, -26.98, -26.96, -26.79, -26.64, -26.35, -25.89, -25.85, -26.54, -27.14, -27.61, -28.00, -28.21, -28.38, -28.45, -28.52, -28.69, -28.82, -28.77, -28.80, -28.65, -28.19, -26.56, -22.50, -19.81, -18.09, -16.67, -16.67
2026-10-02, 13:07:58, 88000000, 90500000, 19531.25, 18176, -17.08, -17.41, -17.37, -16.57, -15.34, -14.40, -14.32, -15.27, -16.95, -20.03, -25.44, -27.82, -28.35, -28.63, -28.72, -28.68, -28.68, -28.66, -28.57, -28.53, -28.40, -28.24, -27.74, -27.32, -26.84, -26.48, -26.38, -26.57, -26.86, -27.15, -27.35, -27.40, -27.24, -27.14, -26.98, -26.81, -26.67, -26.47, -26.31, -26.09, -25.85, -25.63, -25.34, -25.06, -24.67, -24.36, -24.00, -23.68, -23.37, -22.97, -22.59, -22.12, -21.58, -20.99, -20.35, -19.62, -18.80, -17.87, -16.79, -15.48, -13.80, -10.97, -4.62, 0.85, 5.17, 5.17, 6.28, 6.42, 5.38, 3.66, 0.92, -4.51, -10.97, -13.72, -15.43, -16.73, -17.81, -18.77, -19.56, -20.32, -20.98, -21.54, -22.06, -22.56, -22.98, -23.28, -23.68, -24.04, -24.32, -24.67, -25.00, -25.26, -25.60, -25.86, -26.05, -26.23, -26.39, -26.64, -26.77, -26.91, -27.01, -27.14, -27.27, -27.30, -27.00, -26.86, -26.60, -26.40, -26.38, -26.84, -27.27, -27.78, -28.32, -28.55, -28.73, -28.81, -28.80, -29.04, -29.08, -29.03, -29.08, -28.93, -28.57, -26.79, -22.01, -19.41, -17.94, -17.14, -17.14
2026-10-02, 13:07:59, 88000000, 90500000, 19531.25, 18240, -17.56, -17.75, -17.01, -16.19, -15.56, -14.88, -14.81, -15.35, -16.49, -19.27, -24.61, -27.51, -28.22, -28.44, -28.56, -28.56, -28.55, -28.47, -28.37, -28.35, -28.22, -28.07, -27.56, -27.05, -26.76, -26.52, -26.46, -26.55, -26.72, -26.95, -27.17, -27.25, -27.17, -27.06, -26.93, -26.73, -26.64, -26.40, -26.30, -26.04, -25.82, -25.58, -25.35, -25.00, -24.64, -24.37, -24.01, -23.70, -23.32, -23.00, -22.58, -22.13, -21.58, -21.01, -20.35, -19.63, -18.82, -17.89, -16.79, -15.45, -13.74, -10.96, -5.02, 1.41, 5.19, 5.19, 5.82, 5.81, 5.20, 3.82, 1.58, -3.46, -10.25, -13.51, -15.32, -16.71, -17.80, -18.77, -19.58, -20.34, -20.98, -21.56, -22.11, -22.58, -22.97, -23.24, -23.68, -24.03, -24.35, -24.62, -24.99, -25.26, -25.54, -25.81, -26.03, -26.23, -26.34, -26.60, -26.74, -26.90, -26.98, -27.06, -27.27, -27.27, -26.86, -26.72, -26.51, -26.44, -26.51, -26.74, -27.17, -27.68, -28.23, -28.52, -28.65, -28.78, -28.79, -28.99, -29.07, -29.01, -29.12, -28.93, -28.52, -26.93, -21.87, -18.72, -17.65, -17.44, -17.44
2026-10-02, 13:08:00, 88000000, 90500000, 19531.25, 18112, -17.83, -17.36, -16.00, -15.54, -15.52, -15.21, -14.68, -14.40, -15.30, -19.49, -24.69, -27.23, -27.88, -28.15, -28.24, -28.21, -28.24, -28.16, -28.07, -28.03, -27.96, -27.75, -27.07, -26.63, -26.35, -26.33, -26.23, -26.14, -26.20, -26.58, -26.97, -26.90, -26.79, -26.70, -26.50, -26.36, -26.26, -26.06, -25.87, -25.70, -25.47, -25.15, -24.95, -24.58, -24.18, -24.01, -23.65, -23.29, -22.93, -22.56, -22.14, -21.70, -21.17, -20.58, -19.93, -19.19, -18.39, -17.41, -16.31, -14.96, -13.21, -10.41, -4.43, 2.60, 5.44, 5.44, 5.58, 5.65, 5.77, 5.09, 2.10, -3.94, -10.01, -13.05, -14.88, -16.25, -17.35, -18.32, -19.15, -19.87, -20.56, -21.16, -21.66, -22.15, -22.57, -22.84, -23.35, -23.65, -23.97, -24.24, -24.54, -24.88, -25.19, -25.48, -25.63, -25.85, -26.00, -26.18, -26.33, -26.46, -26.58, -26.63, -26.82, -26.83, -26.39, -26.22, -26.29, -26.26, -26.36, -26.36, -26.71, -27.35, -27.83, -28.08, -28.19, -28.34, -28.39, -28.63, -28.68, -28.65, -28.68, -28.53, -28.10, -26.49, -20.94, -17.71, -17.14, -17.39, -17.39
2026-10-02, 13:08:01, 88000000, 90500000, 19531.25, 18240, -17.77, -17.31, -16.19, -15.63, -15.39, -15.19, -14.94, -14.99, -15.45, -17.61, -23.58, -27.03, -27.82, -28.08, -28.13, -28.16, -28.19, -28.12, -28.04, -27.97, -27.86, -27.65, -27.01, -26.56, -26.35, -26.26, -26.25, -26.22, -26.30, -26.48, -26.79, -26.85, -26.72, -26.65, -26.47, -26.36, -26.21, -26.03, -25.83, -25.64, -25.39, -25.14, -24.88, -24.57, -24.17, -23.95, -23.62, -23.28, -22.92, -22.53, -22.10, -21.64, -21.13, -20.53, -19.86, -19.12, -18.29, -17.34, -16.21, -14.82, -13.00, -9.85, -2.79, 2.90, 5.34, 5.34, 5.61, 5.51, 5.28, 4.56, 3.11, -2.05, -9.19, -12.71, -14.62, -16.08, -17.24, -18.22, -19.07, -19.82, -20.50, -21.11, -21.65, -22.10, -22.48, -22.82, -23.26, -23.59, -23.91, -24.23, -24.52, -24.81, -25.12, -25.35, -25.56, -25.80, -25.95, -26.18, -26.27, -26.47, -26.55, -26.70, -26.78, -26.73, -26.34, -26.20, -26.26, -26.20, -26.28, -26.39, -26.69, -27.10, -27.74, -28.09, -28.19, -28.35, -28.34, -28.57, -28.64, -28.54, -28.57, -28.40, -27.96, -25.63, -20.19, -17.60, -17.26, -17.41, -17.41
2026-10-02, 13:08:02, 88000000, 90500000, 19531.25, 18176, -17.56, -17.33, -16.25, -15.64, -15.31, -14.93, -14.73, -14.97, -15.64, -18.09, -23.83, -27.00, -27.76, -28.06, -28.14, -28.16, -28.20, -28.08, -28.03, -28.02, -27.88, -27.60, -27.08, -26.63, -26.39, -26.28, -26.17, -26.16, -26.33, -26.48, -26.79, -26.89, -26.75, -26.66, -26.55, -26.36, -26.22, -26.03, -25.85, -25.65, -25.45, -25.14, -24.90, -24.57, -24.19, -23.93, -23.64, -23.25, -22.90, -22.50, -22.11, -21.65, -21.12, -20.54, -19.89, -19.16, -18.32, -17.37, -16.27, -14.87, -13.08, -10.09, -3.70, 2.62, 5.43, 5.43, 5.88, 5.80, 5.38, 4.50, 2.66, -2.31, -9.51, -12.89, -14.76, -16.17, -17.32, -18.26, -19.13, -19.84, -20.55, -21.12, -21.62, -22.14, -22.50, -22.88, -23.31, -23.66, -23.96, -24.25, -24.58, -24.85, -25.17, -25.40, -25.61, -25.85, -26.01, -26.16, -26.38, -26.41, -26.60, -26.70, -26.81, -26.81, -26.39, -26.27, -26.20, -26.11, -26.30, -26.48, -26.77, -27.15, -27.73, -28.11, -28.25, -28.34, -28.41, -28.57, -28.69, -28.61, -28.63, -28.51, -28.09, -26.18, -20.62, -17.75, -17.19, -17.24, -17.24
2026-10-02, 13:08:03, 88000000, 90500000, 19531.25, 18240, -17.37, -17.57, -16.61, -15.52, -14.87, -14.73, -14.73, -15.01, -15.89, -18.21, -23.65, -27.05, -27.82, -28.06, -28.17, -28.18, -28.20, -28.13, -27.99, -28.00, -27.90, -27.62, -27.28, -26.63, -26.25, -26.10, -26.14, -26.17, -26.34, -26.58, -26.75, -26.82, -26.76, -26.67, -26.55, -26.35, -26.17, -26.06, -25.87, -25.67, -25.44, -25.10, -24.94, -24.58, -24.15, -23.93, -23.62, -23.29, -22.94, -22.58, -22.11, -21.71, -21.14, -20.56, -19.92, -19.21, -18.38, -17.42, -16.32, -14.98, -13.25, -10.06, -4.10, 1.54, 5.94, 5.94, 6.16, 5.86, 5.40, 4.30, 2.40, -2.26, -9.40, -12.94, -14.79, -16.22, -17.34, -18.30, -19.13, -19.88, -20.56, -21.13, -21.67, -22.14, -22.53, -22.81, -23.30, -23.58, -23.91, -24.24, -24.57, -24.87, -25.21, -25.36, -25.58, -25.81, -25.99, -26.18, -26.29, -26.46, -26.61, -26.70, -26.83, -26.89, -26.50, -26.28, -26.10, -26.12, -26.27, -26.51, -26.83, -27.22, -27.81, -28.03, -28.11, -28.28, -28.32, -28.59, -28.69, -28.56, -28.66, -28.48, -28.04, -26.07, -21.60, -18.19, -16.93, -16.83, -16.83
2026-10-02, 13:08:04, 88000000, 90500000, 19531.25, 18112, -17.00, -17.45, -16.79, -15.75, -14.85, -14.28, -14.44, -14.98, -16.14, -19.12, -23.93, -27.13, -27.86, -28.09, -28.20, -28.19, -28.15, -28.15, -28.04, -27.93, -27.87, -27.67, -27.25, -26.71, -26.28, -26.07, -26.03, -26.15, -26.33, -26.57, -26.79, -26.90, -26.76, -26.66, -26.54, -26.34, -26.19, -26.04, -25.89, -25.61, -25.48, -25.16, -24.89, -24.63, -24.14, -23.93, -23.59, -23.26, -22.95, -22.54, -22.13, -21.64, -21.18, -20.55, -19.94, -19.21, -18.41, -17.46, -16.39, -15.06, -13.38, -10.55, -4.79, 1.33, 5.85, 5.85, 6.49, 6.37, 5.44, 4.22, 1.80, -3.06, -9.61, -13.07, -14.92, -16.30, -17.42, -18.35, -19.18, -19.92, -20.56, -21.14, -21.66, -22.15, -22.55, -22.82, -23.25, -23.58, -23.91, -24.28, -24.56, -24.86, -25.15, -25.38, -25.64, -25.82, -25.99, -26.17, -26.33, -26.46, -26.61, -26.67, -26.77, -26.85, -26.55, -26.28, -26.11, -25.99, -26.05, -26.40, -26.77, -27.31, -27.78, -28.10, -28.26, -28.30, -28.32, -28.57, -28.63, -28.58, -28.69, -28.50, -28.19, -26.47, -21.83, -18.63, -17.12, -16.70, -16.70
2026-10-02, 13:08:05, 88000000, 90500000, 19531.25, 18176, -16.65, -17.22, -17.04, -16.09, -14.76, -13.95, -14.03, -15.00, -16.61, -19.56, -24.44, -27.17, -27.85, -28.13, -28.21, -28.21, -28.14, -28.15, -28.09, -28.01, -27.90, -27.69, -27.31, -26.84, -26.34, -25.95, -25.91, -26.11, -26.45, -26.64, -26.92, -26.91, -26.73, -26.65, -26.53, -26.39, -26.26, -26.05, -25.89, -25.67, -25.47, -25.23, -24.93, -24.60, -24.25, -23.97, -23.60, -23.29, -22.97, -22.60, -22.21, -21.72, -21.19, -20.62, -19.97, -19.26, -18.46, -17.52, -16.45, -15.18, -13.48, -10.63, -5.04, 0.74, 5.73, 5.73, 6.79, 6.78, 5.74, 3.91, 1.30, -3.82, -9.89, -13.24, -15.04, -16.39, -17.45, -18.39, -19.23, -19.95, -20.62, -21.18, -21.70, -22.21, -22.63, -22.90, -23.28, -23.60, -23.94, -24.25, -24.60, -24.89, -25.17, -25.47, -25.63, -25.82, -26.04, -26.24, -26.35, -26.49, -26.62, -26.75, -26.84, -26.91, -26.63, -26.35, -26.12, -25.95, -26.03, -26.38, -26.92, -27.35, -27.81, -28.10, -28.28, -28.37, -28.41, -28.64, -28.70, -28.57, -28.77, -28.56, -28.18, -26.65, -22.45, -19.00, -17.44, -16.55, -16.55
2026-10-02, 13:08:06, 88000000, 90500000, 19531.25, 18112, -15.98, -17.10, -17.81, -16.48, -14.41, -13.22, -13.55, -15.19, -17.60, -21.11, -25.54, -27.51, -28.02, -28.22, -28.24, -28.26, -28.16, -28.15, -28.04, -28.02, -27.94, -27.75, -27.46, -26.96, -26.30, -25.75, -25.76, -26.03, -26.53, -26.79, -26.96, -26.91, -26.80, -26.73, -26.54, -26.34, -26.18, -26.11, -25.86, -25.70, -25.48, -25.18, -25.00, -24.69, -24.26, -23.96, -23.63, -23.30, -23.03, -22.65, -22.22, -21.77, -21.27, -20.70, -20.07, -19.36, -18.58, -17.71, -16.67, -15.46, -13.91, -11.42, -6.80, -1.17, 5.86, 5.86, 7.52, 7.40, 5.89, 3.34, -0.25, -5.42, -11.00, -13.66, -15.26, -16.54, -17.57, -18.49, -19.29, -20.00, -20.65, -21.21, -21.73, -22.22, -22.62, -22.93, -23.31, -23.59, -23.87, -24.29, -24.64, -24.86, -25.18, -25.45, -25.66, -25.89, -26.02, -26.21, -26.34, -26.51, -26.56, -26.64, -26.84, -26.93, -26.77, -26.51, -26.16, -25.70, -25.81, -26.44, -27.03, -27.56, -27.89, -28.07, -28.20, -28.37, -28.44, -28.63, -28.70, -28.62, -28.75, -28.60, -28.33, -27.30, -23.91, -20.29, -17.65, -16.12, -16.12
2026-10-02, 13:08:07, 88000000, 90500000, 19531.25, 18048, -15.92, -17.00, -17.66, -16.50, -14.63, -13.18, -13.49, -15.14, -17.57, -21.07, -25.76, -27.50, -27.97, -28.20, -28.18, -28.19, -28.20, -28.12, -28.02, -28.00, -27.92, -27.70, -27.38, -26.99, -26.29, -25.77, -25.63, -26.04, -26.49, -26.81, -26.99, -26.89, -26.78, -26.68, -26.54, -26.30, -26.22, -26.03, -25.83, -25.67, -25.44, -25.17, -24.97, -24.67, -24.23, -23.91, -23.56, -23.28, -22.96, -22.62, -22.21, -21.73, -21.24, -20.66, -20.02, -19.30, -18.53, -17.65, -16.60, -15.37, -13.82, -11.39, -6.63, -0.70, 5.73, 5.73, 7.40, 7.46, 6.00, 3.30, -0.18, -5.72, -11.08, -13.62, -15.25, -16.48, -17.55, -18.45, -19.24, -19.94, -20.61, -21.18, -21.72, -22.19, -22.60, -22.90, -23.24, -23.55, -23.87, -24.26, -24.58, -24.83, -25.17, -25.43, -25.61, -25.81, -26.03, -26.16, -26.32, -26.46, -26.62, -26.67, -26.81, -26.90, -26.70, -26.51, -26.13, -25.73, -25.79, -26.37, -26.95, -27.50, -27.84, -28.11, -28.20, -28.35, -28.39, -28.60, -28.71, -28.58, -28.75, -28.58, -28.35, -27.31, -23.64, -20.08, -17.73, -16.31, -16.31
2026-10-02, 13:08:08, 88000000, 90500000, 19531.25, 18048, -16.42, -17.15, -17.15, -16.15, -14.87, -13.75, -13.90, -14.97, -16.94, -19.82, -24.84, -27.32, -27.89, -28.10, -28.10, -28.15, -28.14, -28.15, -28.07, -27.95, -27.89, -27.64, -27.31, -26.84, -26.32, -25.95, -25.83, -26.06, -26.43, -26.71, -26.87, -26.89, -26.78, -26.63, -26.54, -26.36, -26.25, -26.02, -25.86, -25.65, -25.43, -25.15, -24.92, -24.61, -24.19, -23.92, -23.60, -23.26, -22.96, -22.61, -22.16, -21.69, -21.20, -20.59, -19.97, -19.27, -18.43, -17.52, -16.45, -15.16, -13.46, -10.60, -4.87, 0.54, 5.68, 5.68, 6.87, 7.03, 5.72, 3.81, 0.94, -4.17, -10.45, -13.32, -15.10, -16.41, -17.50, -18.43, -19.24, -19.97, -20.61, -21.19, -21.72, -22.17, -22.60, -22.89, -23.25, -23.59, -23.95, -24.27, -24.54, -24.91, -25.19, -25.39, -25.60, -25.85, -25.98, -26.20, -26.33, -26.52, -26.55, -26.72, -26.85, -26.82, -26.66, -26.40, -26.09, -25.93, -25.93, -26.36, -26.91, -27.43, -27.82, -28.08, -28.21, -28.36, -28.42, -28.60, -28.73, -28.61, -28.69, -28.56, -28.21, -26.47, -22.43, -19.22, -17.46, -16.63, -16.63
2026-10-02, 13:08:09, 88000000, 90500000, 19531.25, 18112, -17.00, -17.03, -16.84, -15.94, -15.07, -14.38, -14.03, -14.80, -16.17, -19.55, -24.49, -27.17, -27.82, -28.09, -28.11, -28.21, -28.17, -28.14, -28.02, -27.93, -27.87, -27.64, -27.27, -26.78, -26.30, -26.08, -25.98, -26.06, -26.35, -26.62, -26.90, -26.89, -26.76, -26.64, -26.50, -26.40, -26.20, -26.04, -25.92, -25.66, -25.44, -25.17, -24.90, -24.63, -24.20, -23.97, -23.61, -23.27, -22.97, -22.58, -22.14, -21.72, -21.18, -20.58, -19.96, -19.22, -18.41, -17.48, -16.37, -15.04, -13.29, -10.10, -3.67, 1.31, 5.57, 5.57, 6.32, 6.50, 5.89, 4.30, 1.54, -3.83, -10.11, -13.19, -15.00, -16.35, -17.43, -18.38, -19.20, -19.93, -20.59, -21.19, -21.70, -22.17, -22.59, -22.88, -23.32, -23.59, -23.90, -24.27, -24.56, -24.91, -25.19, -25.39, -25.61, -25.84, -26.00, -26.20, -26.29, -26.48, -26.58, -26.68, -26.84, -26.79, -26.57, -26.32, -26.15, -26.05, -26.05, -26.35, -26.76, -27.42, -27.86, -28.10, -28.26, -28.37, -28.38, -28.62, -28.71, -28.59, -28.69, -28.50, -28.05, -25.76, -21.56, -18.76, -17.40, -16.91, -16.91
2026-10-02, 13:08:10, 88000000, 90500000, 19531.25, 18240, -16.52, -16.89, -17.01, -16.15, -15.05, -13.85, -13.56, -14.68, -17.08, -20.80, -25.51, -27.45, -27.93, -28.14, -28.17, -28.16, -28.16, -28.11, -28.02, -27.95, -27.83, -27.67, -27.33, -26.80, -26.35, -26.00, -25.80, -25.95, -26.35, -26.75, -26.90, -26.86, -26.74, -26.61, -26.49, -26.38, -26.22, -26.07, -25.85, -25.63, -25.46, -25.20, -24.92, -24.63, -24.25, -23.95, -23.59, -23.31, -22.95, -22.60, -22.18, -21.75, -21.24, -20.65, -20.01, -19.30, -18.50, -17.61, -16.53, -15.24, -13.62, -10.95, -5.34, 0.39, 5.67, 5.67, 6.67, 7.09, 6.25, 3.83, 0.31, -5.57, -10.91, -13.56, -15.22, -16.47, -17.55, -18.46, -19.29, -19.96, -20.62, -21.20, -21.72, -22.21, -22.62, -22.87, -23.28, -23.64, -23.91, -24.28, -24.60, -24.91, -25.18, -25.37, -25.64, -25.85, -26.00, -26.19, -26.30, -26.48, -26.58, -26.67, -26.83, -26.90, -26.65, -26.40, -26.11, -25.98, -25.86, -26.24, -26.91, -27.44, -27.89, -28.18, -28.29, -28.41, -28.40, -28.68, -28.70, -28.65, -28.74, -28.59, -28.30, -26.71, -22.76, -19.13, -17.42, -16.81, -16.81
2026-10-02, 13:08:11, 88000000, 90500000, 19531.25, 18176, -16.19, -16.94, -17.37, -16.37, -14.86, -13.50, -13.58, -15.08, -17.29, -20.38, -24.97, -27.34, -27.94, -28.12, -28.21, -28.18, -28.11, -28.07, -28.02, -27.96, -27.80, -27.69, -27.32, -26.81, -26.34, -25.92, -25.79, -26.01, -26.42, -26.69, -26.81, -26.86, -26.72, -26.62, -26.42, -26.33, -26.18, -25.99, -25.86, -25.63, -25.41, -25.14, -24.93, -24.60, -24.22, -23.91, -23.56, -23.26, -23.00, -22.58, -22.15, -21.66, -21.19, -20.61, -19.96, -19.27, -18.45, -17.55, -16.49, -15.22, -13.59, -10.81, -5.31, 0.17, 5.63, 5.63, 7.04, 7.28, 5.93, 3.51, 0.28, -4.40, -10.52, -13.46, -15.15, -16.45, -17.49, -18.42, -19.23, -19.91, -20.60, -21.15, -21.68, -22.21, -22.56, -22.87, -23.27, -23.54, -23.89, -24.25, -24.59, -24.85, -25.17, -25.42, -25.59, -25.83, -25.98, -26.20, -26.34, -26.46, -26.56, -26.66, -26.83, -26.83, -26.61, -26.50, -26.07, -25.83, -25.86, -26.31, -26.93, -27.49, -27.90, -28.10, -28.16, -28.39, -28.38, -28.56, -28.72, -28.62, -28.76, -28.59, -28.28, -26.70, -22.72, -19.53, -17.62, -16.63, -16.63
2026-10-02, 13:08:12, 88000000, 90500000, 19531.25, 18176, -15.96, -16.99, -17.72, -16.62, -14.54, -13.19, -13.45, -15.15, -17.74, -21.49, -25.63, -27.54, -27.97, -28.17, -28.19, -28.22, -28.16, -28.14, -28.04, -27.95, -27.85, -27.70, -27.34, -26.91, -26.31, -25.75, -25.69, -26.06, -26.50, -26.81, -26.92, -26.88, -26.76, -26.67, -26.51, -26.34, -26.21, -26.02, -25.83, -25.65, -25.47, -25.16, -24.98, -24.63, -24.22, -23.91, -23.57, -23.28, -22.96, -22.62, -22.22, -21.77, -21.23, -20.70, -20.03, -19.34, -18.58, -17.66, -16.64, -15.41, -13.90, -11.62, -6.65, -0.88, 5.70, 5.70, 7.46, 7.52, 5.96, 3.21, -0.37, -5.97, -11.16, -13.67, -15.29, -16.53, -17.58, -18.48, -19.29, -20.00, -20.62, -21.22, -21.74, -22.18, -22.64, -22.88, -23.28, -23.53, -23.89, -24.25, -24.64, -24.88, -25.19, -25.40, -25.62, -25.79, -26.02, -26.15, -26.35, -26.41, -26.59, -26.69, -26.82, -26.88, -26.70, -26.51, -26.15, -25.69, -25.69, -26.32, -26.96, -27.49, -27.89, -28.09, -28.21, -28.39, -28.44, -28.59, -28.67, -28.69, -28.77, -28.60, -28.37, -27.32, -23.79, -20.17, -17.79, -16.19, -16.19
2026-10-02, 13:08:13, 88000000, 90500000, 19531.25, 18176, -16.13, -17.16, -17.60, -16.43, -14.52, -13.41, -13.66, -15.16, -17.45, -20.67, -25.33, -27.41, -27.97, -28.13, -28.19, -28.17, -28.18, -28.07, -28.05, -27.97, -27.82, -27.68, -27.39, -26.85, -26.26, -25.77, -25.68, -26.12, -26.45, -26.77, -26.91, -26.87, -26.77, -26.60, -26.49, -26.35, -26.17, -26.02, -25.86, -25.62, -25.38, -25.10, -24.94, -24.60, -24.22, -23.87, -23.56, -23.24, -22.94, -22.59, -22.15, -21.69, -21.18, -20.59, -19.97, -19.27, -18.46, -17.55, -16.53, -15.30, -13.69, -11.21, -5.95, -0.42, 5.87, 5.87, 7.27, 7.30, 5.79, 3.41, 0.12, -4.98, -10.73, -13.50, -15.13, -16.43, -17.48, -18.41, -19.20, -19.93, -20.58, -21.16, -21.67, -22.14, -22.58, -22.83, -23.20, -23.50, -23.85, -24.23, -24.52, -24.81, -25.14, -25.34, -25.56, -25.82, -25.95, -26.16, -26.25, -26.49, -26.52, -26.69, -26.76, -26.83, -26.69, -26.45, -26.02, -25.69, -25.83, -26.36, -26.97, -27.45, -27.83, -28.06, -28.19, -28.31, -28.39, -28.58, -28.64, -28.57, -28.68, -28.51, -28.28, -26.96, -23.38, -19.94, -17.62, -16.20, -16.20
2026-10-02, 13:08:14, 88000000, 90500000, 19531.25, 18176, -16.43, -17.18, -17.32, -16.32, -14.60, -13.69, -13.89, -15.11, -17.03, -19.66, -24.14, -27.07, -27.88, -28.09, -28.19, -28.18, -28.16, -28.13, -27.99, -27.95, -27.84, -27.67, -27.31, -26.88, -26.28, -25.83, -25.82, -26.14, -26.40, -26.63, -26.81, -26.88, -26.79, -26.68, -26.49, -26.36, -26.21, -26.02, -25.82, -25.65, -25.45, -25.16, -24.91, -24.62, -24.18, -23.89, -23.62, -23.26, -22.91, -22.61, -22.18, -21.72, -21.23, -20.63, -19.97, -19.27, -18.49, -17.57, -16.50, -15.23, -13.56, -10.68, -5.23, 0.38, 5.79, 5.79, 7.10, 6.91, 5.69, 3.72, 0.85, -3.44, -9.47, -13.08, -14.96, -16.31, -17.39, -18.36, -19.16, -19.92, -20.55, -21.13, -21.65, -22.14, -22.57, -22.84, -23.21, -23.56, -23.82, -24.29, -24.54, -24.86, -25.16, -25.39, -25.59, -25.79, -25.99, -26.14, -26.31, -26.44, -26.46, -26.66, -26.88, -26.83, -26.63, -26.46, -26.09, -25.74, -25.93, -26.38, -26.86, -27.40, -27.81, -28.06, -28.21, -28.33, -28.34, -28.57, -28.67, -28.63, -28.66, -28.53, -28.15, -26.53, -22.65, -19.51, -17.57, -16.35, -16.35
2026-10-02, 13:08:15, 88000000, 90500000, 19531.25, 18112, -17.15, -17.49, -16.78, -15.86, -15.06, -14.45, -14.46, -15.10, -16.03, -19.14, -24.85, -27.33, -27.99, -28.20, -28.27, -28.30, -28.29, -28.22, -28.11, -28.08, -27.96, -27.80, -27.38, -26.83, -26.41, -26.16, -26.08, -26.21, -26.44, -26.69, -26.94, -26.98, -26.87, -26.78, -26.60, -26.45, -26.34, -26.15, -25.96, -25.74, -25.54, -25.22, -25.05, -24.69, -24.28, -24.05, -23.70, -23.34, -23.02, -22.62, -22.27, -21.77, -21.27, -20.68, -20.05, -19.31, -18.51, -17.58, -16.52, -15.18, -13.50, -10.86, -5.14, 1.33, 5.61, 5.61, 6.37, 6.21, 5.42, 4.26, 1.92, -3.86, -10.14, -13.21, -15.00, -16.36, -17.46, -18.39, -19.25, -19.97, -20.63, -21.23, -21.74, -22.22, -22.63, -22.91, -23.34, -23.67, -23.97, -24.31, -24.64, -24.92, -25.25, -25.46, -25.68, -25.91, -26.06, -26.24, -26.40, -26.52, -26.63, -26.75, -26.90, -26.98, -26.55, -26.39, -26.21, -26.11, -26.24, -26.56, -26.85, -27.32, -27.91, -28.17, -28.27, -28.36, -28.47, -28.69, -28.74, -28.69, -28.74, -28.56, -28.29, -26.78, -22.07, -18.51, -17.34, -16.89, -16.89
2026-10-02, 13:08:16, 88000000, 90500000, 19531.25, 18112, -16.81, -17.35, -17.04, -15.92, -14.90, -14.13, -14.22, -15.08, -16.43, -19.38, -24.49, -27.32, -27.99, -28.22, -28.32, -28.31, -28.30, -28.27, -28.20, -28.11, -28.04, -27.82, -27.40, -26.87, -26.40, -26.13, -26.06, -26.25, -26.52, -26.81, -27.04, -27.02, -26.92, -26.81, -26.64, -26.48, -26.37, -26.13, -25.98, -25.75, -25.55, -25.27, -25.03, -24.72, -24.31, -24.05, -23.70, -23.36, -23.03, -22.68, -22.24, -21.78, -21.26, -20.66, -20.02, -19.31, -18.49, -17.56, -16.48, -15.16, -13.37, -10.39, -4.68, 0.98, 5.72, 5.72, 6.57, 6.59, 5.54, 4.05, 1.48, -3.62, -9.97, -13.23, -15.04, -16.41, -17.48, -18.43, -19.25, -20.00, -20.63, -21.24, -21.76, -22.25, -22.66, -22.91, -23.37, -23.68, -23.98, -24.37, -24.67, -24.96, -25.29, -25.54, -25.71, -25.96, -26.12, -26.31, -26.44, -26.55, -26.73, -26.82, -26.95, -26.98, -26.70, -26.48, -26.25, -26.07, -26.19, -26.54, -26.89, -27.47, -27.98, -28.28, -28.35, -28.47, -28.46, -28.71, -28.77, -28.67, -28.80, -28.63, -28.16, -26.32, -22.15, -18.93, -17.28, -16.75, -16.75
2026-10-02, 13:08:17, 88000000, 90500000, 19531.25, 18240, -15.64, -16.88, -17.98, -16.79, -14.35, -12.91, -13.30, -15.44, -17.95, -20.98, -25.41, -27.48, -27.95, -28.17, -28.21, -28.20, -28.15, -28.11, -27.99, -27.94, -27.93, -27.76, -27.41, -27.02, -26.32, -25.72, -25.61, -26.04, -26.56, -26.82, -26.93, -26.86, -26.79, -26.65, -26.51, -26.35, -26.24, -26.05, -25.83, -25.61, -25.39, -25.11, -24.92, -24.64, -24.19, -23.86, -23.51, -23.19, -22.94, -22.56, -22.15, -21.68, -21.16, -20.62, -19.97, -19.25, -18.48, -17.61, -16.55, -15.35, -13.78, -11.43, -6.55, -1.05, 5.76, 5.76, 7.67, 7.82, 5.85, 2.93, -0.29, -5.30, -10.97, -13.55, -15.19, -16.43, -17.51, -18.41, -19.17, -19.90, -20.57, -21.11, -21.68, -22.13, -22.55, -22.84, -23.24, -23.47, -23.85, -24.28, -24.60, -24.84, -25.15, -25.38, -25.64, -25.84, -25.99, -26.15, -26.34, -26.51, -26.60, -26.73, -26.86, -26.92, -26.78, -26.56, -26.12, -25.66, -25.67, -26.39, -27.10, -27.59, -27.96, -28.18, -28.28, -28.43, -28.41, -28.66, -28.69, -28.65, -28.75, -28.62, -28.35, -27.27, -23.77, -20.45, -17.93, -16.03, -16.03
2026-10-02, 13:08:18, 88000000, 90500000, 19531.25, 18176, -15.79, -16.69, -17.35, -16.12, -14.11, -13.05, -13.18, -14.80, -17.18, -20.51, -24.95, -27.20, -27.70, -27.83, -27.91, -27.86, -27.91, -27.82, -27.79, -27.67, -27.61, -27.43, -27.12, -26.58, -25.98, -25.50, -25.38, -25.70, -26.18, -26.50, -26.62, -26.58, -26.44, -26.35, -26.22, -26.09, -25.92, -25.71, -25.54, -25.35, -25.14, -24.86, -24.60, -24.30, -23.88, -23.59, -23.24, -22.92, -22.64, -22.29, -21.85, -21.40, -20.90, -20.30, -19.64, -18.95, -18.16, -17.27, -16.24, -15.02, -13.45, -11.11, -5.91, -0.54, 6.22, 6.22, 7.68, 7.70, 6.28, 3.64, 0.37, -4.75, -10.52, -13.25, -14.83, -16.11, -17.15, -18.09, -18.90, -19.60, -20.25, -20.85, -21.34, -21.84, -22.28, -22.50, -22.93, -23.22, -23.57, -23.92, -24.31, -24.59, -24.88, -25.09, -25.27, -25.54, -25.66, -25.85, -26.05, -26.16, -26.36, -26.36, -26.57, -26.61, -26.48, -26.27, -25.80, -25.48, -25.53, -26.07, -26.72, -27.20, -27.66, -27.85, -27.94, -28.12, -28.14, -28.37, -28.45, -28.37, -28.47, -28.32, -28.05, -26.94, -23.37, -19.73, -17.30, -15.84, -15.84
2026-10-02, 13:08:19, 88000000, 90500000, 19531.25, 18112, -15.11, -16.37, -17.15, -16.10, -14.02, -12.37, -12.98, -14.83, -16.96, -19.63, -24.41, -26.77, -27.40, -27.57, -27.63, -27.66, -27.65, -27.55, -27.53, -27.48, -27.38, -27.19, -26.87, -26.46, -25.78, -25.17, -25.09, -25.57, -26.00, -26.20, -26.33, -26.34, -26.24, -26.11, -25.99, -25.84, -25.71, -25.50, -25.32, -25.14, -24.85, -24.61, -24.36, -24.10, -23.67, -23.36, -22.97, -22.70, -22.40, -22.00, -21.59, -21.12, -20.59, -20.02, -19.41, -18.68, -17.91, -17.00, -15.93, -14.67, -13.05, -10.16, -4.93, 0.43, 6.21, 6.21, 8.13, 8.19, 6.34, 3.70, 0.94, -3.82, -9.83, -12.86, -14.57, -15.85, -16.93, -17.82, -18.62, -19.36, -19.98, -20.58, -21.11, -21.58, -22.01, -22.31, -22.68, -22.96, -23.35, -23.70, -24.02, -24.32, -24.68, -24.89, -25.06, -25.30, -25.47, -25.64, -25.81, -25.97, -26.07, -26.19, -26.30, -26.33, -26.21, -26.04, -25.63, -25.16, -25.25, -25.90, -26.48, -27.01, -27.37, -27.61, -27.68, -27.89, -27.86, -28.08, -28.18, -28.10, -28.21, -28.02, -27.66, -26.11, -22.34, -19.42, -17.34, -15.71, -15.71
2026-10-02, 13:08:20, 88000000, 90500000, 19531.25, 18112, -15.96, -16.37, -16.28, -15.31, -14.08, -13.30, -13.42, -14.15, -15.52, -18.82, -23.78, -26.70, -27.55, -27.84, -27.98, -28.01, -28.01, -28.01, -27.96, -27.88, -27.76, -27.51, -27.16, -26.57, -26.05, -25.71, -25.65, -25.84, -26.12, -26.39, -26.62, -26.69, -26.57, -26.42, -26.25, -26.07, -25.89, -25.69, -25.50, -25.26, -25.03, -24.74, -24.46, -24.15, -23.73, -23.41, -23.06, -22.71, -22.38, -21.96, -21.52, -21.06, -20.52, -19.90, -19.23, -18.50, -17.69, -16.71, -15.60, -14.25, -12.40, -8.97, -2.68, 1.81, 6.43, 6.43, 7.46, 7.35, 6.45, 4.99, 2.23, -3.03, -8.83, -12.32, -14.17, -15.53, -16.65, -17.59, -18.44, -19.19, -19.85, -20.47, -21.00, -21.49, -21.93, -22.24, -22.64, -23.00, -23.36, -23.72, -24.06, -24.38, -24.69, -24.94, -25.18, -25.45, -25.58, -25.78, -25.95, -26.12, -26.25, -26.39, -26.49, -26.51, -26.23, -26.06, -25.75, -25.60, -25.72, -26.09, -26.45, -27.05, -27.48, -27.68, -27.91, -28.04, -27.98, -28.14, -28.26, -28.16, -28.20, -28.00, -27.41, -24.94, -20.76, -18.39, -16.71, -15.90, -15.90
2026-10-02, 13:08:21, 88000000, 90500000, 19531.25, 18176, -16.07, -16.51, -16.41, -15.65, -14.42, -13.36, -13.31, -14.16, -16.23, -19.65, -24.78, -27.13, -27.81, -28.06, -28.17, -28.22, -28.29, -28.19, -28.14, -28.11, -28.03, -27.83, -27.42, -26.82, -26.28, -25.92, -25.78, -25.98, -26.37, -26.74, -26.96, -26.97, -26.83, -26.69, -26.54, -26.32, -26.16, -26.00, -25.71, -25.55, -25.31, -25.00, -24.75, -24.40, -24.00, -23.72, -23.32, -22.97, -22.63, -22.25, -21.85, -21.31, -20.80, -20.19, -19.53, -18.81, -17.99, -17.07, -15.96, -14.67, -12.97, -10.29, -4.58, 1.37, 6.13, 6.13, 7.26, 7.47, 6.56, 4.54, 1.50, -4.22, -10.17, -12.92, -14.60, -15.92, -17.01, -17.93, -18.77, -19.53, -20.17, -20.76, -21.31, -21.81, -22.24, -22.53, -22.95, -23.28, -23.63, -23.99, -24.33, -24.65, -24.99, -25.25, -25.44, -25.69, -25.89, -26.08, -26.24, -26.38, -26.54, -26.63, -26.82, -26.85, -26.51, -26.31, -26.04, -25.83, -25.77, -26.19, -26.79, -27.32, -27.77, -28.03, -28.16, -28.25, -28.27, -28.49, -28.53, -28.44, -28.48, -28.29, -27.93, -26.27, -21.75, -18.57, -17.01, -16.16, -16.16
2026-10-02, 13:08:22, 88000000, 90500000, 19531.25, 18176, -15.75, -16.37, -16.82, -15.80, -14.15, -13.05, -13.02, -14.45, -16.69, -19.65, -24.61, -27.03, -27.72, -27.96, -28.07, -28.12, -28.13, -28.13, -28.05, -27.92, -27.87, -27.63, -27.34, -26.74, -26.20, -25.70, -25.54, -25.94, -26.39, -26.67, -26.85, -26.84, -26.66, -26.54, -26.43, -26.25, -26.04, -25.88, -25.70, -25.46, -25.24, -24.94, -24.66, -24.35, -23.93, -23.63, -23.23, -22.95, -22.61, -22.22, -21.82, -21.32, -20.80, -20.22, -19.56, -18.83, -18.01, -17.10, -16.03, -14.76, -13.11, -10.45, -4.57, 0.61, 6.31, 6.31, 7.58, 7.84, 6.48, 4.18, 1.06, -3.87, -9.95, -12.83, -14.58, -15.88, -16.98, -17.91, -18.74, -19.47, -20.16, -20.72, -21.25, -21.75, -22.20, -22.46, -22.89, -23.20, -23.55, -23.92, -24.29, -24.58, -24.89, -25.14, -25.42, -25.58, -25.79, -26.01, -26.12, -26.29, -26.44, -26.57, -26.74, -26.75, -26.57, -26.29, -25.93, -25.65, -25.62, -26.16, -26.75, -27.31, -27.73, -27.98, -28.14, -28.20, -28.19, -28.43, -28.47, -28.33, -28.44, -28.22, -27.88, -26.26, -22.20, -19.03, -17.04, -15.93, -15.93
2026-10-02, 13:08:23, 88000000, 90500000, 19531.25, 18112, -15.61, -16.48, -16.74, -15.74, -13.99, -12.87, -13.04, -14.26, -16.63, -20.56, -25.13, -27.14, -27.66, -27.86, -27.95, -28.03, -27.98, -27.89, -27.88, -27.80, -27.75, -27.58, -27.23, -26.63, -26.02, -25.51, -25.47, -25.75, -26.24, -26.54, -26.72, -26.67, -26.55, -26.42, -26.27, -26.12, -25.92, -25.75, -25.55, -25.34, -25.12, -24.78, -24.54, -24.21, -23.82, -23.48, -23.10, -22.78, -22.46, -22.12, -21.67, -21.22, -20.68, -20.08, -19.43, -18.72, -17.89, -16.99, -15.95, -14.69, -13.14, -10.56, -5.47, 0.30, 6.41, 6.41, 7.85, 7.81, 6.66, 4.21, 0.70, -4.99, -10.34, -12.98, -14.59, -15.85, -16.95, -17.84, -18.66, -19.41, -20.07, -20.64, -21.19, -21.65, -22.10, -22.39, -22.79, -23.10, -23.45, -23.84, -24.20, -24.53, -24.83, -25.04, -25.30, -25.48, -25.71, -25.87, -26.04, -26.18, -26.33, -26.49, -26.62, -26.63, -26.48, -26.17, -25.76, -25.42, -25.45, -26.05, -26.70, -27.28, -27.71, -27.90, -28.05, -28.13, -28.09, -28.33, -28.41, -28.29, -28.37, -28.20, -27.93, -26.56, -22.86, -19.06, -17.00, -15.69, -15.69
2026-10-02, 13:08:24, 88000000, 90500000, 19531.25, 18176, -15.58, -16.39, -16.81, -15.77, -13.99, -12.86, -12.97, -14.43, -16.66, -19.99, -24.71, -26.99, -27.61, -27.86, -28.00, -27.96, -27.99, -27.97, -27.86, -27.84, -27.73, -27.59, -27.14, -26.69, -26.01, -25.59, -25.44, -25.76, -26.22, -26.58, -26.72, -26.68, -26.54, -26.42, -26.26, -26.13, -25.93, -25.74, -25.58, -25.33, -25.11, -24.82, -24.56, -24.26, -23.81, -23.53, -23.15, -22.81, -22.50, -22.17, -21.71, -21.23, -20.72, -20.11, -19.45, -18.75, -17.94, -17.03, -15.95, -14.69, -13.07, -10.36, -5.20, 0.53, 6.40, 6.40, 7.81, 7.91, 6.56, 4.15, 0.93, -4.18, -10.07, -12.93, -14.56, -15.86, -16.95, -17.85, -18.68, -19.40, -20.06, -20.68, -21.20, -21.69, -22.13, -22.39, -22.81, -23.10, -23.47, -23.89, -24.23, -24.48, -24.78, -25.07, -25.29, -25.52, -25.70, -25.93, -26.08, -26.24, -26.32, -26.45, -26.61, -26.65, -26.44, -26.22, -25.74, -25.44, -25.47, -26.04, -26.67, -27.27, -27.65, -27.91, -28.01, -28.11, -28.09, -28.29, -28.38, -28.32, -28.37, -28.20, -27.84, -26.20, -22.61, -19.06, -17.01, -15.73, -15.73
2026-10-02, 13:08:25, 88000000, 90500000, 19531.25, 18176, -15.36, -16.51, -16.95, -15.90, -14.05, -12.63, -13.11, -14.96, -16.80, -19.21, -23.39, -26.73, -27.59, -27.90, -27.97, -28.00, -27.98, -27.98, -27.93, -27.89, -27.77, -27.58, -27.14, -26.74, -26.11, -25.51, -25.41, -25.90, -26.29, -26.49, -26.64, -26.69, -26.57, -26.43, -26.31, -26.13, -26.00, -25.78, -25.62, -25.34, -25.14, -24.83, -24.57, -24.23, -23.84, -23.52, -23.14, -22.84, -22.54, -22.14, -21.70, -21.24, -20.69, -20.13, -19.47, -18.73, -17.92, -17.01, -15.93, -14.65, -12.99, -10.32, -4.66, 0.95, 6.22, 6.22, 7.96, 8.01, 6.08, 3.75, 1.34, -2.90, -8.64, -12.59, -14.42, -15.78, -16.87, -17.83, -18.64, -19.40, -20.06, -20.67, -21.18, -21.67, -22.12, -22.38, -22.81, -23.11, -23.45, -23.84, -24.16, -24.49, -24.80, -25.02, -25.29, -25.52, -25.66, -25.87, -26.06, -26.17, -26.32, -26.48, -26.59, -26.66, -26.39, -26.15, -25.79, -25.35, -25.46, -26.18, -26.76, -27.26, -27.61, -27.90, -28.07, -28.09, -28.08, -28.32, -28.38, -28.28, -28.32, -28.16, -27.78, -26.09, -22.05, -18.92, -17.15, -15.79, -15.79
2026-10-02, 13:08:26, 88000000, 90500000, 19531.25, 18176, -16.13, -16.68, -16.44, -15.33, -14.21, -13.40, -13.49, -14.26, -15.71, -19.29, -24.65, -26.98, -27.62, -27.89, -28.00, -28.02, -28.05, -27.94, -27.94, -27.91, -27.75, -27.57, -27.13, -26.58, -26.05, -25.70, -25.75, -25.84, -26.17, -26.46, -26.75, -26.72, -26.64, -26.49, -26.28, -26.14, -26.00, -25.75, -25.57, -25.39, -25.14, -24.86, -24.62, -24.28, -23.85, -23.58, -23.25, -22.86, -22.54, -22.19, -21.74, -21.22, -20.72, -20.14, -19.47, -18.75, -17.94, -16.99, -15.92, -14.64, -12.99, -10.37, -4.67, 1.27, 6.39, 6.39, 7.38, 7.25, 6.38, 4.80, 2.04, -4.08, -9.95, -12.75, -14.46, -15.79, -16.91, -17.84, -18.66, -19.39, -20.05, -20.64, -21.19, -21.70, -22.11, -22.41, -22.80, -23.13, -23.49, -23.87, -24.19, -24.53, -24.84, -25.11, -25.27, -25.53, -25.71, -25.92, -26.08, -26.23, -26.32, -26.48, -26.65, -26.68, -26.38, -26.11, -25.81, -25.58, -25.71, -26.07, -26.54, -27.16, -27.71, -27.88, -27.99, -28.12, -28.15, -28.30, -28.34, -28.30, -28.33, -28.17, -27.79, -26.38, -21.82, -18.49, -16.70, -15.97, -15.97
2026-10-02, 13:08:27, 88000000, 90500000, 19531.25, 18240, -16.00, -16.58, -16.64, -15.55, -14.02, -13.30, -13.32, -14.40, -16.27, -19.11, -24.38, -26.97, -27.65, -27.93, -28.06, -28.03, -28.05, -28.02, -27.96, -27.91, -27.80, -27.60, -27.21, -26.66, -26.07, -25.61, -25.63, -25.90, -26.18, -26.50, -26.74, -26.73, -26.58, -26.46, -26.32, -26.16, -25.96, -25.86, -25.57, -25.35, -25.15, -24.90, -24.59, -24.30, -23.84, -23.56, -23.19, -22.87, -22.53, -22.18, -21.72, -21.29, -20.74, -20.15, -19.49, -18.77, -17.96, -17.04, -15.97, -14.67, -13.03, -10.37, -4.72, 1.01, 6.41, 6.41, 7.55, 7.49, 6.33, 4.45, 1.58, -3.37, -9.61, -12.73, -14.49, -15.82, -16.93, -17.86, -18.67, -19.42, -20.07, -20.66, -21.23, -21.71, -22.14, -22.42, -22.81, -23.18, -23.50, -23.86, -24.19, -24.51, -24.82, -25.09, -25.30, -25.55, -25.71, -25.94, -26.03, -26.22, -26.33, -26.47, -26.60, -26.67, -26.35, -26.16, -25.81, -25.57, -25.61, -26.08, -26.63, -27.18, -27.64, -27.88, -28.00, -28.10, -28.11, -28.30, -28.37, -28.29, -28.32, -28.15, -27.82, -26.21, -21.95, -18.76, -16.86, -15.81, -15.81
2026-10-02, 13:08:28, 88000000, 90500000, 19531.25, 18176, -15.27, -16.34, -17.30, -16.00, -13.95, -12.50, -12.78, -14.72, -17.31, -20.45, -24.71, -27.06, -27.67, -27.90, -27.96, -27.99, -28.02, -27.97, -27.87, -27.85, -27.75, -27.60, -27.24, -26.71, -26.05, -25.44, -25.36, -25.72, -26.25, -26.60, -26.73, -26.68, -26.55, -26.43, -26.24, -26.09, -25.93, -25.75, -25.57, -25.33, -25.12, -24.78, -24.57, -24.28, -23.82, -23.52, -23.13, -22.79, -22.53, -22.16, -21.68, -21.25, -20.72, -20.14, -19.49, -18.76, -17.99, -17.07, -16.03, -14.80, -13.24, -10.77, -5.84, -0.42, 6.38, 6.38, 8.05, 8.20, 6.55, 3.63, 0.22, -4.26, -10.21, -12.95, -14.61, -15.89, -16.97, -17.87, -18.70, -19.42, -20.07, -20.67, -21.21, -21.66, -22.12, -22.38, -22.77, -23.10, -23.41, -23.81, -24.19, -24.49, -24.80, -25.08, -25.24, -25.49, -25.66, -25.86, -26.05, -26.18, -26.35, -26.41, -26.57, -26.61, -26.47, -26.21, -25.77, -25.33, -25.33, -26.01, -26.79, -27.33, -27.67, -27.90, -27.98, -28.10, -28.08, -28.27, -28.37, -28.31, -28.33, -28.20, -27.86, -26.59, -23.41, -19.73, -17.12, -15.65, -15.65
2026-10-02, 13:08:29, 88000000, 90500000, 19531.25, 18240, -15.81, -16.64, -16.69, -15.57, -14.01, -13.06, -13.27, -14.50, -16.16, -19.64, -24.61, -27.01, -27.65, -27.89, -27.98, -28.03, -28.04, -27.97, -27.93, -27.85, -27.82, -27.61, -27.21, -26.63, -26.03, -25.63, -25.57, -25.87, -26.21, -26.49, -26.73, -26.73, -26.60, -26.49, -26.32, -26.16, -25.98, -25.79, -25.61, -25.37, -25.14, -24.84, -24.60, -24.28, -23.87, -23.52, -23.18, -22.87, -22.52, -22.14, -21.71, -21.26, -20.73, -20.13, -19.46, -18.75, -17.95, -17.04, -15.98, -14.73, -13.12, -10.72, -5.52, 0.64, 6.47, 6.47, 7.70, 7.58, 6.36, 4.43, 1.41, -3.96, -9.95, -12.79, -14.49, -15.81, -16.91, -17.83, -18.65, -19.38, -20.03, -20.64, -21.19, -21.66, -22.11, -22.43, -22.82, -23.14, -23.50, -23.88, -24.19, -24.47, -24.82, -25.07, -25.29, -25.53, -25.70, -25.88, -26.06, -26.21, -26.32, -26.49, -26.58, -26.63, -26.44, -26.13, -25.76, -25.48, -25.63, -26.04, -26.59, -27.24, -27.64, -27.89, -27.95, -28.06, -28.15, -28.24, -28.37, -28.23, -28.30, -28.14, -27.85, -26.56, -22.56, -18.78, -16.88, -15.78, -15.78
2026-10-02, 13:08:30, 88000000, 90500000, 19531.25, 18240, -15.90, -16.56, -16.59, -15.59, -14.07, -13.21, -13.29, -14.42, -16.21, -19.40, -24.08, -26.92, -27.63, -27.87, -27.98, -28.01, -28.01, -27.99, -27.89, -27.86, -27.71, -27.49, -27.09, -26.62, -26.06, -25.66, -25.55, -25.86, -26.21, -26.47, -26.67, -26.69, -26.57, -26.45, -26.30, -26.10, -25.96, -25.80, -25.58, -25.36, -25.13, -24.84, -24.57, -24.24, -23.83, -23.50, -23.16, -22.83, -22.49, -22.13, -21.72, -21.25, -20.70, -20.12, -19.42, -18.70, -17.91, -16.96, -15.89, -14.58, -12.85, -9.83, -3.99, 0.98, 6.42, 6.42, 7.53, 7.57, 6.35, 4.46, 1.45, -3.37, -9.39, -12.69, -14.46, -15.78, -16.88, -17.82, -18.64, -19.40, -20.05, -20.63, -21.17, -21.65, -22.07, -22.36, -22.83, -23.14, -23.47, -23.88, -24.21, -24.52, -24.83, -25.07, -25.26, -25.51, -25.68, -25.89, -26.07, -26.17, -26.31, -26.52, -26.61, -26.62, -26.44, -26.18, -25.77, -25.54, -25.62, -26.08, -26.61, -27.19, -27.63, -27.85, -28.02, -28.08, -28.08, -28.27, -28.37, -28.24, -28.30, -28.14, -27.72, -25.71, -21.93, -18.69, -16.90, -15.85, -15.85
2026-10-02, 13:08:31, 88000000, 90500000, 19531.25, 18112, -15.89, -16.02, -16.72, -15.76, -14.18, -13.21, -12.46, -14.42, -16.62, -21.40, -25.23, -27.12, -27.70, -27.85, -27.95, -28.00, -27.98, -27.93, -27.89, -27.79, -27.72, -27.55, -27.29, -26.62, -26.05, -25.65, -25.38, -25.69, -26.17, -26.54, -26.74, -26.69, -26.56, -26.41, -26.24, -26.09, -25.96, -25.75, -25.56, -25.32, -25.07, -24.80, -24.57, -24.21, -23.78, -23.47, -23.10, -22.75, -22.48, -22.11, -21.69, -21.20, -20.66, -20.07, -19.42, -18.73, -17.90, -17.00, -15.93, -14.68, -13.07, -10.48, -5.47, 0.18, 6.18, 6.18, 7.52, 8.04, 6.88, 4.43, 0.00, -5.73, -10.53, -13.02, -14.64, -15.91, -16.97, -17.89, -18.71, -19.43, -20.08, -20.67, -21.20, -21.68, -22.10, -22.39, -22.79, -23.10, -23.44, -23.82, -24.20, -24.48, -24.83, -25.05, -25.26, -25.48, -25.64, -25.86, -26.01, -26.19, -26.32, -26.45, -26.59, -26.58, -26.49, -26.15, -25.86, -25.54, -25.42, -25.94, -26.61, -27.27, -27.62, -27.85, -27.99, -28.05, -28.04, -28.26, -28.36, -28.30, -28.34, -28.19, -27.87, -26.46, -23.08, -18.88, -17.03, -15.87, -15.87
2026-10-02, 13:08:32, 88000000, 90500000, 19531.25, 18240, -16.03, -16.27, -16.08, -15.73, -14.49, -13.28, -12.87, -13.65, -16.71, -21.71, -25.53, -27.18, -27.76, -27.96, -28.10, -28.08, -28.08, -28.04, -28.01, -27.91, -27.82, -27.69, -27.31, -26.55, -26.38, -25.72, -25.67, -25.64, -26.17, -26.77, -26.84, -26.86, -26.67, -26.58, -26.41, -26.20, -26.05, -25.88, -25.66, -25.43, -25.22, -24.98, -24.69, -24.31, -23.91, -23.64, -23.31, -22.95, -22.62, -22.27, -21.85, -21.37, -20.82, -20.24, -19.58, -18.84, -18.06, -17.15, -16.10, -14.82, -13.19, -10.43, -5.63, 0.13, 5.66, 5.66, 7.59, 7.50, 7.34, 4.89, -0.74, -6.25, -10.78, -13.22, -14.86, -16.09, -17.15, -18.08, -18.89, -19.60, -20.24, -20.83, -21.37, -21.84, -22.26, -22.54, -22.94, -23.26, -23.56, -23.95, -24.33, -24.66, -24.94, -25.18, -25.41, -25.61, -25.78, -25.98, -26.13, -26.34, -26.42, -26.57, -26.65, -26.75, -26.58, -26.08, -25.99, -25.60, -25.69, -25.84, -26.59, -27.45, -27.84, -27.94, -28.09, -28.19, -28.18, -28.39, -28.45, -28.34, -28.41, -28.27, -27.90, -26.52, -23.10, -18.23, -17.09, -16.09, -16.09
2026-10-02, 13:08:33, 88000000, 90500000, 19531.25, 18048, -15.97, -16.46, -16.39, -15.58, -14.31, -13.27, -13.17, -14.19, -16.12, -19.60, -24.54, -26.89, -27.59, -27.85, -27.96, -27.96, -28.00, -27.96, -27.88, -27.83, -27.76, -27.51, -27.12, -26.61, -26.11, -25.66, -25.57, -25.84, -26.12, -26.49, -26.67, -26.70, -26.53, -26.42, -26.33, -26.10, -25.94, -25.77, -25.56, -25.35, -25.13, -24.85, -24.55, -24.23, -23.83, -23.47, -23.16, -22.83, -22.47, -22.10, -21.68, -21.24, -20.68, -20.08, -19.42, -18.71, -17.90, -16.98, -15.90, -14.61, -12.96, -10.24, -4.28, 1.18, 6.20, 6.20, 7.39, 7.56, 6.54, 4.66, 1.58, -4.09, -9.75, -12.73, -14.46, -15.79, -16.87, -17.81, -18.63, -19.36, -20.02, -20.60, -21.16, -21.68, -22.08, -22.38, -22.77, -23.15, -23.42, -23.82, -24.16, -24.48, -24.81, -25.02, -25.31, -25.48, -25.68, -25.87, -26.03, -26.18, -26.30, -26.43, -26.59, -26.64, -26.39, -26.09, -25.85, -25.58, -25.57, -26.01, -26.56, -27.16, -27.62, -27.84, -28.01, -28.11, -28.07, -28.28, -28.36, -28.26, -28.31, -28.12, -27.71, -26.03, -21.88, -18.48, -16.94, -16.07, -16.07
2026-10-02, 13:08:34, 88000000, 90500000, 19531.25, 18240, -15.82, -16.65, -16.70, -15.33, -14.01, -13.09, -13.17, -14.47, -16.17, -19.69, -24.96, -27.01, -27.58, -27.80, -27.94, -27.91, -27.97, -27.91, -27.90, -27.83, -27.69, -27.57, -27.22, -26.54, -25.97, -25.57, -25.48, -25.79, -26.11, -26.42, -26.67, -26.69, -26.50, -26.41, -26.27, -26.04, -25.91, -25.71, -25.53, -25.32, -25.04, -24.80, -24.52, -24.22, -23.80, -23.46, -23.12, -22.77, -22.44, -22.10, -21.69, -21.20, -20.64, -20.06, -19.40, -18.68, -17.89, -16.97, -15.91, -14.66, -13.07, -10.65, -6.12, 0.26, 6.56, 6.56, 7.60, 7.68, 6.37, 4.45, 1.57, -4.56, -10.09, -12.80, -14.49, -15.78, -16.87, -17.78, -18.60, -19.36, -20.02, -20.62, -21.15, -21.62, -22.07, -22.35, -22.74, -23.08, -23.40, -23.83, -24.14, -24.44, -24.77, -25.03, -25.25, -25.43, -25.63, -25.82, -25.97, -26.14, -26.27, -26.39, -26.58, -26.63, -26.40, -26.01, -25.72, -25.51, -25.53, -26.04, -26.57, -27.13, -27.59, -27.86, -27.97, -28.06, -28.06, -28.28, -28.29, -28.27, -28.35, -28.15, -27.84, -26.73, -23.15, -18.78, -16.62, -15.78, -15.78
2026-10-02, 13:08:35, 88000000, 90500000, 19531.25, 18112, -15.45, -16.46, -17.16, -15.69, -13.87, -12.70, -12.80, -14.42, -16.95, -21.40, -25.80, -27.28, -27.72, -27.86, -28.02, -27.99, -28.03, -27.97, -27.90, -27.90, -27.74, -27.63, -27.34, -26.75, -26.00, -25.53, -25.43, -25.81, -26.30, -26.67, -26.78, -26.70, -26.60, -26.44, -26.31, -26.13, -25.95, -25.78, -25.60, -25.37, -25.12, -24.88, -24.60, -24.30, -23.84, -23.56, -23.15, -22.86, -22.54, -22.21, -21.77, -21.29, -20.77, -20.18, -19.54, -18.83, -18.05, -17.15, -16.13, -14.93, -13.43, -11.44, -7.56, -0.81, 6.61, 6.61, 8.01, 8.14, 6.62, 4.02, 0.06, -6.16, -10.86, -13.16, -14.73, -15.97, -17.02, -17.93, -18.73, -19.47, -20.09, -20.70, -21.24, -21.74, -22.15, -22.41, -22.82, -23.14, -23.48, -23.88, -24.24, -24.55, -24.86, -25.07, -25.30, -25.55, -25.70, -25.93, -26.08, -26.21, -26.36, -26.47, -26.62, -26.71, -26.50, -26.27, -25.75, -25.39, -25.39, -25.97, -26.71, -27.34, -27.69, -27.90, -28.02, -28.14, -28.16, -28.33, -28.44, -28.38, -28.36, -28.24, -28.01, -27.32, -24.12, -19.77, -16.82, -15.57, -15.57
2026-10-02, 13:08:36, 88000000, 90500000, 19531.25, 18112, -14.49, -16.48, -17.84, -16.49, -13.87, -11.74, -12.66, -14.93, -18.01, -22.33, -26.19, -27.37, -27.76, -27.94, -27.98, -28.02, -28.01, -27.95, -27.95, -27.88, -27.76, -27.67, -27.38, -26.87, -26.08, -25.27, -25.11, -25.80, -26.39, -26.65, -26.78, -26.71, -26.57, -26.46, -26.28, -26.10, -25.93, -25.75, -25.56, -25.30, -25.10, -24.83, -24.60, -24.27, -23.85, -23.51, -23.10, -22.79, -22.54, -22.19, -21.76, -21.26, -20.72, -20.14, -19.52, -18.81, -18.05, -17.18, -16.14, -14.97, -13.55, -11.62, -8.36, -2.19, 6.23, 6.23, 8.59, 8.81, 6.37, 3.24, -0.96, -7.36, -11.30, -13.36, -14.83, -16.05, -17.07, -17.93, -18.76, -19.48, -20.10, -20.69, -21.20, -21.71, -22.14, -22.40, -22.80, -23.03, -23.47, -23.87, -24.20, -24.50, -24.80, -25.05, -25.26, -25.51, -25.67, -25.85, -26.03, -26.20, -26.27, -26.45, -26.58, -26.72, -26.55, -26.35, -25.82, -25.16, -25.20, -26.07, -26.77, -27.42, -27.66, -27.81, -28.00, -28.08, -28.10, -28.26, -28.37, -28.26, -28.37, -28.23, -28.01, -27.46, -25.14, -20.66, -17.53, -15.47, -15.47
2026-10-02, 13:08:37, 88000000, 90500000, 19531.25, 18240, -12.05, -16.65, -21.17, -19.92, -14.77, -9.29, -12.39, -17.84, -22.78, -25.94, -27.07, -27.54, -27.78, -27.88, -27.87, -27.88, -27.90, -27.82, -27.74, -27.71, -27.59, -27.48, -27.35, -27.14, -26.49, -24.67, -24.11, -26.02, -26.64, -26.74, -26.61, -26.50, -26.37, -26.26, -26.08, -25.93, -25.77, -25.59, -25.35, -25.17, -24.93, -24.67, -24.40, -24.16, -23.74, -23.40, -22.71, -22.63, -22.42, -22.02, -21.61, -21.10, -20.61, -20.05, -19.40, -18.73, -18.00, -17.14, -16.20, -15.11, -13.85, -12.35, -10.37, -7.20, 3.93, 3.93, 9.94, 10.75, 4.81, -0.98, -6.52, -10.02, -12.11, -13.68, -14.96, -16.06, -17.03, -17.87, -18.64, -19.35, -19.96, -20.53, -21.06, -21.53, -21.98, -22.30, -22.65, -22.65, -23.25, -23.74, -24.10, -24.34, -24.59, -24.82, -25.07, -25.32, -25.45, -25.66, -25.82, -26.01, -26.13, -26.26, -26.42, -26.54, -26.57, -26.61, -26.15, -24.48, -24.28, -26.33, -27.11, -27.40, -27.54, -27.67, -27.83, -27.95, -27.97, -28.17, -28.23, -28.21, -28.26, -28.18, -28.10, -27.82, -27.21, -25.08, -20.92, -16.05, -16.05
2026-10-02, 13:08:38, 88000000, 90500000, 19531.25, 18176, -9.90, -20.21, -24.79, -23.97, -18.12, -7.20, -15.57, -22.77, -25.33, -26.38, -26.78, -26.95, -27.01, -27.01, -27.03, -26.91, -26.84, -26.80, -26.70, -26.61, -26.53, -26.38, -26.30, -26.16, -25.83, -24.22, -22.88, -25.37, -25.60, -25.57, -25.40, -25.31, -25.13, -25.03, -24.81, -24.65, -24.45, -24.30, -24.06, -23.84, -23.58, -23.30, -23.06, -22.78, -22.41, -22.09, -21.21, -21.36, -21.02, -20.61, -20.17, -19.66, -19.16, -18.58, -17.94, -17.26, -16.54, -15.67, -14.76, -13.70, -12.48, -11.06, -9.32, -7.12, 1.21, 1.21, 9.66, 11.81, 2.48, -3.36, -6.70, -9.04, -10.82, -12.29, -13.55, -14.61, -15.56, -16.39, -17.16, -17.84, -18.48, -19.06, -19.59, -20.07, -20.54, -20.88, -21.31, -21.14, -22.01, -22.39, -22.70, -22.98, -23.28, -23.54, -23.76, -24.00, -24.15, -24.41, -24.59, -24.75, -24.91, -25.02, -25.23, -25.30, -25.42, -25.55, -25.41, -23.73, -23.32, -25.70, -26.14, -26.30, -26.43, -26.56, -26.73, -26.81, -26.85, -27.06, -27.16, -27.17, -27.27, -27.30, -27.31, -27.23, -27.12, -26.76, -25.45, -19.75, -19.75
2026-10-02, 13:08:39, 88000000, 90500000, 19531.25, 18240, -9.89, -20.31, -24.53, -23.33, -17.91, -7.19, -15.81, -22.16, -24.82, -26.21, -26.62, -26.77, -26.85, -26.80, -26.81, -26.71, -26.67, -26.61, -26.49, -26.46, -26.32, -26.19, -26.07, -25.95, -25.64, -24.21, -22.78, -25.14, -25.35, -25.31, -25.22, -25.10, -24.92, -24.81, -24.61, -24.42, -24.22, -24.03, -23.80, -23.56, -23.36, -23.06, -22.83, -22.52, -22.16, -21.85, -20.98, -21.14, -20.80, -20.36, -19.90, -19.41, -18.88, -18.30, -17.68, -17.00, -16.25, -15.43, -14.49, -13.43, -12.21, -10.77, -9.02, -6.62, 1.79, 1.79, 9.47, 11.73, 3.07, -2.71, -6.08, -8.70, -10.53, -12.02, -13.25, -14.33, -15.30, -16.14, -16.90, -17.59, -18.24, -18.80, -19.33, -19.84, -20.29, -20.64, -21.06, -20.93, -21.79, -22.17, -22.48, -22.75, -23.03, -23.30, -23.54, -23.77, -23.98, -24.17, -24.32, -24.51, -24.68, -24.83, -25.00, -25.12, -25.18, -25.32, -25.19, -23.68, -23.27, -25.43, -25.92, -26.10, -26.23, -26.40, -26.50, -26.63, -26.63, -26.84, -26.95, -26.96, -27.15, -27.13, -27.19, -27.14, -27.01, -26.46, -24.73, -19.75, -19.75
2026-10-02, 13:08:40, 88000000, 90500000, 19531.25, 18176, -10.97, -17.56, -22.58, -21.90, -16.64, -8.16, -13.17, -20.16, -23.81, -25.95, -27.03, -27.41, -27.62, -27.71, -27.70, -27.64, -27.60, -27.54, -27.50, -27.46, -27.33, -27.15, -27.15, -26.96, -26.49, -24.43, -23.74, -26.00, -26.41, -26.43, -26.32, -26.22, -26.04, -25.88, -25.79, -25.62, -25.46, -25.24, -25.04, -24.82, -24.57, -24.31, -24.10, -23.79, -23.43, -23.06, -22.27, -22.33, -22.05, -21.66, -21.20, -20.74, -20.24, -19.66, -19.04, -18.36, -17.63, -16.77, -15.85, -14.78, -13.54, -12.07, -10.18, -7.09, 1.82, 1.82, 10.38, 11.19, 3.14, -2.66, -6.43, -9.74, -11.80, -13.33, -14.61, -15.69, -16.65, -17.49, -18.27, -18.94, -19.58, -20.15, -20.69, -21.17, -21.61, -21.91, -22.32, -22.21, -22.96, -23.40, -23.70, -24.00, -24.27, -24.51, -24.74, -24.99, -25.16, -25.33, -25.51, -25.68, -25.82, -25.93, -26.12, -26.24, -26.26, -26.29, -26.15, -23.96, -23.94, -26.40, -26.89, -27.18, -27.34, -27.45, -27.56, -27.67, -27.70, -27.87, -27.92, -27.89, -28.03, -27.93, -27.90, -27.66, -27.16, -25.58, -23.12, -17.64, -17.64
2026-10-02, 13:08:41, 88000000, 90500000, 19531.25, 18176, -14.10, -15.06, -20.69, -19.28, -13.17, -11.42, -10.85, -17.49, -22.26, -24.99, -27.03, -27.65, -27.92, -28.02, -28.10, -28.06, -28.02, -28.01, -27.95, -27.88, -27.77, -27.64, -27.52, -27.32, -26.35, -25.06, -24.44, -25.86, -26.79, -26.86, -26.79, -26.73, -26.58, -26.45, -26.32, -26.16, -25.97, -25.80, -25.59, -25.36, -25.16, -24.87, -24.61, -24.35, -23.92, -23.52, -23.13, -22.79, -22.64, -22.27, -21.83, -21.35, -20.83, -20.26, -19.64, -18.96, -18.21, -17.35, -16.40, -15.30, -13.99, -12.38, -10.04, -5.74, 5.66, 5.66, 9.21, 10.34, 6.04, -0.94, -5.17, -9.17, -12.08, -13.78, -15.11, -16.25, -17.22, -18.07, -18.86, -19.53, -20.19, -20.76, -21.27, -21.79, -22.19, -22.48, -22.80, -23.04, -23.36, -23.98, -24.30, -24.57, -24.83, -25.07, -25.27, -25.52, -25.71, -25.87, -26.03, -26.17, -26.35, -26.46, -26.59, -26.74, -26.75, -26.73, -25.87, -24.91, -24.50, -26.24, -27.35, -27.58, -27.78, -27.93, -28.03, -28.12, -28.07, -28.34, -28.40, -28.33, -28.43, -28.33, -28.21, -27.88, -26.59, -24.28, -20.00, -14.65, -14.65
2026-10-02, 13:08:42, 88000000, 90500000, 19531.25, 18240, -15.94, -14.93, -18.21, -15.78, -14.04, -13.27, -11.18, -14.55, -20.19, -23.81, -26.35, -27.41, -27.77, -27.94, -27.99, -28.00, -28.00, -27.93, -27.88, -27.83, -27.72, -27.59, -27.46, -26.91, -25.84, -25.71, -25.31, -25.16, -26.53, -26.77, -26.73, -26.64, -26.54, -26.38, -26.29, -26.08, -25.94, -25.74, -25.52, -25.32, -25.08, -24.82, -24.59, -24.28, -23.80, -23.50, -23.15, -22.70, -22.49, -22.17, -21.72, -21.23, -20.72, -20.15, -19.49, -18.82, -18.01, -17.14, -16.15, -14.98, -13.54, -11.44, -7.78, -3.29, 7.33, 7.33, 7.24, 8.50, 8.19, 1.96, -3.54, -7.89, -11.59, -13.47, -14.87, -16.06, -17.07, -17.95, -18.73, -19.44, -20.08, -20.68, -21.19, -21.68, -22.12, -22.34, -22.81, -23.10, -23.32, -23.85, -24.24, -24.47, -24.81, -25.00, -25.25, -25.48, -25.65, -25.84, -26.04, -26.18, -26.26, -26.47, -26.58, -26.67, -26.65, -26.31, -25.53, -25.66, -25.19, -25.61, -26.97, -27.53, -27.69, -27.83, -27.91, -28.07, -28.06, -28.28, -28.32, -28.30, -28.36, -28.24, -28.08, -27.28, -25.21, -21.65, -16.35, -15.87, -15.87
2026-10-02, 13:08:43, 88000000, 90500000, 19531.25, 18176, -14.99, -16.24, -17.58, -16.56, -13.73, -12.24, -12.54, -14.47, -18.02, -22.26, -25.81, -27.31, -27.74, -27.89, -28.02, -28.02, -28.02, -27.99, -27.90, -27.84, -27.72, -27.62, -27.32, -26.84, -26.12, -25.35, -25.25, -25.69, -26.28, -26.68, -26.77, -26.67, -26.55, -26.46, -26.27, -26.11, -25.91, -25.75, -25.55, -25.36, -25.08, -24.84, -24.60, -24.29, -23.84, -23.48, -23.10, -22.80, -22.53, -22.17, -21.75, -21.28, -20.75, -20.15, -19.52, -18.83, -18.06, -17.16, -16.14, -14.98, -13.48, -11.41, -7.22, -1.33, 6.24, 6.24, 8.36, 8.51, 6.73, 3.67, -1.49, -6.45, -10.89, -13.21, -14.72, -15.96, -16.99, -17.91, -18.70, -19.40, -20.05, -20.66, -21.19, -21.69, -22.12, -22.41, -22.75, -23.07, -23.41, -23.82, -24.19, -24.49, -24.77, -25.04, -25.21, -25.45, -25.64, -25.83, -26.03, -26.16, -26.29, -26.44, -26.56, -26.65, -26.49, -26.35, -25.74, -25.23, -25.26, -25.98, -26.76, -27.39, -27.72, -27.87, -27.95, -28.06, -28.10, -28.29, -28.36, -28.24, -28.33, -28.24, -28.02, -27.05, -23.94, -20.68, -17.65, -15.35, -15.35
2026-10-02, 13:08:44, 88000000, 90500000, 19531.25, 18176, -15.51, -16.41, -16.88, -15.99, -14.00, -12.83, -12.98, -14.07, -16.88, -21.72, -25.98, -27.31, -27.74, -27.99, -28.03, -28.08, -28.05, -28.02, -27.96, -27.91, -27.77, -27.60, -27.27, -26.72, -26.09, -25.64, -25.47, -25.73, -26.27, -26.72, -26.82, -26.80, -26.66, -26.51, -26.38, -26.19, -26.04, -25.83, -25.66, -25.44, -25.20, -24.93, -24.63, -24.34, -23.89, -23.59, -23.25, -22.93, -22.61, -22.24, -21.79, -21.35, -20.82, -20.22, -19.58, -18.83, -18.05, -17.16, -16.10, -14.85, -13.29, -10.99, -5.11, -0.26, 6.38, 6.38, 7.69, 8.05, 6.81, 4.39, -0.46, -6.52, -10.98, -13.25, -14.77, -16.02, -17.09, -17.99, -18.82, -19.52, -20.17, -20.76, -21.29, -21.77, -22.21, -22.45, -22.90, -23.19, -23.55, -23.91, -24.28, -24.61, -24.90, -25.13, -25.37, -25.63, -25.77, -25.93, -26.14, -26.27, -26.38, -26.54, -26.67, -26.70, -26.60, -26.29, -25.84, -25.54, -25.42, -26.03, -26.66, -27.42, -27.77, -28.00, -28.04, -28.17, -28.17, -28.34, -28.41, -28.33, -28.42, -28.25, -27.90, -26.53, -22.65, -19.56, -17.22, -15.71, -15.71
2026-10-02, 13:08:45, 88000000, 90500000, 19531.25, 18176, -13.34, -15.61, -21.15, -20.17, -13.38, -10.47, -11.46, -17.56, -22.85, -25.93, -27.13, -27.62, -27.85, -27.98, -27.99, -28.04, -28.00, -27.99, -27.89, -27.81, -27.73, -27.61, -27.52, -27.31, -26.50, -24.67, -24.56, -25.85, -26.77, -26.90, -26.82, -26.68, -26.54, -26.42, -26.24, -26.08, -25.91, -25.78, -25.57, -25.31, -25.09, -24.84, -24.65, -24.32, -23.92, -23.47, -23.00, -22.76, -22.58, -22.24, -21.76, -21.30, -20.81, -20.20, -19.62, -18.93, -18.18, -17.34, -16.40, -15.33, -14.04, -12.55, -10.60, -7.57, 4.66, 4.66, 10.10, 10.07, 5.93, -1.13, -6.45, -10.01, -12.17, -13.79, -15.09, -16.22, -17.17, -18.03, -18.80, -19.52, -20.13, -20.70, -21.22, -21.69, -22.15, -22.43, -22.72, -22.96, -23.36, -23.91, -24.23, -24.50, -24.80, -25.02, -25.25, -25.47, -25.64, -25.86, -26.01, -26.21, -26.28, -26.46, -26.62, -26.63, -26.74, -26.79, -26.09, -24.45, -24.70, -26.21, -27.22, -27.60, -27.70, -27.81, -27.92, -28.08, -28.06, -28.29, -28.34, -28.30, -28.45, -28.31, -28.21, -27.95, -27.27, -25.41, -21.09, -14.66, -14.66
2026-10-02, 13:08:46, 88000000, 90500000, 19531.25, 18112, -12.46, -15.80, -22.57, -21.45, -14.20, -9.66, -11.39, -19.94, -24.37, -26.09, -27.25, -27.72, -27.95, -28.03, -28.08, -28.10, -28.08, -28.04, -27.98, -27.87, -27.77, -27.68, -27.56, -27.42, -26.86, -24.55, -24.11, -26.27, -26.92, -26.92, -26.83, -26.77, -26.57, -26.45, -26.30, -26.13, -25.96, -25.82, -25.61, -25.37, -25.12, -24.89, -24.65, -24.41, -23.99, -23.57, -22.95, -22.81, -22.70, -22.31, -21.84, -21.39, -20.86, -20.29, -19.71, -18.99, -18.28, -17.44, -16.52, -15.45, -14.20, -12.72, -10.91, -8.39, 2.74, 2.74, 10.39, 10.98, 3.99, -3.49, -7.21, -10.09, -12.34, -13.94, -15.21, -16.31, -17.27, -18.10, -18.88, -19.57, -20.20, -20.79, -21.29, -21.77, -22.20, -22.52, -22.86, -22.89, -23.42, -24.00, -24.28, -24.56, -24.83, -25.06, -25.32, -25.53, -25.71, -25.90, -26.07, -26.21, -26.33, -26.50, -26.67, -26.73, -26.82, -26.89, -26.46, -24.41, -24.20, -26.69, -27.42, -27.64, -27.76, -27.86, -28.00, -28.18, -28.18, -28.33, -28.38, -28.33, -28.43, -28.38, -28.29, -28.04, -27.51, -26.38, -22.65, -15.30, -15.30
2026-10-02, 13:08:47, 88000000, 90500000, 19531.25, 18112, -14.17, -16.00, -19.06, -17.58, -13.77, -11.29, -12.20, -15.29, -20.68, -24.56, -26.95, -27.74, -28.07, -28.22, -28.31, -28.29, -28.30, -28.26, -28.22, -28.14, -28.04, -27.95, -27.84, -27.39, -26.37, -25.30, -25.31, -25.76, -26.84, -27.10, -27.09, -26.96, -26.85, -26.74, -26.58, -26.36, -26.17, -26.02, -25.82, -25.59, -25.34, -25.08, -24.83, -24.53, -24.10, -23.68, -23.26, -22.98, -22.75, -22.38, -21.96, -21.46, -20.94, -20.39, -19.73, -19.02, -18.27, -17.40, -16.43, -15.32, -13.95, -12.26, -9.71, -5.30, 6.14, 6.14, 9.14, 8.78, 7.28, 1.20, -4.47, -9.10, -12.09, -13.83, -15.17, -16.34, -17.32, -18.20, -18.96, -19.67, -20.30, -20.92, -21.42, -21.94, -22.35, -22.65, -22.98, -23.20, -23.58, -24.07, -24.42, -24.74, -25.02, -25.25, -25.48, -25.71, -25.91, -26.09, -26.24, -26.40, -26.60, -26.65, -26.79, -26.94, -26.94, -26.82, -26.01, -25.02, -25.25, -25.97, -27.32, -27.72, -27.99, -28.10, -28.16, -28.33, -28.32, -28.51, -28.59, -28.50, -28.59, -28.49, -28.32, -27.97, -26.71, -22.87, -18.31, -15.28, -15.28
2026-10-02, 13:08:48, 88000000, 90500000, 19531.25, 18176, -11.04, -16.87, -23.52, -22.64, -15.26, -8.28, -12.50, -21.10, -25.06, -26.35, -26.90, -27.17, -27.34, -27.41, -27.35, -27.35, -27.31, -27.29, -27.19, -27.06, -27.01, -26.89, -26.73, -26.66, -26.15, -24.24, -23.41, -25.61, -26.10, -26.04, -25.98, -25.88, -25.70, -25.55, -25.38, -25.21, -25.02, -24.87, -24.66, -24.40, -24.20, -23.89, -23.69, -23.39, -23.01, -22.63, -21.93, -21.90, -21.68, -21.26, -20.81, -20.31, -19.79, -19.23, -18.60, -17.93, -17.20, -16.35, -15.44, -14.38, -13.16, -11.70, -9.95, -7.66, 2.38, 2.38, 10.30, 11.36, 4.07, -3.41, -7.15, -9.57, -11.40, -12.89, -14.16, -15.25, -16.20, -17.04, -17.81, -18.50, -19.12, -19.71, -20.23, -20.74, -21.17, -21.52, -21.87, -21.82, -22.54, -23.00, -23.30, -23.55, -23.87, -24.09, -24.36, -24.57, -24.75, -24.94, -25.12, -25.27, -25.43, -25.57, -25.72, -25.83, -25.90, -26.02, -25.72, -23.79, -23.71, -25.94, -26.58, -26.78, -26.96, -27.02, -27.14, -27.32, -27.34, -27.50, -27.60, -27.57, -27.68, -27.66, -27.62, -27.51, -27.20, -26.52, -23.90, -16.48, -16.48
2026-10-02, 13:08:49, 88000000, 90500000, 19531.25, 18240, -9.63, -22.50, -26.07, -25.12, -19.30, -6.95, -17.82, -24.42, -25.84, -26.39, -26.51, -26.57, -26.61, -26.50, -26.47, -26.41, -26.31, -26.15, -26.10, -26.01, -25.92, -25.77, -25.68, -25.54, -25.27, -24.06, -22.49, -24.78, -24.92, -24.87, -24.77, -24.67, -24.50, -24.37, -24.21, -24.03, -23.82, -23.63, -23.44, -23.22, -22.96, -22.69, -22.45, -22.16, -21.80, -21.51, -20.65, -20.79, -20.44, -20.02, -19.56, -19.06, -18.57, -18.00, -17.37, -16.70, -15.95, -15.12, -14.18, -13.15, -11.95, -10.52, -8.81, -6.65, 1.03, 1.03, 9.03, 11.77, 2.45, -3.05, -6.19, -8.46, -10.25, -11.71, -12.95, -14.02, -14.97, -15.81, -16.57, -17.27, -17.89, -18.47, -18.99, -19.47, -19.96, -20.31, -20.74, -20.59, -21.45, -21.81, -22.08, -22.37, -22.67, -22.92, -23.12, -23.41, -23.58, -23.81, -23.96, -24.11, -24.28, -24.45, -24.61, -24.70, -24.79, -24.95, -24.84, -23.44, -23.12, -25.17, -25.56, -25.75, -25.90, -25.99, -26.17, -26.31, -26.33, -26.54, -26.64, -26.68, -26.83, -26.89, -26.98, -26.99, -27.06, -26.99, -26.81, -21.69, -21.69
2026-10-02, 13:08:50, 88000000, 90500000, 19531.25, 18176, -10.00, -22.85, -26.46, -25.48, -19.70, -7.32, -18.22, -24.77, -26.23, -26.68, -26.87, -26.89, -26.88, -26.86, -26.79, -26.72, -26.62, -26.55, -26.43, -26.36, -26.21, -26.13, -25.97, -25.85, -25.57, -24.40, -22.93, -25.14, -25.29, -25.21, -25.13, -25.02, -24.86, -24.70, -24.52, -24.37, -24.16, -24.00, -23.77, -23.53, -23.33, -23.03, -22.78, -22.53, -22.18, -21.87, -21.03, -21.15, -20.79, -20.36, -19.94, -19.44, -18.92, -18.35, -17.74, -17.06, -16.32, -15.50, -14.58, -13.53, -12.33, -10.90, -9.19, -7.04, 0.62, 0.62, 8.67, 11.39, 2.10, -3.41, -6.56, -8.84, -10.61, -12.09, -13.33, -14.40, -15.33, -16.17, -16.96, -17.64, -18.26, -18.84, -19.36, -19.85, -20.34, -20.69, -21.12, -20.98, -21.81, -22.16, -22.46, -22.72, -23.02, -23.29, -23.49, -23.75, -23.93, -24.14, -24.33, -24.50, -24.60, -24.81, -24.96, -25.09, -25.16, -25.29, -25.21, -23.85, -23.41, -25.48, -25.86, -26.04, -26.25, -26.38, -26.53, -26.65, -26.69, -26.90, -27.02, -27.02, -27.19, -27.19, -27.33, -27.35, -27.39, -27.34, -27.19, -22.08, -22.08
2026-10-02, 13:08:51, 88000000, 90500000, 19531.25, 18304, -15.84, -17.72, -17.43, -16.53, -14.87, -13.14, -14.64, -15.76, -17.10, -18.50, -24.41, -27.24, -27.92, -28.19, -28.25, -28.29, -28.22, -28.20, -28.08, -28.05, -27.93, -27.70, -27.31, -26.91, -26.44, -26.04, -25.81, -26.35, -26.57, -26.70, -26.86, -26.95, -26.79, -26.70, -26.52, -26.31, -26.21, -26.03, -25.84, -25.68, -25.38, -25.13, -24.89, -24.60, -24.20, -23.87, -23.50, -23.22, -22.90, -22.54, -22.08, -21.63, -21.10, -20.53, -19.85, -19.15, -18.35, -17.42, -16.36, -15.06, -13.43, -10.82, -4.64, 0.88, 5.54, 5.54, 6.82, 7.07, 5.14, 3.10, 1.61, -2.44, -10.01, -13.06, -14.83, -16.19, -17.29, -18.21, -19.06, -19.81, -20.47, -21.07, -21.61, -22.10, -22.49, -22.80, -23.18, -23.48, -23.88, -24.21, -24.52, -24.79, -25.18, -25.42, -25.62, -25.81, -25.99, -26.18, -26.33, -26.48, -26.62, -26.68, -26.88, -26.97, -26.68, -26.58, -26.18, -25.94, -25.99, -26.61, -27.04, -27.43, -27.87, -28.24, -28.34, -28.45, -28.44, -28.69, -28.75, -28.66, -28.73, -28.59, -28.23, -26.68, -22.20, -19.15, -17.83, -16.75, -16.75
2026-10-02, 13:08:52, 88000000, 90500000, 19531.25, 18048, -16.10, -17.40, -17.59, -17.21, -15.68, -13.39, -14.37, -16.25, -17.27, -19.04, -24.72, -27.64, -28.40, -28.59, -28.73, -28.71, -28.75, -28.75, -28.64, -28.56, -28.49, -28.21, -27.69, -27.42, -27.09, -26.38, -26.22, -26.83, -27.03, -27.17, -27.36, -27.45, -27.33, -27.22, -27.07, -26.90, -26.70, -26.53, -26.37, -26.15, -25.94, -25.64, -25.36, -25.08, -24.70, -24.45, -23.96, -23.67, -23.39, -23.02, -22.55, -22.12, -21.61, -21.01, -20.35, -19.63, -18.82, -17.86, -16.80, -15.46, -13.73, -10.94, -4.15, 1.75, 4.19, 4.19, 6.85, 7.11, 4.54, 2.96, 1.32, -3.02, -10.49, -13.62, -15.36, -16.73, -17.83, -18.74, -19.58, -20.31, -20.96, -21.57, -22.09, -22.57, -23.01, -23.30, -23.72, -23.98, -24.35, -24.73, -25.04, -25.28, -25.64, -25.91, -26.07, -26.29, -26.48, -26.62, -26.80, -26.95, -27.03, -27.18, -27.34, -27.27, -27.02, -27.00, -26.83, -26.20, -26.20, -27.01, -27.44, -27.81, -28.25, -28.60, -28.74, -28.81, -28.82, -29.04, -29.14, -29.04, -29.08, -28.88, -28.52, -26.58, -21.28, -19.26, -18.73, -17.41, -17.41
2026-10-02, 13:08:53, 88000000, 90500000, 19531.25, 18176, -17.16, -17.67, -17.71, -16.78, -15.50, -14.42, -14.11, -15.16, -18.22, -22.12, -26.65, -28.17, -28.58, -28.77, -28.75, -28.80, -28.79, -28.74, -28.62, -28.64, -28.51, -28.33, -28.03, -27.36, -26.97, -26.58, -26.34, -26.55, -27.07, -27.40, -27.54, -27.53, -27.37, -27.31, -27.15, -26.97, -26.87, -26.70, -26.48, -26.29, -26.04, -25.81, -25.58, -25.23, -24.84, -24.55, -24.20, -23.84, -23.60, -23.25, -22.81, -22.37, -21.86, -21.27, -20.66, -19.95, -19.16, -18.25, -17.23, -16.02, -14.48, -12.38, -8.44, -1.45, 5.07, 5.07, 6.30, 6.55, 5.60, 3.14, -1.16, -6.69, -11.86, -14.25, -15.83, -17.12, -18.16, -19.05, -19.86, -20.59, -21.22, -21.81, -22.33, -22.81, -23.21, -23.50, -23.91, -24.22, -24.51, -24.86, -25.26, -25.52, -25.79, -26.06, -26.21, -26.49, -26.65, -26.84, -26.97, -27.13, -27.23, -27.31, -27.45, -27.55, -27.34, -27.02, -26.68, -26.54, -26.49, -26.86, -27.59, -28.19, -28.59, -28.78, -28.89, -28.98, -29.06, -29.22, -29.36, -29.26, -29.40, -29.25, -29.04, -28.39, -24.83, -19.97, -17.95, -17.21, -17.21
2026-10-02, 13:08:54, 88000000, 90500000, 19531.25, 18176, -15.53, -17.49, -18.19, -16.81, -15.18, -12.79, -13.93, -16.09, -17.79, -20.38, -25.23, -27.68, -28.18, -28.31, -28.36, -28.38, -28.33, -28.28, -28.23, -28.11, -28.08, -27.91, -27.57, -27.03, -26.66, -25.93, -25.64, -26.36, -26.68, -26.90, -26.98, -27.03, -26.86, -26.77, -26.69, -26.49, -26.30, -26.15, -26.04, -25.77, -25.56, -25.24, -25.01, -24.71, -24.35, -24.02, -23.64, -23.35, -23.09, -22.70, -22.25, -21.79, -21.29, -20.68, -20.06, -19.36, -18.58, -17.68, -16.62, -15.40, -13.85, -11.59, -6.79, -0.47, 4.89, 4.89, 7.30, 7.76, 4.82, 3.01, -0.31, -3.84, -10.98, -13.65, -15.25, -16.55, -17.59, -18.50, -19.31, -20.03, -20.69, -21.29, -21.78, -22.26, -22.64, -22.95, -23.35, -23.63, -24.01, -24.40, -24.72, -24.96, -25.26, -25.50, -25.80, -25.95, -26.13, -26.31, -26.47, -26.59, -26.71, -26.86, -26.90, -27.01, -26.82, -26.63, -26.39, -25.77, -25.77, -26.67, -27.08, -27.66, -27.98, -28.27, -28.42, -28.51, -28.49, -28.73, -28.84, -28.73, -28.83, -28.74, -28.54, -27.58, -23.41, -20.25, -18.12, -16.84, -16.84
2026-10-02, 13:08:55, 88000000, 90500000, 19531.25, 18176, -16.16, -17.06, -17.67, -16.84, -15.04, -13.43, -13.71, -15.20, -17.66, -21.06, -25.75, -27.71, -28.18, -28.34, -28.35, -28.35, -28.38, -28.32, -28.19, -28.13, -28.06, -27.83, -27.53, -27.09, -26.52, -26.04, -25.84, -26.29, -26.61, -26.96, -27.11, -27.07, -26.92, -26.85, -26.70, -26.49, -26.37, -26.23, -26.00, -25.82, -25.62, -25.30, -25.08, -24.81, -24.36, -24.11, -23.75, -23.40, -23.08, -22.76, -22.36, -21.87, -21.33, -20.79, -20.14, -19.42, -18.64, -17.74, -16.66, -15.42, -13.81, -11.40, -5.98, 0.05, 5.29, 5.29, 7.00, 7.31, 5.76, 3.29, -0.23, -5.37, -11.27, -13.78, -15.35, -16.62, -17.69, -18.60, -19.38, -20.12, -20.77, -21.34, -21.86, -22.36, -22.75, -23.02, -23.45, -23.67, -24.00, -24.45, -24.77, -25.00, -25.40, -25.57, -25.79, -26.01, -26.13, -26.33, -26.51, -26.66, -26.79, -26.86, -27.02, -27.05, -26.87, -26.71, -26.33, -25.98, -25.91, -26.45, -27.12, -27.69, -28.07, -28.27, -28.44, -28.54, -28.58, -28.80, -28.85, -28.78, -28.93, -28.72, -28.54, -27.46, -22.65, -20.11, -18.07, -16.74, -16.74
2026-10-02, 13:08:56, 88000000, 90500000, 19531.25, 18112, -16.72, -17.07, -17.62, -16.58, -14.74, -13.97, -13.75, -15.18, -17.43, -20.50, -25.87, -27.67, -28.13, -28.32, -28.38, -28.34, -28.40, -28.27, -28.28, -28.14, -28.06, -27.89, -27.54, -27.15, -26.47, -26.06, -26.00, -26.16, -26.65, -26.88, -27.09, -27.10, -26.94, -26.83, -26.72, -26.53, -26.41, -26.22, -26.07, -25.82, -25.62, -25.33, -25.08, -24.82, -24.36, -24.08, -23.81, -23.44, -23.13, -22.73, -22.31, -21.87, -21.38, -20.79, -20.14, -19.45, -18.65, -17.73, -16.70, -15.44, -13.81, -11.41, -6.34, 0.26, 5.73, 5.73, 6.83, 6.85, 5.89, 3.29, 0.52, -5.64, -11.17, -13.70, -15.35, -16.61, -17.68, -18.61, -19.41, -20.14, -20.77, -21.34, -21.83, -22.32, -22.80, -23.01, -23.45, -23.78, -24.06, -24.42, -24.80, -25.04, -25.38, -25.58, -25.79, -25.99, -26.16, -26.39, -26.48, -26.66, -26.78, -26.91, -27.04, -27.12, -26.80, -26.68, -26.26, -26.04, -26.08, -26.49, -27.11, -27.58, -28.06, -28.29, -28.42, -28.53, -28.54, -28.78, -28.88, -28.79, -28.95, -28.76, -28.48, -27.46, -22.75, -19.99, -17.79, -16.49, -16.49
2026-10-02, 13:08:57, 88000000, 90500000, 19531.25, 18176, -15.91, -16.94, -17.70, -17.41, -14.94, -13.15, -13.47, -15.11, -18.43, -21.96, -26.68, -27.85, -28.22, -28.40, -28.44, -28.39, -28.41, -28.32, -28.26, -28.21, -28.11, -27.91, -27.61, -27.16, -26.67, -25.98, -25.85, -26.21, -26.68, -27.04, -27.17, -27.11, -26.99, -26.85, -26.77, -26.55, -26.45, -26.28, -26.09, -25.88, -25.65, -25.38, -25.15, -24.86, -24.45, -24.12, -23.76, -23.45, -23.16, -22.82, -22.42, -21.94, -21.45, -20.85, -20.24, -19.55, -18.76, -17.87, -16.83, -15.58, -14.05, -11.79, -6.53, -0.46, 4.89, 4.89, 7.36, 7.57, 5.92, 3.10, -1.06, -7.36, -11.78, -13.97, -15.52, -16.74, -17.78, -18.67, -19.47, -20.19, -20.81, -21.39, -21.91, -22.40, -22.82, -23.09, -23.47, -23.74, -24.08, -24.47, -24.82, -25.07, -25.40, -25.62, -25.82, -26.05, -26.23, -26.37, -26.50, -26.66, -26.80, -26.90, -27.03, -27.11, -26.94, -26.79, -26.43, -25.85, -25.85, -26.52, -27.18, -27.75, -28.13, -28.31, -28.49, -28.60, -28.55, -28.83, -28.91, -28.87, -28.95, -28.80, -28.57, -27.54, -23.27, -20.20, -18.66, -16.55, -16.55
2026-10-02, 13:08:58, 88000000, 90500000, 19531.25, 18176, -15.82, -17.61, -17.86, -16.82, -15.11, -13.04, -14.09, -16.14, -17.61, -19.79, -25.47, -27.60, -28.24, -28.43, -28.44, -28.44, -28.48, -28.37, -28.29, -28.24, -28.13, -27.97, -27.59, -27.09, -26.67, -25.94, -25.99, -26.49, -26.72, -26.92, -27.12, -27.15, -27.01, -26.90, -26.75, -26.63, -26.46, -26.26, -26.11, -25.91, -25.67, -25.40, -25.18, -24.88, -24.49, -24.19, -23.79, -23.50, -23.19, -22.84, -22.43, -21.96, -21.44, -20.86, -20.25, -19.53, -18.75, -17.84, -16.79, -15.57, -14.02, -11.79, -7.20, -0.25, 4.99, 4.99, 7.34, 7.34, 4.88, 2.82, 0.75, -4.33, -10.97, -13.72, -15.40, -16.69, -17.76, -18.67, -19.50, -20.20, -20.85, -21.42, -21.95, -22.42, -22.85, -23.10, -23.51, -23.81, -24.15, -24.58, -24.81, -25.10, -25.44, -25.64, -25.85, -26.09, -26.22, -26.40, -26.54, -26.68, -26.85, -26.94, -27.07, -27.09, -26.94, -26.74, -26.48, -25.93, -25.93, -26.67, -27.21, -27.62, -28.09, -28.38, -28.52, -28.64, -28.56, -28.84, -28.93, -28.85, -28.97, -28.84, -28.58, -27.70, -23.65, -19.62, -18.14, -16.79, -16.79
2026-10-02, 13:08:59, 88000000, 90500000, 19531.25, 18176, -14.57, -17.88, -19.05, -17.34, -15.23, -11.83, -14.10, -16.54, -18.46, -21.64, -26.36, -27.87, -28.23, -28.42, -28.44, -28.41, -28.43, -28.36, -28.24, -28.18, -28.08, -27.96, -27.72, -27.26, -26.64, -25.77, -25.45, -26.54, -26.81, -27.02, -27.14, -27.07, -26.99, -26.86, -26.76, -26.55, -26.38, -26.27, -26.06, -25.84, -25.65, -25.33, -25.15, -24.86, -24.44, -24.15, -23.68, -23.45, -23.21, -22.81, -22.41, -21.96, -21.44, -20.90, -20.25, -19.55, -18.78, -17.89, -16.89, -15.72, -14.26, -12.22, -7.95, -2.42, 5.01, 5.01, 7.82, 8.38, 4.49, 2.27, -1.15, -6.26, -11.61, -13.96, -15.53, -16.75, -17.81, -18.68, -19.46, -20.20, -20.79, -21.43, -21.90, -22.38, -22.84, -23.05, -23.48, -23.61, -24.11, -24.48, -24.82, -25.06, -25.36, -25.60, -25.83, -25.99, -26.18, -26.40, -26.51, -26.67, -26.71, -26.93, -27.01, -27.11, -26.96, -26.85, -26.45, -25.69, -25.63, -26.82, -27.30, -27.75, -28.03, -28.24, -28.44, -28.48, -28.55, -28.77, -28.87, -28.83, -28.95, -28.82, -28.62, -27.87, -24.97, -21.53, -18.48, -16.86, -16.86
2026-10-02, 13:09:00, 88000000, 90500000, 19531.25, 18176, -12.67, -18.17, -21.30, -19.97, -16.01, -9.94, -13.99, -18.07, -22.13, -25.82, -27.41, -27.93, -28.13, -28.22, -28.20, -28.16, -28.14, -28.04, -27.96, -27.87, -27.76, -27.68, -27.54, -27.26, -26.69, -25.39, -24.62, -26.28, -26.76, -26.90, -26.84, -26.78, -26.60, -26.51, -26.35, -26.20, -26.02, -25.87, -25.67, -25.50, -25.25, -24.98, -24.76, -24.49, -24.06, -23.76, -23.10, -23.06, -22.83, -22.46, -22.00, -21.55, -21.04, -20.47, -19.86, -19.20, -18.43, -17.60, -16.68, -15.59, -14.31, -12.74, -10.55, -6.60, 3.51, 3.51, 8.63, 9.84, 4.08, -0.57, -5.68, -10.12, -12.54, -14.16, -15.46, -16.57, -17.53, -18.39, -19.13, -19.80, -20.45, -21.00, -21.53, -21.99, -22.42, -22.73, -23.09, -23.08, -23.77, -24.15, -24.45, -24.69, -25.00, -25.19, -25.48, -25.65, -25.83, -25.98, -26.20, -26.28, -26.37, -26.53, -26.68, -26.76, -26.81, -26.82, -26.43, -25.10, -24.92, -26.67, -27.33, -27.61, -27.84, -27.96, -28.11, -28.26, -28.28, -28.47, -28.61, -28.57, -28.66, -28.64, -28.57, -28.35, -27.48, -24.61, -20.95, -17.49, -17.49
2026-10-02, 13:09:01, 88000000, 90500000, 19531.25, 18176, -15.81, -17.18, -18.26, -17.11, -14.75, -13.05, -13.46, -15.36, -18.41, -23.12, -26.90, -27.90, -28.25, -28.43, -28.42, -28.39, -28.38, -28.31, -28.20, -28.18, -28.08, -28.00, -27.70, -27.18, -26.58, -25.94, -25.72, -26.27, -26.73, -27.05, -27.18, -27.17, -26.95, -26.90, -26.73, -26.55, -26.43, -26.29, -26.04, -25.90, -25.64, -25.41, -25.19, -24.85, -24.48, -24.14, -23.76, -23.47, -23.20, -22.84, -22.41, -22.01, -21.46, -20.90, -20.26, -19.59, -18.83, -17.93, -16.93, -15.74, -14.27, -12.31, -8.52, -2.17, 5.35, 5.35, 7.47, 7.67, 5.83, 2.82, -1.73, -8.30, -12.14, -14.15, -15.62, -16.84, -17.86, -18.73, -19.52, -20.22, -20.85, -21.45, -21.95, -22.43, -22.83, -23.11, -23.50, -23.73, -24.10, -24.51, -24.81, -25.14, -25.41, -25.63, -25.86, -26.03, -26.23, -26.35, -26.55, -26.67, -26.76, -26.93, -27.07, -27.12, -26.96, -26.79, -26.38, -25.84, -25.85, -26.53, -27.22, -27.79, -28.12, -28.30, -28.46, -28.56, -28.61, -28.81, -28.95, -28.88, -28.98, -28.86, -28.69, -28.05, -25.12, -21.03, -18.25, -16.36, -16.36
2026-10-02, 13:09:02, 88000000, 90500000, 19531.25, 18176, -16.03, -17.03, -17.85, -16.96, -15.02, -13.31, -13.38, -15.27, -18.26, -22.18, -26.69, -27.90, -28.23, -28.45, -28.48, -28.48, -28.46, -28.39, -28.28, -28.17, -28.15, -27.97, -27.60, -27.15, -26.64, -26.06, -25.82, -26.24, -26.79, -27.10, -27.19, -27.17, -26.98, -26.94, -26.80, -26.59, -26.51, -26.31, -26.15, -25.91, -25.73, -25.43, -25.20, -24.94, -24.48, -24.22, -23.83, -23.53, -23.22, -22.86, -22.46, -21.99, -21.46, -20.92, -20.30, -19.58, -18.81, -17.95, -16.92, -15.69, -14.19, -12.16, -7.87, -0.87, 5.17, 5.17, 7.17, 7.64, 5.85, 2.92, -1.03, -7.42, -11.90, -14.05, -15.59, -16.80, -17.84, -18.73, -19.53, -20.25, -20.86, -21.46, -21.96, -22.44, -22.84, -23.08, -23.51, -23.82, -24.11, -24.50, -24.87, -25.12, -25.43, -25.69, -25.87, -26.08, -26.26, -26.46, -26.52, -26.71, -26.84, -26.95, -27.06, -27.12, -26.93, -26.75, -26.46, -25.97, -25.87, -26.54, -27.26, -27.73, -28.15, -28.35, -28.46, -28.60, -28.54, -28.88, -28.98, -28.85, -28.96, -28.84, -28.63, -27.88, -24.11, -20.31, -18.15, -16.65, -16.65
2026-10-02, 13:09:03, 88000000, 90500000, 19531.25, 18176, -16.42, -17.22, -17.59, -16.85, -14.78, -13.68, -13.79, -15.17, -17.37, -21.42, -26.38, -27.79, -28.20, -28.39, -28.41, -28.40, -28.39, -28.34, -28.24, -28.23, -28.13, -27.92, -27.59, -27.14, -26.54, -26.00, -25.96, -26.22, -26.66, -26.98, -27.17, -27.09, -26.99, -26.88, -26.73, -26.55, -26.45, -26.25, -26.08, -25.86, -25.67, -25.39, -25.16, -24.83, -24.38, -24.15, -23.75, -23.49, -23.18, -22.83, -22.38, -21.95, -21.43, -20.84, -20.20, -19.50, -18.74, -17.81, -16.77, -15.52, -13.96, -11.62, -6.67, -0.20, 5.44, 5.44, 7.07, 7.07, 5.77, 3.43, 0.02, -6.79, -11.61, -13.88, -15.44, -16.72, -17.76, -18.67, -19.49, -20.16, -20.83, -21.39, -21.93, -22.40, -22.80, -23.07, -23.47, -23.79, -24.05, -24.47, -24.79, -25.08, -25.37, -25.64, -25.83, -26.05, -26.22, -26.43, -26.55, -26.68, -26.79, -26.89, -27.04, -27.07, -26.88, -26.75, -26.33, -25.91, -26.02, -26.48, -27.12, -27.69, -28.13, -28.32, -28.39, -28.57, -28.59, -28.84, -28.92, -28.78, -28.94, -28.82, -28.53, -27.58, -23.28, -19.90, -18.13, -16.47, -16.47
2026-10-02, 13:09:04, 88000000, 90500000, 19531.25, 18112, -16.89, -17.32, -17.30, -16.41, -14.97, -14.17, -14.07, -15.02, -16.97, -20.59, -26.01, -27.69, -28.17, -28.34, -28.42, -28.43, -28.44, -28.34, -28.26, -28.21, -28.10, -27.92, -27.53, -27.08, -26.56, -26.21, -26.10, -26.31, -26.62, -26.94, -27.11, -27.16, -26.97, -26.92, -26.78, -26.63, -26.42, -26.28, -26.12, -25.92, -25.70, -25.42, -25.18, -24.89, -24.43, -24.12, -23.84, -23.50, -23.19, -22.81, -22.42, -21.96, -21.45, -20.88, -20.25, -19.52, -18.71, -17.82, -16.78, -15.50, -13.90, -11.52, -6.07, 0.47, 5.49, 5.49, 6.59, 6.68, 5.67, 3.82, 0.53, -5.65, -11.15, -13.71, -15.34, -16.64, -17.71, -18.65, -19.43, -20.17, -20.82, -21.39, -21.92, -22.37, -22.84, -23.07, -23.50, -23.80, -24.08, -24.49, -24.80, -25.12, -25.41, -25.64, -25.82, -26.03, -26.18, -26.44, -26.62, -26.70, -26.84, -26.93, -27.08, -27.11, -26.87, -26.62, -26.36, -26.16, -26.26, -26.58, -27.12, -27.67, -28.12, -28.31, -28.41, -28.58, -28.55, -28.80, -28.94, -28.85, -28.94, -28.79, -28.49, -27.31, -22.58, -19.54, -17.74, -16.72, -16.72
2026-10-02, 13:09:05, 88000000, 90500000, 19531.25, 18176, -16.45, -17.30, -17.86, -16.54, -14.78, -13.72, -13.77, -15.39, -17.72, -21.34, -26.12, -27.75, -28.18, -28.37, -28.42, -28.42, -28.42, -28.35, -28.27, -28.20, -28.10, -27.97, -27.65, -27.11, -26.48, -26.08, -25.91, -26.34, -26.75, -26.98, -27.17, -27.13, -27.04, -26.88, -26.72, -26.58, -26.46, -26.25, -26.15, -25.90, -25.66, -25.43, -25.17, -24.91, -24.40, -24.15, -23.81, -23.50, -23.18, -22.86, -22.38, -21.97, -21.46, -20.88, -20.21, -19.56, -18.76, -17.84, -16.81, -15.59, -14.04, -11.85, -7.28, -0.96, 5.69, 5.69, 6.94, 7.08, 5.73, 3.09, -0.22, -6.34, -11.41, -13.90, -15.51, -16.78, -17.83, -18.71, -19.52, -20.23, -20.87, -21.46, -21.98, -22.44, -22.86, -23.11, -23.53, -23.81, -24.11, -24.51, -24.87, -25.13, -25.44, -25.66, -25.90, -26.10, -26.23, -26.41, -26.58, -26.70, -26.87, -26.95, -27.09, -27.17, -26.99, -26.75, -26.27, -26.05, -26.07, -26.56, -27.19, -27.68, -28.14, -28.30, -28.47, -28.58, -28.62, -28.80, -28.95, -28.83, -28.95, -28.84, -28.67, -27.76, -24.08, -20.09, -17.72, -16.49, -16.49
2026-10-02, 13:09:06, 88000000, 90500000, 19531.25, 18176, -16.41, -17.28, -17.74, -16.75, -14.76, -13.67, -13.79, -15.15, -17.66, -21.66, -26.29, -27.83, -28.23, -28.39, -28.50, -28.43, -28.40, -28.33, -28.25, -28.21, -28.11, -27.92, -27.63, -27.17, -26.53, -26.00, -25.96, -26.24, -26.69, -27.03, -27.18, -27.11, -26.96, -26.87, -26.72, -26.57, -26.45, -26.26, -26.06, -25.85, -25.67, -25.40, -25.17, -24.87, -24.42, -24.18, -23.85, -23.47, -23.21, -22.83, -22.44, -21.95, -21.46, -20.87, -20.26, -19.53, -18.75, -17.86, -16.83, -15.61, -14.10, -11.92, -7.42, -0.52, 5.58, 5.58, 7.05, 7.08, 5.76, 3.33, -0.35, -6.55, -11.56, -13.87, -15.45, -16.68, -17.76, -18.66, -19.48, -20.16, -20.80, -21.41, -21.92, -22.41, -22.80, -23.07, -23.49, -23.78, -24.08, -24.48, -24.79, -25.10, -25.39, -25.60, -25.83, -26.04, -26.20, -26.42, -26.55, -26.66, -26.74, -26.90, -27.04, -27.16, -26.97, -26.69, -26.35, -26.07, -26.05, -26.59, -27.20, -27.72, -28.11, -28.32, -28.48, -28.56, -28.61, -28.83, -28.89, -28.80, -28.98, -28.84, -28.61, -27.76, -23.76, -20.26, -17.93, -16.46, -16.46
2026-10-02, 13:09:07, 88000000, 90500000, 19531.25, 18240, -16.21, -17.30, -17.98, -16.62, -14.87, -13.47, -13.70, -15.50, -17.65, -21.63, -26.46, -27.82, -28.25, -28.46, -28.45, -28.46, -28.39, -28.35, -28.31, -28.22, -28.14, -27.93, -27.70, -27.14, -26.54, -26.07, -25.95, -26.36, -26.68, -27.03, -27.12, -27.14, -27.05, -26.91, -26.75, -26.64, -26.45, -26.31, -26.13, -25.89, -25.72, -25.47, -25.22, -24.89, -24.44, -24.22, -23.79, -23.52, -23.22, -22.85, -22.48, -21.99, -21.50, -20.93, -20.29, -19.59, -18.81, -17.91, -16.89, -15.67, -14.18, -12.10, -7.99, -1.08, 5.52, 5.52, 7.06, 7.32, 5.63, 3.14, -0.32, -6.97, -11.73, -14.00, -15.55, -16.79, -17.86, -18.75, -19.56, -20.25, -20.89, -21.46, -22.00, -22.48, -22.87, -23.15, -23.52, -23.82, -24.13, -24.52, -24.86, -25.15, -25.47, -25.67, -25.91, -26.10, -26.26, -26.41, -26.61, -26.72, -26.82, -26.94, -27.12, -27.21, -27.03, -26.73, -26.34, -25.96, -25.99, -26.57, -27.20, -27.72, -28.08, -28.35, -28.50, -28.61, -28.62, -28.86, -28.88, -28.80, -28.98, -28.86, -28.66, -27.82, -24.27, -20.29, -17.83, -16.56, -16.56
2026-10-02, 13:09:08, 88000000, 90500000, 19531.25, 18176, -17.15, -17.33, -16.89, -16.22, -15.24, -14.47, -14.07, -14.57, -16.67, -21.45, -26.39, -27.73, -28.21, -28.34, -28.44, -28.42, -28.47, -28.36, -28.28, -28.25, -28.12, -27.88, -27.54, -27.02, -26.54, -26.25, -26.13, -26.28, -26.45, -27.08, -27.09, -27.14, -26.97, -26.88, -26.74, -26.60, -26.43, -26.23, -26.10, -25.90, -25.66, -25.42, -25.21, -24.83, -24.45, -24.17, -23.85, -23.49, -23.16, -22.82, -22.42, -21.95, -21.45, -20.86, -20.23, -19.49, -18.70, -17.78, -16.72, -15.46, -13.83, -11.46, -6.57, 0.69, 5.55, 5.55, 6.21, 6.50, 5.86, 4.46, 0.13, -6.87, -11.43, -13.76, -15.40, -16.66, -17.73, -18.63, -19.46, -20.18, -20.80, -21.39, -21.93, -22.40, -22.81, -23.09, -23.52, -23.82, -24.12, -24.45, -24.78, -25.10, -25.38, -25.59, -25.84, -26.03, -26.20, -26.41, -26.56, -26.70, -26.80, -26.91, -27.03, -27.10, -26.85, -26.57, -26.27, -26.25, -26.20, -26.52, -26.98, -27.68, -28.17, -28.36, -28.46, -28.58, -28.65, -28.82, -28.90, -28.80, -28.90, -28.78, -28.52, -27.38, -22.73, -19.18, -17.50, -17.02, -17.02
2026-10-02, 13:09:09, 88000000, 90500000, 19531.25, 18112, -15.96, -17.24, -17.95, -17.19, -14.82, -13.20, -13.58, -15.35, -18.07, -22.74, -26.79, -27.94, -28.27, -28.43, -28.53, -28.51, -28.46, -28.40, -28.30, -28.27, -28.21, -28.00, -27.71, -27.24, -26.68, -25.96, -25.83, -26.32, -26.77, -27.07, -27.21, -27.13, -27.03, -26.95, -26.75, -26.62, -26.47, -26.32, -26.12, -25.91, -25.73, -25.45, -25.20, -24.88, -24.49, -24.18, -23.82, -23.50, -23.23, -22.88, -22.48, -22.01, -21.50, -20.92, -20.30, -19.60, -18.83, -17.92, -16.93, -15.69, -14.23, -12.17, -8.21, -1.22, 5.21, 5.21, 7.36, 7.52, 5.69, 3.04, -1.14, -7.88, -12.01, -14.09, -15.62, -16.82, -17.85, -18.75, -19.55, -20.24, -20.89, -21.46, -21.97, -22.44, -22.88, -23.17, -23.51, -23.76, -24.10, -24.52, -24.86, -25.14, -25.45, -25.66, -25.86, -26.07, -26.24, -26.43, -26.57, -26.73, -26.78, -26.95, -27.07, -27.16, -27.01, -26.79, -26.40, -25.88, -25.88, -26.58, -27.20, -27.77, -28.20, -28.36, -28.49, -28.59, -28.68, -28.86, -28.92, -28.87, -28.94, -28.78, -28.67, -27.97, -24.56, -20.44, -18.43, -16.43, -16.43
2026-10-02, 13:09:10, 88000000, 90500000, 19531.25, 18240, -15.93, -17.33, -18.29, -17.12, -14.92, -13.17, -13.66, -15.50, -18.45, -22.09, -26.65, -27.96, -28.40, -28.51, -28.50, -28.57, -28.57, -28.46, -28.43, -28.31, -28.22, -28.07, -27.86, -27.37, -26.73, -26.09, -25.91, -26.43, -26.89, -27.18, -27.25, -27.29, -27.12, -27.03, -26.83, -26.71, -26.58, -26.38, -26.20, -26.02, -25.79, -25.51, -25.28, -25.01, -24.62, -24.28, -23.85, -23.61, -23.32, -22.95, -22.54, -22.09, -21.56, -20.99, -20.38, -19.67, -18.91, -18.02, -17.01, -15.80, -14.33, -12.24, -8.08, -1.86, 5.23, 5.23, 7.40, 7.45, 5.62, 2.62, -1.00, -7.13, -11.98, -14.16, -15.68, -16.90, -17.92, -18.83, -19.64, -20.30, -20.98, -21.54, -22.07, -22.57, -22.95, -23.26, -23.64, -23.86, -24.21, -24.59, -24.91, -25.23, -25.54, -25.77, -25.97, -26.21, -26.30, -26.48, -26.68, -26.81, -26.86, -27.04, -27.23, -27.25, -27.17, -26.93, -26.51, -25.95, -26.08, -26.68, -27.38, -27.89, -28.27, -28.44, -28.60, -28.73, -28.77, -28.95, -29.06, -28.96, -29.11, -28.94, -28.79, -28.04, -24.69, -20.96, -18.25, -16.54, -16.54
2026-10-02, 13:09:11, 88000000, 90500000, 19531.25, 18176, -16.35, -17.28, -17.49, -16.29, -14.51, -13.59, -13.85, -14.92, -17.22, -20.86, -25.67, -27.51, -28.01, -28.21, -28.26, -28.24, -28.20, -28.14, -28.13, -28.03, -27.90, -27.75, -27.37, -26.96, -26.26, -25.84, -25.85, -26.08, -26.42, -26.79, -26.94, -26.98, -26.81, -26.74, -26.51, -26.42, -26.26, -26.05, -25.93, -25.70, -25.46, -25.26, -25.03, -24.70, -24.29, -23.95, -23.64, -23.30, -23.02, -22.65, -22.24, -21.83, -21.29, -20.68, -20.06, -19.36, -18.58, -17.68, -16.65, -15.44, -13.89, -11.69, -7.23, -0.46, 5.94, 5.94, 7.19, 7.04, 5.89, 3.68, 0.19, -5.49, -11.11, -13.62, -15.24, -16.50, -17.59, -18.47, -19.30, -19.97, -20.64, -21.24, -21.74, -22.24, -22.63, -22.94, -23.32, -23.59, -23.94, -24.28, -24.60, -24.91, -25.25, -25.41, -25.67, -25.92, -25.95, -26.19, -26.39, -26.47, -26.56, -26.71, -26.92, -26.89, -26.75, -26.50, -26.12, -25.79, -26.02, -26.41, -27.00, -27.56, -27.90, -28.09, -28.26, -28.40, -28.41, -28.58, -28.69, -28.65, -28.75, -28.59, -28.41, -27.58, -23.49, -19.95, -17.50, -16.23, -16.23
2026-10-02, 13:09:12, 88000000, 90500000, 19531.25, 18304, -16.06, -17.13, -17.95, -16.40, -14.35, -13.30, -13.42, -15.06, -17.94, -21.83, -26.30, -27.66, -27.99, -28.16, -28.21, -28.17, -28.17, -28.05, -28.01, -27.94, -27.87, -27.74, -27.50, -26.85, -26.23, -25.75, -25.64, -25.96, -26.51, -26.76, -26.90, -26.82, -26.74, -26.64, -26.48, -26.32, -26.17, -26.06, -25.77, -25.63, -25.44, -25.16, -24.98, -24.64, -24.23, -23.91, -23.57, -23.23, -22.95, -22.61, -22.20, -21.74, -21.24, -20.66, -20.04, -19.36, -18.58, -17.72, -16.70, -15.52, -14.08, -12.15, -8.82, -2.22, 6.07, 6.07, 7.43, 7.43, 6.10, 3.13, -0.68, -6.95, -11.54, -13.81, -15.32, -16.56, -17.60, -18.49, -19.28, -19.98, -20.64, -21.19, -21.71, -22.20, -22.60, -22.91, -23.25, -23.55, -23.84, -24.28, -24.62, -24.88, -25.15, -25.41, -25.61, -25.81, -25.98, -26.12, -26.27, -26.46, -26.53, -26.67, -26.83, -26.93, -26.79, -26.51, -26.06, -25.72, -25.86, -26.33, -27.02, -27.57, -27.89, -28.13, -28.25, -28.35, -28.42, -28.62, -28.75, -28.59, -28.77, -28.62, -28.44, -27.88, -25.38, -20.62, -17.48, -16.04, -16.04
2026-10-02, 13:09:13, 88000000, 90500000, 19531.25, 18176, -15.68, -16.68, -17.44, -16.52, -14.46, -12.92, -13.16, -14.88, -17.38, -21.64, -26.00, -27.36, -27.80, -27.96, -28.03, -27.97, -28.05, -27.89, -27.83, -27.85, -27.71, -27.53, -27.14, -26.74, -26.20, -25.59, -25.42, -25.82, -26.28, -26.64, -26.75, -26.72, -26.62, -26.49, -26.32, -26.17, -25.99, -25.84, -25.65, -25.45, -25.25, -24.94, -24.77, -24.41, -24.05, -23.70, -23.34, -23.04, -22.77, -22.39, -21.98, -21.51, -21.02, -20.43, -19.80, -19.12, -18.32, -17.41, -16.38, -15.16, -13.63, -11.45, -6.85, -0.20, 5.72, 5.72, 7.61, 7.83, 6.25, 3.46, -0.13, -6.70, -11.29, -13.53, -15.08, -16.30, -17.34, -18.27, -19.04, -19.75, -20.41, -20.98, -21.50, -21.99, -22.45, -22.70, -23.05, -23.38, -23.69, -24.08, -24.39, -24.66, -24.99, -25.23, -25.42, -25.64, -25.84, -26.00, -26.14, -26.30, -26.42, -26.51, -26.67, -26.73, -26.54, -26.44, -26.00, -25.53, -25.61, -26.24, -26.86, -27.38, -27.84, -27.94, -28.10, -28.20, -28.30, -28.51, -28.57, -28.48, -28.58, -28.41, -28.24, -27.36, -23.29, -19.84, -17.80, -16.14, -16.14
2026-10-02, 13:09:14, 88000000, 90500000, 19531.25, 18176, -15.56, -16.55, -17.02, -15.77, -13.91, -12.81, -12.99, -14.73, -16.61, -19.99, -25.37, -27.10, -27.55, -27.68, -27.78, -27.76, -27.71, -27.70, -27.61, -27.49, -27.40, -27.34, -26.95, -26.43, -25.85, -25.25, -25.22, -25.61, -26.05, -26.28, -26.46, -26.44, -26.31, -26.22, -26.07, -25.88, -25.72, -25.61, -25.36, -25.19, -24.96, -24.72, -24.45, -24.12, -23.78, -23.41, -23.07, -22.79, -22.46, -22.10, -21.68, -21.22, -20.70, -20.11, -19.50, -18.75, -18.00, -17.10, -16.06, -14.84, -13.29, -11.14, -6.98, 0.21, 6.40, 6.40, 7.99, 7.94, 6.31, 3.94, 1.15, -4.96, -10.66, -13.03, -14.65, -15.90, -16.98, -17.87, -18.69, -19.42, -20.07, -20.64, -21.16, -21.64, -22.07, -22.40, -22.74, -23.03, -23.40, -23.75, -24.07, -24.39, -24.68, -24.93, -25.17, -25.31, -25.51, -25.76, -25.87, -25.98, -26.13, -26.23, -26.36, -26.47, -26.29, -26.05, -25.61, -25.34, -25.33, -25.98, -26.57, -27.00, -27.47, -27.70, -27.85, -27.94, -27.96, -28.19, -28.27, -28.11, -28.26, -28.07, -27.86, -27.03, -23.26, -19.25, -17.01, -15.60, -15.60
2026-10-02, 13:09:15, 88000000, 90500000, 19531.25, 18240, -14.69, -16.08, -17.56, -16.56, -13.82, -11.92, -12.35, -15.10, -17.85, -21.37, -25.81, -27.29, -27.77, -28.01, -28.06, -28.09, -28.10, -28.09, -28.01, -27.99, -27.86, -27.73, -27.40, -26.93, -26.25, -25.37, -25.17, -25.81, -26.51, -26.73, -26.81, -26.76, -26.64, -26.51, -26.35, -26.18, -26.02, -25.80, -25.62, -25.40, -25.13, -24.86, -24.65, -24.29, -23.88, -23.50, -23.11, -22.80, -22.53, -22.15, -21.71, -21.23, -20.69, -20.11, -19.49, -18.77, -17.97, -17.08, -16.04, -14.82, -13.36, -11.24, -7.04, -0.62, 5.97, 5.97, 8.64, 8.79, 6.56, 3.05, -0.27, -6.25, -10.95, -13.19, -14.71, -15.95, -16.98, -17.89, -18.69, -19.43, -20.07, -20.64, -21.16, -21.68, -22.09, -22.44, -22.77, -23.09, -23.40, -23.85, -24.21, -24.50, -24.84, -25.08, -25.33, -25.51, -25.70, -25.89, -26.04, -26.22, -26.33, -26.47, -26.59, -26.68, -26.58, -26.35, -25.91, -25.20, -25.20, -26.07, -26.89, -27.34, -27.74, -27.86, -28.01, -28.13, -28.16, -28.33, -28.38, -28.28, -28.39, -28.20, -28.00, -27.17, -23.62, -20.01, -17.75, -15.38, -15.38
2026-10-02, 13:09:16, 88000000, 90500000, 19531.25, 18240, -15.82, -16.48, -16.76, -15.82, -14.32, -13.08, -13.14, -14.42, -16.45, -20.28, -25.59, -27.38, -27.94, -28.17, -28.26, -28.32, -28.35, -28.31, -28.26, -28.21, -28.11, -27.92, -27.47, -26.99, -26.34, -25.90, -25.75, -26.07, -26.50, -26.83, -27.10, -27.05, -26.90, -26.77, -26.60, -26.42, -26.23, -26.05, -25.82, -25.66, -25.40, -25.07, -24.84, -24.53, -24.09, -23.75, -23.37, -23.05, -22.73, -22.34, -21.91, -21.41, -20.88, -20.28, -19.62, -18.90, -18.10, -17.16, -16.12, -14.80, -13.22, -10.82, -5.36, 0.97, 6.17, 6.17, 7.57, 7.69, 6.52, 4.25, 1.27, -5.89, -10.76, -13.17, -14.78, -16.05, -17.13, -18.05, -18.89, -19.59, -20.25, -20.87, -21.38, -21.91, -22.31, -22.64, -23.01, -23.34, -23.69, -24.07, -24.43, -24.74, -25.03, -25.31, -25.56, -25.78, -25.93, -26.12, -26.34, -26.44, -26.59, -26.67, -26.86, -26.95, -26.67, -26.44, -26.09, -25.76, -25.79, -26.19, -26.87, -27.42, -27.93, -28.11, -28.23, -28.32, -28.37, -28.55, -28.57, -28.43, -28.56, -28.38, -28.10, -26.82, -22.24, -19.04, -17.13, -16.02, -16.02
2026-10-02, 13:09:17, 88000000, 90500000, 19531.25, 18048, -15.12, -16.61, -17.55, -16.18, -13.94, -12.35, -12.90, -14.82, -17.33, -21.62, -26.04, -27.41, -27.87, -28.07, -28.14, -28.14, -28.21, -28.13, -28.02, -28.03, -27.95, -27.77, -27.50, -26.95, -26.25, -25.55, -25.35, -25.97, -26.45, -26.83, -26.95, -26.86, -26.75, -26.58, -26.43, -26.27, -26.12, -25.89, -25.76, -25.52, -25.28, -24.99, -24.79, -24.44, -24.01, -23.66, -23.26, -22.95, -22.69, -22.34, -21.84, -21.39, -20.89, -20.31, -19.66, -18.95, -18.19, -17.25, -16.24, -15.03, -13.57, -11.58, -7.72, -1.36, 6.23, 6.23, 8.26, 8.30, 6.31, 3.69, -0.29, -6.47, -11.23, -13.38, -14.90, -16.14, -17.19, -18.08, -18.90, -19.61, -20.27, -20.85, -21.37, -21.88, -22.30, -22.59, -22.98, -23.25, -23.64, -24.02, -24.36, -24.67, -24.98, -25.26, -25.47, -25.66, -25.85, -26.06, -26.21, -26.40, -26.48, -26.58, -26.78, -26.88, -26.74, -26.49, -25.99, -25.44, -25.49, -26.28, -26.96, -27.43, -27.89, -28.07, -28.14, -28.29, -28.34, -28.44, -28.53, -28.47, -28.52, -28.39, -28.22, -27.45, -24.54, -20.10, -17.33, -15.57, -15.57
2026-10-02, 13:09:18, 88000000, 90500000, 19531.25, 18112, -15.24, -16.43, -17.39, -16.22, -13.86, -12.45, -12.77, -14.60, -17.39, -21.58, -26.01, -27.39, -27.82, -28.04, -28.08, -28.14, -28.11, -28.08, -28.01, -28.01, -27.88, -27.73, -27.48, -26.88, -26.15, -25.53, -25.45, -25.90, -26.37, -26.79, -26.88, -26.85, -26.67, -26.59, -26.42, -26.23, -26.07, -25.90, -25.67, -25.48, -25.29, -24.99, -24.76, -24.41, -24.01, -23.65, -23.27, -22.97, -22.67, -22.32, -21.87, -21.42, -20.89, -20.29, -19.65, -18.97, -18.15, -17.28, -16.24, -15.06, -13.53, -11.45, -7.30, -1.14, 6.39, 6.39, 8.20, 8.26, 6.57, 3.77, -0.49, -6.35, -10.96, -13.30, -14.85, -16.11, -17.15, -18.05, -18.84, -19.58, -20.24, -20.81, -21.33, -21.84, -22.25, -22.56, -22.94, -23.21, -23.58, -23.98, -24.34, -24.65, -24.95, -25.16, -25.42, -25.66, -25.82, -25.98, -26.16, -26.31, -26.41, -26.56, -26.73, -26.80, -26.65, -26.35, -25.82, -25.42, -25.42, -26.10, -26.82, -27.47, -27.82, -27.98, -28.07, -28.22, -28.27, -28.37, -28.49, -28.38, -28.47, -28.27, -28.06, -27.24, -24.10, -20.02, -17.33, -15.51, -15.51
2026-10-02, 13:09:19, 88000000, 90500000, 19531.25, 18112, -15.40, -16.51, -17.19, -15.91, -14.10, -12.61, -12.96, -14.73, -16.83, -20.69, -25.56, -27.25, -27.80, -27.99, -28.12, -28.15, -28.09, -28.04, -28.01, -27.96, -27.84, -27.70, -27.34, -26.82, -26.21, -25.56, -25.39, -25.94, -26.36, -26.58, -26.86, -26.79, -26.65, -26.51, -26.43, -26.18, -26.02, -25.84, -25.65, -25.45, -25.21, -24.91, -24.72, -24.37, -23.97, -23.60, -23.28, -22.95, -22.60, -22.24, -21.80, -21.40, -20.83, -20.23, -19.60, -18.86, -18.09, -17.19, -16.14, -14.93, -13.38, -11.24, -6.14, -0.24, 6.24, 6.24, 8.03, 8.03, 6.36, 3.85, 0.79, -5.61, -10.77, -13.17, -14.74, -16.02, -17.07, -17.99, -18.81, -19.51, -20.15, -20.77, -21.30, -21.76, -22.22, -22.53, -22.88, -23.18, -23.52, -23.94, -24.29, -24.59, -24.93, -25.13, -25.36, -25.62, -25.75, -25.99, -26.09, -26.28, -26.38, -26.53, -26.65, -26.74, -26.57, -26.36, -25.90, -25.45, -25.48, -26.07, -26.76, -27.29, -27.78, -27.98, -28.07, -28.18, -28.17, -28.40, -28.45, -28.30, -28.40, -28.21, -27.96, -26.94, -23.35, -19.49, -17.15, -15.78, -15.78
2026-10-02, 13:09:20, 88000000, 90500000, 19531.25, 18112, -15.16, -16.63, -17.32, -16.21, -14.05, -12.37, -13.14, -14.82, -16.71, -20.67, -25.73, -27.29, -27.77, -27.98, -28.06, -28.08, -28.06, -28.03, -27.95, -27.88, -27.79, -27.65, -27.30, -26.86, -26.24, -25.43, -25.39, -25.93, -26.30, -26.62, -26.77, -26.79, -26.63, -26.49, -26.37, -26.17, -25.98, -25.83, -25.63, -25.43, -25.19, -24.88, -24.66, -24.34, -23.92, -23.58, -23.14, -22.93, -22.61, -22.22, -21.82, -21.30, -20.80, -20.23, -19.58, -18.87, -18.06, -17.17, -16.13, -14.90, -13.39, -11.23, -6.31, -0.04, 5.99, 5.99, 8.23, 8.11, 6.12, 4.01, 0.65, -5.67, -10.76, -13.11, -14.71, -15.95, -17.03, -17.96, -18.75, -19.49, -20.12, -20.74, -21.26, -21.76, -22.18, -22.51, -22.87, -23.16, -23.54, -23.92, -24.28, -24.56, -24.85, -25.12, -25.31, -25.60, -25.70, -25.93, -26.12, -26.24, -26.35, -26.52, -26.65, -26.69, -26.52, -26.29, -25.93, -25.35, -25.53, -26.15, -26.76, -27.33, -27.75, -27.95, -28.05, -28.19, -28.16, -28.40, -28.45, -28.33, -28.43, -28.27, -28.05, -27.15, -22.83, -19.78, -17.53, -15.67, -15.67
2026-10-02, 13:09:21, 88000000, 90500000, 19531.25, 18176, -15.65, -16.38, -16.97, -16.13, -13.97, -12.89, -12.84, -14.16, -17.19, -21.53, -25.97, -27.39, -27.82, -28.02, -28.12, -28.09, -28.12, -28.09, -27.94, -27.96, -27.84, -27.67, -27.40, -26.89, -26.09, -25.69, -25.53, -25.75, -26.30, -26.74, -26.85, -26.82, -26.69, -26.52, -26.35, -26.23, -26.03, -25.84, -25.69, -25.44, -25.21, -24.93, -24.69, -24.37, -23.99, -23.64, -23.30, -22.91, -22.62, -22.31, -21.85, -21.39, -20.88, -20.27, -19.60, -18.91, -18.15, -17.20, -16.18, -14.96, -13.41, -11.13, -6.57, -0.19, 6.40, 6.40, 7.84, 7.94, 6.89, 4.03, -0.20, -6.36, -11.13, -13.29, -14.84, -16.08, -17.11, -18.03, -18.84, -19.54, -20.21, -20.80, -21.32, -21.81, -22.23, -22.57, -22.92, -23.26, -23.55, -23.96, -24.31, -24.62, -24.95, -25.13, -25.37, -25.65, -25.76, -26.02, -26.13, -26.30, -26.40, -26.55, -26.69, -26.74, -26.57, -26.39, -25.85, -25.47, -25.49, -26.04, -26.79, -27.39, -27.81, -28.00, -28.08, -28.23, -28.20, -28.39, -28.47, -28.36, -28.40, -28.29, -28.06, -27.04, -23.31, -19.73, -17.25, -15.67, -15.67
2026-10-02, 13:09:22, 88000000, 90500000, 19531.25, 18176, -15.60, -16.82, -17.06, -15.71, -13.94, -12.83, -13.25, -14.75, -16.56, -20.02, -25.45, -27.25, -27.78, -28.00, -28.07, -28.09, -28.08, -28.02, -28.01, -27.90, -27.80, -27.73, -27.38, -26.74, -26.11, -25.57, -25.56, -25.90, -26.28, -26.58, -26.78, -26.76, -26.67, -26.52, -26.39, -26.19, -26.05, -25.85, -25.72, -25.46, -25.18, -24.91, -24.69, -24.35, -23.97, -23.63, -23.23, -22.92, -22.60, -22.27, -21.83, -21.34, -20.83, -20.21, -19.61, -18.86, -18.09, -17.19, -16.12, -14.91, -13.40, -11.28, -7.25, -0.27, 6.46, 6.46, 7.94, 7.75, 6.19, 4.01, 1.21, -5.08, -10.58, -13.10, -14.71, -15.99, -17.06, -17.98, -18.81, -19.52, -20.20, -20.77, -21.29, -21.78, -22.21, -22.52, -22.89, -23.22, -23.55, -23.94, -24.27, -24.58, -24.90, -25.16, -25.38, -25.56, -25.79, -25.98, -26.06, -26.28, -26.41, -26.55, -26.70, -26.76, -26.59, -26.28, -25.82, -25.50, -25.61, -26.23, -26.83, -27.29, -27.74, -27.90, -28.05, -28.14, -28.16, -28.43, -28.45, -28.32, -28.45, -28.28, -28.03, -27.26, -23.76, -19.24, -16.97, -15.66, -15.66
2026-10-02, 13:09:23, 88000000, 90500000, 19531.25, 18112, -15.82, -16.48, -17.07, -15.68, -14.01, -13.08, -12.89, -14.30, -16.83, -21.53, -25.99, -27.32, -27.78, -28.00, -28.06, -28.11, -28.08, -28.03, -28.04, -27.89, -27.85, -27.71, -27.40, -26.77, -26.08, -25.69, -25.53, -25.84, -26.31, -26.70, -26.83, -26.83, -26.66, -26.55, -26.39, -26.19, -26.06, -25.89, -25.70, -25.48, -25.23, -24.96, -24.72, -24.41, -23.95, -23.65, -23.29, -22.94, -22.65, -22.28, -21.87, -21.38, -20.85, -20.27, -19.61, -18.92, -18.11, -17.23, -16.18, -14.99, -13.47, -11.36, -7.24, -0.62, 6.58, 6.58, 7.69, 7.85, 6.66, 4.20, 0.21, -6.71, -11.04, -13.24, -14.81, -16.07, -17.11, -18.02, -18.82, -19.55, -20.23, -20.79, -21.34, -21.81, -22.24, -22.56, -22.89, -23.27, -23.56, -23.93, -24.29, -24.61, -24.93, -25.16, -25.39, -25.64, -25.79, -25.96, -26.16, -26.27, -26.44, -26.60, -26.74, -26.78, -26.61, -26.32, -25.85, -25.57, -25.59, -26.13, -26.72, -27.37, -27.76, -28.01, -28.07, -28.19, -28.26, -28.38, -28.47, -28.34, -28.49, -28.31, -28.10, -27.21, -23.84, -19.69, -16.84, -15.70, -15.70
2026-10-02, 13:09:24, 88000000, 90500000, 19531.25, 18176, -15.64, -16.74, -17.03, -15.68, -13.99, -12.87, -13.10, -14.70, -16.68, -20.53, -25.64, -27.26, -27.75, -27.94, -28.11, -28.10, -28.11, -28.04, -27.94, -27.90, -27.85, -27.65, -27.37, -26.73, -26.12, -25.61, -25.52, -25.87, -26.32, -26.58, -26.80, -26.76, -26.62, -26.51, -26.41, -26.17, -26.01, -25.86, -25.65, -25.43, -25.17, -24.94, -24.66, -24.34, -23.91, -23.58, -23.21, -22.90, -22.62, -22.21, -21.79, -21.33, -20.81, -20.20, -19.58, -18.83, -18.05, -17.15, -16.13, -14.90, -13.41, -11.36, -7.64, -0.48, 6.46, 6.46, 7.87, 7.83, 6.35, 3.98, 0.96, -5.70, -10.85, -13.18, -14.76, -16.00, -17.07, -17.98, -18.79, -19.51, -20.18, -20.76, -21.29, -21.77, -22.17, -22.52, -22.87, -23.21, -23.52, -23.95, -24.30, -24.61, -24.91, -25.12, -25.39, -25.56, -25.73, -25.95, -26.12, -26.31, -26.36, -26.51, -26.68, -26.76, -26.59, -26.29, -25.81, -25.45, -25.67, -26.17, -26.76, -27.30, -27.71, -27.89, -28.08, -28.13, -28.22, -28.40, -28.43, -28.29, -28.46, -28.32, -28.07, -27.36, -24.24, -19.20, -16.89, -15.68, -15.68
2026-10-02, 13:09:25, 88000000, 90500000, 19531.25, 18176, -15.42, -16.61, -17.30, -15.95, -13.90, -12.66, -12.99, -14.55, -17.11, -21.66, -25.91, -27.33, -27.78, -27.99, -28.09, -28.08, -28.07, -28.05, -27.99, -27.90, -27.83, -27.67, -27.43, -26.78, -26.12, -25.50, -25.45, -25.92, -26.38, -26.71, -26.86, -26.82, -26.65, -26.56, -26.41, -26.17, -26.06, -25.87, -25.67, -25.46, -25.25, -24.94, -24.73, -24.40, -23.94, -23.61, -23.27, -22.93, -22.59, -22.25, -21.83, -21.33, -20.86, -20.24, -19.61, -18.91, -18.09, -17.22, -16.18, -14.99, -13.49, -11.39, -7.18, -0.89, 6.42, 6.42, 8.10, 7.99, 6.44, 3.96, -0.08, -6.61, -10.90, -13.24, -14.83, -16.06, -17.11, -18.01, -18.81, -19.55, -20.20, -20.79, -21.34, -21.80, -22.24, -22.51, -22.91, -23.21, -23.55, -23.95, -24.29, -24.61, -24.84, -25.13, -25.36, -25.62, -25.75, -25.97, -26.13, -26.30, -26.39, -26.51, -26.67, -26.81, -26.62, -26.34, -25.87, -25.44, -25.61, -26.13, -26.73, -27.33, -27.75, -27.94, -28.03, -28.17, -28.20, -28.36, -28.44, -28.31, -28.46, -28.32, -28.03, -27.27, -23.84, -19.94, -17.12, -15.52, -15.52
2026-10-02, 13:09:26, 88000000, 90500000, 19531.25, 18112, -15.91, -16.54, -16.86, -15.69, -14.05, -13.20, -13.01, -14.18, -16.66, -21.44, -25.82, -27.32, -27.80, -27.97, -28.09, -28.06, -28.11, -28.05, -27.96, -27.97, -27.84, -27.71, -27.35, -26.76, -26.08, -25.69, -25.55, -25.83, -26.21, -26.65, -26.85, -26.82, -26.64, -26.53, -26.34, -26.19, -26.07, -25.87, -25.64, -25.44, -25.25, -24.99, -24.72, -24.36, -23.95, -23.63, -23.22, -22.92, -22.60, -22.27, -21.85, -21.37, -20.84, -20.24, -19.60, -18.88, -18.10, -17.17, -16.14, -14.89, -13.38, -11.18, -6.54, -0.19, 6.54, 6.54, 7.52, 7.76, 6.66, 4.47, 0.03, -6.13, -10.88, -13.18, -14.78, -16.02, -17.09, -17.98, -18.81, -19.53, -20.19, -20.79, -21.30, -21.79, -22.22, -22.48, -22.90, -23.24, -23.54, -23.93, -24.29, -24.63, -24.89, -25.16, -25.42, -25.59, -25.76, -25.96, -26.12, -26.27, -26.38, -26.55, -26.70, -26.77, -26.58, -26.31, -25.85, -25.64, -25.59, -26.07, -26.66, -27.39, -27.75, -27.93, -28.08, -28.19, -28.15, -28.38, -28.49, -28.35, -28.46, -28.33, -28.06, -27.11, -23.47, -19.42, -16.88, -15.78, -15.78
2026-10-02, 13:09:27, 88000000, 90500000, 19531.25, 18240, -15.73, -16.51, -16.90, -15.76, -14.18, -12.99, -12.99, -14.45, -16.78, -20.79, -25.62, -27.25, -27.74, -27.99, -28.05, -28.08, -28.06, -28.02, -27.95, -27.89, -27.76, -27.64, -27.25, -26.74, -26.11, -25.63, -25.53, -25.85, -26.28, -26.60, -26.85, -26.78, -26.64, -26.51, -26.36, -26.19, -25.98, -25.84, -25.61, -25.38, -25.20, -24.88, -24.65, -24.34, -23.86, -23.54, -23.19, -22.88, -22.58, -22.21, -21.75, -21.32, -20.79, -20.22, -19.54, -18.83, -18.03, -17.11, -16.05, -14.82, -13.30, -11.09, -6.52, 0.18, 6.30, 6.30, 7.67, 7.85, 6.54, 4.09, 0.64, -5.73, -10.79, -13.15, -14.73, -15.98, -17.06, -17.96, -18.76, -19.51, -20.17, -20.74, -21.27, -21.80, -22.18, -22.48, -22.90, -23.18, -23.56, -23.92, -24.27, -24.60, -24.88, -25.14, -25.37, -25.61, -25.75, -25.94, -26.13, -26.25, -26.40, -26.51, -26.67, -26.76, -26.53, -26.22, -25.91, -25.53, -25.59, -26.09, -26.74, -27.27, -27.71, -27.93, -28.03, -28.17, -28.15, -28.35, -28.45, -28.36, -28.44, -28.31, -28.03, -27.09, -23.26, -19.20, -17.00, -15.87, -15.87
2026-10-02, 13:09:28, 88000000, 90500000, 19531.25, 18048, -15.77, -16.37, -16.87, -16.00, -14.19, -13.02, -13.03, -14.35, -16.65, -20.50, -25.24, -27.28, -27.80, -27.98, -28.06, -28.09, -28.09, -28.07, -28.02, -27.96, -27.87, -27.66, -27.31, -26.78, -26.22, -25.73, -25.57, -25.82, -26.30, -26.64, -26.82, -26.81, -26.63, -26.54, -26.37, -26.20, -26.02, -25.86, -25.65, -25.43, -25.23, -24.94, -24.69, -24.34, -23.93, -23.62, -23.20, -22.92, -22.61, -22.24, -21.82, -21.33, -20.82, -20.22, -19.58, -18.86, -18.05, -17.15, -16.06, -14.81, -13.18, -10.60, -5.13, 0.74, 6.12, 6.12, 7.70, 7.74, 6.57, 4.29, 0.75, -4.96, -10.55, -13.04, -14.67, -15.93, -17.02, -17.93, -18.76, -19.48, -20.14, -20.73, -21.27, -21.77, -22.18, -22.48, -22.88, -23.20, -23.56, -23.88, -24.24, -24.61, -24.88, -25.11, -25.39, -25.61, -25.79, -25.95, -26.10, -26.27, -26.38, -26.58, -26.68, -26.67, -26.50, -26.30, -25.90, -25.51, -25.59, -26.09, -26.68, -27.27, -27.70, -27.93, -28.05, -28.14, -28.12, -28.36, -28.43, -28.31, -28.41, -28.24, -27.89, -26.61, -22.07, -19.29, -17.27, -15.88, -15.88
2026-10-02, 13:09:29, 88000000, 90500000, 19531.25, 18112, -16.01, -16.60, -16.70, -15.81, -14.13, -13.26, -13.35, -14.40, -16.63, -19.48, -24.19, -26.99, -27.73, -27.94, -28.04, -28.11, -28.08, -28.08, -27.98, -27.98, -27.83, -27.62, -27.25, -26.73, -26.17, -25.76, -25.66, -25.89, -26.30, -26.64, -26.76, -26.84, -26.68, -26.58, -26.42, -26.22, -26.09, -25.84, -25.67, -25.45, -25.21, -24.89, -24.71, -24.32, -23.90, -23.63, -23.26, -22.96, -22.59, -22.24, -21.79, -21.31, -20.79, -20.20, -19.53, -18.81, -17.99, -17.08, -16.01, -14.73, -13.06, -10.37, -4.95, 1.03, 6.23, 6.23, 7.55, 7.43, 6.45, 4.25, 1.08, -3.34, -9.66, -12.86, -14.60, -15.94, -17.05, -17.96, -18.79, -19.50, -20.17, -20.75, -21.30, -21.79, -22.23, -22.52, -22.91, -23.26, -23.57, -23.96, -24.30, -24.63, -24.93, -25.16, -25.36, -25.66, -25.80, -25.99, -26.15, -26.30, -26.45, -26.54, -26.73, -26.72, -26.49, -26.27, -25.91, -25.62, -25.72, -26.14, -26.74, -27.25, -27.69, -27.91, -28.09, -28.14, -28.15, -28.34, -28.40, -28.33, -28.40, -28.20, -27.88, -26.30, -22.01, -18.91, -17.07, -15.88, -15.88
2026-10-02, 13:09:30, 88000000, 90500000, 19531.25, 18240, -12.98, -16.55, -19.94, -18.83, -14.40, -10.21, -12.35, -17.68, -20.00, -22.93, -26.56, -27.60, -27.99, -28.14, -28.18, -28.22, -28.19, -28.18, -28.08, -28.04, -27.96, -27.79, -27.63, -27.33, -26.68, -25.06, -24.61, -26.28, -26.85, -26.92, -27.00, -26.89, -26.75, -26.64, -26.48, -26.25, -26.14, -25.99, -25.78, -25.57, -25.35, -25.04, -24.84, -24.54, -24.09, -23.72, -23.16, -23.06, -22.79, -22.46, -22.01, -21.53, -21.02, -20.44, -19.82, -19.14, -18.37, -17.50, -16.55, -15.42, -14.10, -12.38, -9.71, -3.77, 4.50, 4.50, 9.44, 10.25, 4.85, 0.05, -2.22, -7.97, -11.95, -13.85, -15.26, -16.40, -17.41, -18.28, -19.07, -19.76, -20.38, -20.97, -21.49, -21.98, -22.41, -22.70, -23.04, -23.15, -23.65, -24.14, -24.45, -24.73, -25.01, -25.26, -25.49, -25.67, -25.90, -26.11, -26.23, -26.38, -26.52, -26.65, -26.81, -26.84, -26.83, -26.84, -26.34, -24.88, -24.72, -26.64, -27.38, -27.60, -27.88, -28.06, -28.18, -28.28, -28.23, -28.45, -28.52, -28.47, -28.61, -28.50, -28.30, -27.91, -26.23, -22.33, -20.07, -15.78, -15.78
2026-10-02, 13:09:31, 88000000, 90500000, 19531.25, 18112, -12.90, -17.80, -18.54, -17.05, -15.02, -10.15, -13.92, -16.24, -17.83, -21.69, -26.14, -27.25, -27.63, -27.79, -27.83, -27.80, -27.85, -27.77, -27.66, -27.61, -27.56, -27.46, -27.16, -26.71, -26.17, -25.17, -24.61, -25.95, -26.28, -26.35, -26.52, -26.43, -26.26, -26.20, -26.05, -25.81, -25.68, -25.51, -25.26, -25.07, -24.81, -24.55, -24.30, -24.01, -23.62, -23.27, -22.69, -22.60, -22.28, -21.84, -21.45, -20.97, -20.43, -19.86, -19.22, -18.51, -17.75, -16.88, -15.89, -14.73, -13.34, -11.55, -8.57, -2.00, 5.32, 5.32, 8.67, 9.50, 5.10, 2.53, 0.03, -7.29, -11.12, -13.11, -14.59, -15.77, -16.79, -17.67, -18.46, -19.17, -19.83, -20.41, -20.91, -21.42, -21.84, -22.14, -22.57, -22.69, -23.25, -23.58, -23.90, -24.21, -24.55, -24.77, -25.02, -25.22, -25.40, -25.64, -25.76, -25.94, -26.04, -26.22, -26.32, -26.41, -26.37, -26.21, -25.83, -24.94, -24.82, -26.18, -26.77, -27.07, -27.50, -27.70, -27.78, -27.84, -27.88, -28.10, -28.14, -28.12, -28.23, -28.10, -27.98, -27.50, -25.26, -20.74, -18.35, -16.68, -16.68
2026-10-02, 13:09:32, 88000000, 90500000, 19531.25, 18176, -13.68, -16.97, -18.11, -16.94, -14.60, -10.90, -13.13, -15.03, -18.61, -23.49, -26.61, -27.44, -27.78, -27.93, -27.99, -27.99, -27.98, -27.96, -27.84, -27.81, -27.68, -27.54, -27.31, -26.89, -26.18, -25.31, -24.91, -25.79, -26.35, -26.67, -26.69, -26.62, -26.49, -26.33, -26.21, -26.05, -25.88, -25.65, -25.51, -25.26, -25.02, -24.76, -24.53, -24.21, -23.80, -23.48, -22.95, -22.76, -22.46, -22.11, -21.64, -21.18, -20.69, -20.08, -19.46, -18.74, -17.98, -17.11, -16.11, -14.94, -13.57, -11.77, -8.70, -2.51, 5.75, 5.75, 8.55, 9.16, 6.19, 2.97, -2.13, -8.22, -11.52, -13.37, -14.81, -16.00, -16.99, -17.87, -18.66, -19.38, -20.03, -20.58, -21.13, -21.61, -22.01, -22.35, -22.72, -22.88, -23.39, -23.76, -24.12, -24.45, -24.71, -24.97, -25.16, -25.44, -25.61, -25.77, -25.98, -26.10, -26.18, -26.36, -26.53, -26.62, -26.54, -26.35, -25.83, -25.05, -25.01, -26.06, -26.78, -27.36, -27.72, -27.80, -27.95, -28.02, -28.08, -28.22, -28.32, -28.24, -28.31, -28.25, -28.06, -27.52, -25.35, -21.12, -17.95, -16.19, -16.19
2026-10-02, 13:09:33, 88000000, 90500000, 19531.25, 18048, -14.60, -17.21, -17.33, -15.94, -14.43, -11.86, -13.50, -14.90, -17.02, -20.75, -26.10, -27.41, -27.81, -28.04, -28.07, -28.09, -28.10, -28.06, -27.97, -27.93, -27.80, -27.71, -27.37, -26.83, -26.25, -25.53, -25.35, -26.06, -26.37, -26.69, -26.90, -26.83, -26.69, -26.58, -26.38, -26.21, -26.07, -25.88, -25.70, -25.44, -25.21, -24.96, -24.72, -24.41, -23.96, -23.66, -23.22, -22.95, -22.64, -22.29, -21.84, -21.37, -20.84, -20.27, -19.63, -18.91, -18.11, -17.23, -16.23, -15.03, -13.55, -11.61, -8.05, -0.73, 5.99, 5.99, 8.17, 8.46, 5.78, 3.83, 0.61, -6.62, -11.16, -13.31, -14.85, -16.09, -17.15, -18.05, -18.87, -19.57, -20.22, -20.78, -21.33, -21.81, -22.25, -22.52, -22.92, -23.16, -23.58, -23.95, -24.33, -24.62, -24.93, -25.17, -25.39, -25.63, -25.83, -25.96, -26.17, -26.32, -26.39, -26.56, -26.69, -26.80, -26.59, -26.34, -25.97, -25.37, -25.33, -26.32, -26.81, -27.33, -27.83, -28.00, -28.09, -28.21, -28.21, -28.40, -28.48, -28.39, -28.47, -28.31, -28.13, -27.46, -24.40, -19.67, -17.18, -16.09, -16.09
2026-10-02, 13:09:34, 88000000, 90500000, 19531.25, 18176, -15.26, -16.55, -17.39, -16.20, -13.84, -12.47, -12.86, -14.21, -17.79, -23.30, -26.58, -27.49, -27.87, -28.01, -28.11, -28.13, -28.09, -28.03, -27.97, -27.94, -27.82, -27.71, -27.42, -26.90, -26.18, -25.42, -25.42, -25.84, -26.27, -26.84, -26.93, -26.80, -26.66, -26.54, -26.42, -26.21, -26.03, -25.88, -25.68, -25.45, -25.23, -24.97, -24.70, -24.40, -23.91, -23.63, -23.25, -22.95, -22.62, -22.29, -21.86, -21.38, -20.88, -20.28, -19.64, -18.93, -18.16, -17.26, -16.25, -15.06, -13.62, -11.72, -8.37, -1.42, 6.42, 6.42, 8.22, 8.18, 6.78, 3.85, -1.61, -8.37, -11.58, -13.52, -14.94, -16.18, -17.20, -18.09, -18.87, -19.60, -20.25, -20.82, -21.36, -21.80, -22.23, -22.53, -22.92, -23.21, -23.54, -23.93, -24.33, -24.66, -24.96, -25.18, -25.37, -25.62, -25.79, -26.04, -26.13, -26.29, -26.43, -26.56, -26.70, -26.84, -26.73, -26.38, -25.84, -25.39, -25.43, -26.13, -26.88, -27.53, -27.84, -27.99, -28.09, -28.19, -28.19, -28.42, -28.47, -28.36, -28.48, -28.37, -28.17, -27.53, -24.52, -20.63, -17.22, -15.45, -15.45
2026-10-02, 13:09:35, 88000000, 90500000, 19531.25, 18240, -13.12, -16.80, -18.23, -18.06, -15.18, -10.39, -12.89, -15.56, -19.62, -23.36, -26.71, -27.55, -27.85, -27.97, -28.06, -28.07, -28.11, -27.95, -27.95, -27.89, -27.81, -27.65, -27.39, -27.03, -26.53, -25.29, -24.68, -25.97, -26.57, -26.82, -26.82, -26.72, -26.64, -26.51, -26.34, -26.17, -26.00, -25.79, -25.61, -25.40, -25.19, -24.89, -24.69, -24.34, -23.96, -23.64, -23.04, -22.88, -22.63, -22.23, -21.82, -21.34, -20.81, -20.24, -19.62, -18.92, -18.13, -17.26, -16.27, -15.10, -13.71, -11.83, -8.31, -1.07, 4.51, 4.51, 8.85, 9.81, 5.77, 1.94, -2.65, -8.33, -11.79, -13.62, -15.01, -16.18, -17.20, -18.04, -18.85, -19.55, -20.18, -20.77, -21.31, -21.78, -22.22, -22.51, -22.90, -22.99, -23.53, -23.91, -24.29, -24.57, -24.88, -25.03, -25.36, -25.57, -25.74, -25.91, -26.08, -26.25, -26.34, -26.52, -26.63, -26.70, -26.61, -26.54, -26.25, -25.05, -24.90, -26.35, -27.05, -27.54, -27.78, -27.85, -28.03, -28.14, -28.13, -28.35, -28.44, -28.29, -28.43, -28.31, -28.16, -27.45, -24.39, -20.92, -19.20, -16.66, -16.66
2026-10-02, 13:09:36, 88000000, 90500000, 19531.25, 18176, -13.11, -16.78, -19.09, -18.16, -14.71, -10.33, -12.69, -16.17, -20.05, -23.79, -26.80, -27.58, -27.93, -28.02, -28.10, -28.16, -28.10, -28.07, -28.03, -27.94, -27.89, -27.74, -27.56, -27.16, -26.58, -25.15, -24.64, -26.16, -26.67, -26.88, -26.92, -26.81, -26.68, -26.53, -26.40, -26.23, -26.07, -25.88, -25.69, -25.47, -25.25, -24.95, -24.75, -24.45, -24.02, -23.70, -23.08, -22.93, -22.72, -22.36, -21.93, -21.43, -20.91, -20.35, -19.71, -19.06, -18.28, -17.41, -16.46, -15.32, -13.94, -12.23, -9.42, -3.39, 4.59, 4.59, 9.27, 9.93, 5.38, 1.43, -3.19, -8.90, -11.97, -13.77, -15.17, -16.33, -17.30, -18.18, -18.97, -19.64, -20.30, -20.89, -21.42, -21.86, -22.32, -22.64, -22.95, -23.06, -23.62, -24.03, -24.38, -24.66, -24.95, -25.19, -25.40, -25.63, -25.82, -26.00, -26.14, -26.31, -26.42, -26.57, -26.71, -26.85, -26.83, -26.65, -26.25, -24.93, -24.83, -26.45, -27.17, -27.58, -27.79, -27.96, -28.08, -28.21, -28.22, -28.39, -28.50, -28.39, -28.55, -28.40, -28.30, -27.83, -25.85, -22.10, -19.26, -16.07, -16.07
2026-10-02, 13:09:37, 88000000, 90500000, 19531.25, 18240, -13.87, -16.76, -18.27, -17.21, -14.50, -11.10, -12.92, -15.82, -18.06, -21.85, -26.31, -27.47, -27.91, -28.09, -28.17, -28.16, -28.15, -28.15, -28.07, -28.02, -27.95, -27.78, -27.50, -27.14, -26.49, -25.34, -25.03, -26.11, -26.60, -26.79, -26.95, -26.85, -26.69, -26.63, -26.49, -26.27, -26.13, -25.96, -25.75, -25.53, -25.32, -25.00, -24.78, -24.50, -24.06, -23.72, -23.21, -23.00, -22.76, -22.37, -21.96, -21.49, -20.96, -20.39, -19.75, -19.05, -18.26, -17.39, -16.38, -15.22, -13.77, -11.84, -7.98, -0.99, 5.22, 5.22, 8.86, 9.21, 5.53, 2.52, -0.63, -7.12, -11.35, -13.54, -15.05, -16.26, -17.27, -18.17, -18.97, -19.69, -20.33, -20.91, -21.42, -21.92, -22.33, -22.66, -23.01, -23.18, -23.64, -24.07, -24.38, -24.72, -24.98, -25.25, -25.46, -25.70, -25.86, -26.07, -26.23, -26.36, -26.47, -26.63, -26.81, -26.84, -26.70, -26.64, -26.17, -25.10, -25.20, -26.47, -27.09, -27.53, -27.83, -27.94, -28.14, -28.25, -28.25, -28.44, -28.54, -28.41, -28.51, -28.42, -28.19, -27.46, -24.07, -20.76, -18.50, -15.98, -15.98
2026-10-02, 13:09:38, 88000000, 90500000, 19531.25, 18112, -14.32, -16.43, -17.52, -16.99, -14.65, -11.56, -12.71, -14.96, -18.08, -22.79, -26.52, -27.51, -27.85, -28.06, -28.07, -28.11, -28.10, -28.04, -27.95, -27.96, -27.83, -27.66, -27.39, -26.92, -26.42, -25.37, -25.08, -25.88, -26.44, -26.82, -26.83, -26.77, -26.66, -26.52, -26.39, -26.21, -26.07, -25.87, -25.66, -25.42, -25.19, -24.93, -24.71, -24.39, -23.97, -23.66, -23.17, -22.88, -22.62, -22.27, -21.82, -21.36, -20.85, -20.26, -19.61, -18.91, -18.12, -17.25, -16.24, -15.06, -13.59, -11.63, -7.72, -0.44, 5.28, 5.28, 8.48, 8.92, 6.26, 3.29, -1.55, -7.72, -11.54, -13.48, -14.95, -16.14, -17.16, -18.06, -18.85, -19.57, -20.18, -20.79, -21.32, -21.78, -22.22, -22.55, -22.94, -23.12, -23.53, -23.96, -24.29, -24.60, -24.89, -25.11, -25.37, -25.62, -25.73, -25.97, -26.11, -26.26, -26.37, -26.52, -26.70, -26.77, -26.58, -26.47, -26.10, -25.22, -25.21, -26.25, -26.81, -27.46, -27.79, -27.97, -28.07, -28.18, -28.23, -28.38, -28.44, -28.30, -28.43, -28.29, -28.13, -27.42, -23.78, -20.01, -18.21, -16.15, -16.15
2026-10-02, 13:09:39, 88000000, 90500000, 19531.25, 18240, -12.10, -17.37, -20.21, -18.65, -15.35, -9.36, -13.22, -17.45, -20.43, -23.37, -26.63, -27.36, -27.62, -27.74, -27.75, -27.81, -27.70, -27.68, -27.63, -27.56, -27.44, -27.33, -27.18, -26.83, -26.25, -24.94, -24.13, -25.92, -26.42, -26.44, -26.48, -26.37, -26.23, -26.07, -25.93, -25.76, -25.58, -25.39, -25.18, -24.93, -24.70, -24.45, -24.22, -23.90, -23.54, -23.23, -22.50, -22.48, -22.21, -21.81, -21.36, -20.87, -20.36, -19.78, -19.14, -18.48, -17.70, -16.86, -15.91, -14.80, -13.47, -11.88, -9.34, -4.01, 4.30, 4.30, 9.26, 10.43, 4.76, 0.42, -2.63, -8.23, -11.53, -13.30, -14.63, -15.78, -16.76, -17.62, -18.40, -19.09, -19.73, -20.32, -20.83, -21.33, -21.78, -22.11, -22.49, -22.47, -23.12, -23.53, -23.83, -24.14, -24.44, -24.66, -24.89, -25.17, -25.30, -25.50, -25.73, -25.85, -25.95, -26.13, -26.25, -26.37, -26.38, -26.35, -25.97, -24.61, -24.43, -26.16, -26.81, -27.17, -27.46, -27.62, -27.73, -27.87, -27.84, -28.03, -28.13, -28.04, -28.17, -28.07, -28.01, -27.66, -26.01, -22.99, -19.78, -16.84, -16.84
2026-10-02, 13:09:40, 88000000, 90500000, 19531.25, 18240, -12.86, -16.08, -21.40, -20.47, -13.88, -10.04, -11.87, -17.77, -23.59, -26.25, -27.29, -27.76, -27.98, -28.04, -28.09, -28.12, -28.10, -28.04, -27.98, -27.89, -27.85, -27.69, -27.64, -27.46, -26.66, -24.78, -24.43, -26.07, -26.87, -26.93, -26.82, -26.77, -26.66, -26.52, -26.34, -26.15, -26.01, -25.79, -25.65, -25.40, -25.15, -24.91, -24.66, -24.38, -24.02, -23.54, -22.98, -22.85, -22.65, -22.27, -21.84, -21.33, -20.84, -20.26, -19.65, -18.97, -18.23, -17.38, -16.45, -15.38, -14.10, -12.60, -10.69, -7.93, 4.34, 4.34, 9.99, 10.32, 5.38, -1.65, -7.11, -10.28, -12.33, -13.89, -15.18, -16.31, -17.26, -18.12, -18.86, -19.55, -20.20, -20.77, -21.29, -21.78, -22.22, -22.54, -22.83, -22.93, -23.42, -23.96, -24.30, -24.56, -24.85, -25.08, -25.33, -25.51, -25.72, -25.92, -26.06, -26.26, -26.34, -26.51, -26.64, -26.76, -26.81, -26.87, -26.21, -24.63, -24.60, -26.41, -27.34, -27.67, -27.78, -27.94, -28.04, -28.13, -28.20, -28.33, -28.42, -28.33, -28.47, -28.35, -28.27, -28.05, -27.42, -25.82, -21.33, -15.16, -15.16
2026-10-02, 13:09:41, 88000000, 90500000, 19531.25, 18048, -12.09, -17.30, -20.85, -19.26, -14.89, -9.32, -13.10, -17.59, -21.05, -24.89, -26.86, -27.51, -27.76, -27.90, -27.91, -27.89, -27.92, -27.80, -27.71, -27.73, -27.63, -27.46, -27.35, -27.05, -26.38, -24.84, -24.20, -26.04, -26.56, -26.63, -26.62, -26.47, -26.36, -26.23, -26.03, -25.92, -25.71, -25.49, -25.30, -25.10, -24.82, -24.55, -24.35, -24.04, -23.63, -23.28, -22.63, -22.52, -22.29, -21.90, -21.45, -20.99, -20.46, -19.89, -19.25, -18.58, -17.82, -16.96, -16.03, -14.93, -13.66, -12.11, -10.02, -6.46, 4.21, 4.21, 9.68, 10.42, 4.75, 0.05, -4.22, -9.06, -11.73, -13.40, -14.74, -15.86, -16.84, -17.70, -18.47, -19.17, -19.79, -20.39, -20.91, -21.40, -21.83, -22.20, -22.52, -22.56, -23.20, -23.63, -23.97, -24.23, -24.53, -24.76, -24.99, -25.24, -25.46, -25.63, -25.77, -25.99, -26.06, -26.22, -26.39, -26.53, -26.49, -26.56, -26.14, -24.50, -24.49, -26.36, -27.00, -27.32, -27.55, -27.63, -27.75, -27.86, -27.96, -28.10, -28.19, -28.14, -28.26, -28.14, -28.08, -27.81, -27.06, -24.28, -20.34, -16.27, -16.27
2026-10-02, 13:09:42, 88000000, 90500000, 19531.25, 18176, -14.13, -16.11, -19.57, -17.66, -13.45, -11.34, -12.05, -15.90, -20.17, -24.92, -27.02, -27.72, -27.96, -28.13, -28.21, -28.16, -28.20, -28.15, -28.06, -28.03, -27.93, -27.83, -27.73, -27.30, -26.33, -25.20, -24.93, -25.97, -26.76, -26.98, -27.03, -26.89, -26.72, -26.61, -26.45, -26.27, -26.12, -25.94, -25.72, -25.49, -25.29, -25.03, -24.75, -24.48, -24.04, -23.65, -23.22, -22.94, -22.73, -22.37, -21.94, -21.45, -20.93, -20.35, -19.73, -19.04, -18.28, -17.42, -16.45, -15.33, -14.02, -12.41, -10.24, -6.32, 6.18, 6.18, 9.14, 9.42, 6.19, 1.63, -4.34, -9.52, -12.07, -13.79, -15.18, -16.30, -17.28, -18.16, -18.94, -19.64, -20.29, -20.85, -21.37, -21.87, -22.32, -22.62, -22.94, -23.21, -23.53, -24.03, -24.39, -24.64, -24.95, -25.18, -25.44, -25.65, -25.84, -26.04, -26.19, -26.34, -26.48, -26.63, -26.76, -26.89, -26.89, -26.79, -25.97, -25.04, -25.07, -26.29, -27.23, -27.66, -27.84, -27.98, -28.15, -28.24, -28.33, -28.45, -28.54, -28.44, -28.58, -28.41, -28.30, -27.98, -27.07, -23.77, -18.47, -14.98, -14.98
2026-10-02, 13:09:43, 88000000, 90500000, 19531.25, 18240, -12.79, -15.74, -22.42, -21.51, -14.05, -9.90, -11.49, -19.26, -24.82, -26.64, -27.45, -27.89, -28.18, -28.25, -28.31, -28.28, -28.27, -28.24, -28.17, -28.12, -28.05, -27.91, -27.76, -27.70, -27.06, -24.55, -24.54, -26.30, -27.18, -27.18, -27.10, -26.94, -26.82, -26.69, -26.55, -26.37, -26.18, -26.01, -25.81, -25.62, -25.39, -25.11, -24.91, -24.63, -24.22, -23.79, -23.19, -23.05, -22.88, -22.52, -22.06, -21.60, -21.07, -20.51, -19.90, -19.23, -18.50, -17.65, -16.72, -15.68, -14.43, -12.96, -11.14, -8.73, 2.86, 2.86, 10.53, 10.43, 5.00, -3.61, -8.09, -10.69, -12.61, -14.13, -15.41, -16.50, -17.47, -18.30, -19.07, -19.76, -20.37, -20.97, -21.47, -21.98, -22.43, -22.76, -23.00, -23.12, -23.60, -24.20, -24.52, -24.74, -25.02, -25.28, -25.52, -25.70, -25.92, -26.14, -26.26, -26.41, -26.59, -26.70, -26.82, -26.98, -27.03, -27.14, -26.67, -24.48, -24.60, -26.71, -27.66, -27.91, -27.95, -28.10, -28.21, -28.32, -28.37, -28.54, -28.60, -28.52, -28.63, -28.51, -28.41, -28.18, -27.65, -26.51, -22.66, -15.13, -15.13
2026-10-02, 13:09:44, 88000000, 90500000, 19531.25, 18176, -13.70, -15.64, -20.15, -19.50, -13.68, -10.89, -11.59, -17.63, -21.32, -22.95, -25.41, -27.56, -28.01, -28.22, -28.24, -28.23, -28.25, -28.22, -28.14, -28.07, -28.05, -27.87, -27.65, -27.48, -26.87, -24.95, -24.77, -26.23, -26.94, -27.07, -27.00, -26.95, -26.79, -26.67, -26.51, -26.33, -26.17, -26.00, -25.81, -25.61, -25.36, -25.08, -24.83, -24.53, -24.17, -23.70, -23.23, -23.01, -22.79, -22.45, -21.99, -21.51, -21.00, -20.43, -19.79, -19.09, -18.33, -17.48, -16.49, -15.38, -13.98, -11.98, -7.15, -3.31, 4.08, 4.08, 9.76, 9.99, 5.45, -0.42, -3.21, -6.56, -10.88, -13.59, -15.11, -16.28, -17.33, -18.20, -18.99, -19.66, -20.35, -20.91, -21.45, -21.92, -22.37, -22.69, -23.01, -23.19, -23.61, -24.13, -24.46, -24.75, -25.03, -25.29, -25.51, -25.70, -25.91, -26.09, -26.28, -26.41, -26.53, -26.69, -26.81, -26.94, -26.88, -26.88, -26.50, -24.81, -24.81, -26.54, -27.46, -27.70, -27.94, -28.14, -28.27, -28.30, -28.40, -28.54, -28.60, -28.49, -28.60, -28.42, -28.27, -27.36, -24.73, -22.91, -20.78, -14.97, -14.97
2026-10-02, 13:09:45, 88000000, 90500000, 19531.25, 18240, -14.05, -15.77, -19.24, -18.16, -13.88, -11.30, -11.78, -16.83, -20.11, -21.90, -25.77, -27.51, -27.95, -28.15, -28.21, -28.24, -28.22, -28.19, -28.15, -28.10, -27.98, -27.82, -27.61, -27.26, -26.66, -25.23, -24.87, -26.11, -26.92, -26.95, -26.95, -26.93, -26.77, -26.66, -26.50, -26.31, -26.16, -25.96, -25.75, -25.55, -25.31, -25.03, -24.78, -24.48, -24.12, -23.66, -23.27, -22.95, -22.75, -22.37, -21.92, -21.47, -20.93, -20.36, -19.72, -19.01, -18.25, -17.35, -16.37, -15.19, -13.75, -11.74, -7.08, -2.36, 5.10, 5.10, 9.06, 9.75, 5.80, 0.57, -1.96, -6.06, -10.97, -13.50, -15.04, -16.22, -17.25, -18.13, -18.91, -19.65, -20.28, -20.86, -21.39, -21.92, -22.32, -22.65, -22.95, -23.20, -23.58, -24.10, -24.44, -24.70, -25.03, -25.28, -25.47, -25.73, -25.92, -26.07, -26.28, -26.40, -26.51, -26.71, -26.79, -26.88, -26.83, -26.76, -26.25, -25.12, -24.93, -26.43, -27.32, -27.62, -27.92, -28.06, -28.19, -28.32, -28.34, -28.54, -28.58, -28.48, -28.56, -28.40, -28.22, -27.27, -24.70, -21.67, -19.24, -15.36, -15.36
2026-10-02, 13:09:46, 88000000, 90500000, 19531.25, 18176, -14.45, -16.07, -18.59, -17.45, -13.94, -11.70, -12.26, -16.26, -18.84, -21.43, -24.68, -27.35, -27.87, -28.11, -28.22, -28.20, -28.20, -28.19, -28.10, -28.08, -28.01, -27.78, -27.49, -27.20, -26.55, -25.34, -25.10, -26.16, -26.75, -26.95, -26.98, -26.98, -26.82, -26.73, -26.57, -26.38, -26.17, -26.01, -25.82, -25.59, -25.37, -25.11, -24.83, -24.54, -24.14, -23.78, -23.31, -23.05, -22.80, -22.42, -21.95, -21.50, -20.98, -20.39, -19.77, -19.02, -18.26, -17.38, -16.35, -15.14, -13.62, -11.45, -6.11, -1.09, 5.17, 5.17, 8.82, 9.30, 5.62, 1.83, -0.88, -5.41, -10.22, -13.37, -15.04, -16.29, -17.34, -18.25, -19.03, -19.76, -20.42, -20.96, -21.50, -21.99, -22.40, -22.73, -23.04, -23.31, -23.68, -24.16, -24.50, -24.78, -25.05, -25.32, -25.53, -25.77, -25.97, -26.17, -26.30, -26.44, -26.60, -26.71, -26.86, -26.95, -26.84, -26.67, -26.33, -25.24, -25.15, -26.49, -27.26, -27.63, -27.91, -28.09, -28.21, -28.32, -28.39, -28.54, -28.61, -28.52, -28.60, -28.48, -28.22, -27.21, -23.45, -20.91, -18.69, -15.44, -15.44
2026-10-02, 13:09:47, 88000000, 90500000, 19531.25, 18048, -14.33, -16.15, -18.55, -17.57, -13.98, -11.58, -12.31, -16.15, -18.66, -21.34, -25.25, -27.37, -27.94, -28.09, -28.22, -28.24, -28.23, -28.17, -28.13, -28.06, -27.97, -27.84, -27.53, -27.16, -26.58, -25.33, -25.02, -26.14, -26.73, -26.87, -26.96, -26.95, -26.78, -26.68, -26.56, -26.37, -26.18, -25.97, -25.84, -25.60, -25.39, -25.12, -24.87, -24.57, -24.18, -23.77, -23.33, -23.06, -22.84, -22.47, -22.04, -21.56, -21.03, -20.44, -19.82, -19.10, -18.34, -17.46, -16.44, -15.23, -13.76, -11.53, -6.66, -1.17, 5.08, 5.08, 8.87, 9.31, 5.76, 1.92, -1.00, -5.52, -10.45, -13.41, -15.03, -16.26, -17.30, -18.20, -19.01, -19.72, -20.39, -20.95, -21.48, -21.96, -22.40, -22.75, -23.02, -23.32, -23.69, -24.14, -24.50, -24.77, -25.04, -25.30, -25.55, -25.77, -25.97, -26.17, -26.30, -26.42, -26.59, -26.70, -26.86, -26.93, -26.84, -26.72, -26.34, -25.18, -25.19, -26.45, -27.23, -27.65, -27.86, -28.04, -28.17, -28.30, -28.32, -28.54, -28.60, -28.43, -28.57, -28.41, -28.16, -27.16, -23.64, -20.92, -18.83, -15.46, -15.46
2026-10-02, 13:09:48, 88000000, 90500000, 19531.25, 18112, -13.60, -16.07, -19.29, -18.34, -14.33, -10.79, -12.13, -16.85, -19.54, -22.27, -25.41, -27.51, -27.99, -28.14, -28.20, -28.22, -28.22, -28.14, -28.11, -28.09, -27.98, -27.82, -27.65, -27.26, -26.73, -25.10, -24.88, -26.16, -26.86, -26.93, -26.97, -26.94, -26.79, -26.69, -26.49, -26.34, -26.18, -26.00, -25.80, -25.59, -25.36, -25.13, -24.87, -24.60, -24.17, -23.77, -23.24, -23.02, -22.85, -22.48, -22.01, -21.57, -21.06, -20.47, -19.82, -19.14, -18.37, -17.50, -16.51, -15.33, -13.91, -11.82, -6.63, -2.51, 4.47, 4.47, 9.44, 9.74, 5.38, 0.97, -1.74, -6.34, -11.20, -13.52, -15.09, -16.32, -17.34, -18.22, -19.03, -19.74, -20.38, -20.97, -21.49, -21.96, -22.42, -22.73, -23.05, -23.20, -23.65, -24.15, -24.51, -24.78, -25.05, -25.28, -25.53, -25.75, -25.90, -26.12, -26.29, -26.50, -26.53, -26.67, -26.85, -26.93, -26.90, -26.73, -26.38, -24.92, -24.94, -26.56, -27.30, -27.67, -27.92, -28.10, -28.23, -28.33, -28.36, -28.52, -28.60, -28.50, -28.57, -28.45, -28.22, -27.20, -24.27, -21.75, -19.61, -15.68, -15.68
2026-10-02, 13:09:49, 88000000, 90500000, 19531.25, 18176, -13.42, -16.11, -19.76, -18.51, -14.20, -10.64, -12.02, -17.20, -20.18, -22.56, -25.94, -27.54, -27.95, -28.11, -28.18, -28.20, -28.15, -28.04, -28.08, -27.97, -27.91, -27.74, -27.54, -27.27, -26.64, -24.99, -24.68, -26.26, -26.80, -26.92, -26.94, -26.87, -26.74, -26.62, -26.48, -26.31, -26.14, -25.96, -25.74, -25.52, -25.34, -25.02, -24.79, -24.53, -24.12, -23.73, -23.16, -22.97, -22.81, -22.42, -21.97, -21.47, -20.96, -20.40, -19.80, -19.08, -18.31, -17.44, -16.46, -15.31, -13.88, -11.92, -7.85, -3.10, 4.48, 4.48, 9.52, 10.02, 5.09, 0.36, -2.10, -7.04, -11.57, -13.67, -15.14, -16.33, -17.32, -18.21, -18.99, -19.71, -20.35, -20.91, -21.43, -21.93, -22.37, -22.68, -23.00, -23.15, -23.63, -24.12, -24.44, -24.69, -25.01, -25.23, -25.49, -25.73, -25.88, -26.09, -26.22, -26.41, -26.54, -26.65, -26.75, -26.89, -26.88, -26.81, -26.36, -24.85, -24.79, -26.56, -27.38, -27.55, -27.91, -28.09, -28.19, -28.29, -28.34, -28.49, -28.58, -28.47, -28.59, -28.43, -28.27, -27.52, -24.84, -22.51, -19.71, -15.55, -15.55
2026-10-02, 13:09:50, 88000000, 90500000, 19531.25, 17984, -13.98, -16.20, -18.76, -17.72, -14.21, -11.22, -12.25, -16.43, -18.79, -21.99, -25.07, -27.40, -27.93, -28.14, -28.22, -28.23, -28.23, -28.17, -28.08, -28.11, -28.01, -27.83, -27.63, -27.21, -26.70, -25.29, -24.93, -26.25, -26.83, -26.91, -26.97, -26.94, -26.78, -26.69, -26.51, -26.37, -26.19, -25.98, -25.79, -25.59, -25.37, -25.10, -24.85, -24.57, -24.17, -23.77, -23.30, -23.01, -22.82, -22.44, -21.99, -21.53, -21.01, -20.41, -19.78, -19.08, -18.29, -17.41, -16.42, -15.22, -13.75, -11.60, -7.19, -1.68, 4.92, 4.92, 9.01, 9.56, 5.48, 1.74, -1.16, -5.85, -10.89, -13.54, -15.09, -16.30, -17.34, -18.23, -19.02, -19.75, -20.38, -20.96, -21.48, -21.98, -22.43, -22.72, -23.06, -23.23, -23.66, -24.19, -24.47, -24.77, -25.07, -25.33, -25.54, -25.75, -25.95, -26.14, -26.28, -26.47, -26.58, -26.70, -26.86, -26.97, -26.88, -26.72, -26.31, -25.12, -24.99, -26.47, -27.25, -27.59, -27.95, -28.09, -28.25, -28.36, -28.41, -28.58, -28.61, -28.49, -28.58, -28.48, -28.23, -27.44, -24.11, -21.11, -18.99, -15.65, -15.65
2026-10-02, 13:09:51, 88000000, 90500000, 19531.25, 18240, -14.78, -16.09, -18.27, -17.01, -13.95, -12.04, -12.31, -15.73, -18.60, -21.41, -24.98, -27.41, -27.95, -28.21, -28.28, -28.32, -28.34, -28.26, -28.20, -28.15, -28.05, -27.93, -27.65, -27.28, -26.55, -25.50, -25.20, -26.07, -26.83, -27.01, -27.07, -27.03, -26.90, -26.80, -26.64, -26.47, -26.31, -26.12, -25.90, -25.70, -25.50, -25.21, -24.95, -24.63, -24.21, -23.86, -23.45, -23.11, -22.91, -22.52, -22.06, -21.62, -21.10, -20.52, -19.89, -19.17, -18.37, -17.48, -16.44, -15.25, -13.72, -11.30, -6.55, -0.68, 5.68, 5.68, 8.59, 8.98, 6.23, 1.87, -1.07, -4.96, -10.64, -13.44, -15.08, -16.35, -17.38, -18.28, -19.10, -19.83, -20.46, -21.05, -21.58, -22.07, -22.46, -22.81, -23.14, -23.41, -23.77, -24.23, -24.59, -24.83, -25.18, -25.44, -25.62, -25.86, -26.05, -26.25, -26.38, -26.56, -26.62, -26.75, -26.96, -27.00, -26.82, -26.83, -26.15, -25.43, -25.29, -26.47, -27.38, -27.65, -27.94, -28.14, -28.25, -28.37, -28.43, -28.60, -28.66, -28.55, -28.63, -28.45, -28.20, -26.87, -23.61, -20.75, -18.10, -15.52, -15.52
2026-10-02, 13:09:52, 88000000, 90500000, 19531.25, 18176, -15.80, -16.30, -17.06, -15.98, -14.15, -13.09, -12.94, -14.53, -17.07, -20.17, -24.23, -27.00, -27.77, -28.01, -28.15, -28.14, -28.14, -28.15, -28.05, -28.03, -27.94, -27.70, -27.35, -26.89, -26.23, -25.72, -25.60, -25.90, -26.42, -26.72, -26.90, -26.90, -26.73, -26.60, -26.48, -26.30, -26.14, -25.96, -25.74, -25.51, -25.29, -25.01, -24.73, -24.47, -24.01, -23.69, -23.32, -22.97, -22.67, -22.36, -21.89, -21.42, -20.90, -20.29, -19.66, -18.92, -18.09, -17.17, -16.13, -14.86, -13.23, -10.70, -4.74, 0.51, 6.22, 6.22, 7.62, 7.82, 6.61, 3.84, 0.56, -4.11, -9.28, -12.89, -14.68, -16.00, -17.07, -18.02, -18.83, -19.59, -20.24, -20.82, -21.35, -21.84, -22.30, -22.63, -22.96, -23.27, -23.64, -24.03, -24.41, -24.69, -25.01, -25.26, -25.44, -25.70, -25.85, -26.08, -26.29, -26.38, -26.54, -26.66, -26.78, -26.82, -26.60, -26.40, -26.00, -25.62, -25.67, -26.15, -26.87, -27.43, -27.76, -28.03, -28.16, -28.29, -28.34, -28.49, -28.54, -28.45, -28.48, -28.31, -27.98, -26.54, -22.12, -19.48, -17.15, -15.89, -15.89
2026-10-02, 13:09:53, 88000000, 90500000, 19531.25, 18304, -14.93, -16.38, -17.44, -16.39, -14.17, -12.18, -12.73, -14.98, -17.35, -21.24, -25.40, -27.27, -27.75, -28.04, -28.09, -28.11, -28.06, -28.04, -28.00, -27.93, -27.81, -27.71, -27.39, -26.86, -26.32, -25.38, -25.26, -25.95, -26.37, -26.71, -26.79, -26.75, -26.65, -26.52, -26.39, -26.16, -26.04, -25.85, -25.67, -25.40, -25.19, -24.91, -24.67, -24.33, -23.94, -23.57, -23.14, -22.88, -22.58, -22.24, -21.81, -21.31, -20.78, -20.21, -19.55, -18.84, -18.05, -17.14, -16.11, -14.88, -13.32, -11.08, -6.19, -0.63, 5.67, 5.67, 8.32, 8.50, 6.20, 3.75, -0.30, -5.37, -10.60, -13.15, -14.75, -16.00, -17.05, -17.97, -18.77, -19.49, -20.12, -20.73, -21.26, -21.76, -22.19, -22.50, -22.86, -23.13, -23.50, -23.93, -24.27, -24.55, -24.89, -25.12, -25.35, -25.57, -25.78, -25.98, -26.11, -26.28, -26.41, -26.52, -26.71, -26.77, -26.64, -26.39, -26.06, -25.38, -25.42, -26.24, -26.79, -27.37, -27.72, -27.90, -28.04, -28.18, -28.19, -28.35, -28.44, -28.32, -28.44, -28.27, -28.02, -26.89, -23.43, -19.85, -17.67, -15.74, -15.74
2026-10-02, 13:09:54, 88000000, 90500000, 19531.25, 18112, -16.19, -16.43, -16.19, -15.74, -14.65, -13.52, -13.16, -13.88, -16.35, -20.36, -24.46, -27.06, -27.68, -27.91, -28.01, -28.04, -28.03, -28.00, -27.95, -27.86, -27.74, -27.58, -27.19, -26.50, -26.28, -25.84, -25.65, -25.69, -26.14, -26.61, -26.71, -26.74, -26.57, -26.44, -26.31, -26.15, -25.97, -25.77, -25.60, -25.39, -25.16, -24.89, -24.64, -24.31, -23.89, -23.59, -23.18, -22.84, -22.52, -22.18, -21.72, -21.25, -20.73, -20.15, -19.50, -18.76, -17.95, -17.02, -15.95, -14.65, -12.98, -10.16, -4.47, 1.20, 5.67, 5.67, 7.15, 7.42, 6.77, 4.73, 0.71, -3.87, -10.04, -12.80, -14.53, -15.83, -16.92, -17.85, -18.68, -19.42, -20.09, -20.68, -21.22, -21.73, -22.13, -22.49, -22.84, -23.19, -23.53, -23.86, -24.23, -24.55, -24.86, -25.09, -25.34, -25.53, -25.75, -25.92, -26.14, -26.26, -26.38, -26.54, -26.64, -26.67, -26.45, -26.10, -26.04, -25.69, -25.71, -26.05, -26.69, -27.34, -27.66, -27.90, -28.02, -28.13, -28.16, -28.37, -28.44, -28.32, -28.41, -28.23, -27.93, -26.12, -21.92, -18.29, -17.19, -16.36, -16.36
2026-10-02, 13:09:55, 88000000, 90500000, 19531.25, 18176, -16.62, -16.21, -15.76, -15.74, -14.84, -13.98, -13.07, -13.47, -16.43, -20.59, -25.56, -27.24, -27.77, -27.97, -28.12, -28.12, -28.13, -28.08, -28.01, -27.97, -27.92, -27.70, -27.17, -26.62, -26.39, -26.00, -25.78, -25.66, -26.14, -26.64, -26.86, -26.84, -26.68, -26.60, -26.41, -26.27, -26.10, -25.92, -25.71, -25.47, -25.26, -24.99, -24.70, -24.32, -23.98, -23.65, -23.32, -22.95, -22.61, -22.29, -21.85, -21.34, -20.81, -20.23, -19.56, -18.85, -18.02, -17.11, -16.02, -14.70, -13.06, -10.38, -4.51, 1.96, 5.68, 5.68, 6.75, 7.12, 7.33, 4.87, 0.62, -5.50, -10.52, -13.03, -14.68, -15.97, -17.05, -17.97, -18.81, -19.55, -20.18, -20.78, -21.35, -21.81, -22.23, -22.56, -22.98, -23.32, -23.59, -23.94, -24.33, -24.62, -24.94, -25.17, -25.43, -25.65, -25.86, -26.05, -26.15, -26.35, -26.50, -26.56, -26.73, -26.84, -26.43, -26.19, -26.05, -25.88, -25.87, -25.90, -26.69, -27.37, -27.77, -27.96, -28.12, -28.23, -28.26, -28.45, -28.49, -28.38, -28.45, -28.26, -27.86, -26.18, -21.50, -17.91, -17.11, -16.56, -16.56
2026-10-02, 13:09:56, 88000000, 90500000, 19531.25, 18176, -16.01, -16.26, -16.52, -15.84, -14.20, -13.32, -13.04, -14.31, -16.01, -19.91, -24.99, -27.11, -27.72, -27.96, -28.04, -28.10, -28.08, -28.07, -28.01, -27.93, -27.86, -27.69, -27.18, -26.80, -26.11, -25.78, -25.64, -25.93, -26.27, -26.57, -26.79, -26.78, -26.65, -26.53, -26.36, -26.23, -26.03, -25.84, -25.63, -25.41, -25.21, -24.88, -24.64, -24.30, -23.91, -23.60, -23.18, -22.85, -22.52, -22.16, -21.73, -21.27, -20.73, -20.12, -19.48, -18.73, -17.91, -16.99, -15.90, -14.60, -12.88, -10.23, -4.27, 1.67, 6.44, 6.44, 7.36, 7.66, 6.35, 4.75, 1.45, -4.33, -10.25, -12.83, -14.49, -15.80, -16.90, -17.85, -18.66, -19.41, -20.06, -20.67, -21.21, -21.67, -22.13, -22.45, -22.82, -23.17, -23.48, -23.89, -24.24, -24.55, -24.84, -25.14, -25.36, -25.56, -25.73, -25.94, -26.11, -26.28, -26.42, -26.57, -26.73, -26.71, -26.41, -26.37, -25.86, -25.67, -25.59, -26.11, -26.60, -27.27, -27.77, -28.01, -28.07, -28.19, -28.21, -28.37, -28.44, -28.29, -28.38, -28.17, -27.83, -26.24, -21.21, -18.78, -17.16, -15.97, -15.97
2026-10-02, 13:09:57, 88000000, 90500000, 19531.25, 18112, -14.89, -16.79, -17.06, -16.21, -14.52, -12.13, -13.38, -15.37, -16.26, -19.47, -24.72, -27.15, -27.75, -28.00, -28.10, -28.13, -28.14, -28.13, -28.05, -27.98, -27.90, -27.74, -27.22, -26.85, -26.46, -25.48, -25.43, -26.14, -26.38, -26.63, -26.89, -26.91, -26.68, -26.61, -26.42, -26.25, -26.08, -25.93, -25.72, -25.50, -25.24, -24.95, -24.72, -24.38, -24.00, -23.63, -23.22, -22.98, -22.66, -22.27, -21.85, -21.35, -20.83, -20.25, -19.58, -18.87, -18.07, -17.14, -16.06, -14.80, -13.16, -10.62, -5.18, 1.16, 5.41, 5.41, 8.27, 8.17, 5.63, 3.93, 1.50, -4.00, -9.77, -12.84, -14.58, -15.90, -17.00, -17.93, -18.78, -19.51, -20.16, -20.77, -21.29, -21.81, -22.24, -22.55, -22.94, -23.18, -23.60, -23.99, -24.33, -24.59, -24.96, -25.18, -25.40, -25.61, -25.83, -26.04, -26.18, -26.35, -26.43, -26.58, -26.67, -26.80, -26.51, -26.41, -26.11, -25.35, -25.52, -26.37, -26.78, -27.28, -27.72, -28.03, -28.13, -28.20, -28.25, -28.40, -28.49, -28.36, -28.46, -28.29, -27.99, -26.54, -22.24, -18.87, -17.70, -16.14, -16.14
2026-10-02, 13:09:58, 88000000, 90500000, 19531.25, 18176, -15.24, -16.19, -17.53, -16.31, -13.82, -12.49, -12.52, -14.63, -18.09, -21.97, -25.31, -27.28, -27.77, -27.97, -28.07, -28.09, -28.06, -28.06, -27.99, -27.90, -27.81, -27.69, -27.44, -26.91, -26.09, -25.51, -25.36, -25.83, -26.38, -26.80, -26.79, -26.79, -26.65, -26.51, -26.37, -26.19, -26.02, -25.83, -25.63, -25.43, -25.18, -24.90, -24.65, -24.35, -23.92, -23.55, -23.19, -22.86, -22.62, -22.24, -21.78, -21.32, -20.78, -20.21, -19.58, -18.86, -18.09, -17.20, -16.19, -15.00, -13.53, -11.51, -7.37, -1.41, 6.54, 6.54, 8.11, 8.32, 6.75, 3.50, -1.18, -5.84, -10.77, -13.21, -14.78, -16.01, -17.05, -17.96, -18.78, -19.48, -20.14, -20.72, -21.26, -21.76, -22.17, -22.49, -22.86, -23.13, -23.49, -23.91, -24.30, -24.56, -24.89, -25.12, -25.37, -25.57, -25.75, -25.94, -26.10, -26.24, -26.40, -26.50, -26.67, -26.76, -26.69, -26.37, -25.79, -25.45, -25.42, -26.01, -26.82, -27.44, -27.73, -27.91, -28.04, -28.14, -28.16, -28.35, -28.40, -28.32, -28.40, -28.29, -28.07, -27.31, -24.15, -20.34, -17.29, -15.51, -15.51
2026-10-02, 13:09:59, 88000000, 90500000, 19531.25, 18176, -15.71, -16.37, -17.15, -15.85, -13.74, -12.98, -12.89, -14.72, -16.86, -20.27, -24.78, -27.00, -27.71, -27.96, -28.02, -28.06, -28.05, -28.03, -27.93, -27.92, -27.81, -27.60, -27.37, -26.82, -26.02, -25.55, -25.51, -25.88, -26.38, -26.59, -26.81, -26.80, -26.65, -26.52, -26.34, -26.21, -25.98, -25.86, -25.61, -25.40, -25.18, -24.88, -24.63, -24.33, -23.89, -23.53, -23.19, -22.84, -22.53, -22.15, -21.75, -21.26, -20.72, -20.13, -19.47, -18.79, -17.98, -17.08, -16.01, -14.77, -13.17, -10.73, -5.98, -0.06, 6.70, 6.70, 7.82, 7.88, 6.50, 3.89, 0.77, -4.56, -9.81, -12.82, -14.57, -15.87, -16.96, -17.87, -18.69, -19.43, -20.09, -20.69, -21.21, -21.71, -22.16, -22.47, -22.84, -23.18, -23.47, -23.88, -24.26, -24.51, -24.87, -25.12, -25.35, -25.57, -25.73, -25.91, -26.09, -26.23, -26.36, -26.53, -26.65, -26.76, -26.52, -26.30, -25.75, -25.54, -25.63, -26.06, -26.77, -27.27, -27.72, -27.84, -28.02, -28.09, -28.18, -28.30, -28.40, -28.31, -28.40, -28.24, -27.97, -26.76, -23.00, -19.48, -16.99, -15.49, -15.49
2026-10-02, 13:10:00, 88000000, 90500000, 19531.25, 18112, -14.85, -16.40, -17.45, -16.30, -14.14, -12.04, -12.71, -14.86, -17.39, -21.69, -25.55, -27.32, -27.84, -28.03, -28.07, -28.08, -28.13, -28.08, -28.01, -27.95, -27.84, -27.68, -27.40, -26.88, -26.25, -25.37, -25.32, -25.93, -26.39, -26.78, -26.84, -26.84, -26.66, -26.52, -26.38, -26.19, -26.05, -25.87, -25.63, -25.41, -25.20, -24.93, -24.68, -24.36, -23.97, -23.58, -23.16, -22.92, -22.61, -22.26, -21.80, -21.33, -20.81, -20.23, -19.56, -18.88, -18.07, -17.20, -16.16, -14.94, -13.41, -11.15, -6.55, -1.02, 5.87, 5.87, 8.53, 8.45, 6.31, 3.80, -0.60, -5.75, -10.84, -13.23, -14.77, -16.01, -17.07, -17.98, -18.78, -19.51, -20.14, -20.73, -21.28, -21.74, -22.20, -22.51, -22.88, -23.15, -23.50, -23.92, -24.30, -24.58, -24.87, -25.13, -25.35, -25.61, -25.77, -25.98, -26.15, -26.25, -26.42, -26.58, -26.71, -26.78, -26.65, -26.37, -26.00, -25.30, -25.39, -26.16, -26.82, -27.39, -27.72, -27.91, -28.06, -28.15, -28.16, -28.37, -28.44, -28.32, -28.45, -28.30, -28.04, -26.86, -23.87, -19.97, -17.53, -15.71, -15.71
2026-10-02, 13:10:01, 88000000, 90500000, 19531.25, 18176, -15.24, -16.23, -17.17, -16.15, -14.20, -12.48, -12.75, -14.78, -16.95, -20.56, -24.68, -27.08, -27.72, -27.99, -28.00, -28.08, -28.04, -28.04, -27.93, -27.96, -27.83, -27.64, -27.29, -26.79, -26.27, -25.50, -25.33, -25.88, -26.33, -26.65, -26.74, -26.78, -26.65, -26.55, -26.35, -26.16, -26.00, -25.81, -25.59, -25.39, -25.14, -24.91, -24.62, -24.29, -23.93, -23.56, -23.19, -22.86, -22.56, -22.19, -21.76, -21.29, -20.76, -20.13, -19.51, -18.79, -17.97, -17.09, -16.02, -14.77, -13.18, -10.61, -4.72, 0.10, 5.82, 5.82, 8.11, 8.26, 6.36, 3.92, 0.41, -4.48, -10.07, -12.87, -14.59, -15.88, -16.94, -17.87, -18.70, -19.42, -20.08, -20.65, -21.21, -21.71, -22.12, -22.43, -22.83, -23.11, -23.47, -23.86, -24.22, -24.54, -24.85, -25.09, -25.33, -25.54, -25.70, -25.92, -26.11, -26.28, -26.38, -26.48, -26.63, -26.73, -26.51, -26.32, -25.97, -25.42, -25.47, -26.16, -26.78, -27.31, -27.70, -27.87, -28.01, -28.07, -28.17, -28.30, -28.38, -28.29, -28.34, -28.19, -27.90, -26.25, -22.45, -19.43, -17.47, -15.81, -15.81
2026-10-02, 13:10:02, 88000000, 90500000, 19531.25, 18176, -16.44, -16.43, -15.63, -15.40, -14.82, -13.79, -13.27, -13.22, -16.15, -20.72, -25.13, -27.14, -27.68, -27.90, -28.02, -28.08, -28.11, -28.01, -27.96, -27.90, -27.85, -27.59, -27.14, -26.49, -26.23, -26.00, -25.71, -25.65, -26.07, -26.65, -26.75, -26.78, -26.60, -26.49, -26.35, -26.15, -26.00, -25.79, -25.59, -25.35, -25.16, -24.87, -24.59, -24.26, -23.87, -23.54, -23.21, -22.85, -22.51, -22.15, -21.69, -21.20, -20.70, -20.09, -19.44, -18.68, -17.89, -16.96, -15.84, -14.56, -12.85, -10.09, -4.73, 1.73, 5.85, 5.85, 6.84, 7.13, 7.25, 5.19, 0.67, -5.01, -10.31, -12.88, -14.52, -15.85, -16.92, -17.85, -18.66, -19.40, -20.05, -20.64, -21.18, -21.69, -22.08, -22.43, -22.83, -23.17, -23.49, -23.82, -24.23, -24.57, -24.86, -25.10, -25.35, -25.56, -25.71, -25.92, -26.09, -26.25, -26.34, -26.47, -26.64, -26.67, -26.41, -26.00, -26.00, -25.81, -25.86, -25.86, -26.53, -27.25, -27.70, -27.89, -28.02, -28.13, -28.16, -28.32, -28.40, -28.27, -28.34, -28.16, -27.78, -26.20, -21.71, -17.80, -16.80, -16.55, -16.55
2026-10-02, 13:10:03, 88000000, 90500000, 19531.25, 18240, -16.19, -16.02, -16.12, -15.99, -14.40, -13.51, -12.78, -13.94, -16.42, -20.07, -24.89, -27.15, -27.69, -27.96, -28.01, -28.09, -28.08, -28.03, -27.97, -27.96, -27.75, -27.58, -27.14, -26.67, -26.27, -25.77, -25.64, -25.65, -26.22, -26.53, -26.79, -26.76, -26.64, -26.51, -26.33, -26.15, -25.98, -25.85, -25.59, -25.42, -25.16, -24.85, -24.63, -24.30, -23.86, -23.54, -23.18, -22.82, -22.49, -22.13, -21.73, -21.26, -20.71, -20.09, -19.46, -18.72, -17.90, -16.97, -15.87, -14.56, -12.86, -10.14, -4.18, 1.77, 6.00, 6.00, 7.21, 7.58, 7.05, 4.60, 1.04, -4.64, -10.22, -12.89, -14.54, -15.84, -16.93, -17.86, -18.69, -19.40, -20.08, -20.66, -21.21, -21.71, -22.11, -22.46, -22.83, -23.18, -23.46, -23.85, -24.24, -24.54, -24.88, -25.13, -25.36, -25.52, -25.72, -25.92, -26.08, -26.25, -26.35, -26.48, -26.63, -26.65, -26.43, -26.22, -25.92, -25.67, -25.60, -25.95, -26.62, -27.29, -27.73, -27.94, -28.05, -28.12, -28.14, -28.35, -28.37, -28.31, -28.32, -28.18, -27.81, -26.12, -21.35, -18.19, -17.35, -16.15, -16.15
2026-10-02, 13:10:04, 88000000, 90500000, 19531.25, 18176, -15.05, -16.64, -16.78, -16.21, -14.44, -12.25, -13.33, -14.85, -15.93, -20.22, -25.17, -27.13, -27.70, -27.93, -28.00, -28.02, -28.06, -28.05, -27.97, -27.91, -27.80, -27.69, -27.17, -26.79, -26.29, -25.48, -25.50, -26.03, -26.21, -26.53, -26.78, -26.78, -26.62, -26.49, -26.35, -26.12, -26.05, -25.87, -25.64, -25.37, -25.18, -24.90, -24.60, -24.28, -23.90, -23.55, -23.14, -22.89, -22.59, -22.17, -21.75, -21.28, -20.74, -20.13, -19.51, -18.76, -17.96, -17.04, -15.96, -14.65, -13.02, -10.35, -4.59, 1.30, 5.56, 5.56, 8.25, 8.03, 5.80, 4.61, 1.29, -4.81, -10.21, -12.89, -14.54, -15.82, -16.92, -17.85, -18.68, -19.40, -20.05, -20.66, -21.19, -21.68, -22.13, -22.43, -22.87, -23.12, -23.50, -23.88, -24.24, -24.53, -24.83, -25.10, -25.34, -25.56, -25.74, -25.97, -26.10, -26.25, -26.37, -26.52, -26.67, -26.66, -26.46, -26.35, -26.04, -25.34, -25.47, -26.22, -26.59, -27.28, -27.76, -27.96, -28.07, -28.11, -28.12, -28.34, -28.38, -28.32, -28.35, -28.23, -27.81, -26.27, -21.71, -18.86, -17.78, -16.01, -16.01
2026-10-02, 13:10:05, 88000000, 90500000, 19531.25, 18176, -15.58, -16.50, -17.12, -15.92, -13.68, -12.80, -13.03, -14.55, -16.96, -20.10, -24.98, -27.08, -27.72, -27.97, -28.04, -28.02, -28.06, -28.00, -27.95, -27.91, -27.84, -27.67, -27.33, -26.83, -26.05, -25.53, -25.53, -25.86, -26.30, -26.63, -26.78, -26.77, -26.59, -26.53, -26.30, -26.14, -26.00, -25.82, -25.58, -25.39, -25.14, -24.89, -24.61, -24.29, -23.84, -23.51, -23.14, -22.83, -22.56, -22.16, -21.74, -21.23, -20.72, -20.13, -19.50, -18.77, -17.95, -17.06, -16.01, -14.74, -13.18, -10.67, -5.80, 0.07, 6.68, 6.68, 8.07, 7.82, 6.46, 3.93, 0.81, -4.66, -10.26, -12.99, -14.62, -15.89, -16.99, -17.88, -18.71, -19.41, -20.08, -20.68, -21.23, -21.71, -22.13, -22.43, -22.80, -23.16, -23.50, -23.88, -24.26, -24.52, -24.88, -25.09, -25.31, -25.55, -25.69, -25.96, -26.11, -26.24, -26.39, -26.52, -26.67, -26.70, -26.57, -26.32, -25.73, -25.39, -25.53, -26.15, -26.73, -27.31, -27.72, -27.88, -28.01, -28.14, -28.13, -28.32, -28.40, -28.35, -28.38, -28.22, -27.95, -26.66, -22.95, -19.62, -17.05, -15.39, -15.39
2026-10-02, 13:10:06, 88000000, 90500000, 19531.25, 18176, -15.42, -16.14, -17.10, -15.96, -14.01, -12.70, -12.56, -14.59, -17.15, -20.71, -24.67, -27.07, -27.70, -27.89, -27.99, -28.04, -28.03, -28.00, -27.96, -27.89, -27.76, -27.60, -27.29, -26.73, -26.15, -25.57, -25.30, -25.84, -26.33, -26.67, -26.74, -26.73, -26.66, -26.48, -26.34, -26.13, -25.99, -25.82, -25.56, -25.38, -25.13, -24.89, -24.60, -24.30, -23.90, -23.54, -23.16, -22.81, -22.55, -22.17, -21.75, -21.28, -20.72, -20.15, -19.49, -18.78, -18.00, -17.09, -16.03, -14.79, -13.20, -10.62, -5.49, -0.34, 6.32, 6.32, 7.91, 8.25, 6.67, 3.82, 0.10, -4.22, -10.16, -12.94, -14.60, -15.91, -16.96, -17.86, -18.69, -19.42, -20.07, -20.70, -21.20, -21.69, -22.09, -22.44, -22.80, -23.10, -23.44, -23.85, -24.22, -24.53, -24.88, -25.06, -25.33, -25.54, -25.70, -25.90, -26.08, -26.23, -26.37, -26.52, -26.67, -26.71, -26.63, -26.23, -25.85, -25.50, -25.43, -25.99, -26.78, -27.33, -27.67, -27.85, -28.00, -28.08, -28.16, -28.34, -28.40, -28.28, -28.34, -28.23, -27.85, -26.47, -23.17, -19.35, -17.15, -15.71, -15.71
2026-10-02, 13:10:07, 88000000, 90500000, 19531.25, 18176, -16.45, -16.96, -16.20, -14.94, -14.07, -13.76, -13.77, -13.88, -15.51, -19.44, -24.46, -26.93, -27.62, -27.88, -28.04, -28.09, -28.03, -28.04, -27.93, -27.91, -27.79, -27.60, -27.21, -26.58, -25.93, -25.80, -25.93, -25.92, -26.07, -26.51, -26.80, -26.79, -26.67, -26.52, -26.36, -26.16, -25.99, -25.82, -25.60, -25.45, -25.18, -24.88, -24.64, -24.30, -23.84, -23.55, -23.21, -22.89, -22.51, -22.18, -21.71, -21.25, -20.72, -20.10, -19.46, -18.75, -17.89, -16.98, -15.92, -14.61, -12.95, -10.29, -4.68, 1.04, 6.92, 6.92, 7.13, 6.88, 6.36, 5.34, 1.91, -4.05, -9.93, -12.74, -14.46, -15.81, -16.90, -17.85, -18.68, -19.41, -20.07, -20.68, -21.22, -21.71, -22.14, -22.46, -22.86, -23.17, -23.53, -23.86, -24.23, -24.54, -24.89, -25.09, -25.34, -25.62, -25.76, -25.93, -26.13, -26.33, -26.37, -26.54, -26.65, -26.74, -26.51, -26.11, -25.69, -25.70, -25.88, -26.06, -26.44, -27.14, -27.69, -27.91, -28.05, -28.17, -28.14, -28.30, -28.40, -28.30, -28.31, -28.17, -27.80, -26.24, -22.15, -18.45, -16.22, -15.92, -15.92
2026-10-02, 13:10:08, 88000000, 90500000, 19531.25, 18176, -16.45, -16.68, -16.41, -15.11, -13.96, -13.74, -13.25, -13.62, -16.36, -20.72, -25.49, -27.21, -27.70, -27.96, -28.01, -28.06, -28.04, -28.01, -27.94, -27.91, -27.81, -27.66, -27.28, -26.62, -25.90, -25.80, -25.77, -25.75, -26.13, -26.63, -26.82, -26.75, -26.62, -26.47, -26.34, -26.16, -25.97, -25.81, -25.60, -25.39, -25.16, -24.89, -24.64, -24.28, -23.85, -23.55, -23.22, -22.83, -22.50, -22.16, -21.76, -21.22, -20.71, -20.11, -19.47, -18.76, -17.94, -17.05, -15.97, -14.72, -13.18, -10.89, -6.27, -0.09, 6.92, 6.92, 7.22, 7.19, 6.93, 4.89, 0.74, -5.58, -10.51, -12.94, -14.58, -15.84, -16.93, -17.86, -18.67, -19.42, -20.07, -20.67, -21.22, -21.68, -22.11, -22.41, -22.81, -23.17, -23.49, -23.82, -24.19, -24.52, -24.83, -25.07, -25.35, -25.56, -25.73, -25.92, -26.09, -26.24, -26.32, -26.50, -26.64, -26.68, -26.55, -26.12, -25.75, -25.70, -25.73, -25.98, -26.54, -27.28, -27.73, -27.92, -27.99, -28.13, -28.14, -28.34, -28.39, -28.30, -28.37, -28.22, -27.92, -26.84, -23.38, -18.96, -16.27, -15.74, -15.74
2026-10-02, 13:10:09, 88000000, 90500000, 19531.25, 18112, -16.42, -16.21, -16.03, -15.42, -14.56, -13.77, -13.00, -13.79, -16.41, -19.75, -23.98, -27.03, -27.64, -27.89, -28.00, -28.08, -28.06, -28.00, -27.94, -27.89, -27.82, -27.61, -27.20, -26.63, -26.12, -25.97, -25.73, -25.66, -26.25, -26.65, -26.78, -26.81, -26.65, -26.53, -26.37, -26.22, -26.03, -25.84, -25.63, -25.43, -25.18, -24.94, -24.67, -24.32, -23.89, -23.58, -23.24, -22.89, -22.54, -22.17, -21.72, -21.27, -20.72, -20.13, -19.45, -18.76, -17.92, -16.95, -15.87, -14.55, -12.84, -9.93, -4.14, 1.46, 6.34, 6.34, 6.81, 7.35, 7.16, 4.55, 1.03, -3.54, -9.72, -12.76, -14.51, -15.88, -16.96, -17.90, -18.71, -19.47, -20.14, -20.71, -21.29, -21.74, -22.16, -22.46, -22.91, -23.24, -23.52, -23.91, -24.31, -24.55, -24.91, -25.16, -25.38, -25.63, -25.83, -26.05, -26.17, -26.31, -26.44, -26.55, -26.70, -26.70, -26.43, -26.19, -25.91, -25.81, -25.81, -25.91, -26.66, -27.28, -27.66, -27.94, -28.06, -28.17, -28.20, -28.38, -28.45, -28.37, -28.44, -28.24, -27.85, -26.03, -21.83, -18.08, -16.66, -16.41, -16.41
2026-10-02, 13:10:10, 88000000, 90500000, 19531.25, 18240, -16.49, -16.52, -15.64, -15.21, -14.74, -13.80, -13.32, -13.34, -16.02, -20.20, -25.26, -27.09, -27.70, -27.91, -27.99, -28.01, -28.01, -27.98, -27.95, -27.91, -27.83, -27.62, -27.18, -26.45, -26.13, -25.89, -25.77, -25.66, -26.05, -26.57, -26.74, -26.70, -26.56, -26.44, -26.30, -26.11, -25.96, -25.78, -25.57, -25.33, -25.13, -24.85, -24.58, -24.21, -23.80, -23.57, -23.22, -22.82, -22.44, -22.10, -21.66, -21.20, -20.67, -20.08, -19.41, -18.67, -17.86, -16.91, -15.86, -14.53, -12.88, -10.22, -4.75, 1.53, 6.10, 6.10, 6.88, 7.07, 7.10, 5.24, 1.05, -5.00, -10.21, -12.80, -14.48, -15.78, -16.89, -17.78, -18.62, -19.35, -20.02, -20.63, -21.16, -21.66, -22.07, -22.39, -22.82, -23.16, -23.48, -23.77, -24.21, -24.50, -24.84, -25.05, -25.30, -25.49, -25.70, -25.91, -26.07, -26.21, -26.32, -26.47, -26.62, -26.68, -26.34, -26.02, -25.93, -25.78, -25.76, -25.86, -26.48, -27.18, -27.66, -27.90, -27.98, -28.12, -28.16, -28.30, -28.37, -28.27, -28.34, -28.15, -27.81, -26.35, -22.01, -17.73, -16.55, -16.51, -16.51
2026-10-02, 13:10:11, 88000000, 90500000, 19531.25, 18176, -15.85, -16.36, -16.44, -15.96, -14.07, -13.13, -13.27, -14.15, -15.77, -20.41, -24.74, -27.09, -27.67, -27.91, -28.00, -28.01, -28.06, -28.03, -27.97, -27.89, -27.80, -27.57, -27.14, -26.76, -26.20, -25.59, -25.66, -25.88, -26.09, -26.55, -26.77, -26.77, -26.62, -26.49, -26.33, -26.17, -26.00, -25.79, -25.57, -25.36, -25.15, -24.87, -24.57, -24.29, -23.87, -23.49, -23.14, -22.84, -22.50, -22.11, -21.70, -21.25, -20.66, -20.08, -19.44, -18.69, -17.86, -16.95, -15.86, -14.53, -12.80, -9.79, -3.07, 1.57, 6.25, 6.25, 7.72, 7.41, 6.62, 4.86, 1.15, -4.57, -10.11, -12.82, -14.51, -15.80, -16.88, -17.82, -18.65, -19.39, -20.03, -20.65, -21.17, -21.67, -22.11, -22.42, -22.80, -23.11, -23.47, -23.83, -24.20, -24.52, -24.79, -25.12, -25.32, -25.54, -25.71, -25.93, -26.09, -26.22, -26.36, -26.49, -26.62, -26.59, -26.38, -26.25, -25.86, -25.55, -25.71, -26.06, -26.66, -27.29, -27.74, -27.84, -27.98, -28.06, -28.10, -28.33, -28.35, -28.27, -28.33, -28.14, -27.70, -25.42, -21.24, -18.70, -17.41, -15.75, -15.75
2026-10-02, 13:10:12, 88000000, 90500000, 19531.25, 18048, -15.92, -16.62, -16.48, -15.32, -14.18, -13.25, -13.47, -14.15, -15.63, -19.86, -23.98, -26.92, -27.59, -27.84, -28.01, -28.03, -28.03, -27.99, -27.92, -27.86, -27.74, -27.60, -27.16, -26.59, -26.05, -25.76, -25.62, -25.83, -26.10, -26.49, -26.69, -26.72, -26.60, -26.48, -26.33, -26.14, -25.94, -25.81, -25.54, -25.33, -25.11, -24.82, -24.55, -24.24, -23.84, -23.49, -23.14, -22.80, -22.49, -22.08, -21.68, -21.18, -20.67, -20.07, -19.40, -18.68, -17.86, -16.93, -15.84, -14.54, -12.88, -10.10, -4.47, 1.31, 6.45, 6.45, 7.35, 7.47, 6.33, 5.02, 1.69, -3.67, -9.53, -12.68, -14.41, -15.73, -16.82, -17.76, -18.58, -19.33, -20.03, -20.61, -21.15, -21.65, -22.11, -22.35, -22.79, -23.12, -23.43, -23.80, -24.10, -24.47, -24.78, -25.04, -25.27, -25.50, -25.67, -25.86, -26.08, -26.19, -26.36, -26.45, -26.62, -26.66, -26.38, -26.17, -25.83, -25.63, -25.65, -26.17, -26.52, -27.18, -27.61, -27.82, -27.98, -28.05, -28.11, -28.32, -28.31, -28.27, -28.31, -28.16, -27.78, -26.20, -21.40, -18.74, -16.74, -15.95, -15.95
2026-10-02, 13:10:13, 88000000, 90500000, 19531.25, 18112, -15.28, -16.07, -17.08, -15.92, -14.17, -12.56, -12.46, -14.29, -17.68, -21.41, -25.65, -27.22, -27.71, -27.94, -28.02, -28.02, -28.01, -27.99, -27.98, -27.90, -27.76, -27.62, -27.35, -26.83, -26.17, -25.54, -25.27, -25.74, -26.30, -26.70, -26.80, -26.73, -26.63, -26.49, -26.30, -26.13, -25.98, -25.78, -25.60, -25.39, -25.16, -24.84, -24.61, -24.28, -23.88, -23.55, -23.18, -22.84, -22.52, -22.17, -21.74, -21.25, -20.73, -20.14, -19.49, -18.78, -17.99, -17.07, -16.06, -14.81, -13.30, -11.04, -6.27, -0.45, 6.33, 6.33, 7.89, 8.42, 6.93, 3.70, -0.48, -5.78, -10.80, -13.17, -14.71, -15.96, -17.00, -17.91, -18.72, -19.46, -20.09, -20.68, -21.22, -21.70, -22.14, -22.44, -22.85, -23.10, -23.45, -23.89, -24.21, -24.49, -24.85, -25.08, -25.32, -25.57, -25.76, -25.91, -26.08, -26.28, -26.33, -26.48, -26.69, -26.75, -26.51, -26.28, -25.85, -25.45, -25.36, -25.97, -26.78, -27.39, -27.77, -27.94, -28.04, -28.14, -28.15, -28.33, -28.38, -28.36, -28.37, -28.23, -28.02, -26.96, -23.37, -19.72, -16.99, -15.84, -15.84
2026-10-02, 13:10:14, 88000000, 90500000, 19531.25, 18176, -15.84, -16.27, -16.73, -15.74, -13.91, -13.13, -12.87, -14.36, -16.81, -19.47, -24.06, -26.89, -27.65, -27.89, -28.01, -28.03, -28.04, -27.98, -27.95, -27.87, -27.79, -27.57, -27.25, -26.72, -26.03, -25.64, -25.52, -25.79, -26.30, -26.55, -26.69, -26.72, -26.59, -26.48, -26.29, -26.16, -25.98, -25.76, -25.55, -25.33, -25.08, -24.85, -24.59, -24.23, -23.84, -23.51, -23.13, -22.82, -22.49, -22.12, -21.70, -21.22, -20.70, -20.10, -19.46, -18.72, -17.94, -16.98, -15.94, -14.67, -13.04, -10.33, -4.78, 0.48, 6.57, 6.57, 7.60, 7.89, 6.53, 4.13, 1.27, -3.54, -9.31, -12.62, -14.42, -15.75, -16.83, -17.78, -18.61, -19.35, -19.99, -20.60, -21.15, -21.61, -22.07, -22.39, -22.74, -23.10, -23.43, -23.80, -24.16, -24.46, -24.81, -25.00, -25.26, -25.51, -25.67, -25.88, -26.05, -26.19, -26.31, -26.45, -26.62, -26.62, -26.43, -26.22, -25.75, -25.58, -25.49, -25.99, -26.66, -27.15, -27.68, -27.82, -28.03, -28.09, -28.11, -28.30, -28.35, -28.26, -28.33, -28.17, -27.81, -26.30, -22.23, -18.97, -16.95, -15.69, -15.69
2026-10-02, 13:10:15, 88000000, 90500000, 19531.25, 18176, -15.24, -16.25, -17.09, -15.68, -14.25, -12.58, -12.74, -14.39, -17.30, -20.67, -25.36, -27.25, -27.71, -27.97, -28.02, -28.09, -28.06, -27.99, -27.93, -27.95, -27.81, -27.60, -27.28, -26.76, -26.05, -25.66, -25.31, -25.81, -26.36, -26.64, -26.79, -26.74, -26.64, -26.51, -26.34, -26.16, -25.99, -25.80, -25.61, -25.37, -25.15, -24.84, -24.62, -24.27, -23.84, -23.52, -23.13, -22.79, -22.51, -22.16, -21.73, -21.25, -20.70, -20.12, -19.45, -18.74, -17.92, -17.04, -15.96, -14.71, -13.13, -10.45, -5.41, -0.03, 6.51, 6.51, 7.62, 8.36, 6.69, 3.89, 0.09, -5.16, -10.55, -13.04, -14.64, -15.91, -16.96, -17.90, -18.70, -19.42, -20.06, -20.68, -21.22, -21.68, -22.12, -22.39, -22.80, -23.08, -23.48, -23.89, -24.24, -24.54, -24.84, -25.10, -25.31, -25.53, -25.75, -25.92, -26.07, -26.22, -26.39, -26.55, -26.66, -26.72, -26.53, -26.26, -25.84, -25.53, -25.47, -26.01, -26.75, -27.36, -27.74, -27.94, -28.03, -28.13, -28.17, -28.34, -28.37, -28.33, -28.34, -28.22, -27.85, -26.55, -22.70, -19.64, -16.76, -16.01, -16.01
2026-10-02, 13:10:16, 88000000, 90500000, 19531.25, 18176, -15.75, -16.55, -17.07, -15.85, -13.68, -12.99, -13.15, -14.69, -16.59, -19.46, -24.51, -26.98, -27.69, -27.99, -28.06, -28.09, -28.16, -28.04, -28.04, -28.01, -27.90, -27.73, -27.29, -26.88, -26.11, -25.60, -25.61, -25.97, -26.39, -26.62, -26.79, -26.84, -26.68, -26.59, -26.40, -26.23, -26.05, -25.84, -25.66, -25.45, -25.22, -24.93, -24.69, -24.36, -23.94, -23.58, -23.23, -22.90, -22.61, -22.20, -21.79, -21.28, -20.77, -20.18, -19.51, -18.79, -17.98, -17.08, -16.02, -14.76, -13.12, -10.53, -5.19, 0.47, 6.67, 6.67, 7.91, 7.66, 6.43, 3.87, 1.40, -3.66, -9.75, -12.86, -14.55, -15.89, -16.96, -17.91, -18.73, -19.46, -20.10, -20.72, -21.26, -21.74, -22.20, -22.47, -22.90, -23.20, -23.55, -23.95, -24.28, -24.58, -24.88, -25.12, -25.40, -25.60, -25.80, -26.04, -26.13, -26.32, -26.47, -26.59, -26.71, -26.74, -26.61, -26.35, -25.80, -25.56, -25.68, -26.07, -26.79, -27.33, -27.76, -27.98, -28.12, -28.19, -28.22, -28.41, -28.43, -28.37, -28.39, -28.25, -27.93, -26.41, -22.55, -19.39, -17.06, -15.45, -15.45
2026-10-02, 13:10:17, 88000000, 90500000, 19531.25, 18176, -16.62, -16.49, -15.72, -15.43, -14.59, -13.94, -13.41, -13.46, -15.79, -19.82, -24.74, -27.10, -27.66, -27.92, -28.06, -28.08, -28.12, -28.05, -28.02, -27.92, -27.85, -27.63, -27.13, -26.64, -26.19, -26.06, -25.91, -25.73, -26.03, -26.57, -26.77, -26.78, -26.63, -26.55, -26.31, -26.16, -26.01, -25.84, -25.58, -25.38, -25.15, -24.88, -24.60, -24.25, -23.82, -23.54, -23.23, -22.86, -22.47, -22.12, -21.73, -21.20, -20.69, -20.06, -19.39, -18.66, -17.86, -16.91, -15.82, -14.49, -12.78, -10.12, -4.48, 2.06, 6.20, 6.20, 6.80, 6.95, 7.02, 5.21, 1.41, -4.30, -9.77, -12.59, -14.37, -15.68, -16.80, -17.73, -18.59, -19.33, -19.99, -20.62, -21.16, -21.65, -22.05, -22.40, -22.79, -23.15, -23.48, -23.82, -24.19, -24.52, -24.81, -25.10, -25.32, -25.53, -25.70, -25.95, -26.10, -26.25, -26.40, -26.51, -26.69, -26.69, -26.34, -26.13, -25.94, -25.77, -25.83, -25.95, -26.53, -27.28, -27.80, -27.97, -28.08, -28.19, -28.18, -28.38, -28.42, -28.33, -28.33, -28.14, -27.79, -26.31, -21.43, -17.90, -16.80, -16.39, -16.39
2026-10-02, 13:10:18, 88000000, 90500000, 19531.25, 18112, -16.14, -16.39, -16.11, -15.83, -14.23, -13.42, -13.14, -13.85, -16.54, -19.85, -24.46, -27.05, -27.73, -27.98, -28.05, -28.14, -28.09, -28.07, -27.97, -27.95, -27.87, -27.69, -27.20, -26.68, -26.15, -25.88, -25.73, -25.71, -26.33, -26.61, -26.84, -26.80, -26.67, -26.53, -26.38, -26.24, -26.06, -25.84, -25.72, -25.43, -25.23, -24.88, -24.62, -24.34, -23.90, -23.58, -23.24, -22.89, -22.53, -22.19, -21.73, -21.27, -20.72, -20.14, -19.48, -18.78, -17.94, -17.00, -15.93, -14.65, -12.98, -10.43, -5.16, 1.57, 6.30, 6.30, 7.29, 7.39, 7.07, 4.32, 0.98, -3.78, -9.79, -12.85, -14.52, -15.84, -16.95, -17.86, -18.70, -19.43, -20.09, -20.68, -21.25, -21.70, -22.17, -22.48, -22.87, -23.17, -23.53, -23.86, -24.27, -24.58, -24.89, -25.17, -25.39, -25.63, -25.80, -25.99, -26.13, -26.31, -26.45, -26.60, -26.76, -26.73, -26.46, -26.28, -25.88, -25.69, -25.77, -25.98, -26.78, -27.28, -27.74, -27.96, -28.03, -28.13, -28.18, -28.40, -28.42, -28.36, -28.35, -28.21, -27.83, -26.48, -22.00, -18.21, -17.10, -16.01, -16.01
2026-10-02, 13:10:19, 88000000, 90500000, 19531.25, 18176, -15.41, -16.63, -16.64, -15.81, -14.21, -12.71, -13.28, -14.69, -15.69, -20.43, -25.41, -27.20, -27.74, -28.01, -28.08, -28.11, -28.14, -28.10, -28.05, -28.00, -27.92, -27.67, -27.29, -26.85, -26.17, -25.72, -25.56, -26.02, -26.27, -26.68, -26.90, -26.82, -26.73, -26.51, -26.38, -26.25, -26.06, -25.84, -25.68, -25.44, -25.20, -24.92, -24.69, -24.34, -23.92, -23.60, -23.21, -22.89, -22.62, -22.18, -21.74, -21.29, -20.76, -20.18, -19.50, -18.78, -17.95, -17.02, -15.99, -14.70, -13.03, -10.40, -4.67, 1.18, 6.19, 6.19, 7.74, 7.94, 6.13, 4.68, 1.36, -5.16, -10.40, -12.93, -14.58, -15.88, -16.94, -17.88, -18.70, -19.45, -20.08, -20.71, -21.22, -21.74, -22.16, -22.47, -22.88, -23.20, -23.53, -23.92, -24.26, -24.56, -24.92, -25.14, -25.37, -25.62, -25.79, -25.97, -26.15, -26.31, -26.41, -26.59, -26.72, -26.74, -26.48, -26.32, -25.93, -25.60, -25.58, -26.24, -26.67, -27.27, -27.78, -27.91, -28.07, -28.17, -28.16, -28.37, -28.45, -28.33, -28.40, -28.23, -27.84, -26.22, -22.13, -18.71, -17.28, -15.91, -15.91
2026-10-02, 13:10:20, 88000000, 90500000, 19531.25, 18176, -15.65, -16.41, -16.90, -15.86, -13.84, -12.90, -13.02, -14.40, -16.64, -20.32, -24.64, -27.07, -27.72, -27.98, -28.07, -28.11, -28.12, -28.11, -28.01, -27.93, -27.86, -27.70, -27.31, -26.85, -26.13, -25.62, -25.55, -25.91, -26.31, -26.69, -26.87, -26.81, -26.65, -26.57, -26.39, -26.23, -26.06, -25.88, -25.65, -25.43, -25.19, -24.90, -24.62, -24.33, -23.91, -23.55, -23.20, -22.87, -22.54, -22.19, -21.75, -21.25, -20.74, -20.16, -19.51, -18.78, -17.96, -17.04, -16.00, -14.70, -13.14, -10.59, -5.11, 0.44, 6.51, 6.51, 7.92, 7.81, 6.63, 4.17, 0.69, -4.50, -9.78, -12.84, -14.58, -15.88, -16.96, -17.88, -18.71, -19.44, -20.08, -20.68, -21.23, -21.73, -22.15, -22.46, -22.87, -23.18, -23.50, -23.97, -24.28, -24.59, -24.89, -25.12, -25.38, -25.58, -25.81, -25.95, -26.16, -26.29, -26.41, -26.57, -26.70, -26.79, -26.55, -26.29, -25.88, -25.46, -25.58, -26.11, -26.75, -27.37, -27.76, -28.00, -28.10, -28.19, -28.23, -28.38, -28.42, -28.35, -28.43, -28.24, -27.93, -26.50, -22.51, -19.36, -17.07, -15.54, -15.54
2026-10-02, 13:10:21, 88000000, 90500000, 19531.25, 18240, -15.61, -16.03, -16.94, -15.56, -14.29, -12.91, -12.51, -14.61, -16.87, -20.45, -24.61, -27.08, -27.71, -27.95, -28.07, -28.10, -28.09, -28.06, -28.02, -27.95, -27.85, -27.72, -27.30, -26.70, -26.09, -25.76, -25.42, -25.81, -26.34, -26.67, -26.80, -26.80, -26.68, -26.53, -26.33, -26.20, -25.99, -25.81, -25.63, -25.40, -25.17, -24.88, -24.60, -24.30, -23.85, -23.54, -23.17, -22.80, -22.51, -22.15, -21.70, -21.24, -20.70, -20.10, -19.44, -18.74, -17.91, -17.01, -15.96, -14.68, -13.07, -10.66, -5.65, 0.48, 6.34, 6.34, 7.57, 8.22, 6.72, 3.93, 0.55, -4.53, -10.03, -12.97, -14.61, -15.87, -16.97, -17.86, -18.70, -19.42, -20.08, -20.68, -21.22, -21.70, -22.15, -22.43, -22.86, -23.11, -23.48, -23.90, -24.23, -24.58, -24.85, -25.09, -25.36, -25.55, -25.79, -25.93, -26.10, -26.28, -26.40, -26.53, -26.64, -26.73, -26.50, -26.23, -25.88, -25.53, -25.41, -26.05, -26.77, -27.36, -27.71, -27.95, -28.09, -28.12, -28.16, -28.32, -28.41, -28.34, -28.39, -28.21, -27.92, -26.66, -22.63, -19.10, -16.73, -16.03, -16.03
2026-10-02, 13:10:22, 88000000, 90500000, 19531.25, 18176, -16.02, -16.37, -16.49, -15.60, -14.27, -13.31, -13.20, -14.21, -16.09, -19.39, -24.31, -26.98, -27.66, -27.98, -28.05, -28.11, -28.15, -28.14, -28.00, -28.03, -27.90, -27.70, -27.30, -26.73, -26.22, -25.78, -25.68, -25.85, -26.22, -26.64, -26.85, -26.84, -26.68, -26.60, -26.43, -26.22, -26.04, -25.89, -25.68, -25.46, -25.20, -24.93, -24.66, -24.32, -23.89, -23.59, -23.22, -22.90, -22.54, -22.19, -21.75, -21.28, -20.73, -20.14, -19.49, -18.74, -17.93, -17.00, -15.91, -14.60, -12.84, -10.07, -3.86, 1.30, 6.21, 6.21, 7.42, 7.50, 6.61, 4.61, 1.50, -3.47, -9.62, -12.74, -14.48, -15.81, -16.91, -17.86, -18.69, -19.42, -20.10, -20.70, -21.20, -21.74, -22.15, -22.46, -22.89, -23.21, -23.51, -23.94, -24.25, -24.55, -24.89, -25.15, -25.41, -25.59, -25.76, -26.00, -26.18, -26.33, -26.43, -26.54, -26.70, -26.72, -26.48, -26.29, -25.96, -25.66, -25.75, -26.15, -26.75, -27.29, -27.71, -27.98, -28.04, -28.19, -28.21, -28.39, -28.47, -28.33, -28.42, -28.20, -27.76, -25.85, -21.50, -18.64, -16.96, -16.01, -16.01
2026-10-02, 13:10:23, 88000000, 90500000, 19531.25, 18240, -15.45, -16.70, -17.23, -15.86, -13.35, -12.65, -13.12, -14.37, -17.01, -21.37, -25.77, -27.32, -27.81, -28.00, -28.11, -28.08, -28.09, -28.05, -28.01, -27.98, -27.83, -27.75, -27.46, -26.84, -26.01, -25.48, -25.48, -25.84, -26.27, -26.72, -26.88, -26.76, -26.66, -26.47, -26.34, -26.17, -25.98, -25.81, -25.61, -25.39, -25.16, -24.89, -24.61, -24.32, -23.89, -23.48, -23.15, -22.81, -22.51, -22.16, -21.71, -21.24, -20.71, -20.13, -19.48, -18.76, -17.96, -17.06, -16.04, -14.83, -13.34, -11.33, -7.20, -1.00, 6.97, 6.97, 8.32, 7.81, 6.51, 4.20, 0.02, -6.14, -10.82, -13.13, -14.68, -15.95, -16.99, -17.90, -18.70, -19.42, -20.08, -20.68, -21.20, -21.70, -22.13, -22.42, -22.77, -23.16, -23.48, -23.85, -24.23, -24.53, -24.82, -25.11, -25.32, -25.52, -25.78, -25.91, -26.07, -26.25, -26.39, -26.49, -26.67, -26.70, -26.62, -26.37, -25.58, -25.35, -25.68, -26.15, -26.78, -27.37, -27.72, -27.94, -28.05, -28.10, -28.19, -28.34, -28.37, -28.31, -28.40, -28.22, -27.98, -27.10, -24.10, -20.04, -16.95, -15.07, -15.07
2026-10-02, 13:10:24, 88000000, 90500000, 19531.25, 18112, -15.92, -16.25, -15.96, -15.76, -14.71, -13.24, -12.95, -13.81, -16.58, -20.27, -24.34, -27.00, -27.76, -27.96, -28.09, -28.12, -28.13, -28.08, -28.09, -27.97, -27.91, -27.70, -27.25, -26.69, -26.34, -25.83, -25.61, -25.78, -26.26, -26.72, -26.87, -26.85, -26.65, -26.56, -26.41, -26.23, -26.03, -25.86, -25.64, -25.45, -25.21, -24.92, -24.67, -24.30, -23.91, -23.61, -23.24, -22.88, -22.56, -22.20, -21.74, -21.26, -20.72, -20.12, -19.46, -18.75, -17.91, -17.00, -15.92, -14.61, -12.96, -10.33, -4.85, 1.59, 5.87, 5.87, 7.17, 7.73, 6.98, 4.69, 0.65, -4.26, -9.38, -12.75, -14.51, -15.84, -16.92, -17.87, -18.70, -19.42, -20.07, -20.69, -21.23, -21.72, -22.14, -22.45, -22.88, -23.21, -23.50, -23.86, -24.29, -24.57, -24.91, -25.12, -25.37, -25.61, -25.75, -26.01, -26.14, -26.25, -26.42, -26.56, -26.73, -26.73, -26.44, -26.20, -25.98, -25.78, -25.68, -26.02, -26.72, -27.28, -27.77, -27.95, -28.12, -28.17, -28.18, -28.36, -28.44, -28.33, -28.39, -28.18, -27.86, -26.25, -21.96, -18.00, -17.08, -16.46, -16.46
2026-10-02, 13:10:25, 88000000, 90500000, 19531.25, 18176, -16.24, -16.36, -16.28, -15.54, -14.36, -13.57, -13.37, -14.14, -15.59, -18.92, -24.59, -26.95, -27.67, -27.92, -28.06, -28.06, -28.09, -28.06, -28.00, -27.94, -27.87, -27.60, -27.15, -26.70, -26.26, -25.81, -25.73, -25.88, -26.20, -26.51, -26.78, -26.77, -26.66, -26.56, -26.38, -26.16, -26.03, -25.84, -25.63, -25.45, -25.18, -24.89, -24.60, -24.31, -23.88, -23.55, -23.22, -22.88, -22.54, -22.15, -21.73, -21.22, -20.69, -20.09, -19.44, -18.71, -17.85, -16.93, -15.83, -14.48, -12.76, -9.80, -2.77, 1.90, 6.12, 6.12, 7.19, 7.29, 6.51, 4.85, 2.31, -3.63, -9.85, -12.64, -14.39, -15.71, -16.83, -17.79, -18.63, -19.39, -20.04, -20.65, -21.21, -21.68, -22.10, -22.43, -22.84, -23.16, -23.51, -23.88, -24.21, -24.55, -24.86, -25.10, -25.36, -25.59, -25.80, -25.95, -26.14, -26.30, -26.44, -26.55, -26.69, -26.69, -26.37, -26.25, -25.91, -25.74, -25.77, -26.12, -26.58, -27.16, -27.81, -27.99, -28.13, -28.23, -28.17, -28.35, -28.43, -28.33, -28.37, -28.17, -27.72, -25.43, -20.85, -18.39, -17.02, -16.14, -16.14
2026-10-02, 13:10:26, 88000000, 90500000, 19531.25, 18176, -16.02, -16.52, -16.44, -15.80, -13.83, -13.32, -13.30, -14.21, -16.16, -19.65, -23.86, -26.93, -27.68, -27.91, -28.06, -28.08, -28.07, -28.05, -28.01, -27.95, -27.88, -27.69, -27.24, -26.68, -26.08, -25.72, -25.68, -25.89, -26.23, -26.57, -26.78, -26.74, -26.64, -26.51, -26.38, -26.21, -25.98, -25.85, -25.63, -25.39, -25.16, -24.85, -24.59, -24.27, -23.84, -23.53, -23.18, -22.87, -22.49, -22.12, -21.70, -21.23, -20.69, -20.10, -19.42, -18.70, -17.90, -16.96, -15.89, -14.61, -12.98, -10.33, -4.53, 1.41, 6.51, 6.51, 7.58, 7.41, 6.55, 4.66, 1.30, -3.46, -9.40, -12.69, -14.42, -15.76, -16.86, -17.78, -18.65, -19.37, -20.03, -20.61, -21.18, -21.64, -22.10, -22.38, -22.80, -23.14, -23.52, -23.85, -24.22, -24.53, -24.84, -25.10, -25.28, -25.56, -25.73, -25.92, -26.12, -26.29, -26.40, -26.52, -26.68, -26.67, -26.40, -26.29, -25.83, -25.60, -25.70, -26.05, -26.68, -27.26, -27.71, -27.95, -28.05, -28.17, -28.13, -28.32, -28.40, -28.31, -28.40, -28.19, -27.83, -26.17, -21.78, -18.64, -17.13, -15.59, -15.59
2026-10-02, 13:10:27, 88000000, 90500000, 19531.25, 18112, -15.94, -16.32, -16.69, -15.73, -14.08, -13.23, -13.04, -14.40, -16.08, -20.01, -24.52, -27.14, -27.70, -27.96, -28.08, -28.08, -28.11, -28.06, -28.02, -27.98, -27.84, -27.66, -27.24, -26.72, -26.09, -25.73, -25.64, -25.90, -26.28, -26.61, -26.80, -26.80, -26.66, -26.51, -26.38, -26.19, -26.00, -25.87, -25.64, -25.38, -25.22, -24.88, -24.63, -24.32, -23.87, -23.57, -23.18, -22.87, -22.54, -22.14, -21.74, -21.26, -20.71, -20.11, -19.43, -18.72, -17.92, -16.97, -15.89, -14.59, -12.87, -9.92, -3.92, 0.97, 6.37, 6.37, 7.56, 7.64, 6.52, 4.53, 1.34, -4.22, -9.93, -12.86, -14.50, -15.84, -16.91, -17.84, -18.67, -19.41, -20.08, -20.69, -21.26, -21.68, -22.13, -22.45, -22.87, -23.17, -23.52, -23.88, -24.23, -24.56, -24.87, -25.12, -25.36, -25.58, -25.77, -25.97, -26.12, -26.33, -26.42, -26.53, -26.70, -26.72, -26.53, -26.28, -25.93, -25.61, -25.64, -26.08, -26.68, -27.26, -27.77, -27.97, -28.11, -28.18, -28.19, -28.36, -28.47, -28.35, -28.41, -28.20, -27.83, -25.90, -21.74, -19.01, -17.05, -15.81, -15.81
2026-10-02, 13:10:28, 88000000, 90500000, 19531.25, 18112, -15.03, -16.40, -17.37, -16.28, -13.89, -12.28, -12.78, -14.99, -17.16, -21.07, -25.25, -27.32, -27.84, -28.01, -28.14, -28.16, -28.14, -28.09, -28.09, -28.03, -27.90, -27.79, -27.39, -26.95, -26.28, -25.48, -25.40, -25.93, -26.46, -26.80, -26.88, -26.85, -26.73, -26.61, -26.47, -26.26, -26.06, -25.89, -25.71, -25.49, -25.23, -24.93, -24.71, -24.36, -23.95, -23.57, -23.16, -22.90, -22.60, -22.22, -21.78, -21.30, -20.78, -20.18, -19.54, -18.81, -18.01, -17.11, -16.09, -14.85, -13.31, -11.11, -6.34, -0.15, 6.20, 6.20, 8.27, 8.43, 6.27, 3.62, 0.16, -5.41, -10.61, -13.16, -14.73, -15.98, -17.07, -17.95, -18.77, -19.50, -20.15, -20.74, -21.28, -21.76, -22.21, -22.49, -22.83, -23.19, -23.55, -23.99, -24.31, -24.58, -24.91, -25.12, -25.41, -25.65, -25.81, -26.03, -26.18, -26.34, -26.43, -26.54, -26.78, -26.79, -26.65, -26.39, -25.91, -25.46, -25.40, -26.20, -26.82, -27.41, -27.80, -28.01, -28.11, -28.19, -28.24, -28.39, -28.48, -28.40, -28.40, -28.29, -28.03, -27.01, -23.22, -19.69, -17.49, -15.53, -15.53
2026-10-02, 13:10:29, 88000000, 90500000, 19531.25, 18112, -15.64, -16.17, -16.61, -15.97, -14.40, -12.94, -12.86, -14.37, -16.71, -19.69, -24.56, -27.01, -27.72, -27.96, -28.07, -28.09, -28.13, -28.11, -28.08, -28.09, -27.93, -27.75, -27.29, -26.77, -26.28, -25.84, -25.54, -25.87, -26.34, -26.70, -26.84, -26.84, -26.74, -26.58, -26.44, -26.25, -26.05, -25.90, -25.66, -25.46, -25.22, -24.92, -24.66, -24.33, -23.95, -23.60, -23.21, -22.87, -22.58, -22.18, -21.76, -21.26, -20.73, -20.13, -19.49, -18.74, -17.94, -17.02, -15.92, -14.65, -12.98, -9.73, -4.30, 1.19, 5.97, 5.97, 7.50, 7.97, 6.64, 4.21, 1.02, -3.84, -10.00, -12.84, -14.54, -15.85, -16.95, -17.86, -18.69, -19.44, -20.09, -20.70, -21.20, -21.74, -22.15, -22.49, -22.89, -23.16, -23.51, -23.94, -24.27, -24.56, -24.92, -25.13, -25.40, -25.67, -25.82, -26.04, -26.18, -26.29, -26.47, -26.57, -26.75, -26.74, -26.54, -26.31, -26.02, -25.66, -25.62, -26.20, -26.84, -27.36, -27.75, -27.93, -28.07, -28.21, -28.21, -28.42, -28.47, -28.38, -28.41, -28.23, -27.82, -25.98, -21.72, -18.77, -17.26, -16.15, -16.15
2026-10-02, 13:10:30, 88000000, 90500000, 19531.25, 17984, -15.81, -16.95, -16.76, -15.78, -13.56, -12.97, -13.70, -14.15, -16.14, -20.56, -25.24, -27.26, -27.78, -28.05, -28.10, -28.16, -28.15, -28.16, -28.06, -28.04, -27.92, -27.73, -27.39, -26.88, -26.13, -25.57, -25.76, -25.97, -26.28, -26.70, -26.92, -26.90, -26.71, -26.57, -26.44, -26.27, -26.08, -25.89, -25.70, -25.45, -25.22, -24.96, -24.68, -24.36, -23.87, -23.56, -23.23, -22.93, -22.58, -22.22, -21.77, -21.29, -20.78, -20.16, -19.53, -18.78, -17.99, -17.06, -15.99, -14.72, -13.11, -10.62, -5.54, 0.53, 6.81, 6.81, 8.08, 7.24, 6.29, 4.84, 0.85, -5.25, -10.29, -12.98, -14.59, -15.90, -16.96, -17.89, -18.71, -19.46, -20.12, -20.69, -21.24, -21.75, -22.18, -22.46, -22.87, -23.20, -23.61, -23.91, -24.27, -24.61, -24.89, -25.16, -25.40, -25.63, -25.85, -26.03, -26.16, -26.33, -26.44, -26.60, -26.76, -26.80, -26.57, -26.40, -25.73, -25.47, -25.87, -26.23, -26.64, -27.36, -27.80, -27.96, -28.07, -28.24, -28.21, -28.39, -28.50, -28.41, -28.42, -28.26, -27.94, -26.54, -22.38, -19.38, -17.01, -15.28, -15.28
2026-10-02, 13:10:31, 88000000, 90500000, 19531.25, 18176, -15.45, -16.28, -16.75, -15.94, -14.11, -12.75, -12.84, -14.34, -16.75, -20.65, -24.78, -27.18, -27.75, -27.99, -28.05, -28.09, -28.12, -28.03, -28.00, -27.96, -27.87, -27.70, -27.26, -26.85, -26.17, -25.63, -25.44, -25.86, -26.31, -26.70, -26.80, -26.84, -26.69, -26.55, -26.36, -26.21, -26.01, -25.83, -25.62, -25.39, -25.18, -24.89, -24.62, -24.31, -23.87, -23.53, -23.15, -22.86, -22.52, -22.15, -21.70, -21.23, -20.71, -20.09, -19.46, -18.70, -17.93, -17.01, -15.95, -14.69, -13.10, -10.70, -5.49, 0.63, 6.24, 6.24, 7.78, 8.15, 6.59, 4.16, 0.64, -4.65, -10.21, -12.92, -14.56, -15.82, -16.90, -17.82, -18.66, -19.38, -20.04, -20.63, -21.17, -21.68, -22.10, -22.40, -22.83, -23.12, -23.44, -23.84, -24.21, -24.55, -24.85, -25.08, -25.35, -25.56, -25.75, -25.92, -26.10, -26.26, -26.41, -26.52, -26.63, -26.75, -26.54, -26.24, -25.91, -25.50, -25.45, -26.06, -26.73, -27.32, -27.80, -27.96, -28.11, -28.20, -28.19, -28.38, -28.41, -28.34, -28.38, -28.25, -27.94, -26.76, -22.41, -19.09, -17.19, -15.79, -15.79
2026-10-02, 13:10:32, 88000000, 90500000, 19531.25, 18112, -16.09, -16.39, -16.04, -15.51, -14.46, -13.39, -13.32, -13.84, -15.89, -19.58, -23.94, -26.96, -27.63, -27.91, -28.06, -28.09, -28.10, -28.06, -28.01, -28.00, -27.88, -27.69, -27.15, -26.69, -26.29, -25.76, -25.79, -25.79, -26.18, -26.61, -26.77, -26.80, -26.67, -26.52, -26.38, -26.23, -26.05, -25.79, -25.65, -25.39, -25.17, -24.91, -24.62, -24.27, -23.90, -23.57, -23.18, -22.84, -22.51, -22.13, -21.70, -21.21, -20.67, -20.08, -19.42, -18.68, -17.86, -16.91, -15.81, -14.50, -12.77, -10.01, -3.84, 1.90, 6.05, 6.05, 7.26, 7.34, 6.76, 4.98, 1.64, -3.50, -9.83, -12.73, -14.46, -15.77, -16.85, -17.82, -18.64, -19.38, -20.03, -20.68, -21.19, -21.69, -22.09, -22.47, -22.85, -23.17, -23.49, -23.86, -24.22, -24.54, -24.86, -25.10, -25.35, -25.58, -25.78, -25.95, -26.15, -26.27, -26.37, -26.55, -26.72, -26.66, -26.41, -26.13, -25.97, -25.73, -25.78, -26.03, -26.56, -27.29, -27.73, -27.97, -28.09, -28.17, -28.22, -28.34, -28.45, -28.33, -28.36, -28.15, -27.79, -26.03, -21.10, -18.16, -16.94, -16.22, -16.22
2026-10-02, 13:10:33, 88000000, 90500000, 19531.25, 18112, -16.30, -16.45, -16.16, -15.48, -14.20, -13.62, -13.42, -13.94, -15.86, -19.05, -24.02, -26.92, -27.65, -27.91, -28.06, -28.11, -28.15, -28.14, -27.97, -27.98, -27.89, -27.66, -27.18, -26.67, -26.16, -25.84, -25.73, -25.92, -26.24, -26.56, -26.81, -26.82, -26.69, -26.60, -26.41, -26.19, -26.03, -25.85, -25.69, -25.42, -25.15, -24.92, -24.61, -24.28, -23.91, -23.56, -23.20, -22.86, -22.50, -22.14, -21.70, -21.22, -20.68, -20.06, -19.42, -18.67, -17.86, -16.91, -15.81, -14.47, -12.74, -9.75, -3.44, 1.71, 6.31, 6.31, 7.28, 7.14, 6.65, 4.94, 1.89, -3.12, -9.67, -12.67, -14.41, -15.76, -16.86, -17.78, -18.64, -19.38, -20.04, -20.64, -21.21, -21.71, -22.11, -22.47, -22.85, -23.17, -23.51, -23.88, -24.22, -24.55, -24.88, -25.12, -25.39, -25.61, -25.83, -26.00, -26.17, -26.30, -26.43, -26.55, -26.70, -26.73, -26.47, -26.22, -25.90, -25.73, -25.87, -26.08, -26.57, -27.25, -27.70, -28.00, -28.12, -28.16, -28.19, -28.34, -28.39, -28.29, -28.31, -28.13, -27.69, -25.78, -21.06, -18.30, -16.85, -15.98, -15.98
2026-10-02, 13:10:34, 88000000, 90500000, 19531.25, 18176, -16.05, -16.71, -16.63, -15.48, -13.84, -13.36, -13.53, -14.57, -15.55, -19.49, -24.70, -26.99, -27.68, -28.00, -28.06, -28.14, -28.11, -28.11, -28.03, -28.02, -27.92, -27.68, -27.29, -26.83, -26.08, -25.79, -25.75, -25.99, -26.24, -26.53, -26.83, -26.89, -26.75, -26.60, -26.45, -26.23, -26.05, -25.85, -25.68, -25.47, -25.22, -24.94, -24.64, -24.31, -23.89, -23.56, -23.25, -22.90, -22.58, -22.17, -21.75, -21.25, -20.75, -20.13, -19.46, -18.74, -17.92, -16.98, -15.91, -14.60, -12.95, -10.09, -3.97, 1.01, 6.76, 6.76, 7.47, 7.28, 6.15, 4.72, 2.20, -4.17, -10.04, -12.80, -14.50, -15.82, -16.92, -17.85, -18.69, -19.44, -20.11, -20.71, -21.23, -21.72, -22.15, -22.48, -22.84, -23.20, -23.55, -23.91, -24.23, -24.59, -24.89, -25.16, -25.37, -25.65, -25.76, -26.02, -26.22, -26.31, -26.41, -26.58, -26.74, -26.73, -26.50, -26.31, -25.77, -25.68, -25.84, -26.26, -26.67, -27.22, -27.81, -28.02, -28.09, -28.25, -28.23, -28.41, -28.49, -28.40, -28.41, -28.22, -27.80, -25.95, -21.85, -18.64, -16.88, -15.65, -15.65
2026-10-02, 13:10:35, 88000000, 90500000, 19531.25, 18240, -15.38, -16.42, -17.24, -16.00, -13.79, -12.65, -12.90, -14.50, -17.24, -20.40, -25.37, -27.29, -27.85, -28.08, -28.10, -28.18, -28.19, -28.15, -28.05, -28.04, -27.94, -27.77, -27.41, -26.97, -26.19, -25.57, -25.53, -25.89, -26.42, -26.78, -26.91, -26.88, -26.71, -26.61, -26.48, -26.26, -26.05, -25.92, -25.69, -25.47, -25.22, -24.94, -24.67, -24.39, -23.94, -23.58, -23.22, -22.94, -22.59, -22.22, -21.79, -21.30, -20.76, -20.16, -19.53, -18.80, -18.02, -17.09, -16.06, -14.81, -13.21, -10.65, -5.48, -0.26, 6.59, 6.59, 8.09, 8.04, 6.57, 3.76, 0.33, -4.96, -10.36, -13.02, -14.65, -15.90, -16.99, -17.90, -18.74, -19.46, -20.12, -20.71, -21.25, -21.75, -22.20, -22.47, -22.85, -23.19, -23.55, -23.96, -24.30, -24.61, -24.90, -25.17, -25.44, -25.64, -25.80, -26.04, -26.17, -26.32, -26.43, -26.57, -26.80, -26.83, -26.66, -26.44, -25.84, -25.52, -25.58, -26.18, -26.89, -27.41, -27.85, -28.03, -28.15, -28.19, -28.19, -28.46, -28.49, -28.40, -28.46, -28.27, -27.95, -26.60, -22.93, -19.91, -17.08, -15.48, -15.48
2026-10-02, 13:10:36, 88000000, 90500000, 19531.25, 18112, -15.78, -16.35, -16.59, -15.82, -14.16, -13.04, -13.06, -14.22, -16.57, -19.96, -24.52, -27.06, -27.78, -28.02, -28.12, -28.17, -28.14, -28.11, -28.06, -28.01, -27.90, -27.73, -27.29, -26.84, -26.21, -25.75, -25.68, -25.85, -26.34, -26.69, -26.88, -26.86, -26.75, -26.59, -26.40, -26.22, -26.10, -25.88, -25.71, -25.42, -25.19, -24.96, -24.67, -24.33, -23.90, -23.58, -23.20, -22.87, -22.57, -22.19, -21.75, -21.29, -20.74, -20.16, -19.47, -18.78, -17.92, -17.01, -15.95, -14.65, -13.05, -10.45, -4.51, 0.99, 6.26, 6.26, 7.66, 7.68, 6.73, 4.30, 0.92, -3.98, -9.87, -12.80, -14.53, -15.84, -16.94, -17.86, -18.69, -19.45, -20.07, -20.68, -21.22, -21.73, -22.15, -22.48, -22.87, -23.16, -23.53, -23.92, -24.29, -24.57, -24.91, -25.16, -25.38, -25.61, -25.79, -26.01, -26.23, -26.31, -26.44, -26.61, -26.75, -26.76, -26.56, -26.33, -25.92, -25.64, -25.70, -26.12, -26.74, -27.36, -27.73, -27.97, -28.06, -28.19, -28.24, -28.38, -28.44, -28.39, -28.44, -28.22, -27.88, -26.39, -21.87, -18.80, -17.11, -15.87, -15.87
2026-10-02, 13:10:37, 88000000, 90500000, 19531.25, 18240, -15.93, -16.62, -16.45, -15.45, -14.24, -13.22, -13.46, -14.27, -16.06, -19.37, -24.22, -27.01, -27.73, -28.00, -28.10, -28.17, -28.18, -28.19, -28.11, -28.02, -27.86, -27.72, -27.33, -26.80, -26.17, -25.81, -25.76, -25.96, -26.31, -26.61, -26.86, -26.90, -26.77, -26.60, -26.44, -26.23, -26.10, -25.90, -25.66, -25.45, -25.27, -24.92, -24.64, -24.34, -23.89, -23.66, -23.25, -22.93, -22.54, -22.19, -21.72, -21.28, -20.76, -20.13, -19.47, -18.75, -17.91, -16.97, -15.87, -14.57, -12.87, -9.93, -4.09, 1.30, 6.42, 6.42, 7.44, 7.41, 6.41, 4.61, 1.68, -3.61, -9.65, -12.71, -14.47, -15.82, -16.92, -17.85, -18.71, -19.43, -20.10, -20.71, -21.25, -21.75, -22.15, -22.46, -22.89, -23.23, -23.58, -23.93, -24.24, -24.57, -24.89, -25.11, -25.42, -25.67, -25.80, -26.04, -26.20, -26.33, -26.46, -26.57, -26.76, -26.80, -26.46, -26.29, -25.92, -25.68, -25.80, -26.12, -26.69, -27.28, -27.81, -28.06, -28.10, -28.25, -28.24, -28.38, -28.44, -28.38, -28.43, -28.22, -27.79, -25.97, -21.72, -18.57, -16.74, -16.03, -16.03
2026-10-02, 13:10:38, 88000000, 90500000, 19531.25, 18240, -15.78, -16.57, -16.53, -15.44, -14.34, -13.09, -13.24, -14.26, -16.05, -20.13, -24.80, -27.10, -27.72, -27.97, -28.07, -28.12, -28.17, -28.11, -28.06, -28.00, -27.92, -27.73, -27.36, -26.68, -26.23, -25.79, -25.65, -25.93, -26.28, -26.64, -26.90, -26.85, -26.73, -26.59, -26.40, -26.29, -26.08, -25.92, -25.65, -25.49, -25.22, -24.92, -24.67, -24.30, -23.86, -23.63, -23.26, -22.90, -22.54, -22.17, -21.76, -21.29, -20.72, -20.14, -19.49, -18.75, -17.96, -17.01, -15.96, -14.67, -13.04, -10.43, -4.80, 0.83, 6.29, 6.29, 7.51, 7.62, 6.45, 4.72, 1.25, -4.48, -10.22, -12.90, -14.57, -15.87, -16.95, -17.89, -18.69, -19.45, -20.11, -20.70, -21.27, -21.73, -22.14, -22.48, -22.86, -23.19, -23.54, -23.91, -24.28, -24.59, -24.92, -25.18, -25.39, -25.63, -25.84, -26.02, -26.14, -26.34, -26.45, -26.59, -26.76, -26.78, -26.53, -26.23, -25.93, -25.63, -25.76, -26.22, -26.70, -27.32, -27.80, -28.04, -28.13, -28.21, -28.22, -28.40, -28.45, -28.40, -28.46, -28.25, -27.92, -26.34, -22.24, -18.71, -16.76, -16.10, -16.10
2026-10-02, 13:10:39, 88000000, 90500000, 19531.25, 18176, -16.13, -16.54, -16.22, -15.40, -14.19, -13.48, -13.34, -14.08, -16.11, -19.16, -23.84, -26.89, -27.68, -27.95, -28.06, -28.11, -28.12, -28.08, -28.02, -28.01, -27.92, -27.63, -27.27, -26.65, -26.13, -25.85, -25.73, -25.95, -26.21, -26.58, -26.78, -26.84, -26.69, -26.55, -26.35, -26.18, -26.03, -25.82, -25.67, -25.40, -25.17, -24.88, -24.65, -24.28, -23.81, -23.56, -23.22, -22.84, -22.51, -22.15, -21.69, -21.19, -20.66, -20.08, -19.42, -18.68, -17.87, -16.92, -15.82, -14.50, -12.82, -9.86, -4.03, 1.33, 6.41, 6.41, 7.21, 7.36, 6.53, 4.78, 1.64, -3.07, -8.99, -12.57, -14.35, -15.69, -16.81, -17.77, -18.60, -19.34, -20.01, -20.61, -21.17, -21.62, -22.08, -22.37, -22.84, -23.15, -23.45, -23.88, -24.22, -24.56, -24.81, -25.10, -25.37, -25.57, -25.76, -25.96, -26.13, -26.26, -26.41, -26.57, -26.69, -26.71, -26.49, -26.17, -25.86, -25.73, -25.78, -26.10, -26.60, -27.26, -27.69, -27.97, -28.08, -28.15, -28.15, -28.35, -28.40, -28.29, -28.36, -28.13, -27.73, -25.84, -21.72, -18.26, -16.74, -16.02, -16.02
2026-10-02, 13:10:40, 88000000, 90500000, 19531.25, 18112, -16.72, -16.32, -15.72, -15.21, -14.79, -14.06, -13.34, -13.72, -15.59, -19.36, -24.34, -27.00, -27.73, -27.91, -28.11, -28.13, -28.14, -28.11, -28.04, -28.05, -27.95, -27.71, -27.15, -26.58, -26.33, -26.01, -25.87, -25.77, -26.10, -26.57, -26.81, -26.84, -26.71, -26.61, -26.39, -26.22, -26.05, -25.83, -25.66, -25.42, -25.16, -24.92, -24.63, -24.28, -23.81, -23.58, -23.25, -22.87, -22.49, -22.15, -21.69, -21.23, -20.68, -20.06, -19.38, -18.65, -17.81, -16.89, -15.75, -14.42, -12.68, -9.84, -3.62, 2.39, 6.03, 6.03, 6.65, 6.98, 6.86, 5.13, 2.00, -3.77, -9.70, -12.61, -14.36, -15.71, -16.82, -17.75, -18.60, -19.35, -20.02, -20.63, -21.20, -21.66, -22.09, -22.41, -22.85, -23.21, -23.51, -23.87, -24.21, -24.54, -24.85, -25.14, -25.35, -25.57, -25.76, -25.94, -26.12, -26.30, -26.45, -26.54, -26.70, -26.68, -26.39, -26.06, -25.98, -25.94, -25.91, -26.09, -26.63, -27.22, -27.73, -27.94, -28.03, -28.11, -28.13, -28.35, -28.43, -28.31, -28.34, -28.17, -27.70, -25.79, -20.87, -17.65, -16.66, -16.60, -16.60
2026-10-02, 13:10:41, 88000000, 90500000, 19531.25, 18176, -16.19, -16.73, -16.44, -15.34, -14.19, -13.50, -13.67, -14.34, -15.79, -19.20, -23.83, -26.98, -27.72, -28.02, -28.15, -28.20, -28.18, -28.15, -28.06, -28.00, -27.96, -27.71, -27.29, -26.69, -26.18, -25.90, -25.85, -25.97, -26.35, -26.62, -26.88, -26.89, -26.74, -26.61, -26.45, -26.25, -26.10, -25.90, -25.71, -25.49, -25.21, -24.95, -24.69, -24.33, -23.88, -23.61, -23.25, -22.90, -22.56, -22.19, -21.77, -21.28, -20.73, -20.13, -19.46, -18.73, -17.90, -16.96, -15.85, -14.55, -12.82, -9.98, -3.83, 1.51, 6.47, 6.47, 7.22, 7.17, 6.38, 4.55, 1.98, -3.23, -9.20, -12.60, -14.45, -15.79, -16.89, -17.86, -18.68, -19.45, -20.09, -20.71, -21.25, -21.73, -22.19, -22.45, -22.89, -23.23, -23.57, -23.94, -24.31, -24.62, -24.91, -25.14, -25.43, -25.65, -25.83, -26.05, -26.18, -26.34, -26.49, -26.63, -26.77, -26.79, -26.52, -26.21, -25.90, -25.76, -25.89, -26.22, -26.74, -27.27, -27.72, -27.98, -28.08, -28.18, -28.18, -28.39, -28.48, -28.39, -28.41, -28.21, -27.75, -25.82, -21.54, -18.43, -16.69, -16.02, -16.02
2026-10-02, 13:10:42, 88000000, 90500000, 19531.25, 18112, -15.97, -16.43, -16.66, -15.62, -14.33, -13.30, -13.23, -14.53, -15.92, -19.62, -24.28, -26.65, -27.72, -27.99, -28.12, -28.15, -28.18, -28.12, -28.10, -28.02, -27.95, -27.71, -27.37, -26.80, -26.26, -25.88, -25.74, -25.96, -26.34, -26.68, -26.89, -26.84, -26.76, -26.62, -26.47, -26.22, -26.11, -25.91, -25.72, -25.46, -25.25, -24.97, -24.69, -24.35, -23.91, -23.61, -23.27, -22.92, -22.57, -22.19, -21.77, -21.28, -20.74, -20.15, -19.48, -18.73, -17.91, -16.98, -15.87, -14.57, -12.85, -9.96, -3.74, 1.18, 6.23, 6.23, 7.34, 7.49, 6.40, 4.58, 1.63, -4.07, -8.91, -12.50, -14.52, -15.85, -16.93, -17.90, -18.71, -19.46, -20.12, -20.73, -21.28, -21.74, -22.19, -22.47, -22.91, -23.25, -23.58, -23.97, -24.31, -24.60, -24.94, -25.18, -25.39, -25.63, -25.84, -26.03, -26.18, -26.29, -26.51, -26.60, -26.79, -26.78, -26.57, -26.30, -25.89, -25.68, -25.74, -26.15, -26.68, -27.28, -27.83, -28.03, -28.15, -28.27, -28.19, -28.44, -28.46, -28.38, -28.43, -28.26, -27.85, -25.83, -21.47, -18.68, -17.01, -16.11, -16.11
2026-10-02, 13:10:43, 88000000, 90500000, 19531.25, 18176, -15.66, -16.45, -16.78, -15.54, -14.15, -12.94, -13.04, -14.45, -16.59, -20.05, -24.83, -27.18, -27.74, -27.99, -28.08, -28.13, -28.10, -28.09, -28.03, -27.99, -27.88, -27.70, -27.36, -26.76, -26.09, -25.74, -25.57, -25.85, -26.38, -26.67, -26.84, -26.86, -26.70, -26.58, -26.42, -26.24, -26.08, -25.88, -25.68, -25.45, -25.20, -24.91, -24.66, -24.32, -23.90, -23.57, -23.20, -22.85, -22.53, -22.17, -21.72, -21.25, -20.74, -20.14, -19.45, -18.74, -17.91, -17.00, -15.92, -14.65, -13.01, -10.59, -5.31, 0.49, 6.48, 6.48, 7.61, 7.86, 6.51, 4.20, 0.99, -4.40, -10.33, -12.96, -14.60, -15.87, -16.95, -17.89, -18.70, -19.43, -20.09, -20.69, -21.22, -21.74, -22.15, -22.44, -22.87, -23.20, -23.51, -23.95, -24.27, -24.59, -24.89, -25.16, -25.38, -25.62, -25.76, -25.99, -26.15, -26.38, -26.44, -26.57, -26.75, -26.78, -26.59, -26.29, -25.92, -25.60, -25.60, -26.15, -26.75, -27.36, -27.84, -28.07, -28.14, -28.21, -28.23, -28.43, -28.45, -28.41, -28.44, -28.27, -27.95, -26.44, -22.60, -19.00, -16.76, -15.91, -15.91
2026-10-02, 13:10:44, 88000000, 90500000, 19531.25, 18304, -15.39, -16.40, -17.37, -16.05, -13.54, -12.62, -12.81, -14.30, -17.45, -21.20, -25.54, -27.32, -27.84, -28.04, -28.13, -28.18, -28.18, -28.10, -28.04, -28.04, -27.90, -27.78, -27.49, -26.92, -26.11, -25.49, -25.52, -25.85, -26.45, -26.77, -26.90, -26.85, -26.67, -26.59, -26.44, -26.23, -26.06, -25.87, -25.70, -25.45, -25.20, -24.93, -24.70, -24.38, -23.87, -23.57, -23.17, -22.87, -22.57, -22.20, -21.76, -21.27, -20.77, -20.17, -19.54, -18.81, -18.01, -17.10, -16.08, -14.87, -13.35, -11.09, -6.66, -1.39, 6.70, 6.70, 8.24, 8.04, 6.82, 3.83, -0.32, -5.61, -10.60, -13.07, -14.68, -15.93, -16.98, -17.90, -18.72, -19.41, -20.08, -20.71, -21.23, -21.72, -22.15, -22.43, -22.82, -23.14, -23.49, -23.88, -24.28, -24.58, -24.86, -25.12, -25.35, -25.54, -25.77, -25.98, -26.13, -26.29, -26.47, -26.58, -26.72, -26.80, -26.70, -26.37, -25.73, -25.38, -25.53, -26.04, -26.80, -27.43, -27.83, -27.98, -28.10, -28.17, -28.18, -28.41, -28.45, -28.36, -28.41, -28.26, -28.01, -27.05, -23.81, -20.27, -17.08, -15.23, -15.23
2026-10-02, 13:10:45, 88000000, 90500000, 19531.25, 18176, -14.17, -16.09, -18.82, -17.29, -13.63, -11.39, -12.14, -15.23, -19.71, -24.22, -26.78, -27.61, -27.96, -28.08, -28.20, -28.21, -28.17, -28.11, -28.08, -28.04, -27.95, -27.83, -27.68, -27.23, -26.29, -25.22, -25.05, -25.88, -26.61, -26.98, -26.97, -26.87, -26.69, -26.60, -26.46, -26.24, -26.09, -25.91, -25.68, -25.50, -25.25, -24.98, -24.72, -24.39, -23.96, -23.60, -23.17, -22.91, -22.65, -22.29, -21.85, -21.37, -20.85, -20.27, -19.65, -18.92, -18.17, -17.30, -16.31, -15.19, -13.80, -11.99, -9.03, -4.17, 6.15, 6.15, 9.01, 9.28, 6.64, 2.04, -3.54, -8.70, -11.76, -13.63, -15.01, -16.17, -17.18, -18.06, -18.84, -19.53, -20.19, -20.77, -21.30, -21.80, -22.24, -22.50, -22.88, -23.13, -23.52, -24.00, -24.36, -24.64, -24.90, -25.16, -25.41, -25.61, -25.80, -26.02, -26.19, -26.35, -26.47, -26.61, -26.74, -26.87, -26.84, -26.67, -25.95, -25.04, -25.11, -26.13, -27.12, -27.63, -27.86, -28.03, -28.17, -28.23, -28.23, -28.42, -28.50, -28.41, -28.49, -28.35, -28.22, -27.69, -25.89, -22.57, -18.12, -15.17, -15.17
2026-10-02, 13:10:46, 88000000, 90500000, 19531.25, 18112, -14.65, -16.32, -17.81, -16.60, -13.91, -11.89, -12.50, -14.82, -18.33, -22.51, -26.25, -27.49, -27.93, -28.12, -28.20, -28.20, -28.23, -28.26, -28.14, -28.07, -27.92, -27.85, -27.62, -27.08, -26.27, -25.50, -25.18, -25.95, -26.52, -26.91, -26.96, -26.91, -26.77, -26.66, -26.50, -26.31, -26.13, -25.97, -25.75, -25.51, -25.26, -24.97, -24.73, -24.44, -24.01, -23.64, -23.20, -22.92, -22.67, -22.28, -21.85, -21.38, -20.85, -20.25, -19.62, -18.89, -18.12, -17.25, -16.23, -15.04, -13.58, -11.35, -7.56, -2.22, 6.15, 6.15, 8.48, 8.87, 6.48, 3.23, -1.64, -6.95, -11.32, -13.42, -14.91, -16.11, -17.17, -18.04, -18.84, -19.56, -20.20, -20.80, -21.34, -21.81, -22.26, -22.52, -22.88, -23.20, -23.52, -23.98, -24.36, -24.66, -24.95, -25.20, -25.44, -25.62, -25.83, -26.05, -26.20, -26.32, -26.47, -26.64, -26.80, -26.88, -26.75, -26.54, -26.01, -25.31, -25.34, -26.20, -27.01, -27.60, -27.83, -28.00, -28.10, -28.21, -28.25, -28.46, -28.49, -28.42, -28.47, -28.33, -28.08, -27.25, -24.76, -20.77, -17.63, -15.51, -15.51
2026-10-02, 13:10:47, 88000000, 90500000, 19531.25, 18048, -15.91, -16.23, -16.59, -15.54, -14.37, -13.19, -12.66, -13.67, -17.56, -21.83, -26.03, -27.38, -27.85, -28.06, -28.20, -28.18, -28.21, -28.14, -28.10, -28.10, -27.95, -27.84, -27.52, -26.78, -26.20, -25.84, -25.63, -25.71, -26.36, -26.83, -26.91, -26.88, -26.75, -26.62, -26.44, -26.26, -26.07, -25.91, -25.70, -25.44, -25.23, -24.99, -24.72, -24.38, -23.92, -23.65, -23.27, -22.89, -22.59, -22.24, -21.80, -21.34, -20.80, -20.18, -19.52, -18.82, -18.02, -17.13, -16.09, -14.84, -13.33, -11.25, -6.91, -0.57, 6.42, 6.42, 7.39, 7.85, 7.38, 4.11, -0.72, -6.37, -10.91, -13.17, -14.74, -15.99, -17.05, -17.96, -18.76, -19.50, -20.15, -20.77, -21.26, -21.74, -22.20, -22.49, -22.93, -23.23, -23.55, -23.89, -24.31, -24.66, -24.96, -25.18, -25.42, -25.63, -25.82, -26.04, -26.18, -26.34, -26.47, -26.61, -26.75, -26.82, -26.63, -26.29, -25.92, -25.72, -25.64, -25.94, -26.85, -27.55, -27.81, -28.02, -28.09, -28.25, -28.21, -28.42, -28.51, -28.39, -28.48, -28.32, -28.03, -27.23, -23.91, -19.27, -16.59, -16.07, -16.07
2026-10-02, 13:10:48, 88000000, 90500000, 19531.25, 18240, -16.71, -16.68, -15.88, -15.21, -14.64, -14.11, -13.94, -14.09, -15.22, -18.40, -23.07, -26.40, -27.61, -27.94, -28.06, -28.09, -28.14, -28.14, -28.06, -28.04, -27.94, -27.66, -27.13, -26.60, -26.29, -26.06, -25.94, -25.96, -26.21, -26.50, -26.82, -26.82, -26.69, -26.56, -26.38, -26.24, -26.06, -25.88, -25.70, -25.45, -25.21, -24.90, -24.64, -24.28, -23.90, -23.60, -23.27, -22.88, -22.49, -22.12, -21.72, -21.20, -20.71, -20.07, -19.38, -18.66, -17.80, -16.84, -15.71, -14.32, -12.45, -9.17, -2.50, 2.58, 6.07, 6.07, 6.62, 6.66, 6.26, 5.16, 2.64, -2.26, -8.36, -12.13, -14.17, -15.62, -16.77, -17.74, -18.61, -19.37, -20.04, -20.66, -21.20, -21.69, -22.13, -22.46, -22.87, -23.21, -23.59, -23.91, -24.25, -24.55, -24.92, -25.19, -25.42, -25.65, -25.83, -25.99, -26.14, -26.36, -26.45, -26.58, -26.72, -26.72, -26.36, -26.12, -26.01, -25.92, -26.03, -26.26, -26.54, -27.17, -27.69, -27.99, -28.13, -28.19, -28.23, -28.40, -28.48, -28.38, -28.41, -28.15, -27.62, -25.09, -20.46, -17.69, -16.73, -16.53, -16.53
2026-10-02, 13:10:49, 88000000, 90500000, 19531.25, 18112, -16.59, -16.74, -16.23, -15.12, -14.35, -13.96, -13.88, -14.43, -15.41, -18.03, -23.79, -26.84, -27.65, -27.95, -28.06, -28.13, -28.15, -28.12, -28.06, -27.97, -27.91, -27.67, -27.16, -26.71, -26.12, -25.99, -25.90, -26.10, -26.23, -26.50, -26.81, -26.83, -26.74, -26.57, -26.43, -26.22, -26.05, -25.85, -25.66, -25.43, -25.20, -24.91, -24.63, -24.29, -23.82, -23.59, -23.26, -22.87, -22.54, -22.14, -21.69, -21.19, -20.65, -20.07, -19.39, -18.66, -17.81, -16.85, -15.74, -14.37, -12.55, -9.36, -2.78, 2.22, 6.46, 6.46, 6.82, 6.86, 6.03, 4.85, 2.68, -2.17, -9.11, -12.42, -14.27, -15.65, -16.80, -17.74, -18.60, -19.36, -20.03, -20.64, -21.20, -21.68, -22.10, -22.45, -22.87, -23.22, -23.58, -23.87, -24.24, -24.56, -24.89, -25.19, -25.40, -25.61, -25.78, -26.01, -26.16, -26.29, -26.46, -26.60, -26.72, -26.71, -26.42, -26.18, -25.88, -25.88, -25.94, -26.27, -26.62, -27.13, -27.65, -28.01, -28.13, -28.23, -28.18, -28.41, -28.43, -28.34, -28.38, -28.16, -27.64, -25.39, -20.65, -18.05, -16.53, -16.26, -16.26
2026-10-02, 13:10:50, 88000000, 90500000, 19531.25, 18112, -16.15, -16.68, -16.44, -15.40, -14.28, -13.42, -13.49, -14.36, -15.82, -19.36, -23.57, -26.93, -27.69, -28.03, -28.15, -28.19, -28.20, -28.16, -28.10, -28.02, -27.99, -27.73, -27.31, -26.74, -26.22, -25.88, -25.82, -26.04, -26.27, -26.69, -26.90, -26.89, -26.80, -26.63, -26.52, -26.28, -26.11, -25.95, -25.72, -25.49, -25.29, -24.98, -24.73, -24.38, -23.96, -23.68, -23.28, -22.93, -22.58, -22.23, -21.79, -21.32, -20.77, -20.19, -19.51, -18.78, -17.94, -17.02, -15.92, -14.62, -12.90, -10.02, -4.18, 1.43, 6.37, 6.37, 7.32, 7.23, 6.33, 4.77, 1.75, -3.21, -9.07, -12.66, -14.51, -15.86, -16.97, -17.91, -18.74, -19.48, -20.15, -20.76, -21.28, -21.81, -22.21, -22.51, -22.96, -23.28, -23.59, -23.98, -24.35, -24.65, -24.95, -25.19, -25.45, -25.70, -25.86, -26.04, -26.24, -26.40, -26.51, -26.67, -26.82, -26.84, -26.57, -26.28, -25.99, -25.77, -25.91, -26.19, -26.72, -27.34, -27.74, -28.00, -28.16, -28.26, -28.23, -28.45, -28.51, -28.42, -28.45, -28.26, -27.81, -25.85, -21.82, -18.47, -16.76, -16.07, -16.07
2026-10-02, 13:10:51, 88000000, 90500000, 19531.25, 18176, -16.06, -16.32, -16.45, -15.58, -14.34, -13.39, -13.06, -14.14, -16.30, -20.18, -24.55, -27.08, -27.75, -27.98, -28.14, -28.14, -28.18, -28.16, -28.07, -28.05, -27.90, -27.74, -27.32, -26.73, -26.22, -25.84, -25.71, -25.91, -26.28, -26.69, -26.91, -26.85, -26.74, -26.62, -26.42, -26.25, -26.06, -25.92, -25.67, -25.44, -25.20, -24.92, -24.66, -24.35, -23.90, -23.60, -23.20, -22.91, -22.59, -22.17, -21.75, -21.26, -20.76, -20.14, -19.47, -18.73, -17.93, -16.99, -15.89, -14.60, -12.86, -10.12, -4.19, 1.16, 6.27, 6.27, 7.27, 7.55, 6.75, 4.54, 0.99, -4.07, -10.07, -12.88, -14.57, -15.88, -16.97, -17.88, -18.73, -19.47, -20.12, -20.73, -21.25, -21.74, -22.18, -22.45, -22.89, -23.23, -23.54, -23.91, -24.30, -24.60, -24.93, -25.16, -25.37, -25.63, -25.83, -26.01, -26.20, -26.38, -26.45, -26.59, -26.74, -26.76, -26.57, -26.31, -25.99, -25.78, -25.74, -26.08, -26.72, -27.36, -27.74, -27.96, -28.11, -28.24, -28.20, -28.38, -28.54, -28.38, -28.44, -28.25, -27.86, -25.95, -21.78, -18.65, -16.85, -16.09, -16.09
2026-10-02, 13:10:52, 88000000, 90500000, 19531.25, 18112, -15.94, -16.59, -16.43, -15.59, -14.38, -13.26, -13.36, -14.28, -16.05, -19.44, -24.33, -26.99, -27.70, -27.98, -28.09, -28.11, -28.11, -28.10, -28.02, -28.01, -27.92, -27.66, -27.27, -26.72, -26.23, -25.82, -25.71, -25.97, -26.28, -26.61, -26.83, -26.82, -26.71, -26.56, -26.38, -26.25, -26.06, -25.88, -25.66, -25.50, -25.22, -24.90, -24.65, -24.36, -23.94, -23.59, -23.24, -22.89, -22.58, -22.16, -21.79, -21.29, -20.72, -20.14, -19.50, -18.77, -17.93, -17.00, -15.89, -14.59, -12.89, -9.96, -4.17, 1.29, 6.20, 6.20, 7.33, 7.53, 6.37, 4.60, 1.70, -3.77, -9.60, -12.71, -14.48, -15.83, -16.94, -17.85, -18.70, -19.43, -20.12, -20.69, -21.24, -21.71, -22.18, -22.48, -22.89, -23.20, -23.57, -23.95, -24.25, -24.54, -24.90, -25.20, -25.39, -25.61, -25.77, -26.05, -26.13, -26.32, -26.43, -26.61, -26.73, -26.75, -26.48, -26.24, -25.91, -25.74, -25.73, -26.19, -26.70, -27.23, -27.72, -27.93, -28.11, -28.17, -28.20, -28.39, -28.42, -28.37, -28.40, -28.22, -27.84, -25.95, -21.80, -18.49, -16.96, -16.14, -16.14
2026-10-02, 13:10:53, 88000000, 90500000, 19531.25, 18112, -15.61, -16.51, -16.95, -15.83, -14.13, -12.88, -13.20, -14.54, -16.51, -19.77, -25.02, -27.15, -27.77, -27.99, -28.10, -28.12, -28.14, -28.10, -28.01, -27.96, -27.88, -27.61, -27.28, -26.77, -26.20, -25.68, -25.57, -25.95, -26.37, -26.63, -26.83, -26.80, -26.66, -26.55, -26.39, -26.26, -26.05, -25.87, -25.67, -25.46, -25.21, -24.93, -24.65, -24.36, -23.89, -23.58, -23.22, -22.92, -22.57, -22.19, -21.76, -21.29, -20.76, -20.19, -19.53, -18.80, -17.97, -17.07, -15.99, -14.74, -13.11, -10.43, -4.64, 0.67, 6.23, 6.23, 7.78, 7.77, 6.35, 4.17, 1.27, -4.53, -10.13, -12.92, -14.60, -15.91, -16.97, -17.93, -18.73, -19.48, -20.14, -20.73, -21.25, -21.75, -22.18, -22.51, -22.88, -23.17, -23.56, -23.94, -24.25, -24.58, -24.91, -25.13, -25.39, -25.61, -25.79, -25.99, -26.10, -26.29, -26.40, -26.56, -26.70, -26.76, -26.58, -26.30, -25.91, -25.55, -25.64, -26.18, -26.70, -27.25, -27.72, -27.96, -28.03, -28.21, -28.20, -28.37, -28.45, -28.38, -28.41, -28.22, -27.92, -26.35, -22.03, -19.28, -17.13, -15.86, -15.86
2026-10-02, 13:10:54, 88000000, 90500000, 19531.25, 18240, -16.27, -16.46, -16.19, -15.55, -14.53, -13.60, -13.41, -13.83, -16.01, -19.91, -24.16, -26.83, -27.66, -27.92, -28.05, -28.09, -28.08, -28.09, -27.96, -27.99, -27.85, -27.63, -27.14, -26.66, -26.20, -25.91, -25.77, -25.82, -26.16, -26.59, -26.82, -26.82, -26.64, -26.52, -26.37, -26.23, -26.04, -25.86, -25.63, -25.44, -25.20, -24.93, -24.67, -24.32, -23.91, -23.61, -23.26, -22.86, -22.56, -22.18, -21.76, -21.27, -20.73, -20.15, -19.46, -18.73, -17.92, -16.96, -15.89, -14.53, -12.73, -9.70, -3.48, 1.57, 6.04, 6.04, 7.11, 7.17, 6.70, 5.04, 1.25, -3.85, -9.57, -12.80, -14.54, -15.88, -16.96, -17.89, -18.72, -19.47, -20.11, -20.74, -21.25, -21.77, -22.17, -22.48, -22.94, -23.24, -23.58, -23.91, -24.28, -24.57, -24.91, -25.16, -25.39, -25.58, -25.78, -25.98, -26.18, -26.30, -26.42, -26.55, -26.66, -26.68, -26.44, -26.22, -25.98, -25.77, -25.83, -26.10, -26.57, -27.31, -27.71, -27.96, -28.09, -28.23, -28.19, -28.42, -28.47, -28.36, -28.39, -28.17, -27.75, -25.71, -21.17, -18.49, -16.93, -16.28, -16.28
2026-10-02, 13:10:55, 88000000, 90500000, 19531.25, 18112, -16.70, -16.59, -15.67, -15.37, -14.85, -14.05, -13.68, -13.59, -15.59, -19.41, -24.45, -26.97, -27.72, -27.96, -28.08, -28.12, -28.14, -28.11, -28.06, -27.95, -27.95, -27.72, -27.12, -26.60, -26.31, -26.04, -25.86, -25.88, -26.09, -26.58, -26.83, -26.88, -26.68, -26.58, -26.40, -26.26, -26.10, -25.89, -25.69, -25.47, -25.24, -24.97, -24.70, -24.35, -23.94, -23.68, -23.29, -22.92, -22.55, -22.24, -21.76, -21.31, -20.75, -20.17, -19.49, -18.75, -17.92, -16.97, -15.87, -14.53, -12.76, -9.95, -3.51, 2.29, 5.98, 5.98, 6.58, 6.84, 6.67, 5.39, 1.70, -3.65, -9.73, -12.69, -14.46, -15.81, -16.91, -17.86, -18.71, -19.44, -20.13, -20.72, -21.27, -21.75, -22.15, -22.48, -22.90, -23.28, -23.61, -23.91, -24.27, -24.60, -24.88, -25.18, -25.42, -25.69, -25.83, -26.03, -26.19, -26.34, -26.47, -26.58, -26.75, -26.74, -26.40, -26.16, -25.98, -26.00, -25.99, -26.09, -26.52, -27.28, -27.71, -28.04, -28.15, -28.25, -28.25, -28.40, -28.45, -28.41, -28.41, -28.25, -27.76, -25.86, -20.85, -17.64, -16.85, -16.67, -16.67
2026-10-02, 13:10:56, 88000000, 90500000, 19531.25, 18112, -16.22, -16.71, -16.48, -15.42, -14.26, -13.50, -13.54, -14.27, -16.01, -19.31, -24.55, -27.13, -27.81, -28.06, -28.15, -28.22, -28.19, -28.18, -28.08, -28.08, -27.98, -27.76, -27.39, -26.78, -26.21, -25.90, -25.80, -25.98, -26.31, -26.62, -26.88, -26.86, -26.73, -26.65, -26.49, -26.28, -26.13, -25.94, -25.72, -25.49, -25.24, -24.98, -24.74, -24.41, -23.95, -23.65, -23.31, -22.95, -22.63, -22.25, -21.80, -21.33, -20.79, -20.18, -19.53, -18.78, -17.98, -17.03, -15.97, -14.64, -12.97, -10.07, -4.12, 1.08, 6.38, 6.38, 7.33, 7.14, 6.32, 4.73, 1.73, -3.95, -9.77, -12.84, -14.54, -15.89, -16.96, -17.90, -18.75, -19.48, -20.15, -20.75, -21.30, -21.80, -22.19, -22.52, -22.94, -23.27, -23.60, -23.96, -24.30, -24.64, -24.95, -25.20, -25.44, -25.69, -25.84, -26.08, -26.22, -26.37, -26.48, -26.60, -26.81, -26.81, -26.57, -26.25, -25.94, -25.75, -25.89, -26.21, -26.73, -27.27, -27.85, -28.08, -28.19, -28.31, -28.24, -28.47, -28.54, -28.43, -28.43, -28.26, -27.81, -25.97, -21.99, -18.52, -16.76, -16.03, -16.03
2026-10-02, 13:10:57, 88000000, 90500000, 19531.25, 18112, -16.03, -16.59, -16.73, -15.63, -14.19, -13.32, -13.37, -14.43, -16.19, -19.45, -24.36, -27.06, -27.82, -28.03, -28.19, -28.23, -28.22, -28.22, -28.13, -28.08, -27.98, -27.81, -27.36, -26.90, -26.24, -25.82, -25.76, -25.98, -26.42, -26.70, -26.89, -26.88, -26.81, -26.63, -26.49, -26.33, -26.11, -25.94, -25.76, -25.55, -25.28, -25.03, -24.74, -24.40, -23.97, -23.68, -23.30, -22.95, -22.62, -22.27, -21.80, -21.32, -20.81, -20.20, -19.55, -18.82, -17.99, -17.08, -16.00, -14.68, -13.01, -10.28, -4.57, 1.12, 6.36, 6.36, 7.39, 7.45, 6.39, 4.34, 1.61, -3.57, -9.67, -12.83, -14.56, -15.89, -16.98, -17.92, -18.77, -19.52, -20.17, -20.74, -21.28, -21.78, -22.24, -22.53, -22.95, -23.29, -23.61, -24.01, -24.32, -24.67, -24.98, -25.20, -25.44, -25.68, -25.85, -26.05, -26.24, -26.37, -26.48, -26.64, -26.80, -26.79, -26.59, -26.34, -25.88, -25.78, -25.73, -26.22, -26.77, -27.33, -27.87, -28.07, -28.22, -28.30, -28.29, -28.53, -28.54, -28.43, -28.48, -28.28, -27.92, -26.28, -21.84, -18.94, -16.92, -16.00, -16.00
2026-10-02, 13:10:58, 88000000, 90500000, 19531.25, 18240, -15.77, -16.32, -16.89, -15.83, -14.12, -13.07, -12.89, -14.24, -16.89, -20.76, -25.19, -27.32, -27.88, -28.10, -28.22, -28.25, -28.27, -28.23, -28.18, -28.12, -28.06, -27.82, -27.51, -26.91, -26.29, -25.84, -25.67, -25.91, -26.47, -26.82, -26.97, -26.93, -26.77, -26.67, -26.53, -26.36, -26.14, -26.00, -25.76, -25.51, -25.32, -24.99, -24.73, -24.43, -24.00, -23.67, -23.31, -22.96, -22.64, -22.26, -21.88, -21.38, -20.85, -20.23, -19.59, -18.88, -18.06, -17.14, -16.08, -14.81, -13.18, -10.42, -5.10, -0.05, 6.42, 6.42, 7.57, 7.84, 6.77, 4.17, 0.36, -5.14, -10.38, -13.08, -14.73, -15.97, -17.07, -17.97, -18.79, -19.53, -20.19, -20.79, -21.34, -21.78, -22.26, -22.53, -22.90, -23.24, -23.61, -23.99, -24.36, -24.70, -24.98, -25.25, -25.47, -25.68, -25.84, -26.09, -26.23, -26.37, -26.50, -26.65, -26.81, -26.83, -26.71, -26.40, -25.93, -25.61, -25.64, -26.10, -26.83, -27.48, -27.86, -28.08, -28.17, -28.31, -28.31, -28.44, -28.50, -28.44, -28.51, -28.27, -27.97, -26.47, -22.89, -19.34, -17.01, -15.87, -15.87
2026-10-02, 13:10:59, 88000000, 90500000, 19531.25, 18176, -16.09, -16.54, -16.49, -15.61, -14.43, -13.39, -13.31, -14.36, -16.35, -19.44, -24.06, -27.12, -27.81, -28.13, -28.23, -28.29, -28.29, -28.31, -28.20, -28.14, -28.05, -27.86, -27.43, -26.88, -26.35, -25.92, -25.83, -26.01, -26.41, -26.79, -27.01, -26.99, -26.87, -26.75, -26.55, -26.39, -26.20, -26.01, -25.85, -25.61, -25.38, -25.04, -24.80, -24.51, -24.06, -23.75, -23.40, -23.02, -22.70, -22.34, -21.89, -21.43, -20.87, -20.29, -19.63, -18.89, -18.08, -17.15, -16.07, -14.76, -13.09, -10.38, -4.05, 1.09, 6.16, 6.16, 7.27, 7.43, 6.44, 4.38, 1.42, -3.56, -9.39, -12.83, -14.61, -15.93, -17.05, -17.98, -18.82, -19.54, -20.23, -20.84, -21.39, -21.87, -22.31, -22.58, -23.03, -23.34, -23.69, -24.06, -24.42, -24.68, -25.06, -25.30, -25.51, -25.75, -25.92, -26.12, -26.29, -26.49, -26.59, -26.68, -26.87, -26.87, -26.63, -26.26, -26.05, -25.81, -25.88, -26.28, -26.86, -27.42, -27.92, -28.17, -28.27, -28.36, -28.33, -28.52, -28.57, -28.46, -28.53, -28.30, -27.91, -25.99, -21.83, -18.52, -16.93, -16.18, -16.18
2026-10-02, 13:11:00, 88000000, 90500000, 19531.25, 18240, -15.44, -16.47, -17.11, -16.05, -14.15, -12.72, -12.98, -14.50, -16.87, -21.20, -25.65, -27.43, -27.93, -28.18, -28.29, -28.32, -28.28, -28.28, -28.21, -28.21, -28.07, -27.90, -27.56, -26.95, -26.33, -25.70, -25.62, -26.04, -26.54, -26.86, -27.05, -26.99, -26.87, -26.73, -26.58, -26.39, -26.24, -26.06, -25.82, -25.62, -25.34, -25.06, -24.85, -24.47, -24.04, -23.74, -23.32, -23.02, -22.70, -22.37, -21.90, -21.44, -20.91, -20.30, -19.67, -18.92, -18.14, -17.23, -16.20, -14.96, -13.41, -11.02, -5.51, 0.02, 6.22, 6.22, 7.83, 8.04, 6.51, 4.01, 0.24, -5.70, -10.83, -13.22, -14.82, -16.07, -17.13, -18.05, -18.88, -19.58, -20.23, -20.84, -21.35, -21.91, -22.31, -22.61, -22.98, -23.28, -23.67, -24.02, -24.39, -24.71, -25.01, -25.26, -25.50, -25.74, -25.93, -26.10, -26.29, -26.40, -26.57, -26.70, -26.85, -26.91, -26.70, -26.49, -26.02, -25.65, -25.57, -26.14, -26.80, -27.55, -27.90, -28.14, -28.23, -28.32, -28.30, -28.47, -28.51, -28.45, -28.49, -28.35, -27.98, -26.65, -22.91, -19.59, -17.26, -15.82, -15.82
2026-10-02, 13:11:01, 88000000, 90500000, 19531.25, 18176, -15.90, -16.50, -16.96, -15.83, -13.93, -13.20, -13.19, -14.27, -16.61, -20.24, -24.74, -27.14, -27.82, -28.00, -28.16, -28.22, -28.21, -28.19, -28.11, -28.06, -27.99, -27.75, -27.43, -26.93, -26.19, -25.74, -25.71, -25.95, -26.40, -26.76, -26.97, -26.95, -26.79, -26.66, -26.46, -26.35, -26.14, -25.96, -25.77, -25.54, -25.30, -25.01, -24.73, -24.45, -23.97, -23.66, -23.31, -23.00, -22.65, -22.29, -21.84, -21.34, -20.86, -20.24, -19.57, -18.85, -18.03, -17.12, -16.05, -14.75, -13.05, -9.49, -4.29, 0.34, 6.50, 6.50, 7.66, 7.51, 6.59, 4.35, 0.88, -4.65, -10.26, -12.99, -14.68, -16.00, -17.05, -17.98, -18.82, -19.55, -20.22, -20.79, -21.36, -21.85, -22.31, -22.57, -22.96, -23.31, -23.66, -23.99, -24.35, -24.64, -25.01, -25.23, -25.48, -25.72, -25.88, -26.06, -26.24, -26.41, -26.58, -26.68, -26.83, -26.83, -26.67, -26.39, -25.92, -25.66, -25.77, -26.17, -26.80, -27.44, -27.87, -28.07, -28.21, -28.32, -28.29, -28.55, -28.55, -28.42, -28.51, -28.33, -27.88, -25.72, -22.14, -19.54, -17.07, -15.66, -15.66
2026-10-02, 13:11:02, 88000000, 90500000, 19531.25, 18176, -16.64, -16.55, -15.99, -15.37, -14.68, -13.97, -13.56, -14.02, -15.50, -19.60, -24.23, -27.02, -27.76, -28.05, -28.14, -28.25, -28.21, -28.23, -28.18, -28.08, -28.02, -27.85, -27.29, -26.75, -26.34, -26.05, -25.89, -25.99, -26.21, -26.66, -26.89, -26.97, -26.83, -26.70, -26.49, -26.33, -26.13, -25.98, -25.79, -25.52, -25.29, -25.05, -24.72, -24.42, -23.97, -23.69, -23.34, -22.97, -22.66, -22.29, -21.82, -21.35, -20.82, -20.20, -19.54, -18.79, -17.98, -17.03, -15.92, -14.56, -12.83, -10.06, -3.86, 2.19, 6.09, 6.09, 6.78, 6.97, 6.40, 5.33, 1.57, -3.53, -9.68, -12.80, -14.56, -15.90, -17.00, -17.93, -18.78, -19.53, -20.20, -20.80, -21.35, -21.84, -22.25, -22.55, -22.98, -23.36, -23.68, -24.01, -24.33, -24.68, -24.99, -25.29, -25.50, -25.73, -25.90, -26.12, -26.27, -26.40, -26.60, -26.69, -26.81, -26.82, -26.49, -26.27, -26.03, -25.95, -26.01, -26.25, -26.64, -27.40, -27.81, -28.08, -28.21, -28.31, -28.32, -28.52, -28.58, -28.47, -28.52, -28.30, -27.85, -26.16, -20.91, -18.01, -16.80, -16.49, -16.49
2026-10-02, 13:11:03, 88000000, 90500000, 19531.25, 18240, -16.40, -16.56, -16.53, -15.52, -14.16, -13.67, -13.36, -14.19, -16.13, -19.44, -24.67, -27.14, -27.82, -28.07, -28.22, -28.23, -28.22, -28.22, -28.17, -28.05, -28.01, -27.81, -27.39, -26.89, -26.18, -25.89, -25.89, -25.95, -26.36, -26.73, -26.96, -26.93, -26.84, -26.69, -26.52, -26.35, -26.18, -26.00, -25.78, -25.54, -25.33, -25.03, -24.76, -24.44, -24.00, -23.70, -23.36, -23.00, -22.67, -22.29, -21.87, -21.39, -20.88, -20.27, -19.60, -18.88, -18.04, -17.11, -16.06, -14.79, -13.09, -10.39, -4.78, 1.05, 6.57, 6.57, 7.23, 7.17, 6.57, 4.48, 1.67, -3.80, -10.08, -12.88, -14.61, -15.90, -17.00, -17.96, -18.78, -19.53, -20.19, -20.80, -21.34, -21.81, -22.23, -22.58, -22.96, -23.31, -23.66, -24.00, -24.37, -24.66, -25.01, -25.25, -25.49, -25.68, -25.91, -26.09, -26.30, -26.44, -26.54, -26.66, -26.84, -26.90, -26.64, -26.31, -25.96, -25.79, -25.89, -26.18, -26.78, -27.36, -27.86, -28.11, -28.21, -28.35, -28.35, -28.51, -28.54, -28.42, -28.52, -28.34, -27.96, -26.41, -21.84, -18.80, -16.79, -15.99, -15.99
2026-10-02, 13:11:04, 88000000, 90500000, 19531.25, 18112, -16.06, -16.83, -16.58, -15.53, -14.20, -13.38, -13.66, -14.59, -15.43, -19.57, -24.90, -27.16, -27.79, -28.03, -28.18, -28.25, -28.20, -28.17, -28.14, -28.06, -28.00, -27.74, -27.34, -26.93, -26.28, -25.90, -25.82, -26.18, -26.25, -26.67, -26.94, -26.92, -26.81, -26.64, -26.49, -26.33, -26.17, -25.94, -25.78, -25.54, -25.29, -25.02, -24.78, -24.43, -24.02, -23.67, -23.30, -22.98, -22.67, -22.24, -21.83, -21.36, -20.83, -20.22, -19.55, -18.83, -18.00, -17.06, -16.00, -14.68, -12.97, -10.11, -4.19, 1.47, 6.34, 6.34, 7.33, 7.40, 5.88, 4.96, 1.96, -4.38, -10.02, -12.84, -14.56, -15.88, -17.00, -17.93, -18.75, -19.49, -20.16, -20.76, -21.32, -21.79, -22.23, -22.57, -22.93, -23.28, -23.65, -23.97, -24.29, -24.65, -24.98, -25.22, -25.44, -25.70, -25.90, -26.08, -26.26, -26.39, -26.48, -26.69, -26.80, -26.80, -26.58, -26.32, -25.91, -25.72, -25.82, -26.32, -26.69, -27.34, -27.85, -28.06, -28.19, -28.26, -28.30, -28.45, -28.55, -28.40, -28.47, -28.26, -27.89, -26.09, -21.57, -18.64, -16.97, -15.97, -15.97
2026-10-02, 13:11:05, 88000000, 90500000, 19531.25, 18176, -15.88, -16.58, -16.90, -15.92, -13.92, -13.13, -13.25, -14.30, -16.82, -19.80, -24.70, -26.97, -27.81, -28.07, -28.16, -28.23, -28.24, -28.18, -28.13, -28.08, -27.99, -27.84, -27.48, -26.93, -26.30, -25.76, -25.68, -25.91, -26.46, -26.74, -26.88, -26.95, -26.72, -26.65, -26.50, -26.31, -26.13, -25.96, -25.77, -25.54, -25.28, -25.01, -24.77, -24.43, -24.03, -23.68, -23.30, -22.98, -22.64, -22.27, -21.85, -21.37, -20.82, -20.23, -19.59, -18.86, -18.06, -17.13, -16.05, -14.81, -13.16, -10.56, -4.81, 0.41, 6.39, 6.39, 7.74, 7.54, 6.58, 4.13, 0.91, -4.11, -9.56, -12.85, -14.58, -15.92, -17.01, -17.95, -18.77, -19.52, -20.18, -20.78, -21.32, -21.84, -22.25, -22.57, -22.94, -23.26, -23.60, -23.99, -24.35, -24.61, -24.99, -25.20, -25.46, -25.71, -25.90, -26.04, -26.26, -26.41, -26.52, -26.69, -26.84, -26.79, -26.65, -26.42, -25.92, -25.55, -25.81, -26.16, -26.84, -27.42, -27.87, -28.11, -28.23, -28.30, -28.34, -28.45, -28.57, -28.43, -28.53, -28.32, -27.94, -26.52, -22.39, -19.36, -17.13, -15.64, -15.64
2026-10-02, 13:11:06, 88000000, 90500000, 19531.25, 18112, -15.85, -16.40, -16.91, -15.95, -13.94, -13.14, -12.94, -14.20, -17.29, -20.81, -25.14, -27.21, -27.88, -28.07, -28.21, -28.25, -28.22, -28.25, -28.17, -28.10, -28.02, -27.84, -27.50, -26.91, -26.27, -25.74, -25.67, -25.86, -26.44, -26.88, -26.98, -26.97, -26.81, -26.66, -26.51, -26.35, -26.20, -25.99, -25.80, -25.56, -25.31, -25.03, -24.77, -24.46, -24.01, -23.64, -23.33, -22.97, -22.64, -22.28, -21.87, -21.38, -20.86, -20.27, -19.59, -18.88, -18.08, -17.17, -16.11, -14.86, -13.26, -10.75, -5.70, -0.09, 6.43, 6.43, 7.67, 7.75, 6.87, 3.97, -0.09, -4.94, -10.28, -13.12, -14.76, -16.04, -17.12, -18.03, -18.85, -19.58, -20.21, -20.82, -21.34, -21.84, -22.29, -22.58, -22.98, -23.29, -23.64, -23.99, -24.39, -24.66, -24.99, -25.25, -25.51, -25.69, -25.92, -26.09, -26.26, -26.39, -26.55, -26.68, -26.82, -26.89, -26.68, -26.42, -25.95, -25.66, -25.68, -26.06, -26.95, -27.53, -27.89, -28.09, -28.25, -28.32, -28.29, -28.52, -28.55, -28.44, -28.51, -28.35, -28.02, -26.73, -22.99, -19.40, -17.09, -15.65, -15.65
2026-10-02, 13:11:07, 88000000, 90500000, 19531.25, 18176, -16.90, -16.97, -16.05, -14.80, -14.47, -14.25, -13.99, -13.98, -15.53, -18.45, -24.03, -26.99, -27.73, -28.04, -28.16, -28.19, -28.21, -28.18, -28.10, -28.06, -27.97, -27.76, -27.34, -26.58, -26.15, -26.09, -26.07, -26.04, -26.21, -26.53, -26.85, -26.89, -26.76, -26.63, -26.47, -26.30, -26.12, -25.90, -25.75, -25.47, -25.26, -24.94, -24.72, -24.37, -23.90, -23.67, -23.33, -22.97, -22.59, -22.22, -21.74, -21.29, -20.76, -20.17, -19.47, -18.75, -17.91, -16.97, -15.87, -14.54, -12.82, -10.00, -4.11, 1.42, 6.51, 6.51, 6.65, 6.47, 6.35, 5.12, 2.43, -2.84, -9.39, -12.53, -14.39, -15.74, -16.88, -17.84, -18.66, -19.44, -20.09, -20.71, -21.26, -21.76, -22.18, -22.49, -22.90, -23.26, -23.60, -23.96, -24.30, -24.62, -24.94, -25.18, -25.44, -25.69, -25.84, -26.01, -26.21, -26.40, -26.48, -26.59, -26.77, -26.77, -26.50, -26.11, -25.88, -25.94, -26.01, -26.17, -26.62, -27.26, -27.80, -28.06, -28.16, -28.21, -28.23, -28.44, -28.49, -28.37, -28.46, -28.20, -27.79, -25.94, -21.65, -17.95, -16.16, -16.35, -16.35
2026-10-02, 13:11:08, 88000000, 90500000, 19531.25, 18304, -16.47, -17.11, -16.44, -14.74, -14.09, -13.77, -13.82, -14.19, -15.50, -19.67, -24.96, -27.14, -27.77, -27.99, -28.15, -28.15, -28.19, -28.18, -28.11, -28.05, -27.96, -27.81, -27.36, -26.66, -26.08, -25.96, -25.80, -26.05, -26.27, -26.62, -26.85, -26.85, -26.76, -26.59, -26.48, -26.30, -26.07, -25.91, -25.70, -25.44, -25.28, -24.95, -24.72, -24.33, -23.90, -23.61, -23.28, -22.93, -22.57, -22.18, -21.78, -21.29, -20.73, -20.16, -19.50, -18.77, -17.94, -17.01, -15.95, -14.67, -13.07, -10.70, -5.89, 0.40, 6.86, 6.86, 7.13, 6.96, 6.25, 4.95, 1.94, -4.53, -10.20, -12.89, -14.56, -15.86, -16.96, -17.90, -18.72, -19.46, -20.13, -20.76, -21.29, -21.77, -22.20, -22.48, -22.89, -23.28, -23.61, -23.97, -24.30, -24.61, -24.94, -25.19, -25.39, -25.67, -25.85, -26.05, -26.21, -26.38, -26.46, -26.64, -26.76, -26.82, -26.62, -26.16, -25.72, -25.80, -26.01, -26.17, -26.61, -27.31, -27.86, -28.06, -28.19, -28.27, -28.25, -28.47, -28.49, -28.41, -28.46, -28.27, -27.98, -26.85, -22.92, -18.49, -16.03, -15.93, -15.93
2026-10-02, 13:11:09, 88000000, 90500000, 19531.25, 18112, -16.15, -16.66, -16.12, -15.63, -14.31, -13.47, -13.46, -13.77, -15.91, -20.50, -24.65, -27.11, -27.79, -28.02, -28.14, -28.16, -28.20, -28.12, -28.06, -28.08, -27.95, -27.75, -27.31, -26.72, -26.21, -25.85, -25.80, -25.87, -26.17, -26.73, -26.87, -26.86, -26.73, -26.62, -26.49, -26.23, -26.10, -25.85, -25.69, -25.46, -25.22, -24.96, -24.66, -24.34, -23.95, -23.61, -23.29, -22.92, -22.57, -22.21, -21.76, -21.31, -20.74, -20.15, -19.48, -18.76, -17.92, -16.99, -15.90, -14.63, -12.91, -10.17, -3.97, 1.21, 6.17, 6.17, 7.28, 7.28, 6.56, 5.23, 1.03, -4.52, -10.19, -12.85, -14.53, -15.85, -16.94, -17.87, -18.69, -19.43, -20.11, -20.71, -21.23, -21.72, -22.18, -22.48, -22.87, -23.21, -23.55, -23.88, -24.27, -24.60, -24.88, -25.21, -25.40, -25.61, -25.82, -26.02, -26.20, -26.34, -26.49, -26.59, -26.74, -26.78, -26.55, -26.25, -25.93, -25.73, -25.83, -26.14, -26.53, -27.40, -27.77, -28.04, -28.14, -28.22, -28.29, -28.42, -28.45, -28.36, -28.39, -28.21, -27.83, -25.90, -21.82, -18.41, -17.01, -16.05, -16.05
2026-10-02, 13:11:10, 88000000, 90500000, 19531.25, 18112, -16.66, -16.60, -15.68, -15.61, -14.40, -13.98, -13.55, -13.34, -15.75, -20.92, -25.39, -27.21, -27.79, -28.06, -28.15, -28.19, -28.24, -28.17, -28.09, -28.04, -27.96, -27.75, -27.26, -26.73, -26.32, -25.95, -26.00, -25.89, -26.06, -26.78, -26.95, -26.85, -26.80, -26.66, -26.44, -26.28, -26.14, -25.90, -25.68, -25.49, -25.25, -24.98, -24.72, -24.36, -23.95, -23.66, -23.33, -22.93, -22.59, -22.24, -21.81, -21.27, -20.79, -20.18, -19.50, -18.76, -17.95, -17.03, -15.92, -14.61, -12.92, -10.14, -4.20, 1.99, 6.18, 6.18, 6.97, 6.81, 6.82, 5.79, 0.49, -5.52, -10.48, -13.00, -14.62, -15.90, -17.00, -17.94, -18.78, -19.47, -20.18, -20.74, -21.29, -21.80, -22.22, -22.54, -22.95, -23.29, -23.59, -23.94, -24.31, -24.65, -24.94, -25.21, -25.45, -25.68, -25.86, -26.07, -26.21, -26.37, -26.48, -26.62, -26.80, -26.82, -26.54, -26.27, -26.02, -25.91, -25.97, -26.10, -26.43, -27.50, -27.90, -28.06, -28.18, -28.20, -28.29, -28.42, -28.49, -28.36, -28.44, -28.22, -27.85, -26.20, -21.42, -18.02, -17.00, -16.17, -16.17
2026-10-02, 13:11:11, 88000000, 90500000, 19531.25, 18176, -16.26, -16.56, -16.36, -15.71, -14.14, -13.58, -13.53, -14.00, -15.99, -19.87, -24.01, -26.98, -27.81, -28.02, -28.17, -28.20, -28.19, -28.18, -28.10, -28.06, -28.00, -27.77, -27.28, -26.84, -26.24, -25.85, -25.86, -25.94, -26.29, -26.70, -26.92, -26.89, -26.80, -26.65, -26.49, -26.30, -26.13, -25.92, -25.76, -25.53, -25.25, -24.98, -24.71, -24.39, -24.01, -23.66, -23.33, -22.94, -22.61, -22.24, -21.83, -21.33, -20.80, -20.20, -19.53, -18.81, -17.98, -17.04, -15.94, -14.63, -12.97, -10.25, -4.39, 1.69, 6.39, 6.39, 7.25, 7.21, 6.41, 4.95, 1.39, -3.66, -9.44, -12.77, -14.52, -15.85, -16.98, -17.91, -18.75, -19.50, -20.14, -20.75, -21.30, -21.77, -22.21, -22.53, -22.92, -23.27, -23.63, -23.97, -24.32, -24.66, -24.98, -25.21, -25.46, -25.66, -25.86, -26.06, -26.21, -26.37, -26.47, -26.63, -26.81, -26.81, -26.54, -26.40, -25.94, -25.79, -25.92, -26.23, -26.63, -27.38, -27.81, -28.02, -28.11, -28.27, -28.24, -28.44, -28.50, -28.43, -28.47, -28.24, -27.92, -26.34, -21.10, -18.76, -17.04, -15.93, -15.93
2026-10-02, 13:11:12, 88000000, 90500000, 19531.25, 18176, -15.97, -16.93, -16.47, -15.37, -14.29, -13.29, -13.55, -14.55, -15.67, -19.75, -24.71, -27.12, -27.80, -28.07, -28.11, -28.21, -28.23, -28.19, -28.16, -28.07, -27.97, -27.83, -27.39, -26.78, -26.15, -26.02, -25.64, -26.07, -26.34, -26.62, -26.91, -26.90, -26.74, -26.61, -26.49, -26.31, -26.14, -25.96, -25.77, -25.49, -25.26, -24.99, -24.75, -24.36, -23.91, -23.64, -23.28, -22.94, -22.64, -22.24, -21.82, -21.30, -20.79, -20.19, -19.54, -18.78, -17.95, -17.04, -15.98, -14.66, -13.04, -10.54, -5.30, 0.98, 6.46, 6.46, 7.21, 7.48, 6.04, 4.79, 1.84, -4.67, -10.09, -12.94, -14.64, -15.93, -17.03, -17.93, -18.78, -19.53, -20.16, -20.79, -21.30, -21.81, -22.22, -22.55, -22.93, -23.26, -23.60, -23.99, -24.34, -24.65, -24.98, -25.24, -25.45, -25.70, -25.84, -26.06, -26.25, -26.36, -26.53, -26.60, -26.81, -26.83, -26.59, -26.28, -25.94, -25.76, -25.89, -26.34, -26.66, -27.32, -27.88, -28.05, -28.14, -28.28, -28.28, -28.47, -28.54, -28.44, -28.48, -28.30, -27.97, -26.56, -22.81, -18.41, -16.77, -16.10, -16.10
2026-10-02, 13:11:13, 88000000, 90500000, 19531.25, 18176, -15.35, -16.24, -17.34, -16.34, -13.92, -12.57, -12.67, -14.43, -17.77, -22.11, -25.45, -27.41, -27.91, -28.12, -28.28, -28.24, -28.24, -28.23, -28.15, -28.09, -28.04, -27.84, -27.51, -27.02, -26.34, -25.64, -25.56, -25.85, -26.49, -26.97, -26.99, -26.94, -26.80, -26.65, -26.52, -26.33, -26.15, -25.99, -25.78, -25.51, -25.36, -25.02, -24.82, -24.51, -24.05, -23.67, -23.30, -22.99, -22.70, -22.37, -21.91, -21.41, -20.89, -20.30, -19.66, -18.95, -18.14, -17.23, -16.22, -14.98, -13.46, -11.15, -6.32, -1.03, 6.23, 6.23, 8.19, 8.06, 6.87, 3.80, -1.28, -5.79, -10.75, -13.35, -14.89, -16.11, -17.17, -18.07, -18.90, -19.61, -20.29, -20.85, -21.40, -21.87, -22.32, -22.59, -22.95, -23.28, -23.62, -24.02, -24.42, -24.73, -25.02, -25.25, -25.51, -25.69, -25.89, -26.09, -26.27, -26.42, -26.55, -26.67, -26.84, -26.88, -26.79, -26.52, -25.98, -25.44, -25.63, -26.15, -26.89, -27.59, -27.93, -28.09, -28.22, -28.31, -28.31, -28.51, -28.55, -28.47, -28.52, -28.37, -28.12, -27.01, -23.71, -20.10, -17.46, -15.56, -15.56
2026-10-02, 13:11:14, 88000000, 90500000, 19531.25, 18112, -15.86, -16.69, -16.80, -15.57, -14.08, -13.16, -13.20, -14.27, -16.69, -20.54, -24.51, -27.10, -27.87, -28.09, -28.21, -28.25, -28.28, -28.21, -28.18, -28.09, -28.03, -27.87, -27.49, -26.87, -26.25, -25.78, -25.65, -26.02, -26.40, -26.82, -26.98, -26.98, -26.82, -26.73, -26.52, -26.36, -26.20, -25.99, -25.82, -25.57, -25.34, -25.10, -24.79, -24.45, -23.96, -23.71, -23.35, -23.01, -22.70, -22.31, -21.87, -21.38, -20.87, -20.30, -19.63, -18.89, -18.09, -17.17, -16.13, -14.85, -13.23, -10.84, -5.90, -0.05, 6.51, 6.51, 7.54, 7.69, 6.48, 4.27, 0.62, -4.46, -9.92, -12.98, -14.70, -15.99, -17.09, -18.01, -18.82, -19.59, -20.23, -20.81, -21.35, -21.84, -22.30, -22.54, -22.98, -23.30, -23.64, -24.03, -24.37, -24.72, -25.01, -25.25, -25.52, -25.72, -25.90, -26.09, -26.25, -26.43, -26.56, -26.69, -26.84, -26.93, -26.76, -26.27, -25.94, -25.76, -25.78, -26.17, -26.82, -27.49, -27.86, -28.07, -28.21, -28.30, -28.27, -28.48, -28.58, -28.46, -28.48, -28.35, -27.98, -26.73, -23.14, -19.13, -16.80, -15.82, -15.82
2026-10-02, 13:11:15, 88000000, 90500000, 19531.25, 18240, -15.15, -16.87, -17.76, -16.20, -13.37, -12.35, -13.12, -14.66, -17.60, -21.96, -25.87, -27.50, -27.94, -28.12, -28.21, -28.21, -28.19, -28.20, -28.17, -28.09, -27.96, -27.84, -27.61, -27.07, -26.09, -25.48, -25.55, -25.98, -26.50, -26.86, -26.91, -26.90, -26.74, -26.60, -26.46, -26.27, -26.16, -25.95, -25.72, -25.47, -25.26, -25.01, -24.74, -24.41, -23.94, -23.60, -23.24, -22.95, -22.65, -22.27, -21.85, -21.38, -20.84, -20.26, -19.61, -18.89, -18.11, -17.25, -16.24, -15.04, -13.62, -11.79, -8.73, -2.51, 7.02, 7.02, 8.39, 8.04, 6.34, 3.80, -0.68, -6.56, -11.09, -13.32, -14.86, -16.09, -17.13, -18.01, -18.85, -19.54, -20.21, -20.78, -21.33, -21.82, -22.24, -22.51, -22.89, -23.22, -23.59, -23.99, -24.34, -24.66, -24.93, -25.20, -25.43, -25.69, -25.83, -26.06, -26.22, -26.37, -26.50, -26.63, -26.78, -26.88, -26.82, -26.50, -25.75, -25.37, -25.64, -26.22, -26.92, -27.51, -27.82, -27.99, -28.12, -28.26, -28.23, -28.46, -28.53, -28.39, -28.51, -28.38, -28.17, -27.58, -25.52, -20.88, -17.16, -15.04, -15.04
2026-10-02, 13:11:16, 88000000, 90500000, 19531.25, 18240, -15.97, -16.28, -16.54, -15.88, -14.48, -13.24, -13.04, -14.49, -16.22, -20.18, -23.90, -26.81, -27.75, -28.04, -28.19, -28.20, -28.21, -28.17, -28.15, -28.03, -28.00, -27.79, -27.23, -26.87, -26.40, -25.80, -25.70, -25.93, -26.38, -26.71, -26.93, -26.91, -26.74, -26.62, -26.47, -26.27, -26.10, -25.95, -25.75, -25.55, -25.23, -24.99, -24.69, -24.38, -23.95, -23.65, -23.31, -22.92, -22.59, -22.21, -21.81, -21.32, -20.76, -20.16, -19.51, -18.78, -17.98, -17.01, -15.95, -14.62, -12.91, -10.19, -4.33, 1.44, 5.85, 5.85, 7.44, 7.65, 6.49, 4.29, 1.33, -4.28, -8.47, -12.62, -14.51, -15.86, -16.96, -17.89, -18.72, -19.45, -20.13, -20.72, -21.28, -21.73, -22.19, -22.53, -22.91, -23.25, -23.56, -24.00, -24.32, -24.63, -24.92, -25.18, -25.45, -25.68, -25.86, -26.05, -26.21, -26.38, -26.52, -26.65, -26.76, -26.82, -26.54, -26.35, -26.04, -25.75, -25.78, -26.14, -26.77, -27.30, -27.83, -28.03, -28.11, -28.24, -28.24, -28.43, -28.49, -28.36, -28.46, -28.27, -27.94, -26.27, -21.60, -18.55, -17.32, -16.16, -16.16
2026-10-02, 13:11:17, 88000000, 90500000, 19531.25, 18176, -17.04, -16.99, -15.81, -15.19, -14.39, -14.37, -14.20, -14.23, -15.00, -18.31, -23.96, -26.98, -27.72, -28.03, -28.15, -28.24, -28.27, -28.20, -28.20, -28.12, -28.03, -27.75, -27.25, -26.72, -26.34, -26.06, -26.13, -26.14, -26.24, -26.56, -26.87, -26.98, -26.82, -26.73, -26.53, -26.34, -26.20, -26.01, -25.80, -25.57, -25.33, -25.04, -24.79, -24.37, -23.96, -23.72, -23.39, -23.02, -22.64, -22.26, -21.84, -21.34, -20.82, -20.20, -19.52, -18.78, -17.93, -17.00, -15.87, -14.49, -12.71, -9.78, -3.52, 2.49, 6.13, 6.13, 6.76, 6.28, 6.00, 5.42, 2.80, -2.87, -9.40, -12.59, -14.43, -15.83, -16.94, -17.92, -18.75, -19.51, -20.20, -20.78, -21.32, -21.81, -22.24, -22.54, -23.00, -23.37, -23.72, -24.02, -24.36, -24.72, -25.02, -25.28, -25.52, -25.76, -25.90, -26.14, -26.27, -26.44, -26.57, -26.71, -26.78, -26.83, -26.57, -26.20, -26.06, -26.05, -26.27, -26.41, -26.59, -27.25, -27.84, -28.06, -28.20, -28.28, -28.28, -28.52, -28.55, -28.40, -28.47, -28.25, -27.76, -25.87, -20.91, -17.50, -16.76, -16.26, -16.26
2026-10-02, 13:11:18, 88000000, 90500000, 19531.25, 18112, -17.32, -16.80, -15.37, -15.22, -14.95, -14.79, -14.37, -13.58, -14.70, -18.58, -24.43, -26.95, -27.72, -28.03, -28.16, -28.21, -28.23, -28.17, -28.09, -28.06, -27.95, -27.62, -27.10, -26.57, -26.34, -26.27, -26.20, -25.98, -26.10, -26.49, -26.85, -26.85, -26.73, -26.61, -26.43, -26.26, -26.13, -25.88, -25.73, -25.49, -25.23, -24.96, -24.69, -24.32, -23.93, -23.65, -23.30, -22.97, -22.53, -22.14, -21.72, -21.23, -20.70, -20.06, -19.41, -18.64, -17.77, -16.78, -15.61, -14.17, -12.16, -7.93, -2.00, 3.18, 5.77, 5.77, 6.20, 5.87, 6.48, 5.64, 3.06, -3.49, -9.57, -12.48, -14.29, -15.67, -16.80, -17.81, -18.61, -19.40, -20.08, -20.66, -21.26, -21.71, -22.15, -22.51, -22.92, -23.27, -23.60, -23.88, -24.27, -24.62, -24.91, -25.19, -25.43, -25.66, -25.84, -26.05, -26.21, -26.35, -26.53, -26.64, -26.75, -26.76, -26.32, -26.13, -26.19, -26.06, -26.25, -26.18, -26.50, -27.13, -27.80, -28.02, -28.18, -28.23, -28.28, -28.43, -28.48, -28.33, -28.42, -28.16, -27.41, -24.32, -19.95, -17.20, -16.95, -16.82, -16.82
2026-10-02, 13:11:19, 88000000, 90500000, 19531.25, 18112, -16.88, -17.08, -16.09, -14.83, -14.43, -14.24, -14.16, -14.78, -15.86, -16.90, -22.27, -26.49, -27.55, -27.95, -28.10, -28.16, -28.21, -28.19, -28.11, -28.04, -27.96, -27.74, -27.25, -26.55, -26.20, -26.13, -25.96, -26.15, -26.40, -26.47, -26.77, -26.90, -26.77, -26.65, -26.47, -26.31, -26.09, -25.93, -25.73, -25.49, -25.27, -24.97, -24.70, -24.31, -23.89, -23.61, -23.30, -22.96, -22.59, -22.19, -21.73, -21.27, -20.72, -20.11, -19.47, -18.72, -17.86, -16.90, -15.80, -14.45, -12.66, -9.81, -4.12, 2.15, 6.46, 6.46, 6.59, 6.50, 5.80, 4.17, 3.20, -0.46, -8.02, -12.11, -14.13, -15.60, -16.75, -17.75, -18.62, -19.39, -20.06, -20.69, -21.25, -21.74, -22.16, -22.48, -22.90, -23.27, -23.60, -23.99, -24.30, -24.58, -24.94, -25.23, -25.41, -25.69, -25.82, -26.04, -26.24, -26.37, -26.50, -26.63, -26.76, -26.81, -26.45, -26.02, -25.94, -26.00, -26.14, -26.34, -26.82, -27.08, -27.60, -27.98, -28.18, -28.24, -28.21, -28.43, -28.48, -28.37, -28.40, -28.20, -27.80, -26.04, -21.23, -17.49, -16.16, -16.45, -16.45
2026-10-02, 13:11:20, 88000000, 90500000, 19531.25, 18240, -16.36, -16.71, -16.25, -15.24, -14.56, -13.69, -13.69, -14.56, -15.64, -18.21, -23.50, -26.80, -27.68, -28.00, -28.12, -28.15, -28.17, -28.13, -28.11, -27.98, -27.88, -27.67, -27.21, -26.60, -26.26, -25.99, -25.91, -26.06, -26.23, -26.54, -26.80, -26.84, -26.71, -26.58, -26.40, -26.22, -26.08, -25.87, -25.69, -25.42, -25.22, -24.94, -24.67, -24.29, -23.85, -23.60, -23.23, -22.88, -22.56, -22.14, -21.70, -21.24, -20.69, -20.08, -19.41, -18.66, -17.84, -16.90, -15.78, -14.44, -12.67, -9.65, -3.66, 1.72, 6.18, 6.18, 6.97, 6.97, 6.09, 4.75, 2.37, -2.07, -8.98, -12.39, -14.27, -15.64, -16.80, -17.77, -18.61, -19.33, -20.04, -20.64, -21.19, -21.69, -22.12, -22.45, -22.85, -23.21, -23.56, -23.93, -24.24, -24.56, -24.90, -25.14, -25.39, -25.63, -25.81, -26.00, -26.19, -26.32, -26.47, -26.56, -26.76, -26.80, -26.49, -26.12, -25.98, -25.79, -25.90, -26.23, -26.71, -27.25, -27.72, -28.05, -28.11, -28.22, -28.21, -28.41, -28.46, -28.33, -28.42, -28.21, -27.82, -25.87, -21.31, -17.90, -16.66, -16.43, -16.43
2026-10-02, 13:11:21, 88000000, 90500000, 19531.25, 18176, -16.03, -16.57, -16.54, -15.68, -14.15, -13.31, -13.15, -14.13, -16.75, -20.64, -24.71, -27.27, -27.85, -28.12, -28.24, -28.23, -28.25, -28.22, -28.14, -28.14, -28.06, -27.86, -27.46, -26.87, -26.23, -25.92, -25.79, -25.96, -26.37, -26.81, -26.95, -26.92, -26.84, -26.71, -26.52, -26.31, -26.17, -26.00, -25.77, -25.57, -25.33, -25.04, -24.76, -24.44, -24.00, -23.70, -23.33, -22.99, -22.63, -22.31, -21.86, -21.37, -20.84, -20.24, -19.60, -18.85, -18.04, -17.11, -16.05, -14.77, -13.16, -10.61, -5.33, 0.55, 6.49, 6.49, 7.43, 7.53, 6.70, 4.47, 0.19, -4.39, -10.26, -13.06, -14.73, -16.02, -17.12, -18.04, -18.85, -19.56, -20.21, -20.83, -21.36, -21.86, -22.26, -22.57, -23.02, -23.32, -23.62, -24.03, -24.35, -24.67, -25.02, -25.28, -25.48, -25.73, -25.93, -26.11, -26.23, -26.44, -26.53, -26.64, -26.87, -26.87, -26.70, -26.33, -25.92, -25.73, -25.76, -26.15, -26.80, -27.54, -27.95, -28.16, -28.23, -28.33, -28.34, -28.54, -28.56, -28.44, -28.49, -28.33, -27.97, -26.63, -22.73, -18.88, -16.85, -15.90, -15.90
2026-10-02, 13:11:22, 88000000, 90500000, 19531.25, 18176, -15.76, -16.78, -16.80, -15.80, -14.07, -13.01, -13.47, -14.45, -16.25, -20.17, -24.43, -27.12, -27.79, -28.08, -28.16, -28.21, -28.24, -28.20, -28.08, -28.06, -27.94, -27.74, -27.41, -26.86, -26.23, -25.75, -25.77, -26.10, -26.37, -26.76, -26.95, -26.92, -26.78, -26.63, -26.49, -26.31, -26.14, -25.91, -25.73, -25.52, -25.30, -25.01, -24.76, -24.44, -23.98, -23.64, -23.29, -22.96, -22.65, -22.27, -21.87, -21.37, -20.83, -20.24, -19.57, -18.86, -18.06, -17.13, -16.04, -14.76, -13.10, -9.99, -4.89, 0.47, 6.37, 6.37, 7.75, 7.50, 6.19, 4.58, 1.05, -4.34, -9.84, -12.90, -14.61, -15.93, -17.02, -17.94, -18.75, -19.51, -20.17, -20.77, -21.33, -21.82, -22.26, -22.52, -22.94, -23.27, -23.62, -24.02, -24.33, -24.66, -24.98, -25.23, -25.46, -25.71, -25.88, -26.10, -26.27, -26.44, -26.55, -26.67, -26.81, -26.88, -26.75, -26.41, -25.98, -25.67, -25.79, -26.31, -26.82, -27.45, -27.80, -28.02, -28.18, -28.27, -28.35, -28.49, -28.56, -28.45, -28.50, -28.32, -27.86, -26.27, -22.42, -19.11, -17.11, -15.79, -15.79
2026-10-02, 13:11:23, 88000000, 90500000, 19531.25, 18112, -16.15, -16.46, -16.46, -15.62, -14.48, -13.47, -13.24, -14.03, -16.41, -19.62, -25.16, -27.27, -27.89, -28.11, -28.20, -28.26, -28.24, -28.29, -28.18, -28.12, -28.06, -27.83, -27.38, -26.87, -26.36, -26.00, -25.81, -25.91, -26.40, -26.79, -26.96, -26.97, -26.78, -26.72, -26.55, -26.36, -26.16, -26.01, -25.77, -25.60, -25.33, -25.08, -24.81, -24.47, -24.01, -23.71, -23.33, -23.01, -22.67, -22.31, -21.90, -21.41, -20.86, -20.26, -19.58, -18.88, -18.05, -17.13, -16.04, -14.75, -13.09, -10.43, -4.62, 1.23, 6.23, 6.23, 7.14, 7.41, 6.72, 4.51, 1.32, -4.51, -10.25, -12.90, -14.59, -15.89, -17.00, -17.95, -18.77, -19.54, -20.18, -20.77, -21.31, -21.81, -22.24, -22.55, -22.99, -23.32, -23.63, -24.01, -24.36, -24.67, -24.98, -25.27, -25.47, -25.71, -25.91, -26.11, -26.27, -26.44, -26.51, -26.69, -26.83, -26.86, -26.70, -26.38, -25.98, -25.87, -25.80, -26.21, -26.79, -27.37, -27.87, -28.07, -28.21, -28.23, -28.30, -28.50, -28.54, -28.41, -28.48, -28.31, -27.94, -26.32, -21.80, -18.76, -16.91, -16.26, -16.26
2026-10-02, 13:11:24, 88000000, 90500000, 19531.25, 18112, -17.10, -16.92, -15.91, -14.99, -14.44, -14.46, -13.98, -13.84, -14.82, -19.88, -25.12, -27.19, -27.84, -28.06, -28.21, -28.26, -28.24, -28.21, -28.18, -28.14, -28.01, -27.81, -27.31, -26.65, -26.21, -26.16, -26.16, -26.01, -26.19, -26.63, -26.96, -26.97, -26.85, -26.71, -26.53, -26.35, -26.20, -26.01, -25.76, -25.57, -25.35, -25.04, -24.77, -24.41, -23.97, -23.72, -23.37, -23.02, -22.66, -22.25, -21.85, -21.36, -20.81, -20.21, -19.56, -18.82, -17.98, -17.05, -15.94, -14.62, -12.92, -10.06, -4.50, 1.83, 6.57, 6.57, 6.41, 6.36, 6.48, 5.64, 2.14, -4.56, -10.04, -12.73, -14.48, -15.82, -16.94, -17.88, -18.72, -19.47, -20.13, -20.75, -21.31, -21.79, -22.20, -22.53, -22.93, -23.34, -23.62, -24.00, -24.33, -24.68, -25.03, -25.23, -25.48, -25.71, -25.90, -26.09, -26.26, -26.44, -26.56, -26.66, -26.80, -26.89, -26.61, -26.17, -25.91, -26.10, -26.13, -26.25, -26.48, -27.27, -27.84, -28.08, -28.22, -28.24, -28.26, -28.47, -28.55, -28.36, -28.48, -28.26, -27.87, -26.07, -21.47, -17.89, -16.50, -16.32, -16.32
2026-10-02, 13:11:25, 88000000, 90500000, 19531.25, 18176, -17.06, -16.58, -15.73, -15.26, -14.92, -14.48, -14.04, -14.05, -15.07, -18.00, -23.45, -26.75, -27.69, -27.99, -28.13, -28.19, -28.25, -28.24, -28.13, -28.09, -28.06, -27.66, -27.16, -26.70, -26.40, -26.26, -26.16, -26.15, -26.18, -26.55, -26.85, -26.90, -26.80, -26.72, -26.50, -26.33, -26.15, -26.00, -25.79, -25.55, -25.29, -25.00, -24.74, -24.40, -23.99, -23.70, -23.35, -22.99, -22.60, -22.24, -21.81, -21.31, -20.77, -20.17, -19.49, -18.74, -17.90, -16.92, -15.77, -14.37, -12.49, -9.13, -2.07, 3.05, 5.89, 5.89, 6.27, 6.38, 6.18, 5.37, 2.85, -2.01, -8.84, -12.34, -14.28, -15.69, -16.84, -17.82, -18.68, -19.42, -20.11, -20.74, -21.28, -21.76, -22.20, -22.52, -22.98, -23.33, -23.63, -23.97, -24.30, -24.67, -24.99, -25.22, -25.44, -25.73, -25.93, -26.09, -26.28, -26.44, -26.54, -26.69, -26.83, -26.78, -26.40, -26.23, -26.12, -26.10, -26.15, -26.32, -26.64, -27.24, -27.80, -28.13, -28.23, -28.35, -28.32, -28.49, -28.55, -28.40, -28.48, -28.24, -27.65, -25.14, -19.77, -17.49, -16.80, -16.87, -16.87
2026-10-02, 13:11:26, 88000000, 90500000, 19531.25, 18176, -16.88, -16.96, -16.14, -15.28, -14.11, -14.18, -14.10, -14.91, -15.71, -17.03, -22.55, -26.57, -27.59, -27.97, -28.11, -28.16, -28.19, -28.12, -28.09, -28.04, -27.93, -27.71, -27.09, -26.67, -26.17, -26.06, -25.95, -26.15, -26.34, -26.52, -26.77, -26.86, -26.74, -26.61, -26.42, -26.23, -26.12, -25.89, -25.70, -25.47, -25.21, -24.96, -24.67, -24.31, -23.88, -23.62, -23.28, -22.91, -22.56, -22.16, -21.71, -21.24, -20.69, -20.08, -19.38, -18.66, -17.83, -16.87, -15.75, -14.42, -12.64, -9.88, -3.91, 2.74, 6.51, 6.51, 6.82, 6.47, 5.74, 4.40, 3.16, -0.91, -8.19, -12.10, -14.14, -15.58, -16.75, -17.74, -18.61, -19.36, -20.04, -20.66, -21.21, -21.70, -22.13, -22.45, -22.85, -23.22, -23.57, -23.95, -24.27, -24.55, -24.93, -25.16, -25.42, -25.65, -25.82, -26.04, -26.20, -26.35, -26.45, -26.58, -26.75, -26.77, -26.40, -26.17, -25.88, -25.89, -26.14, -26.41, -26.77, -26.99, -27.66, -27.99, -28.16, -28.24, -28.24, -28.40, -28.48, -28.33, -28.41, -28.17, -27.82, -26.10, -20.83, -17.57, -16.63, -16.09, -16.09
2026-10-02, 13:11:27, 88000000, 90500000, 19531.25, 18240, -16.92, -16.85, -15.95, -14.95, -14.80, -14.31, -14.33, -14.40, -14.85, -17.86, -23.90, -26.86, -27.67, -28.03, -28.16, -28.23, -28.22, -28.21, -28.15, -28.10, -27.97, -27.72, -27.12, -26.68, -26.27, -26.21, -26.11, -26.21, -26.22, -26.46, -26.88, -26.91, -26.79, -26.66, -26.49, -26.32, -26.15, -25.95, -25.74, -25.52, -25.31, -24.99, -24.72, -24.39, -23.94, -23.68, -23.36, -23.00, -22.62, -22.21, -21.77, -21.29, -20.75, -20.13, -19.49, -18.70, -17.87, -16.88, -15.75, -14.37, -12.48, -9.30, -2.59, 2.98, 6.15, 6.15, 6.43, 6.37, 5.77, 5.21, 3.42, -2.63, -9.24, -12.43, -14.30, -15.72, -16.85, -17.84, -18.69, -19.47, -20.11, -20.74, -21.31, -21.78, -22.21, -22.53, -22.97, -23.34, -23.68, -23.99, -24.29, -24.63, -24.96, -25.24, -25.47, -25.76, -25.90, -26.08, -26.24, -26.39, -26.50, -26.71, -26.83, -26.82, -26.40, -26.18, -26.05, -26.02, -26.20, -26.40, -26.64, -27.09, -27.75, -28.01, -28.19, -28.29, -28.28, -28.47, -28.51, -28.36, -28.43, -28.20, -27.67, -25.20, -20.00, -17.63, -16.49, -16.72, -16.72
