2026-10-01, 21:34:47, 88000000, 90500000, 19531.25, 4608, -16.25, -16.62, -16.90, -16.14, -14.66, -13.55, -13.41, -14.40, -16.77, -19.83, -25.13, -27.83, -28.57, -28.91, -29.08, -29.23, -29.26, -29.22, -29.22, -29.11, -29.09, -28.94, -28.43, -27.82, -27.08, -26.75, -26.60, -26.89, -27.22, -27.71, -27.98, -27.94, -27.82, -27.61, -27.41, -27.24, -27.06, -26.84, -26.57, -26.34, -26.10, -25.78, -25.51, -25.12, -24.69, -24.32, -23.85, -23.54, -23.21, -22.81, -22.32, -21.86, -21.28, -20.64, -19.99, -19.19, -18.38, -17.42, -16.27, -14.92, -13.15, -9.96, -3.73, 0.66, 5.90, 5.90, 7.04, 7.31, 6.44, 4.22, 0.76, -3.79, -10.36, -13.22, -14.93, -16.27, -17.39, -18.34, -19.18, -19.95, -20.61, -21.24, -21.84, -22.31, -22.81, -23.16, -23.54, -23.87, -24.25, -24.65, -25.10, -25.42, -25.73, -26.07, -26.34, -26.60, -26.77, -27.02, -27.23, -27.45, -27.67, -27.79, -27.92, -27.97, -27.69, -27.42, -27.05, -26.70, -26.68, -27.04, -27.78, -28.54, -29.02, -29.19, -29.29, -29.36, -29.37, -29.40, -29.41, -29.29, -29.19, -28.99, -28.31, -26.07, -21.91, -19.30, -17.39, -16.46, -16.46
2026-10-01, 21:34:48, 88000000, 90500000, 19531.25, 15424, -16.43, -16.65, -16.75, -15.97, -14.75, -13.77, -13.42, -14.40, -16.68, -20.34, -25.16, -27.84, -28.56, -28.92, -29.09, -29.19, -29.22, -29.26, -29.24, -29.15, -29.09, -28.89, -28.41, -27.77, -27.18, -26.76, -26.62, -26.77, -27.27, -27.70, -27.93, -27.93, -27.77, -27.63, -27.42, -27.21, -27.05, -26.80, -26.59, -26.31, -26.06, -25.76, -25.45, -25.09, -24.68, -24.30, -23.92, -23.51, -23.17, -22.79, -22.34, -21.82, -21.27, -20.66, -19.96, -19.22, -18.37, -17.43, -16.32, -14.99, -13.30, -10.42, -4.31, 0.88, 5.85, 5.85, 6.93, 7.18, 6.46, 4.19, 0.93, -4.73, -10.29, -13.21, -14.94, -16.27, -17.38, -18.31, -19.18, -19.93, -20.62, -21.25, -21.80, -22.32, -22.77, -23.14, -23.54, -23.89, -24.25, -24.65, -25.05, -25.44, -25.78, -26.06, -26.33, -26.59, -26.81, -27.06, -27.26, -27.42, -27.60, -27.76, -27.92, -27.94, -27.77, -27.34, -26.97, -26.68, -26.68, -27.10, -27.80, -28.55, -29.07, -29.26, -29.29, -29.35, -29.36, -29.43, -29.44, -29.35, -29.28, -29.06, -28.54, -26.56, -22.08, -18.99, -17.32, -16.50, -16.50
2026-10-01, 21:34:49, 88000000, 90500000, 19531.25, 15040, -16.33, -16.65, -16.77, -16.02, -14.87, -13.70, -13.44, -14.38, -16.68, -20.39, -25.20, -27.81, -28.59, -28.91, -29.11, -29.19, -29.26, -29.27, -29.22, -29.21, -29.08, -28.89, -28.44, -27.80, -27.21, -26.81, -26.61, -26.79, -27.27, -27.76, -28.01, -27.97, -27.81, -27.69, -27.48, -27.30, -27.05, -26.85, -26.58, -26.36, -26.10, -25.80, -25.49, -25.12, -24.69, -24.38, -23.93, -23.58, -23.21, -22.85, -22.38, -21.88, -21.30, -20.70, -20.01, -19.27, -18.43, -17.48, -16.35, -15.02, -13.23, -9.80, -3.79, 0.85, 5.75, 5.75, 6.86, 7.24, 6.42, 4.34, 0.69, -4.51, -10.24, -13.22, -14.97, -16.29, -17.40, -18.35, -19.19, -19.97, -20.65, -21.27, -21.83, -22.38, -22.81, -23.20, -23.57, -23.90, -24.31, -24.68, -25.11, -25.49, -25.81, -26.09, -26.35, -26.62, -26.84, -27.10, -27.27, -27.48, -27.65, -27.84, -27.95, -27.97, -27.78, -27.37, -27.08, -26.73, -26.71, -27.10, -27.81, -28.60, -29.05, -29.27, -29.32, -29.37, -29.38, -29.49, -29.47, -29.40, -29.28, -29.04, -28.45, -25.88, -22.04, -19.03, -17.35, -16.64, -16.64
2026-10-01, 21:34:50, 88000000, 90500000, 19531.25, 15552, -15.94, -16.38, -17.27, -16.43, -14.81, -13.27, -13.00, -14.78, -17.17, -21.06, -25.80, -28.01, -28.64, -28.97, -29.15, -29.22, -29.29, -29.29, -29.28, -29.22, -29.14, -28.94, -28.50, -27.95, -27.29, -26.70, -26.40, -26.80, -27.45, -27.81, -28.05, -28.01, -27.81, -27.68, -27.48, -27.28, -27.09, -26.85, -26.61, -26.39, -26.09, -25.83, -25.52, -25.17, -24.76, -24.35, -23.93, -23.59, -23.26, -22.87, -22.42, -21.91, -21.35, -20.74, -20.06, -19.31, -18.47, -17.53, -16.44, -15.12, -13.34, -10.22, -4.20, 0.21, 5.54, 5.54, 7.21, 7.78, 6.44, 3.73, 0.21, -5.35, -10.90, -13.46, -15.08, -16.39, -17.47, -18.42, -19.26, -20.00, -20.68, -21.32, -21.85, -22.38, -22.84, -23.23, -23.58, -23.91, -24.26, -24.73, -25.14, -25.51, -25.84, -26.10, -26.38, -26.64, -26.84, -27.10, -27.27, -27.50, -27.67, -27.81, -27.97, -28.01, -27.82, -27.51, -27.08, -26.66, -26.51, -27.09, -27.97, -28.67, -29.10, -29.29, -29.35, -29.38, -29.43, -29.48, -29.48, -29.39, -29.31, -29.11, -28.56, -26.26, -22.42, -19.58, -17.77, -16.50, -16.50
2026-10-01, 21:34:51, 88000000, 90500000, 19531.25, 15616, -15.60, -16.89, -17.53, -16.44, -14.48, -12.85, -13.34, -14.99, -17.27, -21.49, -26.50, -28.14, -28.71, -28.99, -29.16, -29.24, -29.26, -29.27, -29.28, -29.22, -29.16, -28.98, -28.64, -28.02, -27.28, -26.50, -26.35, -26.88, -27.44, -27.84, -28.08, -28.00, -27.82, -27.67, -27.47, -27.28, -27.09, -26.85, -26.62, -26.38, -26.10, -25.84, -25.53, -25.16, -24.77, -24.35, -23.90, -23.60, -23.28, -22.87, -22.42, -21.92, -21.37, -20.76, -20.08, -19.34, -18.51, -17.59, -16.53, -15.25, -13.68, -11.29, -6.03, -0.64, 5.81, 5.81, 7.72, 7.76, 6.07, 3.57, 0.11, -6.59, -11.33, -13.59, -15.17, -16.44, -17.51, -18.46, -19.28, -20.02, -20.71, -21.33, -21.89, -22.41, -22.84, -23.24, -23.59, -23.88, -24.32, -24.77, -25.12, -25.49, -25.82, -26.12, -26.40, -26.66, -26.86, -27.10, -27.30, -27.46, -27.67, -27.83, -27.99, -28.07, -27.91, -27.53, -27.01, -26.42, -26.55, -27.27, -28.03, -28.66, -29.15, -29.27, -29.35, -29.42, -29.46, -29.49, -29.51, -29.43, -29.38, -29.21, -28.80, -27.40, -23.68, -19.97, -17.70, -16.13, -16.13
2026-10-01, 21:34:52, 88000000, 90500000, 19531.25, 16768, -15.60, -16.83, -17.46, -16.54, -14.52, -12.84, -13.18, -14.95, -17.60, -21.72, -26.13, -28.06, -28.69, -28.99, -29.15, -29.26, -29.28, -29.30, -29.26, -29.24, -29.12, -29.05, -28.64, -27.96, -27.32, -26.52, -26.33, -26.89, -27.49, -27.89, -28.05, -28.00, -27.82, -27.69, -27.50, -27.29, -27.09, -26.87, -26.63, -26.38, -26.13, -25.85, -25.52, -25.16, -24.79, -24.36, -23.92, -23.60, -23.29, -22.91, -22.45, -21.95, -21.39, -20.80, -20.11, -19.37, -18.56, -17.63, -16.58, -15.35, -13.81, -11.67, -7.39, -0.54, 5.67, 5.67, 7.66, 7.93, 6.17, 3.37, -0.26, -6.24, -11.03, -13.61, -15.20, -16.47, -17.53, -18.47, -19.29, -20.04, -20.71, -21.31, -21.91, -22.42, -22.86, -23.25, -23.60, -23.91, -24.31, -24.75, -25.15, -25.50, -25.84, -26.11, -26.39, -26.65, -26.88, -27.10, -27.30, -27.48, -27.65, -27.85, -27.99, -28.11, -27.92, -27.54, -27.05, -26.49, -26.43, -27.25, -28.04, -28.69, -29.12, -29.27, -29.33, -29.43, -29.44, -29.52, -29.50, -29.42, -29.39, -29.21, -28.87, -27.88, -24.04, -19.90, -17.80, -16.16, -16.16
2026-10-01, 21:34:53, 88000000, 90500000, 19531.25, 15680, -16.13, -16.96, -17.34, -16.27, -14.42, -13.41, -13.55, -14.74, -17.05, -20.54, -25.55, -27.93, -28.69, -28.99, -29.20, -29.27, -29.30, -29.34, -29.29, -29.29, -29.19, -29.03, -28.63, -28.07, -27.20, -26.60, -26.63, -26.90, -27.44, -27.82, -28.08, -28.05, -27.87, -27.74, -27.58, -27.35, -27.13, -26.92, -26.68, -26.44, -26.16, -25.89, -25.56, -25.20, -24.81, -24.43, -24.02, -23.67, -23.33, -22.92, -22.49, -21.99, -21.43, -20.82, -20.13, -19.40, -18.57, -17.62, -16.56, -15.27, -13.61, -10.75, -5.22, -0.21, 6.02, 6.02, 7.37, 7.29, 6.15, 3.84, 0.48, -4.88, -10.53, -13.36, -15.07, -16.40, -17.51, -18.46, -19.29, -20.05, -20.73, -21.38, -21.92, -22.43, -22.90, -23.28, -23.63, -23.98, -24.39, -24.76, -25.21, -25.53, -25.89, -26.18, -26.45, -26.70, -26.93, -27.16, -27.36, -27.55, -27.71, -27.86, -28.04, -28.10, -27.93, -27.56, -27.04, -26.68, -26.72, -27.23, -28.02, -28.70, -29.13, -29.32, -29.45, -29.46, -29.53, -29.56, -29.57, -29.45, -29.44, -29.22, -28.71, -26.79, -23.22, -19.84, -17.51, -16.14, -16.14
2026-10-01, 21:34:54, 88000000, 90500000, 19531.25, 15552, -15.96, -16.77, -17.49, -16.39, -14.35, -13.23, -13.28, -14.82, -17.26, -21.48, -26.23, -28.15, -28.73, -29.02, -29.19, -29.26, -29.30, -29.31, -29.30, -29.23, -29.20, -29.03, -28.65, -28.05, -27.18, -26.62, -26.49, -26.83, -27.44, -27.85, -28.11, -28.01, -27.87, -27.70, -27.49, -27.33, -27.11, -26.88, -26.64, -26.41, -26.13, -25.85, -25.55, -25.18, -24.76, -24.37, -23.99, -23.62, -23.29, -22.89, -22.46, -21.95, -21.39, -20.77, -20.11, -19.36, -18.54, -17.61, -16.56, -15.25, -13.66, -11.19, -5.74, -0.52, 6.03, 6.03, 7.47, 7.58, 6.30, 3.63, 0.09, -6.45, -11.18, -13.57, -15.20, -16.46, -17.55, -18.49, -19.31, -20.06, -20.74, -21.37, -21.92, -22.42, -22.89, -23.26, -23.63, -23.96, -24.35, -24.79, -25.18, -25.54, -25.86, -26.15, -26.41, -26.67, -26.89, -27.10, -27.34, -27.49, -27.66, -27.86, -28.01, -28.10, -27.93, -27.57, -27.01, -26.54, -26.60, -27.17, -28.04, -28.71, -29.16, -29.32, -29.39, -29.40, -29.49, -29.53, -29.55, -29.46, -29.41, -29.23, -28.85, -27.17, -23.46, -20.09, -17.60, -16.08, -16.08
2026-10-01, 21:34:55, 88000000, 90500000, 19531.25, 15552, -15.76, -16.70, -17.66, -16.75, -14.45, -13.01, -13.16, -14.99, -17.60, -21.40, -26.22, -28.13, -28.75, -29.05, -29.21, -29.29, -29.34, -29.34, -29.34, -29.28, -29.21, -29.05, -28.69, -28.11, -27.28, -26.59, -26.40, -26.88, -27.50, -27.91, -28.10, -28.04, -27.89, -27.72, -27.54, -27.33, -27.13, -26.90, -26.68, -26.41, -26.15, -25.86, -25.58, -25.22, -24.83, -24.40, -24.00, -23.65, -23.33, -22.93, -22.49, -22.00, -21.42, -20.81, -20.15, -19.40, -18.59, -17.66, -16.60, -15.32, -13.70, -11.17, -5.95, -0.89, 5.76, 5.76, 7.56, 7.76, 6.27, 3.44, -0.24, -5.91, -11.16, -13.57, -15.19, -16.45, -17.56, -18.49, -19.31, -20.06, -20.74, -21.36, -21.94, -22.41, -22.89, -23.29, -23.61, -23.94, -24.36, -24.79, -25.18, -25.54, -25.85, -26.14, -26.42, -26.68, -26.89, -27.13, -27.33, -27.52, -27.71, -27.81, -28.03, -28.09, -27.94, -27.65, -27.07, -26.53, -26.53, -27.23, -28.07, -28.74, -29.16, -29.30, -29.38, -29.47, -29.47, -29.56, -29.55, -29.45, -29.41, -29.22, -28.81, -27.38, -23.65, -20.24, -17.96, -16.13, -16.13
2026-10-01, 21:34:56, 88000000, 90500000, 19531.25, 15872, -15.82, -16.84, -17.47, -16.52, -14.61, -13.10, -13.30, -14.90, -17.65, -21.32, -25.99, -28.07, -28.75, -29.08, -29.23, -29.31, -29.37, -29.38, -29.34, -29.31, -29.25, -29.05, -28.69, -28.04, -27.36, -26.74, -26.46, -26.92, -27.56, -27.93, -28.13, -28.08, -27.92, -27.77, -27.59, -27.39, -27.15, -26.94, -26.72, -26.47, -26.21, -25.93, -25.63, -25.27, -24.86, -24.45, -24.04, -23.66, -23.35, -22.98, -22.54, -22.02, -21.46, -20.85, -20.18, -19.44, -18.61, -17.69, -16.61, -15.34, -13.77, -11.28, -5.82, -0.42, 5.78, 5.78, 7.38, 7.68, 6.22, 3.43, -0.28, -5.54, -10.90, -13.51, -15.18, -16.49, -17.58, -18.52, -19.36, -20.11, -20.78, -21.40, -21.97, -22.49, -22.94, -23.33, -23.68, -24.00, -24.38, -24.85, -25.23, -25.59, -25.93, -26.19, -26.48, -26.74, -26.95, -27.18, -27.38, -27.60, -27.74, -27.92, -28.06, -28.13, -27.99, -27.61, -27.08, -26.59, -26.63, -27.24, -28.10, -28.77, -29.22, -29.37, -29.44, -29.48, -29.51, -29.59, -29.56, -29.49, -29.43, -29.26, -28.81, -27.12, -23.45, -19.96, -17.74, -16.32, -16.32
2026-10-01, 21:34:57, 88000000, 90500000, 19531.25, 15616, -15.82, -16.90, -17.58, -16.46, -14.49, -13.05, -13.32, -14.92, -17.66, -21.33, -26.13, -28.13, -28.77, -29.09, -29.24, -29.34, -29.38, -29.40, -29.34, -29.32, -29.29, -29.13, -28.75, -28.06, -27.29, -26.66, -26.49, -26.86, -27.57, -27.98, -28.15, -28.07, -27.93, -27.76, -27.56, -27.39, -27.19, -26.97, -26.74, -26.50, -26.24, -25.92, -25.65, -25.27, -24.85, -24.44, -24.06, -23.72, -23.35, -23.01, -22.53, -22.05, -21.49, -20.87, -20.20, -19.49, -18.65, -17.74, -16.69, -15.43, -13.89, -11.34, -6.83, -1.01, 5.84, 5.84, 7.57, 7.66, 6.20, 3.38, -0.29, -5.63, -11.12, -13.59, -15.24, -16.51, -17.59, -18.53, -19.36, -20.11, -20.80, -21.42, -21.96, -22.49, -22.94, -23.34, -23.64, -24.00, -24.37, -24.83, -25.24, -25.58, -25.94, -26.20, -26.46, -26.74, -26.95, -27.16, -27.39, -27.58, -27.76, -27.93, -28.08, -28.17, -28.01, -27.60, -27.08, -26.51, -26.65, -27.28, -28.13, -28.78, -29.18, -29.38, -29.41, -29.49, -29.50, -29.57, -29.57, -29.51, -29.43, -29.27, -28.87, -27.42, -24.22, -20.05, -17.64, -16.17, -16.17
2026-10-01, 21:34:58, 88000000, 90500000, 19531.25, 15488, -15.96, -16.81, -17.51, -16.43, -14.50, -13.26, -13.28, -14.80, -17.38, -21.28, -25.82, -28.10, -28.77, -29.09, -29.25, -29.34, -29.37, -29.37, -29.37, -29.30, -29.20, -29.10, -28.72, -28.05, -27.29, -26.69, -26.47, -26.92, -27.46, -27.91, -28.12, -28.06, -27.90, -27.74, -27.55, -27.36, -27.13, -26.91, -26.71, -26.44, -26.18, -25.91, -25.59, -25.22, -24.83, -24.40, -24.01, -23.64, -23.33, -22.96, -22.50, -21.99, -21.43, -20.81, -20.16, -19.40, -18.58, -17.65, -16.58, -15.29, -13.65, -10.55, -5.38, -0.70, 5.87, 5.87, 7.42, 7.58, 6.24, 3.63, -0.05, -5.47, -10.73, -13.47, -15.16, -16.43, -17.53, -18.48, -19.30, -20.06, -20.73, -21.34, -21.93, -22.42, -22.88, -23.27, -23.63, -23.96, -24.35, -24.81, -25.22, -25.54, -25.88, -26.15, -26.42, -26.68, -26.90, -27.16, -27.32, -27.52, -27.69, -27.85, -28.03, -28.09, -27.98, -27.56, -27.06, -26.59, -26.61, -27.17, -28.06, -28.73, -29.13, -29.30, -29.39, -29.44, -29.49, -29.50, -29.52, -29.44, -29.39, -29.19, -28.71, -26.63, -23.58, -20.16, -17.64, -16.18, -16.18
2026-10-01, 21:34:59, 88000000, 90500000, 19531.25, 16576, -15.69, -16.76, -17.73, -16.71, -14.38, -12.96, -13.29, -15.17, -17.54, -21.24, -26.24, -28.21, -28.81, -29.12, -29.22, -29.32, -29.40, -29.39, -29.34, -29.31, -29.24, -29.09, -28.68, -28.16, -27.38, -26.53, -26.42, -26.90, -27.57, -27.91, -28.12, -28.06, -27.89, -27.74, -27.57, -27.37, -27.14, -26.93, -26.69, -26.45, -26.21, -25.90, -25.60, -25.23, -24.85, -24.39, -23.99, -23.66, -23.33, -22.95, -22.49, -22.01, -21.44, -20.81, -20.15, -19.40, -18.60, -17.65, -16.60, -15.33, -13.73, -11.08, -5.26, -0.55, 5.78, 5.78, 7.70, 7.73, 6.05, 3.37, -0.10, -5.86, -11.10, -13.58, -15.17, -16.48, -17.56, -18.49, -19.31, -20.07, -20.75, -21.38, -21.92, -22.45, -22.88, -23.30, -23.62, -23.93, -24.35, -24.80, -25.19, -25.53, -25.86, -26.15, -26.43, -26.67, -26.90, -27.13, -27.35, -27.52, -27.70, -27.86, -28.00, -28.06, -27.97, -27.61, -27.03, -26.46, -26.54, -27.31, -28.06, -28.74, -29.17, -29.30, -29.37, -29.42, -29.45, -29.51, -29.49, -29.43, -29.38, -29.16, -28.70, -27.05, -23.19, -20.23, -17.94, -16.05, -16.05
2026-10-01, 21:35:00, 88000000, 90500000, 19531.25, 18176, -15.96, -16.73, -17.39, -16.48, -14.59, -13.23, -13.26, -14.66, -17.50, -21.67, -26.09, -28.08, -28.73, -29.02, -29.16, -29.29, -29.29, -29.33, -29.31, -29.28, -29.21, -29.03, -28.68, -27.97, -27.34, -26.62, -26.49, -26.83, -27.51, -27.92, -28.10, -28.05, -27.89, -27.71, -27.54, -27.34, -27.14, -26.92, -26.69, -26.42, -26.20, -25.88, -25.59, -25.22, -24.81, -24.43, -24.01, -23.67, -23.34, -22.94, -22.49, -21.99, -21.42, -20.81, -20.15, -19.41, -18.59, -17.66, -16.59, -15.30, -13.67, -10.98, -5.76, -0.48, 5.71, 5.71, 7.42, 7.53, 6.38, 3.74, -0.38, -6.13, -11.06, -13.54, -15.17, -16.45, -17.54, -18.49, -19.31, -20.06, -20.74, -21.36, -21.92, -22.44, -22.88, -23.29, -23.65, -23.98, -24.36, -24.78, -25.17, -25.53, -25.87, -26.15, -26.44, -26.69, -26.90, -27.17, -27.31, -27.53, -27.67, -27.89, -28.03, -28.11, -27.94, -27.57, -27.05, -26.56, -26.62, -27.16, -28.00, -28.76, -29.20, -29.37, -29.40, -29.44, -29.49, -29.54, -29.54, -29.49, -29.42, -29.23, -28.79, -27.16, -23.31, -19.96, -17.73, -16.25, -16.25
2026-10-01, 21:35:01, 88000000, 90500000, 19531.25, 18048, -15.71, -16.84, -17.56, -16.62, -14.47, -12.97, -13.29, -15.00, -17.69, -21.58, -25.57, -28.05, -28.73, -29.07, -29.19, -29.29, -29.33, -29.37, -29.34, -29.28, -29.20, -29.07, -28.73, -28.06, -27.30, -26.58, -26.37, -26.99, -27.53, -27.98, -28.10, -28.07, -27.90, -27.75, -27.54, -27.35, -27.12, -26.93, -26.70, -26.42, -26.17, -25.90, -25.60, -25.22, -24.82, -24.41, -23.97, -23.67, -23.33, -22.94, -22.50, -21.99, -21.44, -20.80, -20.16, -19.40, -18.58, -17.66, -16.60, -15.32, -13.76, -11.28, -6.10, -0.73, 5.74, 5.74, 7.62, 7.77, 6.09, 3.45, -0.50, -5.49, -10.82, -13.45, -15.17, -16.47, -17.55, -18.49, -19.33, -20.07, -20.75, -21.37, -21.95, -22.47, -22.89, -23.29, -23.65, -23.97, -24.37, -24.80, -25.22, -25.57, -25.86, -26.18, -26.44, -26.71, -26.92, -27.16, -27.35, -27.54, -27.70, -27.85, -28.05, -28.09, -27.95, -27.58, -27.05, -26.49, -26.54, -27.21, -28.10, -28.79, -29.18, -29.35, -29.41, -29.46, -29.52, -29.54, -29.55, -29.44, -29.43, -29.25, -28.86, -27.47, -23.65, -20.03, -17.83, -16.12, -16.12
2026-10-01, 21:35:02, 88000000, 90500000, 19531.25, 18112, -15.56, -16.94, -17.95, -16.71, -14.26, -12.78, -13.27, -15.49, -17.66, -20.96, -26.33, -28.17, -28.78, -29.04, -29.20, -29.30, -29.32, -29.35, -29.32, -29.27, -29.19, -29.05, -28.69, -28.12, -27.28, -26.48, -26.38, -27.03, -27.58, -27.89, -28.11, -28.06, -27.89, -27.72, -27.54, -27.31, -27.12, -26.91, -26.68, -26.41, -26.15, -25.88, -25.58, -25.22, -24.81, -24.38, -23.96, -23.65, -23.34, -22.94, -22.48, -21.97, -21.43, -20.81, -20.14, -19.41, -18.59, -17.69, -16.64, -15.40, -13.87, -11.72, -7.11, -0.97, 5.75, 5.75, 7.90, 7.89, 5.74, 3.15, 0.19, -6.06, -11.16, -13.60, -15.21, -16.48, -17.56, -18.48, -19.33, -20.06, -20.75, -21.34, -21.90, -22.44, -22.88, -23.27, -23.61, -23.92, -24.33, -24.81, -25.18, -25.52, -25.85, -26.12, -26.41, -26.68, -26.89, -27.16, -27.34, -27.48, -27.67, -27.86, -28.02, -28.11, -27.95, -27.63, -27.01, -26.32, -26.46, -27.37, -28.09, -28.64, -29.13, -29.29, -29.38, -29.40, -29.48, -29.50, -29.50, -29.42, -29.36, -29.21, -28.84, -27.81, -24.15, -20.30, -17.96, -15.90, -15.90
2026-10-01, 21:35:03, 88000000, 90500000, 19531.25, 17216, -16.65, -16.54, -16.45, -16.21, -15.37, -14.05, -13.42, -14.25, -16.67, -20.66, -24.81, -27.73, -28.64, -29.00, -29.19, -29.29, -29.36, -29.35, -29.30, -29.31, -29.23, -29.00, -28.43, -27.82, -27.46, -27.01, -26.75, -26.78, -27.38, -27.89, -28.05, -28.06, -27.90, -27.77, -27.56, -27.33, -27.15, -26.92, -26.70, -26.46, -26.17, -25.87, -25.58, -25.20, -24.80, -24.44, -24.05, -23.64, -23.31, -22.91, -22.46, -21.96, -21.38, -20.76, -20.09, -19.32, -18.48, -17.50, -16.37, -15.03, -13.22, -9.95, -3.87, 1.54, 5.27, 5.27, 6.40, 7.09, 6.53, 4.41, 0.52, -4.47, -9.76, -13.15, -14.96, -16.34, -17.45, -18.41, -19.27, -20.03, -20.71, -21.36, -21.92, -22.42, -22.88, -23.29, -23.67, -24.01, -24.35, -24.74, -25.19, -25.56, -25.88, -26.18, -26.42, -26.71, -26.92, -27.16, -27.34, -27.55, -27.68, -27.87, -28.01, -28.04, -27.75, -27.43, -27.22, -26.96, -26.83, -27.11, -27.86, -28.69, -29.14, -29.32, -29.40, -29.46, -29.47, -29.54, -29.53, -29.45, -29.34, -29.13, -28.51, -26.16, -21.58, -18.57, -17.64, -17.13, -17.13
2026-10-01, 21:35:04, 88000000, 90500000, 19531.25, 15616, -16.47, -16.71, -16.88, -16.18, -14.92, -13.83, -13.50, -14.40, -16.96, -20.77, -25.46, -27.93, -28.71, -29.06, -29.21, -29.32, -29.39, -29.37, -29.36, -29.31, -29.23, -29.04, -28.58, -27.97, -27.32, -26.92, -26.70, -26.80, -27.37, -27.88, -28.11, -28.05, -27.90, -27.73, -27.58, -27.36, -27.15, -26.94, -26.73, -26.45, -26.17, -25.91, -25.56, -25.22, -24.82, -24.42, -24.01, -23.66, -23.29, -22.94, -22.47, -21.95, -21.39, -20.78, -20.09, -19.32, -18.49, -17.53, -16.40, -15.08, -13.18, -8.96, -4.09, 0.68, 5.62, 5.62, 6.82, 7.15, 6.38, 4.13, 0.52, -5.11, -10.54, -13.41, -15.11, -16.43, -17.56, -18.49, -19.34, -20.08, -20.76, -21.40, -21.98, -22.47, -22.92, -23.32, -23.68, -24.04, -24.39, -24.79, -25.21, -25.59, -25.90, -26.19, -26.47, -26.72, -26.94, -27.18, -27.37, -27.56, -27.74, -27.89, -28.05, -28.06, -27.86, -27.48, -27.14, -26.78, -26.82, -27.22, -27.99, -28.68, -29.19, -29.36, -29.42, -29.48, -29.51, -29.55, -29.57, -29.46, -29.40, -29.16, -28.35, -25.82, -22.14, -19.21, -17.50, -16.64, -16.64
2026-10-01, 21:35:05, 88000000, 90500000, 19531.25, 14784, -16.77, -16.53, -16.42, -16.07, -15.42, -14.20, -13.41, -14.22, -16.68, -20.72, -25.09, -27.89, -28.71, -29.07, -29.21, -29.38, -29.39, -29.40, -29.37, -29.32, -29.22, -28.94, -28.43, -27.79, -27.43, -27.08, -26.71, -26.86, -27.29, -27.87, -28.10, -28.07, -27.92, -27.77, -27.57, -27.36, -27.17, -26.93, -26.71, -26.46, -26.16, -25.87, -25.58, -25.17, -24.80, -24.47, -24.07, -23.64, -23.30, -22.91, -22.46, -21.96, -21.38, -20.76, -20.08, -19.32, -18.46, -17.48, -16.36, -15.00, -13.09, -9.27, -3.14, 1.29, 5.28, 5.28, 6.24, 7.01, 6.58, 4.38, 0.56, -4.62, -10.17, -13.24, -15.03, -16.36, -17.46, -18.44, -19.27, -20.06, -20.72, -21.35, -21.93, -22.44, -22.87, -23.26, -23.69, -24.03, -24.34, -24.79, -25.21, -25.57, -25.91, -26.17, -26.44, -26.73, -26.93, -27.18, -27.34, -27.56, -27.74, -27.89, -28.04, -27.99, -27.74, -27.39, -27.24, -27.04, -26.86, -27.10, -27.88, -28.64, -29.13, -29.32, -29.40, -29.45, -29.46, -29.53, -29.54, -29.45, -29.34, -29.07, -28.42, -25.36, -21.69, -18.43, -17.47, -17.19, -17.19
2026-10-01, 21:35:06, 88000000, 90500000, 19531.25, 15616, -15.92, -16.73, -17.33, -16.50, -14.81, -13.20, -13.30, -14.86, -17.29, -21.33, -26.12, -28.20, -28.82, -29.11, -29.24, -29.34, -29.37, -29.37, -29.35, -29.31, -29.22, -29.05, -28.60, -28.00, -27.44, -26.72, -26.52, -26.92, -27.49, -27.93, -28.10, -28.05, -27.89, -27.76, -27.56, -27.35, -27.15, -26.91, -26.71, -26.44, -26.19, -25.90, -25.59, -25.25, -24.84, -24.43, -24.02, -23.70, -23.34, -22.96, -22.52, -21.99, -21.45, -20.81, -20.15, -19.41, -18.58, -17.66, -16.58, -15.30, -13.62, -10.96, -5.68, 0.07, 5.46, 5.46, 7.31, 7.61, 6.22, 3.70, -0.00, -5.91, -10.94, -13.56, -15.17, -16.48, -17.55, -18.49, -19.33, -20.07, -20.75, -21.38, -21.92, -22.44, -22.90, -23.28, -23.66, -23.97, -24.38, -24.78, -25.20, -25.57, -25.90, -26.17, -26.44, -26.71, -26.91, -27.16, -27.34, -27.54, -27.72, -27.90, -28.05, -28.14, -27.96, -27.56, -27.18, -26.59, -26.58, -27.23, -28.05, -28.70, -29.19, -29.36, -29.45, -29.48, -29.51, -29.53, -29.58, -29.47, -29.40, -29.20, -28.74, -27.20, -22.99, -19.71, -17.85, -16.49, -16.49
2026-10-01, 21:35:07, 88000000, 90500000, 19531.25, 15424, -16.04, -16.98, -17.37, -16.42, -14.79, -13.36, -13.58, -14.88, -16.98, -20.76, -25.88, -28.13, -28.79, -29.12, -29.27, -29.39, -29.42, -29.41, -29.42, -29.33, -29.27, -29.09, -28.71, -28.06, -27.45, -26.81, -26.59, -27.05, -27.50, -27.94, -28.18, -28.13, -27.95, -27.83, -27.63, -27.41, -27.22, -26.98, -26.76, -26.52, -26.24, -25.94, -25.64, -25.30, -24.87, -24.52, -24.10, -23.75, -23.41, -23.01, -22.57, -22.07, -21.51, -20.91, -20.22, -19.48, -18.65, -17.71, -16.63, -15.34, -13.63, -10.70, -4.85, -0.01, 5.57, 5.57, 7.15, 7.40, 5.98, 3.89, 0.49, -5.17, -10.78, -13.46, -15.14, -16.46, -17.55, -18.51, -19.34, -20.10, -20.80, -21.41, -21.98, -22.49, -22.95, -23.33, -23.70, -24.02, -24.44, -24.87, -25.24, -25.63, -25.94, -26.23, -26.50, -26.76, -26.94, -27.20, -27.43, -27.61, -27.79, -27.95, -28.11, -28.14, -27.96, -27.60, -27.10, -26.72, -26.76, -27.34, -28.00, -28.70, -29.22, -29.39, -29.45, -29.48, -29.53, -29.60, -29.65, -29.54, -29.47, -29.24, -28.77, -26.52, -22.87, -19.77, -17.76, -16.52, -16.52
2026-10-01, 21:35:08, 88000000, 90500000, 19531.25, 15552, -15.54, -16.86, -17.58, -16.85, -14.44, -12.77, -13.29, -15.01, -17.71, -21.10, -26.22, -28.10, -28.72, -28.99, -29.15, -29.27, -29.31, -29.31, -29.30, -29.23, -29.17, -29.03, -28.63, -28.12, -27.42, -26.46, -26.28, -26.97, -27.57, -27.88, -28.09, -28.03, -27.87, -27.75, -27.53, -27.34, -27.15, -26.89, -26.70, -26.43, -26.17, -25.87, -25.57, -25.23, -24.80, -24.40, -23.97, -23.64, -23.33, -22.94, -22.49, -21.99, -21.44, -20.81, -20.17, -19.42, -18.60, -17.68, -16.62, -15.38, -13.84, -11.56, -6.53, -0.42, 5.62, 5.62, 7.75, 7.88, 6.18, 3.19, 0.05, -6.18, -11.17, -13.58, -15.17, -16.47, -17.55, -18.46, -19.32, -20.06, -20.73, -21.36, -21.92, -22.44, -22.89, -23.28, -23.62, -23.92, -24.35, -24.79, -25.19, -25.56, -25.86, -26.17, -26.44, -26.69, -26.90, -27.15, -27.35, -27.53, -27.71, -27.88, -28.05, -28.11, -27.88, -27.65, -27.09, -26.44, -26.52, -27.23, -28.11, -28.71, -29.17, -29.31, -29.41, -29.49, -29.50, -29.54, -29.56, -29.50, -29.43, -29.24, -28.90, -27.62, -23.59, -20.09, -18.12, -16.08, -16.08
2026-10-01, 21:35:09, 88000000, 90500000, 19531.25, 19456, -15.03, -16.59, -17.50, -17.01, -15.25, -12.33, -13.15, -15.40, -17.58, -21.02, -24.93, -27.80, -28.71, -29.05, -29.24, -29.32, -29.35, -29.38, -29.32, -29.30, -29.22, -29.02, -28.55, -28.05, -27.66, -26.58, -26.10, -27.07, -27.58, -27.94, -28.10, -28.05, -27.90, -27.76, -27.55, -27.34, -27.16, -26.92, -26.70, -26.45, -26.19, -25.89, -25.57, -25.23, -24.84, -24.45, -23.94, -23.67, -23.37, -22.95, -22.50, -21.99, -21.43, -20.81, -20.15, -19.40, -18.56, -17.63, -16.54, -15.22, -13.52, -10.66, -4.31, 0.47, 4.67, 4.67, 7.67, 8.42, 5.69, 3.29, -0.16, -4.73, -9.87, -13.31, -15.12, -16.46, -17.55, -18.50, -19.33, -20.09, -20.77, -21.39, -21.95, -22.47, -22.92, -23.30, -23.69, -23.93, -24.39, -24.81, -25.22, -25.58, -25.91, -26.20, -26.44, -26.71, -26.94, -27.16, -27.36, -27.55, -27.72, -27.92, -28.04, -28.05, -27.88, -27.63, -27.31, -26.50, -26.31, -27.41, -28.10, -28.73, -29.12, -29.30, -29.41, -29.49, -29.49, -29.56, -29.56, -29.50, -29.42, -29.19, -28.71, -26.73, -22.17, -19.60, -18.47, -16.83, -16.83
2026-10-01, 21:35:10, 88000000, 90500000, 19531.25, 18240, -16.35, -16.70, -16.79, -16.14, -14.97, -13.73, -13.42, -14.37, -16.74, -20.77, -25.10, -27.73, -28.68, -28.98, -29.16, -29.28, -29.31, -29.34, -29.29, -29.27, -29.19, -28.93, -28.52, -27.89, -27.33, -26.85, -26.62, -26.86, -27.29, -27.84, -28.05, -28.02, -27.86, -27.73, -27.50, -27.31, -27.14, -26.91, -26.66, -26.41, -26.16, -25.84, -25.55, -25.20, -24.77, -24.41, -23.97, -23.63, -23.27, -22.90, -22.44, -21.95, -21.37, -20.76, -20.08, -19.33, -18.48, -17.54, -16.43, -15.10, -13.33, -9.76, -3.94, 0.79, 5.62, 5.62, 6.82, 7.27, 6.36, 4.35, 0.46, -4.95, -9.79, -13.21, -15.00, -16.33, -17.45, -18.40, -19.26, -20.01, -20.68, -21.32, -21.88, -22.40, -22.84, -23.26, -23.62, -23.96, -24.31, -24.73, -25.17, -25.54, -25.85, -26.14, -26.39, -26.67, -26.88, -27.11, -27.32, -27.50, -27.68, -27.85, -28.00, -28.01, -27.77, -27.41, -27.08, -26.77, -26.72, -27.11, -27.88, -28.65, -29.11, -29.29, -29.36, -29.40, -29.47, -29.50, -29.50, -29.42, -29.33, -29.09, -28.46, -25.94, -22.19, -19.13, -17.47, -16.69, -16.69
2026-10-01, 21:35:11, 88000000, 90500000, 19531.25, 18240, -16.55, -16.30, -16.62, -16.36, -15.31, -13.95, -13.14, -14.19, -17.12, -21.08, -24.77, -27.75, -28.64, -28.97, -29.16, -29.27, -29.31, -29.33, -29.32, -29.28, -29.19, -28.97, -28.39, -27.92, -27.41, -27.06, -26.62, -26.72, -27.31, -27.89, -28.07, -28.03, -27.87, -27.72, -27.53, -27.31, -27.11, -26.89, -26.69, -26.41, -26.16, -25.86, -25.53, -25.19, -24.79, -24.41, -24.00, -23.61, -23.28, -22.90, -22.46, -21.93, -21.39, -20.76, -20.07, -19.32, -18.46, -17.50, -16.39, -15.04, -13.22, -9.80, -3.88, 1.41, 5.34, 5.34, 6.38, 7.32, 6.76, 4.24, -0.15, -4.57, -9.92, -13.18, -15.02, -16.34, -17.46, -18.41, -19.27, -20.04, -20.71, -21.34, -21.91, -22.42, -22.86, -23.26, -23.65, -24.00, -24.33, -24.74, -25.18, -25.54, -25.87, -26.15, -26.44, -26.69, -26.89, -27.14, -27.33, -27.53, -27.69, -27.88, -28.00, -28.02, -27.73, -27.45, -27.14, -26.91, -26.66, -27.01, -27.92, -28.74, -29.12, -29.32, -29.39, -29.42, -29.49, -29.52, -29.52, -29.45, -29.38, -29.11, -28.44, -26.20, -21.45, -18.95, -17.67, -17.08, -17.08
2026-10-01, 21:35:12, 88000000, 90500000, 19531.25, 18176, -15.76, -16.61, -17.44, -16.51, -14.87, -13.07, -13.14, -14.82, -17.69, -21.56, -25.92, -28.11, -28.75, -29.06, -29.20, -29.33, -29.35, -29.38, -29.34, -29.30, -29.21, -29.04, -28.64, -28.04, -27.37, -26.69, -26.42, -26.88, -27.57, -27.99, -28.14, -28.07, -27.92, -27.80, -27.55, -27.36, -27.16, -26.93, -26.73, -26.48, -26.22, -25.93, -25.61, -25.26, -24.81, -24.45, -24.02, -23.66, -23.34, -22.98, -22.51, -21.99, -21.45, -20.84, -20.14, -19.40, -18.58, -17.65, -16.58, -15.28, -13.61, -10.86, -5.24, -0.15, 5.54, 5.54, 7.32, 7.83, 6.32, 3.45, -0.39, -5.93, -10.98, -13.65, -15.27, -16.53, -17.62, -18.56, -19.38, -20.14, -20.81, -21.42, -21.99, -22.48, -22.94, -23.33, -23.71, -24.00, -24.41, -24.83, -25.23, -25.59, -25.91, -26.21, -26.48, -26.75, -26.95, -27.20, -27.39, -27.60, -27.75, -27.91, -28.07, -28.12, -27.94, -27.60, -27.13, -26.63, -26.51, -27.24, -28.07, -28.80, -29.21, -29.34, -29.43, -29.48, -29.52, -29.57, -29.56, -29.50, -29.42, -29.24, -28.78, -27.01, -22.85, -19.88, -17.72, -16.52, -16.52
2026-10-01, 21:35:13, 88000000, 90500000, 19531.25, 18240, -15.46, -16.70, -17.90, -16.90, -14.45, -12.73, -13.16, -15.45, -17.81, -21.04, -25.94, -28.17, -28.76, -29.04, -29.21, -29.31, -29.35, -29.34, -29.33, -29.31, -29.21, -29.03, -28.66, -28.18, -27.31, -26.50, -26.28, -27.00, -27.62, -27.88, -28.10, -28.04, -27.89, -27.71, -27.53, -27.33, -27.11, -26.94, -26.67, -26.43, -26.17, -25.86, -25.56, -25.23, -24.84, -24.40, -23.98, -23.63, -23.32, -22.94, -22.46, -21.98, -21.43, -20.79, -20.13, -19.40, -18.56, -17.64, -16.56, -15.29, -13.62, -10.76, -5.63, -0.44, 5.63, 5.63, 7.71, 8.07, 5.92, 2.89, 0.09, -5.58, -11.14, -13.62, -15.22, -16.50, -17.58, -18.50, -19.34, -20.09, -20.76, -21.39, -21.94, -22.44, -22.91, -23.31, -23.63, -23.95, -24.35, -24.82, -25.20, -25.54, -25.87, -26.17, -26.40, -26.67, -26.87, -27.15, -27.34, -27.53, -27.70, -27.86, -28.03, -28.10, -27.89, -27.66, -27.08, -26.48, -26.36, -27.28, -28.19, -28.73, -29.12, -29.30, -29.37, -29.44, -29.48, -29.52, -29.53, -29.46, -29.39, -29.21, -28.70, -26.91, -23.31, -20.30, -18.14, -16.12, -16.12
2026-10-01, 21:35:14, 88000000, 90500000, 19531.25, 18048, -16.07, -17.03, -17.35, -16.31, -14.38, -13.33, -13.57, -14.90, -17.17, -20.59, -25.81, -27.98, -28.72, -29.03, -29.22, -29.28, -29.34, -29.35, -29.30, -29.30, -29.22, -29.08, -28.67, -28.00, -27.28, -26.59, -26.60, -26.96, -27.50, -27.87, -28.06, -28.06, -27.89, -27.75, -27.54, -27.34, -27.13, -26.91, -26.70, -26.46, -26.18, -25.89, -25.60, -25.23, -24.82, -24.42, -24.05, -23.67, -23.33, -22.94, -22.49, -22.00, -21.43, -20.82, -20.14, -19.40, -18.57, -17.65, -16.56, -15.31, -13.70, -11.20, -6.17, -0.20, 5.95, 5.95, 7.46, 7.32, 6.08, 3.69, 0.50, -5.17, -10.77, -13.45, -15.13, -16.44, -17.54, -18.46, -19.31, -20.07, -20.74, -21.38, -21.94, -22.45, -22.93, -23.28, -23.65, -23.99, -24.39, -24.77, -25.19, -25.56, -25.87, -26.16, -26.43, -26.69, -26.90, -27.13, -27.35, -27.54, -27.71, -27.87, -28.04, -28.12, -27.90, -27.54, -27.00, -26.56, -26.69, -27.25, -28.06, -28.64, -29.16, -29.35, -29.42, -29.46, -29.52, -29.57, -29.54, -29.48, -29.40, -29.22, -28.77, -27.31, -23.40, -19.73, -17.56, -16.09, -16.09
2026-10-01, 21:35:15, 88000000, 90500000, 19531.25, 18240, -16.25, -16.80, -17.24, -16.27, -14.69, -13.56, -13.35, -14.64, -16.89, -21.22, -26.01, -28.07, -28.69, -29.01, -29.17, -29.29, -29.33, -29.34, -29.31, -29.27, -29.24, -29.06, -28.66, -28.00, -27.33, -26.73, -26.57, -26.88, -27.43, -27.85, -28.12, -28.04, -27.90, -27.77, -27.57, -27.33, -27.14, -26.92, -26.69, -26.43, -26.17, -25.88, -25.60, -25.24, -24.84, -24.43, -24.03, -23.65, -23.32, -22.95, -22.48, -21.98, -21.42, -20.82, -20.13, -19.40, -18.56, -17.64, -16.55, -15.26, -13.57, -10.51, -5.07, -0.19, 5.75, 5.75, 7.12, 7.35, 6.27, 4.05, 0.41, -5.83, -11.03, -13.50, -15.13, -16.44, -17.51, -18.46, -19.31, -20.06, -20.74, -21.35, -21.91, -22.45, -22.91, -23.28, -23.64, -24.00, -24.35, -24.80, -25.16, -25.55, -25.89, -26.15, -26.43, -26.69, -26.91, -27.16, -27.34, -27.55, -27.73, -27.86, -28.02, -28.06, -27.90, -27.50, -27.04, -26.74, -26.69, -27.24, -27.96, -28.69, -29.19, -29.34, -29.41, -29.46, -29.49, -29.55, -29.55, -29.49, -29.41, -29.22, -28.68, -26.53, -23.21, -19.71, -17.58, -16.41, -16.41
2026-10-01, 21:35:16, 88000000, 90500000, 19531.25, 18176, -15.47, -17.07, -18.15, -16.71, -14.10, -12.69, -13.34, -15.34, -17.87, -22.12, -26.84, -28.27, -28.83, -29.13, -29.24, -29.34, -29.38, -29.37, -29.35, -29.30, -29.26, -29.14, -28.85, -28.21, -27.26, -26.37, -26.32, -27.03, -27.66, -28.03, -28.16, -28.08, -27.92, -27.77, -27.56, -27.38, -27.17, -26.94, -26.73, -26.45, -26.20, -25.91, -25.62, -25.27, -24.87, -24.43, -23.98, -23.71, -23.38, -22.99, -22.55, -22.04, -21.50, -20.89, -20.20, -19.49, -18.66, -17.76, -16.74, -15.51, -14.05, -12.14, -8.39, -2.10, 6.03, 6.03, 8.01, 7.86, 5.90, 3.11, -0.66, -7.24, -11.56, -13.81, -15.33, -16.58, -17.65, -18.59, -19.38, -20.13, -20.82, -21.42, -21.98, -22.50, -22.96, -23.32, -23.66, -23.96, -24.41, -24.84, -25.24, -25.60, -25.92, -26.20, -26.47, -26.72, -26.92, -27.19, -27.38, -27.56, -27.75, -27.88, -28.06, -28.14, -28.05, -27.64, -26.95, -26.36, -26.55, -27.32, -28.16, -28.77, -29.25, -29.36, -29.40, -29.49, -29.54, -29.58, -29.59, -29.53, -29.46, -29.30, -29.02, -28.28, -25.16, -20.94, -17.85, -15.73, -15.73
2026-10-01, 21:35:17, 88000000, 90500000, 19531.25, 17216, -16.24, -17.02, -17.17, -16.27, -14.59, -13.51, -13.65, -14.71, -16.86, -20.75, -26.16, -28.07, -28.73, -29.03, -29.23, -29.31, -29.36, -29.33, -29.36, -29.26, -29.25, -29.03, -28.62, -28.01, -27.28, -26.77, -26.64, -26.95, -27.38, -27.85, -28.11, -28.06, -27.91, -27.75, -27.55, -27.35, -27.15, -26.93, -26.71, -26.44, -26.21, -25.88, -25.60, -25.23, -24.81, -24.41, -24.02, -23.68, -23.32, -22.94, -22.49, -21.99, -21.42, -20.80, -20.13, -19.38, -18.56, -17.62, -16.52, -15.24, -13.59, -10.80, -5.59, 0.09, 5.90, 5.90, 7.18, 7.18, 6.08, 4.04, 0.72, -5.79, -11.03, -13.49, -15.11, -16.42, -17.51, -18.47, -19.30, -20.06, -20.73, -21.36, -21.91, -22.43, -22.91, -23.28, -23.62, -23.99, -24.39, -24.78, -25.18, -25.55, -25.86, -26.17, -26.44, -26.69, -26.92, -27.17, -27.36, -27.53, -27.69, -27.89, -28.04, -28.10, -27.88, -27.47, -26.99, -26.66, -26.82, -27.27, -27.96, -28.64, -29.17, -29.31, -29.41, -29.44, -29.47, -29.55, -29.53, -29.49, -29.40, -29.17, -28.73, -27.03, -23.04, -19.50, -17.56, -16.32, -16.32
2026-10-01, 21:35:18, 88000000, 90500000, 19531.25, 15552, -15.85, -17.00, -17.62, -16.59, -14.35, -13.09, -13.47, -15.10, -17.45, -21.61, -26.21, -28.20, -28.83, -29.13, -29.30, -29.39, -29.41, -29.43, -29.38, -29.34, -29.27, -29.13, -28.71, -28.10, -27.29, -26.62, -26.57, -27.01, -27.58, -27.96, -28.21, -28.11, -27.96, -27.83, -27.62, -27.43, -27.21, -27.00, -26.76, -26.52, -26.25, -25.96, -25.68, -25.29, -24.90, -24.47, -24.10, -23.77, -23.41, -23.04, -22.57, -22.07, -21.52, -20.90, -20.21, -19.50, -18.66, -17.74, -16.68, -15.41, -13.83, -11.50, -6.59, -0.57, 5.92, 5.92, 7.64, 7.55, 6.01, 3.42, -0.09, -6.25, -11.30, -13.72, -15.32, -16.59, -17.66, -18.60, -19.43, -20.17, -20.83, -21.48, -22.04, -22.55, -22.99, -23.36, -23.70, -24.05, -24.45, -24.86, -25.29, -25.64, -25.97, -26.23, -26.52, -26.78, -26.99, -27.23, -27.44, -27.61, -27.77, -27.96, -28.10, -28.19, -28.02, -27.72, -27.09, -26.54, -26.64, -27.37, -28.17, -28.81, -29.26, -29.40, -29.46, -29.52, -29.56, -29.60, -29.60, -29.56, -29.48, -29.27, -28.88, -27.54, -23.72, -20.07, -17.81, -16.02, -16.02
2026-10-01, 21:35:19, 88000000, 90500000, 19531.25, 14848, -16.15, -17.16, -17.25, -16.14, -14.60, -13.40, -13.64, -14.94, -16.97, -21.27, -26.56, -28.22, -28.83, -29.08, -29.28, -29.34, -29.40, -29.44, -29.40, -29.35, -29.28, -29.13, -28.66, -27.98, -27.30, -26.80, -26.64, -27.05, -27.56, -27.89, -28.17, -28.13, -27.93, -27.81, -27.61, -27.40, -27.20, -26.99, -26.77, -26.49, -26.23, -25.94, -25.65, -25.27, -24.88, -24.47, -24.07, -23.73, -23.38, -22.99, -22.57, -22.06, -21.49, -20.90, -20.20, -19.46, -18.66, -17.70, -16.64, -15.39, -13.81, -11.56, -7.31, -0.11, 5.95, 5.95, 7.24, 7.30, 5.98, 3.73, 0.56, -6.46, -11.34, -13.65, -15.24, -16.53, -17.62, -18.55, -19.39, -20.15, -20.81, -21.44, -22.00, -22.52, -22.98, -23.32, -23.71, -24.05, -24.45, -24.86, -25.25, -25.61, -25.96, -26.23, -26.51, -26.78, -26.98, -27.22, -27.40, -27.61, -27.76, -27.94, -28.13, -28.22, -28.01, -27.61, -27.02, -26.73, -26.76, -27.39, -28.06, -28.76, -29.27, -29.40, -29.50, -29.52, -29.54, -29.65, -29.62, -29.55, -29.50, -29.29, -28.91, -27.87, -23.89, -19.49, -17.41, -16.30, -16.30
2026-10-01, 21:35:20, 88000000, 90500000, 19531.25, 15616, -15.46, -16.88, -17.64, -17.04, -14.55, -12.70, -13.30, -14.97, -17.95, -21.85, -26.59, -28.26, -28.80, -29.09, -29.24, -29.33, -29.36, -29.37, -29.36, -29.34, -29.24, -29.04, -28.70, -28.19, -27.44, -26.57, -26.37, -26.94, -27.53, -28.01, -28.13, -28.08, -27.90, -27.78, -27.57, -27.36, -27.17, -26.96, -26.72, -26.46, -26.21, -25.93, -25.61, -25.25, -24.88, -24.43, -24.02, -23.69, -23.38, -22.99, -22.54, -22.03, -21.49, -20.87, -20.19, -19.46, -18.63, -17.72, -16.65, -15.38, -13.78, -11.44, -5.85, -0.82, 5.45, 5.45, 7.83, 7.94, 6.00, 3.43, -0.87, -6.43, -11.48, -13.76, -15.32, -16.56, -17.64, -18.57, -19.39, -20.14, -20.80, -21.42, -21.99, -22.48, -22.95, -23.34, -23.69, -23.98, -24.42, -24.84, -25.23, -25.61, -25.92, -26.20, -26.49, -26.73, -26.97, -27.21, -27.39, -27.58, -27.75, -27.94, -28.08, -28.14, -28.05, -27.71, -27.16, -26.39, -26.49, -27.39, -28.11, -28.87, -29.24, -29.39, -29.46, -29.50, -29.56, -29.61, -29.61, -29.53, -29.48, -29.31, -28.87, -27.33, -23.66, -20.31, -18.29, -16.13, -16.13
2026-10-01, 21:35:21, 88000000, 90500000, 19531.25, 15616, -16.50, -17.15, -17.14, -15.98, -14.60, -13.79, -13.91, -14.82, -16.48, -19.87, -24.98, -27.77, -28.67, -29.00, -29.20, -29.32, -29.36, -29.35, -29.37, -29.29, -29.21, -29.07, -28.57, -27.90, -27.25, -26.81, -26.82, -27.07, -27.42, -27.76, -28.07, -28.07, -27.92, -27.77, -27.57, -27.34, -27.16, -26.96, -26.71, -26.48, -26.20, -25.88, -25.60, -25.23, -24.82, -24.44, -24.05, -23.70, -23.35, -22.94, -22.49, -21.99, -21.42, -20.81, -20.12, -19.37, -18.54, -17.59, -16.50, -15.15, -13.33, -10.18, -4.85, 0.38, 6.00, 6.00, 7.00, 6.86, 5.92, 4.14, 1.15, -4.02, -9.95, -13.15, -14.98, -16.34, -17.46, -18.42, -19.28, -20.05, -20.74, -21.36, -21.94, -22.44, -22.93, -23.29, -23.67, -24.01, -24.42, -24.79, -25.22, -25.58, -25.91, -26.19, -26.45, -26.73, -26.96, -27.19, -27.37, -27.56, -27.77, -27.93, -28.04, -28.13, -27.91, -27.52, -27.03, -26.79, -26.86, -27.32, -27.92, -28.61, -29.16, -29.36, -29.46, -29.49, -29.52, -29.56, -29.59, -29.51, -29.43, -29.21, -28.69, -26.48, -22.62, -19.35, -17.30, -16.37, -16.37
2026-10-01, 21:35:22, 88000000, 90500000, 19531.25, 15552, -17.25, -17.82, -17.04, -15.41, -14.49, -14.49, -14.82, -15.28, -16.10, -18.20, -23.00, -27.30, -28.55, -29.02, -29.22, -29.34, -29.42, -29.41, -29.37, -29.37, -29.30, -29.13, -28.62, -27.83, -27.13, -27.01, -27.16, -27.30, -27.47, -27.74, -27.99, -28.13, -27.99, -27.84, -27.65, -27.45, -27.23, -27.02, -26.80, -26.53, -26.26, -25.98, -25.67, -25.30, -24.86, -24.49, -24.16, -23.80, -23.40, -23.00, -22.54, -22.03, -21.48, -20.86, -20.17, -19.40, -18.56, -17.60, -16.49, -15.15, -13.47, -10.63, -4.85, 0.86, 6.35, 6.35, 6.60, 5.89, 5.19, 4.11, 2.31, -1.76, -8.36, -12.61, -14.75, -16.23, -17.40, -18.41, -19.29, -20.06, -20.77, -21.40, -21.98, -22.51, -22.95, -23.33, -23.74, -24.10, -24.51, -24.88, -25.25, -25.59, -25.97, -26.28, -26.51, -26.81, -27.01, -27.24, -27.45, -27.62, -27.80, -27.99, -28.16, -28.18, -27.88, -27.40, -27.00, -26.99, -27.31, -27.66, -28.00, -28.44, -29.08, -29.40, -29.51, -29.55, -29.57, -29.64, -29.66, -29.57, -29.48, -29.25, -28.77, -26.89, -22.41, -18.82, -16.71, -16.41, -16.41
2026-10-01, 21:35:23, 88000000, 90500000, 19531.25, 15552, -16.74, -17.41, -17.22, -15.75, -14.61, -14.01, -14.22, -15.39, -16.49, -18.64, -23.79, -27.61, -28.68, -29.10, -29.27, -29.40, -29.41, -29.44, -29.41, -29.39, -29.28, -29.08, -28.63, -27.87, -27.24, -26.96, -26.94, -27.22, -27.55, -27.81, -28.06, -28.14, -28.00, -27.82, -27.62, -27.44, -27.22, -27.03, -26.81, -26.54, -26.27, -25.96, -25.66, -25.28, -24.86, -24.49, -24.13, -23.76, -23.42, -22.98, -22.55, -22.04, -21.47, -20.85, -20.18, -19.41, -18.58, -17.59, -16.49, -15.16, -13.41, -10.14, -4.29, 0.69, 6.02, 6.02, 6.87, 6.57, 5.48, 3.75, 1.85, -2.37, -9.04, -12.94, -14.87, -16.29, -17.44, -18.45, -19.31, -20.08, -20.76, -21.41, -21.98, -22.51, -22.95, -23.34, -23.69, -24.07, -24.47, -24.87, -25.24, -25.61, -25.96, -26.25, -26.50, -26.78, -26.99, -27.22, -27.41, -27.63, -27.78, -27.98, -28.10, -28.12, -27.90, -27.45, -27.09, -26.84, -27.05, -27.55, -28.05, -28.49, -29.09, -29.34, -29.50, -29.51, -29.54, -29.56, -29.59, -29.53, -29.41, -29.17, -28.63, -26.11, -22.44, -19.02, -17.06, -16.43, -16.43
2026-10-01, 21:35:24, 88000000, 90500000, 19531.25, 15552, -16.85, -17.24, -16.69, -15.67, -14.90, -14.19, -14.24, -14.92, -16.03, -18.76, -23.79, -27.53, -28.58, -28.96, -29.20, -29.29, -29.33, -29.36, -29.33, -29.30, -29.24, -28.99, -28.44, -27.73, -27.31, -27.02, -26.87, -27.10, -27.35, -27.69, -27.96, -28.01, -27.92, -27.73, -27.53, -27.35, -27.14, -26.89, -26.70, -26.42, -26.18, -25.86, -25.56, -25.18, -24.77, -24.41, -24.03, -23.70, -23.28, -22.90, -22.42, -21.92, -21.36, -20.75, -20.04, -19.29, -18.43, -17.46, -16.31, -14.97, -13.16, -9.90, -3.90, 1.42, 5.83, 5.83, 6.46, 6.56, 5.68, 4.32, 1.99, -2.54, -9.04, -12.89, -14.82, -16.22, -17.38, -18.35, -19.22, -19.99, -20.69, -21.32, -21.89, -22.42, -22.85, -23.23, -23.64, -24.03, -24.38, -24.80, -25.15, -25.51, -25.86, -26.18, -26.44, -26.69, -26.93, -27.15, -27.33, -27.54, -27.71, -27.89, -28.03, -28.03, -27.74, -27.35, -27.03, -26.96, -27.05, -27.39, -27.86, -28.44, -29.02, -29.32, -29.42, -29.46, -29.47, -29.53, -29.53, -29.44, -29.35, -29.12, -28.56, -26.11, -21.72, -18.44, -17.09, -16.77, -16.77
2026-10-01, 21:35:25, 88000000, 90500000, 19531.25, 17344, -17.02, -16.95, -16.48, -15.67, -15.13, -14.37, -13.97, -14.43, -16.18, -19.30, -23.62, -27.35, -28.53, -28.95, -29.14, -29.26, -29.31, -29.33, -29.30, -29.26, -29.19, -28.97, -28.38, -27.72, -27.34, -27.07, -26.94, -26.93, -27.26, -27.65, -28.02, -28.01, -27.87, -27.71, -27.54, -27.30, -27.12, -26.91, -26.67, -26.42, -26.15, -25.85, -25.54, -25.15, -24.76, -24.39, -24.00, -23.65, -23.26, -22.85, -22.41, -21.92, -21.34, -20.71, -20.03, -19.27, -18.41, -17.45, -16.33, -14.95, -13.16, -10.07, -4.11, 1.69, 5.68, 5.68, 6.28, 6.56, 6.08, 4.62, 1.55, -2.85, -8.80, -12.74, -14.77, -16.18, -17.33, -18.32, -19.20, -19.96, -20.65, -21.28, -21.85, -22.36, -22.84, -23.20, -23.63, -24.00, -24.34, -24.74, -25.12, -25.50, -25.84, -26.14, -26.40, -26.67, -26.88, -27.10, -27.30, -27.50, -27.68, -27.85, -28.01, -28.03, -27.68, -27.27, -27.07, -26.94, -26.94, -27.22, -27.77, -28.52, -29.03, -29.29, -29.37, -29.42, -29.43, -29.50, -29.50, -29.41, -29.34, -29.08, -28.52, -26.33, -21.41, -18.52, -17.09, -16.99, -16.99
2026-10-01, 21:35:26, 88000000, 90500000, 19531.25, 18240, -16.75, -16.93, -16.66, -15.82, -14.98, -14.14, -13.80, -14.39, -16.36, -19.98, -24.91, -27.85, -28.65, -28.98, -29.16, -29.26, -29.31, -29.32, -29.29, -29.27, -29.20, -29.00, -28.43, -27.82, -27.26, -26.99, -26.79, -26.88, -27.26, -27.72, -27.98, -28.00, -27.83, -27.72, -27.50, -27.31, -27.07, -26.86, -26.63, -26.40, -26.12, -25.85, -25.53, -25.15, -24.73, -24.38, -23.99, -23.63, -23.24, -22.84, -22.42, -21.91, -21.33, -20.70, -20.01, -19.26, -18.42, -17.45, -16.33, -14.97, -13.20, -9.93, -3.77, 1.03, 5.79, 5.79, 6.48, 6.83, 6.19, 4.49, 1.18, -4.10, -10.13, -13.16, -14.93, -16.27, -17.40, -18.36, -19.21, -19.96, -20.66, -21.29, -21.85, -22.36, -22.82, -23.20, -23.63, -23.98, -24.34, -24.73, -25.10, -25.50, -25.83, -26.12, -26.37, -26.65, -26.86, -27.10, -27.29, -27.47, -27.66, -27.83, -27.99, -27.99, -27.73, -27.33, -27.00, -26.89, -26.86, -27.17, -27.80, -28.56, -29.07, -29.29, -29.35, -29.41, -29.43, -29.47, -29.49, -29.38, -29.32, -29.07, -28.47, -26.00, -21.93, -18.82, -17.17, -16.79, -16.79
2026-10-01, 21:35:27, 88000000, 90500000, 19531.25, 18112, -16.71, -16.98, -16.81, -15.88, -14.85, -14.06, -14.00, -14.62, -16.50, -19.61, -24.02, -27.55, -28.57, -28.96, -29.17, -29.26, -29.29, -29.33, -29.30, -29.28, -29.17, -28.96, -28.43, -27.82, -27.27, -26.95, -26.82, -26.98, -27.34, -27.82, -28.01, -28.03, -27.91, -27.77, -27.54, -27.34, -27.16, -26.92, -26.68, -26.43, -26.17, -25.88, -25.54, -25.20, -24.78, -24.43, -24.04, -23.67, -23.29, -22.90, -22.44, -21.95, -21.38, -20.74, -20.09, -19.30, -18.46, -17.50, -16.37, -15.01, -13.16, -9.81, -3.66, 1.17, 5.79, 5.79, 6.64, 6.71, 5.98, 4.31, 1.16, -3.14, -9.28, -12.99, -14.90, -16.28, -17.43, -18.38, -19.24, -20.01, -20.69, -21.33, -21.90, -22.43, -22.86, -23.25, -23.65, -24.01, -24.40, -24.76, -25.17, -25.54, -25.87, -26.16, -26.43, -26.69, -26.92, -27.18, -27.36, -27.56, -27.74, -27.85, -28.03, -28.05, -27.76, -27.38, -27.03, -26.88, -26.91, -27.29, -27.84, -28.55, -29.07, -29.29, -29.39, -29.43, -29.45, -29.49, -29.52, -29.42, -29.36, -29.10, -28.50, -26.08, -21.48, -18.91, -17.24, -16.68, -16.68
2026-10-01, 21:35:28, 88000000, 90500000, 19531.25, 18240, -16.68, -16.92, -16.84, -16.00, -14.90, -14.06, -13.84, -14.54, -16.35, -19.66, -24.90, -27.80, -28.61, -28.99, -29.18, -29.28, -29.30, -29.34, -29.31, -29.28, -29.19, -29.00, -28.47, -27.92, -27.27, -26.94, -26.78, -26.91, -27.30, -27.76, -28.06, -28.03, -27.87, -27.74, -27.54, -27.33, -27.13, -26.93, -26.69, -26.42, -26.15, -25.86, -25.56, -25.19, -24.78, -24.39, -24.04, -23.67, -23.27, -22.91, -22.42, -21.94, -21.37, -20.75, -20.06, -19.31, -18.46, -17.49, -16.37, -14.99, -13.12, -9.58, -3.37, 0.93, 5.78, 5.78, 6.60, 6.81, 6.13, 4.39, 1.32, -3.84, -10.04, -13.14, -14.93, -16.30, -17.41, -18.38, -19.25, -20.00, -20.68, -21.32, -21.88, -22.40, -22.85, -23.25, -23.62, -24.00, -24.36, -24.75, -25.18, -25.53, -25.87, -26.15, -26.44, -26.68, -26.92, -27.16, -27.35, -27.54, -27.74, -27.88, -28.03, -28.01, -27.75, -27.46, -27.07, -26.88, -26.88, -27.24, -27.87, -28.56, -29.09, -29.32, -29.37, -29.47, -29.46, -29.53, -29.51, -29.43, -29.36, -29.13, -28.44, -25.62, -21.73, -19.10, -17.38, -16.73, -16.73
2026-10-01, 21:35:29, 88000000, 90500000, 19531.25, 18112, -16.49, -16.90, -16.95, -16.03, -14.90, -13.85, -13.74, -14.66, -16.68, -20.10, -24.32, -27.72, -28.67, -28.99, -29.21, -29.31, -29.36, -29.37, -29.33, -29.30, -29.23, -28.99, -28.61, -27.92, -27.31, -26.87, -26.72, -26.99, -27.41, -27.82, -28.04, -28.05, -27.91, -27.76, -27.56, -27.37, -27.14, -26.91, -26.69, -26.43, -26.18, -25.88, -25.57, -25.19, -24.79, -24.42, -24.00, -23.65, -23.30, -22.90, -22.46, -21.94, -21.39, -20.76, -20.07, -19.32, -18.50, -17.49, -16.38, -15.04, -13.23, -9.61, -3.78, 0.71, 5.70, 5.70, 6.79, 6.99, 6.05, 4.21, 0.93, -3.77, -9.79, -13.19, -14.99, -16.36, -17.48, -18.43, -19.30, -20.04, -20.71, -21.34, -21.93, -22.45, -22.89, -23.30, -23.65, -23.99, -24.36, -24.78, -25.16, -25.57, -25.89, -26.15, -26.44, -26.68, -26.90, -27.16, -27.34, -27.54, -27.73, -27.86, -28.03, -28.02, -27.79, -27.46, -27.10, -26.83, -26.85, -27.26, -27.86, -28.63, -29.12, -29.32, -29.37, -29.45, -29.46, -29.51, -29.52, -29.44, -29.34, -29.11, -28.47, -25.75, -22.14, -19.19, -17.39, -16.63, -16.63
2026-10-01, 21:35:30, 88000000, 90500000, 19531.25, 18176, -16.83, -16.68, -16.52, -16.08, -15.23, -14.25, -13.71, -14.41, -16.40, -19.94, -24.63, -27.77, -28.67, -29.04, -29.23, -29.34, -29.39, -29.37, -29.34, -29.36, -29.25, -28.99, -28.42, -27.87, -27.43, -27.10, -26.84, -26.92, -27.35, -27.80, -28.10, -28.12, -27.94, -27.80, -27.58, -27.38, -27.18, -26.97, -26.74, -26.50, -26.21, -25.93, -25.58, -25.23, -24.85, -24.47, -24.08, -23.69, -23.33, -22.96, -22.49, -21.97, -21.41, -20.77, -20.09, -19.32, -18.49, -17.49, -16.36, -14.96, -13.04, -9.66, -3.32, 1.67, 5.39, 5.39, 6.35, 6.77, 6.29, 4.47, 1.13, -3.88, -9.86, -13.18, -15.00, -16.35, -17.48, -18.45, -19.31, -20.05, -20.75, -21.39, -21.95, -22.47, -22.91, -23.29, -23.70, -24.06, -24.41, -24.80, -25.20, -25.59, -25.92, -26.23, -26.50, -26.75, -26.97, -27.20, -27.41, -27.58, -27.76, -27.93, -28.05, -28.02, -27.72, -27.43, -27.20, -26.99, -26.94, -27.22, -27.92, -28.61, -29.13, -29.36, -29.42, -29.45, -29.49, -29.54, -29.53, -29.49, -29.36, -29.11, -28.44, -25.73, -21.19, -18.56, -17.54, -17.03, -17.03
2026-10-01, 21:35:31, 88000000, 90500000, 19531.25, 16960, -16.81, -16.89, -16.71, -15.94, -15.00, -14.21, -13.83, -14.44, -16.40, -19.48, -24.71, -27.71, -28.61, -29.00, -29.16, -29.30, -29.38, -29.36, -29.31, -29.30, -29.18, -28.94, -28.50, -27.89, -27.36, -26.97, -26.84, -26.94, -27.36, -27.76, -28.05, -28.04, -27.89, -27.76, -27.56, -27.35, -27.15, -26.96, -26.71, -26.45, -26.18, -25.89, -25.58, -25.18, -24.81, -24.42, -24.06, -23.67, -23.33, -22.94, -22.47, -21.95, -21.41, -20.78, -20.09, -19.35, -18.47, -17.51, -16.38, -15.02, -13.14, -9.39, -3.47, 1.04, 5.68, 5.68, 6.46, 6.74, 6.17, 4.42, 1.38, -3.53, -9.79, -13.04, -14.89, -16.26, -17.39, -18.39, -19.23, -20.00, -20.71, -21.32, -21.89, -22.41, -22.88, -23.23, -23.66, -24.01, -24.38, -24.77, -25.17, -25.54, -25.89, -26.19, -26.42, -26.71, -26.90, -27.18, -27.35, -27.56, -27.71, -27.90, -28.02, -28.02, -27.77, -27.43, -27.09, -26.96, -26.97, -27.25, -27.85, -28.55, -29.11, -29.35, -29.43, -29.45, -29.48, -29.53, -29.55, -29.48, -29.37, -29.14, -28.41, -25.65, -21.75, -18.93, -17.33, -16.86, -16.86
2026-10-01, 21:35:32, 88000000, 90500000, 19531.25, 15552, -16.45, -16.82, -17.11, -16.14, -14.75, -13.76, -13.57, -14.57, -17.13, -20.68, -24.80, -27.89, -28.72, -29.05, -29.21, -29.31, -29.40, -29.37, -29.34, -29.29, -29.23, -29.04, -28.56, -27.92, -27.33, -26.83, -26.72, -26.90, -27.42, -27.94, -28.06, -28.09, -27.92, -27.77, -27.57, -27.39, -27.18, -26.96, -26.72, -26.48, -26.19, -25.91, -25.61, -25.22, -24.85, -24.44, -24.05, -23.67, -23.33, -22.97, -22.48, -21.98, -21.44, -20.80, -20.13, -19.39, -18.53, -17.60, -16.51, -15.19, -13.47, -10.36, -4.32, 0.48, 5.84, 5.84, 6.94, 7.09, 6.29, 3.99, 0.16, -4.21, -10.06, -13.23, -15.04, -16.38, -17.50, -18.45, -19.29, -20.05, -20.75, -21.37, -21.93, -22.45, -22.88, -23.28, -23.68, -24.01, -24.37, -24.78, -25.20, -25.59, -25.88, -26.18, -26.44, -26.72, -26.94, -27.17, -27.34, -27.59, -27.73, -27.91, -28.05, -28.09, -27.87, -27.52, -27.10, -26.78, -26.76, -27.21, -27.99, -28.69, -29.12, -29.35, -29.38, -29.45, -29.46, -29.54, -29.54, -29.49, -29.37, -29.14, -28.61, -26.27, -22.35, -19.55, -17.36, -16.47, -16.47
2026-10-01, 21:35:33, 88000000, 90500000, 19531.25, 14976, -16.36, -16.93, -17.07, -16.08, -14.92, -13.70, -13.55, -14.66, -16.70, -20.56, -25.56, -27.98, -28.73, -29.05, -29.20, -29.32, -29.39, -29.40, -29.37, -29.34, -29.26, -29.08, -28.66, -27.94, -27.34, -26.89, -26.67, -26.99, -27.43, -27.81, -28.14, -28.09, -27.95, -27.80, -27.58, -27.41, -27.19, -26.99, -26.76, -26.50, -26.22, -25.95, -25.63, -25.27, -24.85, -24.47, -24.09, -23.73, -23.36, -22.98, -22.53, -22.04, -21.47, -20.84, -20.16, -19.42, -18.57, -17.62, -16.53, -15.20, -13.42, -10.03, -4.53, 0.21, 5.72, 5.72, 6.88, 7.23, 6.14, 4.12, 0.77, -5.11, -10.61, -13.44, -15.12, -16.44, -17.54, -18.50, -19.34, -20.10, -20.80, -21.42, -21.98, -22.49, -22.94, -23.33, -23.70, -24.05, -24.43, -24.83, -25.25, -25.61, -25.94, -26.23, -26.49, -26.76, -26.98, -27.20, -27.41, -27.61, -27.78, -27.97, -28.08, -28.12, -27.90, -27.57, -27.11, -26.82, -26.82, -27.28, -28.00, -28.68, -29.23, -29.44, -29.48, -29.50, -29.55, -29.59, -29.62, -29.57, -29.47, -29.24, -28.70, -26.16, -22.80, -19.37, -17.43, -16.66, -16.66
2026-10-01, 21:35:34, 88000000, 90500000, 19531.25, 15616, -16.56, -16.90, -16.87, -16.12, -14.93, -13.95, -13.72, -14.55, -16.60, -20.13, -24.73, -27.78, -28.70, -29.07, -29.23, -29.29, -29.38, -29.41, -29.33, -29.32, -29.21, -28.98, -28.52, -27.97, -27.34, -26.98, -26.80, -26.99, -27.35, -27.82, -28.04, -28.09, -27.92, -27.77, -27.58, -27.37, -27.18, -26.96, -26.73, -26.45, -26.21, -25.92, -25.59, -25.22, -24.83, -24.42, -24.04, -23.69, -23.30, -22.95, -22.48, -21.98, -21.43, -20.79, -20.12, -19.34, -18.49, -17.54, -16.42, -15.05, -13.21, -9.77, -3.66, 0.88, 5.72, 5.72, 6.67, 6.93, 6.13, 4.31, 1.02, -4.26, -9.70, -13.15, -14.98, -16.35, -17.48, -18.45, -19.30, -20.05, -20.73, -21.37, -21.93, -22.45, -22.91, -23.28, -23.68, -24.03, -24.36, -24.81, -25.21, -25.57, -25.89, -26.21, -26.47, -26.73, -26.95, -27.19, -27.38, -27.57, -27.76, -27.94, -28.06, -28.08, -27.82, -27.51, -27.11, -26.88, -26.85, -27.32, -27.93, -28.65, -29.12, -29.34, -29.42, -29.49, -29.48, -29.56, -29.59, -29.51, -29.38, -29.16, -28.48, -25.81, -22.02, -19.09, -17.48, -16.71, -16.71
2026-10-01, 21:35:35, 88000000, 90500000, 19531.25, 15680, -16.59, -16.94, -16.83, -16.07, -15.00, -13.95, -13.80, -14.49, -16.55, -20.26, -24.51, -27.77, -28.66, -29.01, -29.21, -29.28, -29.35, -29.35, -29.35, -29.29, -29.26, -29.04, -28.56, -27.93, -27.43, -26.96, -26.79, -26.96, -27.32, -27.85, -28.10, -28.07, -27.91, -27.78, -27.56, -27.38, -27.21, -26.98, -26.75, -26.48, -26.21, -25.92, -25.61, -25.26, -24.85, -24.49, -24.07, -23.69, -23.35, -22.96, -22.50, -21.99, -21.44, -20.81, -20.12, -19.37, -18.51, -17.56, -16.43, -15.06, -13.18, -9.63, -3.69, 0.88, 5.64, 5.64, 6.64, 6.96, 6.14, 4.32, 0.88, -4.15, -9.77, -13.23, -15.03, -16.39, -17.52, -18.48, -19.33, -20.08, -20.78, -21.40, -21.98, -22.48, -22.93, -23.33, -23.71, -24.10, -24.44, -24.85, -25.24, -25.61, -25.94, -26.24, -26.51, -26.77, -26.99, -27.23, -27.41, -27.60, -27.79, -27.99, -28.09, -28.09, -27.86, -27.48, -27.19, -26.86, -26.93, -27.30, -27.99, -28.74, -29.17, -29.41, -29.49, -29.52, -29.56, -29.64, -29.61, -29.56, -29.46, -29.22, -28.59, -25.96, -21.97, -19.03, -17.45, -16.77, -16.77
2026-10-01, 21:35:36, 88000000, 90500000, 19531.25, 15488, -16.71, -16.70, -16.73, -15.98, -15.16, -14.09, -13.59, -14.39, -16.60, -20.60, -25.16, -27.97, -28.77, -29.06, -29.26, -29.32, -29.36, -29.40, -29.38, -29.36, -29.28, -29.02, -28.52, -27.86, -27.32, -27.01, -26.83, -26.89, -27.38, -27.89, -28.13, -28.11, -27.96, -27.75, -27.59, -27.37, -27.16, -26.97, -26.73, -26.49, -26.24, -25.94, -25.59, -25.23, -24.84, -24.46, -24.05, -23.67, -23.35, -22.93, -22.50, -22.01, -21.43, -20.81, -20.13, -19.35, -18.51, -17.54, -16.43, -15.06, -13.23, -9.84, -3.53, 1.05, 5.61, 5.61, 6.49, 6.84, 6.42, 4.40, 0.70, -4.59, -10.39, -13.36, -15.08, -16.41, -17.51, -18.47, -19.32, -20.07, -20.75, -21.38, -21.95, -22.47, -22.92, -23.30, -23.69, -24.04, -24.38, -24.79, -25.21, -25.56, -25.93, -26.19, -26.46, -26.73, -26.94, -27.19, -27.39, -27.56, -27.76, -27.92, -28.05, -28.06, -27.84, -27.43, -27.20, -26.95, -26.91, -27.18, -27.84, -28.66, -29.15, -29.33, -29.40, -29.47, -29.49, -29.55, -29.54, -29.45, -29.35, -29.12, -28.51, -25.96, -21.71, -18.95, -17.33, -16.95, -16.95
2026-10-01, 21:35:37, 88000000, 90500000, 19531.25, 15552, -16.03, -16.60, -17.36, -16.61, -14.86, -13.35, -13.22, -14.60, -17.33, -21.40, -26.03, -28.11, -28.82, -29.12, -29.27, -29.37, -29.40, -29.40, -29.38, -29.34, -29.25, -29.06, -28.69, -28.13, -27.42, -26.82, -26.47, -26.89, -27.48, -27.96, -28.16, -28.11, -27.95, -27.79, -27.59, -27.41, -27.17, -26.98, -26.76, -26.48, -26.23, -25.96, -25.63, -25.29, -24.89, -24.47, -24.06, -23.72, -23.37, -23.00, -22.54, -22.04, -21.49, -20.86, -20.19, -19.44, -18.60, -17.68, -16.58, -15.27, -13.51, -10.36, -4.51, -0.19, 5.51, 5.51, 7.08, 7.64, 6.45, 3.84, -0.22, -5.76, -10.69, -13.49, -15.15, -16.46, -17.55, -18.49, -19.33, -20.09, -20.76, -21.40, -21.94, -22.47, -22.94, -23.32, -23.69, -24.02, -24.35, -24.82, -25.23, -25.57, -25.91, -26.20, -26.48, -26.74, -26.93, -27.18, -27.39, -27.57, -27.75, -27.91, -28.07, -28.12, -27.93, -27.63, -27.14, -26.73, -26.58, -27.14, -28.07, -28.76, -29.19, -29.34, -29.40, -29.46, -29.51, -29.56, -29.57, -29.51, -29.43, -29.19, -28.63, -26.38, -22.72, -20.02, -17.92, -16.55, -16.55
2026-10-01, 21:35:38, 88000000, 90500000, 19531.25, 16064, -16.19, -16.72, -17.19, -16.44, -14.85, -13.53, -13.44, -14.59, -17.24, -20.88, -25.80, -28.09, -28.78, -29.08, -29.26, -29.37, -29.41, -29.44, -29.42, -29.34, -29.29, -29.07, -28.67, -28.05, -27.41, -26.87, -26.63, -26.94, -27.48, -27.98, -28.15, -28.15, -27.95, -27.83, -27.62, -27.43, -27.22, -27.01, -26.78, -26.53, -26.27, -25.95, -25.65, -25.31, -24.90, -24.49, -24.10, -23.72, -23.40, -22.99, -22.57, -22.03, -21.49, -20.88, -20.19, -19.45, -18.61, -17.66, -16.57, -15.28, -13.50, -10.17, -4.29, 0.25, 5.58, 5.58, 7.03, 7.33, 6.34, 3.94, 0.06, -5.18, -10.77, -13.48, -15.16, -16.46, -17.58, -18.52, -19.37, -20.11, -20.80, -21.42, -21.99, -22.50, -22.96, -23.35, -23.72, -24.05, -24.42, -24.82, -25.25, -25.62, -25.96, -26.23, -26.49, -26.78, -26.96, -27.22, -27.42, -27.61, -27.76, -27.93, -28.10, -28.15, -27.93, -27.64, -27.18, -26.75, -26.72, -27.24, -28.03, -28.75, -29.17, -29.36, -29.47, -29.50, -29.55, -29.62, -29.58, -29.50, -29.45, -29.24, -28.61, -26.17, -22.48, -19.70, -17.74, -16.59, -16.59
2026-10-01, 21:35:39, 88000000, 90500000, 19531.25, 15616, -16.52, -16.56, -16.87, -16.29, -15.13, -13.88, -13.40, -14.33, -16.89, -20.81, -25.87, -28.09, -28.76, -29.06, -29.26, -29.33, -29.37, -29.38, -29.37, -29.37, -29.23, -28.99, -28.51, -27.99, -27.44, -26.98, -26.68, -26.85, -27.38, -27.90, -28.15, -28.09, -27.93, -27.76, -27.57, -27.39, -27.17, -26.95, -26.72, -26.46, -26.19, -25.90, -25.58, -25.23, -24.84, -24.43, -24.07, -23.67, -23.30, -22.95, -22.47, -21.99, -21.41, -20.79, -20.11, -19.36, -18.52, -17.53, -16.42, -15.07, -13.21, -9.51, -3.35, 0.96, 5.42, 5.42, 6.63, 7.19, 6.42, 4.31, 0.43, -5.35, -10.82, -13.46, -15.11, -16.43, -17.52, -18.48, -19.32, -20.06, -20.77, -21.39, -21.94, -22.46, -22.90, -23.31, -23.70, -24.03, -24.40, -24.82, -25.19, -25.58, -25.90, -26.18, -26.47, -26.72, -26.94, -27.18, -27.36, -27.58, -27.73, -27.91, -28.05, -28.05, -27.85, -27.54, -27.20, -26.88, -26.74, -27.18, -27.93, -28.71, -29.16, -29.34, -29.41, -29.46, -29.51, -29.56, -29.54, -29.47, -29.37, -29.13, -28.45, -25.70, -21.62, -19.40, -17.61, -16.88, -16.88
2026-10-01, 21:35:40, 88000000, 90500000, 19531.25, 15616, -16.35, -16.61, -17.05, -16.30, -14.90, -13.68, -13.29, -14.40, -17.31, -21.14, -25.57, -28.10, -28.79, -29.09, -29.23, -29.35, -29.39, -29.39, -29.38, -29.36, -29.24, -29.03, -28.60, -28.04, -27.36, -26.90, -26.66, -26.81, -27.45, -27.91, -28.11, -28.08, -27.91, -27.78, -27.57, -27.37, -27.15, -26.94, -26.70, -26.45, -26.22, -25.93, -25.59, -25.26, -24.85, -24.41, -24.04, -23.66, -23.33, -22.94, -22.50, -21.99, -21.41, -20.81, -20.12, -19.37, -18.53, -17.58, -16.49, -15.13, -13.37, -9.78, -4.60, 0.28, 5.66, 5.66, 6.92, 7.27, 6.58, 3.93, -0.03, -5.03, -10.73, -13.49, -15.15, -16.45, -17.53, -18.49, -19.32, -20.08, -20.76, -21.38, -21.94, -22.45, -22.91, -23.27, -23.66, -24.04, -24.35, -24.79, -25.18, -25.58, -25.89, -26.17, -26.42, -26.70, -26.93, -27.19, -27.35, -27.54, -27.71, -27.87, -28.07, -28.09, -27.92, -27.49, -27.09, -26.82, -26.71, -27.14, -28.00, -28.77, -29.13, -29.34, -29.42, -29.44, -29.52, -29.57, -29.54, -29.48, -29.39, -29.16, -28.61, -26.36, -22.50, -19.53, -17.53, -16.64, -16.64
2026-10-01, 21:35:41, 88000000, 90500000, 19531.25, 17088, -16.46, -16.55, -16.60, -15.95, -14.74, -13.82, -13.40, -14.20, -16.53, -20.36, -24.92, -27.66, -28.48, -28.83, -29.02, -29.08, -29.14, -29.16, -29.14, -29.08, -29.02, -28.78, -28.27, -27.75, -27.20, -26.77, -26.52, -26.63, -27.16, -27.67, -27.91, -27.85, -27.72, -27.56, -27.36, -27.14, -26.96, -26.70, -26.49, -26.26, -25.98, -25.72, -25.37, -24.99, -24.64, -24.23, -23.85, -23.46, -23.12, -22.73, -22.27, -21.75, -21.19, -20.57, -19.88, -19.14, -18.29, -17.33, -16.21, -14.87, -13.08, -9.50, -3.50, 1.12, 5.86, 5.86, 6.85, 7.16, 6.51, 4.59, 0.71, -4.55, -9.73, -13.06, -14.84, -16.19, -17.28, -18.25, -19.09, -19.86, -20.54, -21.16, -21.74, -22.24, -22.71, -23.08, -23.48, -23.83, -24.20, -24.59, -25.00, -25.36, -25.69, -25.99, -26.27, -26.53, -26.75, -26.98, -27.16, -27.36, -27.54, -27.70, -27.87, -27.89, -27.67, -27.26, -26.88, -26.68, -26.68, -27.04, -27.69, -28.45, -28.98, -29.19, -29.24, -29.28, -29.32, -29.37, -29.38, -29.28, -29.20, -28.96, -28.32, -25.69, -21.68, -18.87, -17.29, -16.51, -16.51
2026-10-01, 21:35:42, 88000000, 90500000, 19531.25, 17088, -16.58, -16.58, -16.56, -16.22, -15.23, -13.96, -13.51, -14.23, -16.66, -20.49, -24.42, -27.73, -28.59, -28.99, -29.17, -29.26, -29.33, -29.31, -29.28, -29.25, -29.20, -28.93, -28.40, -27.86, -27.40, -26.94, -26.70, -26.85, -27.28, -27.80, -28.00, -28.04, -27.86, -27.70, -27.52, -27.31, -27.09, -26.91, -26.66, -26.42, -26.14, -25.84, -25.51, -25.17, -24.77, -24.41, -24.01, -23.62, -23.25, -22.88, -22.44, -21.93, -21.36, -20.74, -20.06, -19.28, -18.45, -17.48, -16.36, -15.02, -13.18, -9.90, -3.38, 1.51, 5.41, 5.41, 6.52, 7.06, 6.45, 4.46, 0.67, -4.20, -9.60, -13.11, -14.96, -16.30, -17.41, -18.39, -19.24, -20.00, -20.70, -21.30, -21.87, -22.39, -22.84, -23.24, -23.66, -23.96, -24.36, -24.71, -25.14, -25.52, -25.85, -26.13, -26.41, -26.68, -26.87, -27.14, -27.33, -27.53, -27.69, -27.86, -28.01, -27.97, -27.72, -27.47, -27.14, -26.91, -26.81, -27.09, -27.86, -28.62, -29.07, -29.29, -29.36, -29.41, -29.46, -29.49, -29.51, -29.41, -29.33, -29.08, -28.44, -26.02, -21.25, -18.82, -17.62, -17.00, -17.00
2026-10-01, 21:35:43, 88000000, 90500000, 19531.25, 15488, -16.49, -16.73, -16.92, -16.46, -15.10, -13.88, -13.54, -14.62, -16.85, -20.51, -25.25, -27.80, -28.75, -29.10, -29.27, -29.37, -29.41, -29.43, -29.43, -29.36, -29.28, -29.06, -28.59, -27.98, -27.47, -26.98, -26.74, -26.98, -27.47, -27.96, -28.18, -28.13, -27.97, -27.84, -27.65, -27.43, -27.22, -27.02, -26.81, -26.54, -26.27, -25.99, -25.65, -25.30, -24.91, -24.51, -24.09, -23.72, -23.38, -23.00, -22.56, -22.04, -21.48, -20.85, -20.17, -19.43, -18.57, -17.61, -16.49, -15.15, -13.36, -10.25, -3.77, 1.03, 5.34, 5.34, 6.69, 7.10, 6.27, 4.08, 0.63, -4.73, -10.18, -13.25, -15.09, -16.44, -17.56, -18.51, -19.36, -20.13, -20.81, -21.44, -21.99, -22.52, -22.94, -23.38, -23.75, -24.09, -24.45, -24.87, -25.26, -25.61, -25.98, -26.26, -26.52, -26.78, -27.02, -27.22, -27.44, -27.62, -27.81, -27.98, -28.13, -28.11, -27.89, -27.63, -27.29, -26.91, -26.83, -27.29, -27.99, -28.72, -29.19, -29.43, -29.50, -29.54, -29.57, -29.61, -29.62, -29.56, -29.46, -29.24, -28.65, -26.17, -21.74, -19.14, -17.87, -16.84, -16.84
2026-10-01, 21:35:44, 88000000, 90500000, 19531.25, 15616, -16.47, -16.73, -16.83, -16.33, -15.18, -13.83, -13.51, -14.39, -16.86, -21.16, -25.82, -28.09, -28.76, -29.08, -29.28, -29.35, -29.37, -29.40, -29.40, -29.32, -29.28, -29.05, -28.55, -27.97, -27.48, -27.00, -26.72, -26.86, -27.37, -27.94, -28.17, -28.11, -27.94, -27.80, -27.58, -27.39, -27.19, -26.96, -26.75, -26.48, -26.23, -25.92, -25.60, -25.23, -24.86, -24.48, -24.07, -23.68, -23.32, -22.95, -22.49, -21.98, -21.43, -20.82, -20.13, -19.37, -18.52, -17.57, -16.46, -15.12, -13.36, -10.05, -3.89, 0.73, 5.45, 5.45, 6.65, 7.13, 6.41, 4.23, 0.28, -5.38, -10.95, -13.49, -15.16, -16.46, -17.57, -18.51, -19.36, -20.11, -20.79, -21.42, -21.98, -22.49, -22.95, -23.33, -23.71, -24.06, -24.42, -24.81, -25.25, -25.61, -25.92, -26.22, -26.49, -26.75, -26.96, -27.21, -27.40, -27.61, -27.75, -27.94, -28.10, -28.07, -27.90, -27.59, -27.20, -26.88, -26.85, -27.22, -27.94, -28.74, -29.23, -29.39, -29.49, -29.51, -29.56, -29.58, -29.61, -29.53, -29.45, -29.24, -28.66, -26.12, -22.14, -19.19, -17.65, -16.92, -16.92
2026-10-01, 21:35:45, 88000000, 90500000, 19531.25, 16128, -16.08, -16.02, -17.03, -16.51, -15.32, -13.52, -12.38, -14.30, -18.82, -23.25, -27.00, -28.30, -28.87, -29.13, -29.25, -29.37, -29.39, -29.38, -29.35, -29.35, -29.25, -29.10, -28.70, -27.90, -27.44, -27.05, -26.25, -26.53, -27.69, -28.10, -28.16, -28.09, -27.92, -27.78, -27.56, -27.36, -27.17, -26.92, -26.71, -26.45, -26.19, -25.91, -25.61, -25.27, -24.83, -24.46, -24.01, -23.65, -23.31, -22.98, -22.51, -22.02, -21.43, -20.84, -20.16, -19.41, -18.60, -17.66, -16.60, -15.33, -13.74, -11.32, -6.12, -0.57, 5.46, 5.46, 6.54, 8.23, 7.15, 3.11, -2.35, -7.66, -11.70, -13.86, -15.36, -16.59, -17.65, -18.57, -19.39, -20.14, -20.80, -21.42, -21.98, -22.49, -22.94, -23.34, -23.72, -24.00, -24.35, -24.81, -25.25, -25.58, -25.90, -26.20, -26.48, -26.75, -26.92, -27.18, -27.36, -27.57, -27.75, -27.92, -28.05, -28.15, -28.02, -27.53, -27.20, -26.87, -26.35, -26.90, -28.16, -28.97, -29.22, -29.33, -29.41, -29.49, -29.51, -29.55, -29.57, -29.52, -29.43, -29.21, -28.83, -27.38, -23.67, -19.45, -17.55, -17.03, -17.03
2026-10-01, 21:35:46, 88000000, 90500000, 19531.25, 18112, -15.96, -15.99, -16.32, -16.53, -16.27, -13.47, -12.24, -13.62, -19.67, -24.58, -26.96, -28.25, -28.78, -28.99, -29.12, -29.17, -29.19, -29.19, -29.19, -29.16, -29.03, -28.92, -28.58, -27.44, -27.54, -27.04, -25.96, -26.39, -27.45, -27.99, -27.96, -27.91, -27.72, -27.56, -27.36, -27.17, -26.97, -26.74, -26.51, -26.26, -25.99, -25.71, -25.41, -25.01, -24.62, -24.31, -23.85, -23.42, -23.11, -22.80, -22.32, -21.81, -21.25, -20.66, -19.99, -19.25, -18.44, -17.51, -16.47, -15.20, -13.62, -10.93, -6.53, -1.37, 4.48, 4.48, 5.97, 8.49, 7.42, 2.77, -3.00, -7.56, -11.38, -13.58, -15.06, -16.28, -17.35, -18.27, -19.10, -19.84, -20.52, -21.13, -21.68, -22.22, -22.64, -23.06, -23.48, -23.74, -24.06, -24.53, -24.99, -25.34, -25.65, -25.93, -26.21, -26.48, -26.67, -26.94, -27.14, -27.33, -27.50, -27.67, -27.82, -27.92, -27.79, -26.99, -27.28, -27.00, -26.08, -26.66, -28.06, -28.75, -29.02, -29.13, -29.17, -29.30, -29.32, -29.36, -29.38, -29.33, -29.27, -29.04, -28.65, -27.11, -24.52, -18.38, -17.74, -17.94, -17.94
2026-10-01, 21:35:47, 88000000, 90500000, 19531.25, 15488, -16.15, -16.78, -17.20, -16.19, -14.76, -13.46, -13.24, -14.84, -17.15, -20.99, -26.04, -28.08, -28.72, -29.04, -29.22, -29.32, -29.37, -29.35, -29.37, -29.31, -29.28, -29.07, -28.72, -27.99, -27.38, -26.87, -26.53, -26.91, -27.47, -27.93, -28.13, -28.12, -27.91, -27.78, -27.63, -27.38, -27.16, -26.98, -26.73, -26.49, -26.21, -25.94, -25.64, -25.27, -24.85, -24.43, -24.08, -23.70, -23.39, -22.98, -22.56, -22.03, -21.47, -20.87, -20.18, -19.46, -18.63, -17.70, -16.63, -15.37, -13.76, -11.44, -6.12, -0.28, 5.79, 5.79, 7.01, 7.55, 6.26, 3.88, 0.23, -5.74, -11.09, -13.56, -15.19, -16.49, -17.57, -18.52, -19.35, -20.11, -20.79, -21.40, -21.99, -22.48, -22.95, -23.33, -23.71, -24.05, -24.37, -24.84, -25.25, -25.60, -25.93, -26.21, -26.50, -26.77, -26.95, -27.22, -27.41, -27.61, -27.80, -27.96, -28.12, -28.18, -28.01, -27.52, -27.06, -26.76, -26.67, -27.28, -28.04, -28.74, -29.24, -29.39, -29.46, -29.52, -29.56, -29.58, -29.61, -29.56, -29.48, -29.28, -28.81, -27.46, -23.57, -19.41, -17.45, -16.52, -16.52
2026-10-01, 21:35:48, 88000000, 90500000, 19531.25, 15616, -15.05, -16.62, -18.43, -17.28, -14.42, -12.30, -12.98, -15.77, -18.33, -22.18, -25.96, -28.17, -28.78, -29.06, -29.22, -29.31, -29.32, -29.36, -29.34, -29.28, -29.18, -29.07, -28.74, -28.19, -27.44, -26.42, -26.14, -27.05, -27.65, -27.99, -28.07, -28.06, -27.85, -27.71, -27.55, -27.32, -27.13, -26.87, -26.68, -26.42, -26.18, -25.85, -25.56, -25.23, -24.83, -24.36, -23.93, -23.63, -23.31, -22.93, -22.48, -21.97, -21.43, -20.79, -20.15, -19.41, -18.59, -17.68, -16.61, -15.35, -13.78, -11.19, -5.61, -1.22, 5.43, 5.43, 8.06, 8.40, 5.81, 2.63, -1.19, -5.88, -11.16, -13.65, -15.28, -16.53, -17.60, -18.51, -19.34, -20.10, -20.76, -21.37, -21.95, -22.44, -22.91, -23.29, -23.62, -23.90, -24.35, -24.82, -25.20, -25.55, -25.86, -26.17, -26.42, -26.68, -26.90, -27.16, -27.36, -27.50, -27.70, -27.87, -28.01, -28.08, -28.00, -27.78, -27.07, -26.32, -26.25, -27.34, -28.26, -28.85, -29.17, -29.34, -29.40, -29.45, -29.50, -29.53, -29.55, -29.50, -29.43, -29.24, -28.81, -27.10, -23.60, -21.05, -18.49, -16.00, -16.00
2026-10-01, 21:35:49, 88000000, 90500000, 19531.25, 15424, -13.57, -16.60, -20.00, -19.30, -14.80, -10.80, -12.62, -17.37, -20.76, -22.89, -26.91, -28.34, -28.80, -29.01, -29.12, -29.17, -29.22, -29.23, -29.19, -29.15, -29.03, -28.94, -28.70, -28.41, -27.63, -25.97, -25.41, -27.08, -27.90, -27.98, -28.01, -27.84, -27.72, -27.56, -27.39, -27.19, -26.96, -26.74, -26.52, -26.26, -26.01, -25.72, -25.43, -25.11, -24.73, -24.25, -23.64, -23.49, -23.24, -22.83, -22.37, -21.84, -21.31, -20.72, -20.05, -19.35, -18.54, -17.66, -16.65, -15.47, -14.04, -11.88, -7.62, -2.71, 4.15, 4.15, 8.86, 9.64, 5.12, 0.10, -2.64, -7.17, -11.66, -13.85, -15.32, -16.51, -17.54, -18.44, -19.24, -19.96, -20.63, -21.23, -21.79, -22.31, -22.76, -23.17, -23.48, -23.64, -24.16, -24.69, -25.06, -25.39, -25.70, -25.98, -26.25, -26.49, -26.72, -26.95, -27.15, -27.34, -27.51, -27.69, -27.89, -27.96, -27.96, -27.93, -27.37, -25.79, -25.64, -27.49, -28.44, -28.73, -29.03, -29.14, -29.23, -29.29, -29.32, -29.40, -29.40, -29.38, -29.32, -29.18, -28.90, -27.89, -24.87, -22.74, -20.47, -16.23, -16.23
2026-10-01, 21:35:50, 88000000, 90500000, 19531.25, 16768, -15.09, -16.90, -17.70, -16.88, -14.77, -12.32, -13.33, -15.22, -17.80, -21.91, -26.31, -28.20, -28.76, -29.01, -29.15, -29.24, -29.25, -29.25, -29.23, -29.20, -29.09, -28.99, -28.61, -28.04, -27.36, -26.46, -26.23, -26.89, -27.46, -27.85, -28.00, -27.92, -27.77, -27.64, -27.41, -27.20, -27.01, -26.81, -26.57, -26.30, -26.05, -25.79, -25.44, -25.10, -24.73, -24.29, -23.84, -23.55, -23.22, -22.83, -22.36, -21.87, -21.31, -20.70, -20.02, -19.29, -18.47, -17.55, -16.48, -15.24, -13.64, -11.23, -6.36, -0.78, 5.44, 5.44, 7.86, 8.04, 6.03, 3.24, -0.53, -6.52, -11.27, -13.59, -15.15, -16.42, -17.47, -18.41, -19.23, -19.96, -20.64, -21.26, -21.84, -22.34, -22.79, -23.20, -23.54, -23.80, -24.23, -24.68, -25.07, -25.43, -25.75, -26.03, -26.31, -26.55, -26.79, -27.03, -27.22, -27.39, -27.61, -27.73, -27.88, -27.96, -27.85, -27.53, -27.08, -26.30, -26.39, -27.23, -28.03, -28.69, -29.09, -29.22, -29.30, -29.36, -29.38, -29.42, -29.42, -29.37, -29.31, -29.15, -28.76, -27.31, -23.88, -20.03, -18.12, -16.37, -16.37
2026-10-01, 21:35:51, 88000000, 90500000, 19531.25, 15424, -15.14, -16.53, -18.06, -17.15, -14.55, -12.36, -12.88, -15.47, -18.54, -21.79, -26.19, -28.24, -28.80, -29.06, -29.21, -29.30, -29.31, -29.32, -29.31, -29.27, -29.21, -29.08, -28.69, -28.16, -27.47, -26.30, -26.17, -26.90, -27.66, -28.03, -28.09, -28.03, -27.86, -27.69, -27.51, -27.30, -27.12, -26.89, -26.67, -26.41, -26.14, -25.82, -25.56, -25.21, -24.82, -24.36, -23.91, -23.62, -23.33, -22.92, -22.48, -21.97, -21.40, -20.80, -20.13, -19.40, -18.59, -17.68, -16.62, -15.38, -13.82, -11.49, -6.28, -0.71, 5.12, 5.12, 8.20, 8.30, 6.00, 2.58, -0.96, -5.82, -11.40, -13.71, -15.26, -16.51, -17.56, -18.50, -19.31, -20.06, -20.72, -21.33, -21.91, -22.42, -22.89, -23.27, -23.58, -23.88, -24.30, -24.77, -25.18, -25.50, -25.83, -26.12, -26.39, -26.65, -26.86, -27.09, -27.31, -27.48, -27.68, -27.84, -27.99, -28.09, -27.93, -27.64, -27.26, -26.22, -26.29, -27.32, -28.24, -28.78, -29.14, -29.32, -29.38, -29.43, -29.46, -29.51, -29.51, -29.45, -29.41, -29.20, -28.81, -27.42, -23.55, -20.63, -18.39, -16.06, -16.06
2026-10-01, 21:35:52, 88000000, 90500000, 19531.25, 15552, -14.42, -16.90, -18.54, -17.39, -14.55, -11.66, -13.14, -15.79, -18.70, -22.62, -26.35, -28.12, -28.73, -28.99, -29.13, -29.23, -29.23, -29.22, -29.24, -29.17, -29.09, -28.97, -28.66, -28.19, -27.35, -26.29, -25.90, -26.91, -27.59, -27.91, -27.99, -27.91, -27.76, -27.62, -27.42, -27.20, -27.01, -26.79, -26.56, -26.30, -26.06, -25.74, -25.48, -25.12, -24.74, -24.28, -23.75, -23.52, -23.24, -22.85, -22.39, -21.89, -21.32, -20.72, -20.05, -19.32, -18.53, -17.62, -16.58, -15.38, -13.89, -11.72, -7.39, -1.72, 5.42, 5.42, 8.27, 8.74, 5.74, 2.35, -1.43, -6.66, -11.35, -13.71, -15.26, -16.48, -17.53, -18.46, -19.25, -20.00, -20.67, -21.27, -21.83, -22.36, -22.81, -23.21, -23.55, -23.75, -24.23, -24.71, -25.10, -25.45, -25.75, -26.05, -26.31, -26.57, -26.78, -27.02, -27.22, -27.42, -27.59, -27.75, -27.92, -28.03, -27.94, -27.68, -27.07, -26.13, -26.12, -27.35, -28.19, -28.75, -29.09, -29.22, -29.28, -29.35, -29.39, -29.43, -29.44, -29.39, -29.35, -29.18, -28.84, -27.77, -24.50, -21.36, -18.53, -16.16, -16.16
2026-10-01, 21:35:53, 88000000, 90500000, 19531.25, 15616, -15.25, -16.72, -17.76, -16.69, -14.71, -12.55, -13.08, -15.08, -17.90, -22.48, -26.38, -28.18, -28.77, -29.07, -29.18, -29.28, -29.31, -29.32, -29.30, -29.24, -29.17, -29.04, -28.67, -27.98, -27.41, -26.59, -26.15, -26.89, -27.52, -27.92, -28.05, -28.00, -27.79, -27.67, -27.48, -27.28, -27.09, -26.88, -26.62, -26.38, -26.12, -25.83, -25.54, -25.18, -24.77, -24.35, -23.91, -23.60, -23.30, -22.90, -22.43, -21.93, -21.39, -20.76, -20.08, -19.37, -18.54, -17.62, -16.55, -15.31, -13.71, -11.03, -6.38, -1.03, 5.55, 5.55, 7.67, 8.22, 6.10, 3.35, -1.14, -6.47, -11.33, -13.68, -15.24, -16.49, -17.56, -18.48, -19.31, -20.05, -20.71, -21.32, -21.88, -22.41, -22.86, -23.24, -23.58, -23.84, -24.30, -24.74, -25.16, -25.51, -25.84, -26.10, -26.38, -26.65, -26.84, -27.08, -27.28, -27.49, -27.66, -27.81, -27.96, -28.06, -27.96, -27.56, -27.08, -26.44, -26.33, -27.25, -28.06, -28.79, -29.17, -29.31, -29.35, -29.41, -29.49, -29.51, -29.51, -29.46, -29.37, -29.19, -28.80, -27.26, -23.81, -20.27, -17.90, -16.37, -16.37
2026-10-01, 21:35:54, 88000000, 90500000, 19531.25, 16192, -14.90, -16.76, -17.84, -17.00, -14.88, -12.19, -13.17, -15.20, -18.27, -21.77, -26.04, -28.05, -28.68, -28.94, -29.10, -29.18, -29.17, -29.22, -29.18, -29.16, -29.06, -28.93, -28.56, -28.03, -27.39, -26.42, -26.05, -26.82, -27.50, -27.85, -27.98, -27.90, -27.73, -27.61, -27.37, -27.20, -26.98, -26.75, -26.56, -26.27, -26.02, -25.71, -25.42, -25.09, -24.66, -24.26, -23.78, -23.51, -23.18, -22.80, -22.35, -21.83, -21.26, -20.66, -19.99, -19.26, -18.44, -17.51, -16.46, -15.20, -13.61, -11.04, -5.75, -0.73, 5.22, 5.22, 7.80, 8.36, 6.16, 2.87, -0.92, -5.80, -10.94, -13.52, -15.10, -16.37, -17.44, -18.36, -19.19, -19.93, -20.59, -21.22, -21.79, -22.29, -22.76, -23.14, -23.51, -23.75, -24.20, -24.65, -25.06, -25.41, -25.73, -26.01, -26.29, -26.51, -26.76, -26.98, -27.19, -27.39, -27.58, -27.72, -27.90, -27.97, -27.85, -27.58, -27.11, -26.36, -26.18, -27.15, -28.07, -28.68, -29.01, -29.16, -29.24, -29.32, -29.39, -29.39, -29.42, -29.37, -29.30, -29.11, -28.71, -27.22, -23.58, -20.32, -18.22, -16.49, -16.49
2026-10-01, 21:35:55, 88000000, 90500000, 19531.25, 15616, -15.20, -16.63, -18.16, -17.33, -14.14, -12.44, -12.92, -15.24, -18.63, -22.32, -26.68, -28.24, -28.80, -29.09, -29.22, -29.32, -29.34, -29.34, -29.34, -29.29, -29.22, -29.10, -28.75, -28.31, -27.34, -26.31, -26.16, -26.87, -27.69, -27.98, -28.08, -28.03, -27.84, -27.71, -27.52, -27.31, -27.11, -26.90, -26.66, -26.43, -26.17, -25.86, -25.57, -25.24, -24.85, -24.36, -23.96, -23.61, -23.33, -22.95, -22.49, -21.98, -21.42, -20.83, -20.15, -19.42, -18.62, -17.71, -16.67, -15.44, -13.88, -11.66, -6.75, -1.58, 5.84, 5.84, 8.01, 8.26, 6.32, 2.55, -1.23, -6.94, -11.50, -13.77, -15.32, -16.56, -17.62, -18.55, -19.33, -20.09, -20.78, -21.37, -21.93, -22.44, -22.92, -23.29, -23.61, -23.91, -24.32, -24.80, -25.21, -25.54, -25.85, -26.16, -26.42, -26.67, -26.88, -27.15, -27.31, -27.51, -27.65, -27.85, -28.01, -28.14, -28.00, -27.72, -26.97, -26.35, -26.37, -27.16, -28.26, -28.82, -29.20, -29.32, -29.37, -29.42, -29.48, -29.51, -29.54, -29.43, -29.41, -29.22, -28.84, -27.44, -24.32, -21.08, -18.40, -15.79, -15.79
2026-10-01, 21:35:56, 88000000, 90500000, 19531.25, 15616, -15.25, -16.68, -18.05, -17.03, -14.40, -12.49, -13.06, -15.19, -18.29, -22.16, -26.40, -28.21, -28.74, -29.00, -29.17, -29.24, -29.27, -29.26, -29.26, -29.21, -29.15, -28.97, -28.72, -28.12, -27.30, -26.36, -26.28, -26.78, -27.58, -27.92, -28.03, -27.97, -27.81, -27.66, -27.44, -27.27, -27.05, -26.81, -26.60, -26.36, -26.09, -25.82, -25.51, -25.15, -24.80, -24.33, -23.89, -23.56, -23.24, -22.88, -22.43, -21.91, -21.37, -20.75, -20.08, -19.37, -18.54, -17.61, -16.57, -15.34, -13.77, -11.21, -6.07, -1.41, 5.65, 5.65, 7.98, 8.05, 6.33, 2.76, -0.99, -6.53, -11.37, -13.67, -15.23, -16.47, -17.52, -18.47, -19.28, -20.02, -20.69, -21.30, -21.87, -22.38, -22.85, -23.22, -23.57, -23.83, -24.28, -24.77, -25.14, -25.47, -25.82, -26.09, -26.34, -26.61, -26.84, -27.06, -27.26, -27.46, -27.65, -27.82, -27.98, -28.04, -27.96, -27.67, -27.04, -26.32, -26.36, -27.22, -28.14, -28.79, -29.12, -29.27, -29.35, -29.41, -29.44, -29.48, -29.51, -29.46, -29.37, -29.19, -28.78, -27.12, -24.16, -20.75, -18.18, -16.01, -16.01
2026-10-01, 21:35:57, 88000000, 90500000, 19531.25, 16448, -15.57, -16.45, -17.75, -17.11, -14.45, -12.79, -12.88, -15.10, -18.22, -21.56, -26.44, -28.13, -28.75, -29.02, -29.19, -29.28, -29.32, -29.34, -29.30, -29.26, -29.18, -29.03, -28.62, -28.12, -27.40, -26.48, -26.34, -26.83, -27.64, -27.95, -28.11, -28.04, -27.87, -27.70, -27.51, -27.33, -27.11, -26.92, -26.67, -26.42, -26.14, -25.88, -25.57, -25.22, -24.83, -24.39, -23.95, -23.60, -23.32, -22.93, -22.49, -21.97, -21.42, -20.80, -20.16, -19.39, -18.58, -17.67, -16.61, -15.37, -13.83, -11.51, -6.43, -0.61, 5.44, 5.44, 7.86, 7.94, 6.46, 2.96, -0.80, -6.06, -11.22, -13.63, -15.24, -16.49, -17.56, -18.50, -19.33, -20.06, -20.75, -21.37, -21.91, -22.43, -22.88, -23.29, -23.59, -23.95, -24.32, -24.78, -25.18, -25.54, -25.86, -26.16, -26.41, -26.67, -26.87, -27.14, -27.33, -27.51, -27.70, -27.86, -28.04, -28.09, -27.96, -27.68, -27.11, -26.40, -26.46, -27.13, -28.14, -28.77, -29.15, -29.29, -29.39, -29.43, -29.48, -29.49, -29.53, -29.46, -29.40, -29.21, -28.81, -27.67, -23.59, -20.24, -18.33, -16.05, -16.05
2026-10-01, 21:35:58, 88000000, 90500000, 19531.25, 17344, -14.94, -16.81, -18.06, -17.22, -14.49, -12.16, -13.15, -15.56, -18.10, -22.22, -26.87, -28.23, -28.73, -29.00, -29.18, -29.22, -29.26, -29.24, -29.22, -29.18, -29.10, -28.98, -28.62, -28.11, -27.38, -26.29, -26.08, -26.89, -27.56, -27.92, -28.00, -27.93, -27.77, -27.63, -27.42, -27.20, -27.02, -26.79, -26.56, -26.31, -26.03, -25.75, -25.45, -25.11, -24.72, -24.28, -23.80, -23.52, -23.23, -22.84, -22.38, -21.87, -21.31, -20.70, -20.04, -19.31, -18.50, -17.57, -16.54, -15.31, -13.80, -11.59, -7.00, -0.88, 5.38, 5.38, 8.14, 8.24, 6.00, 2.81, -0.91, -7.11, -11.50, -13.67, -15.21, -16.45, -17.50, -18.42, -19.25, -19.98, -20.65, -21.26, -21.82, -22.32, -22.78, -23.17, -23.49, -23.79, -24.23, -24.69, -25.08, -25.44, -25.74, -26.03, -26.32, -26.56, -26.79, -27.03, -27.22, -27.41, -27.57, -27.74, -27.89, -28.00, -27.87, -27.60, -27.06, -26.21, -26.35, -27.23, -28.06, -28.67, -29.07, -29.22, -29.27, -29.34, -29.38, -29.42, -29.41, -29.39, -29.32, -29.15, -28.81, -27.59, -24.16, -20.50, -18.46, -16.07, -16.07
2026-10-01, 21:35:59, 88000000, 90500000, 19531.25, 15552, -16.20, -16.62, -17.17, -16.39, -14.74, -13.51, -13.39, -14.61, -17.17, -20.87, -24.94, -27.69, -28.68, -29.06, -29.19, -29.29, -29.33, -29.35, -29.32, -29.30, -29.20, -28.96, -28.56, -27.99, -27.37, -26.78, -26.55, -26.85, -27.44, -27.92, -28.09, -28.01, -27.89, -27.71, -27.51, -27.34, -27.12, -26.93, -26.69, -26.44, -26.15, -25.88, -25.56, -25.20, -24.81, -24.39, -23.99, -23.65, -23.30, -22.90, -22.46, -21.96, -21.37, -20.75, -20.08, -19.33, -18.48, -17.54, -16.43, -15.11, -13.34, -10.13, -4.00, 0.40, 5.65, 5.65, 7.12, 7.32, 6.35, 3.91, 0.17, -4.61, -9.80, -13.26, -15.06, -16.40, -17.49, -18.46, -19.28, -20.02, -20.72, -21.34, -21.91, -22.43, -22.88, -23.27, -23.65, -23.98, -24.37, -24.73, -25.20, -25.54, -25.87, -26.16, -26.43, -26.68, -26.92, -27.16, -27.32, -27.53, -27.69, -27.89, -28.03, -28.06, -27.87, -27.54, -27.12, -26.73, -26.76, -27.17, -27.96, -28.73, -29.13, -29.30, -29.40, -29.45, -29.46, -29.52, -29.53, -29.47, -29.41, -29.15, -28.60, -26.14, -22.19, -19.53, -17.65, -16.47, -16.47
2026-10-01, 21:36:00, 88000000, 90500000, 19531.25, 15616, -16.43, -16.66, -16.79, -16.22, -15.02, -13.74, -13.51, -14.55, -16.71, -20.10, -24.89, -27.82, -28.69, -29.02, -29.20, -29.30, -29.35, -29.34, -29.33, -29.27, -29.22, -28.97, -28.48, -27.88, -27.39, -26.92, -26.61, -26.91, -27.38, -27.81, -28.03, -28.05, -27.87, -27.72, -27.54, -27.33, -27.11, -26.87, -26.67, -26.42, -26.14, -25.85, -25.55, -25.16, -24.80, -24.39, -23.99, -23.62, -23.24, -22.88, -22.43, -21.93, -21.36, -20.73, -20.07, -19.29, -18.46, -17.51, -16.39, -15.05, -13.33, -10.26, -3.86, 1.12, 5.47, 5.47, 6.81, 7.14, 6.28, 4.20, 0.93, -4.34, -9.66, -13.04, -14.91, -16.28, -17.39, -18.37, -19.22, -19.99, -20.66, -21.29, -21.87, -22.40, -22.84, -23.22, -23.61, -23.94, -24.31, -24.73, -25.13, -25.50, -25.83, -26.10, -26.38, -26.66, -26.86, -27.11, -27.32, -27.50, -27.67, -27.85, -28.01, -27.99, -27.75, -27.46, -27.15, -26.79, -26.79, -27.19, -27.87, -28.60, -29.09, -29.31, -29.35, -29.45, -29.45, -29.47, -29.50, -29.42, -29.33, -29.09, -28.57, -26.31, -21.81, -18.92, -17.61, -16.79, -16.79
2026-10-01, 21:36:01, 88000000, 90500000, 19531.25, 15552, -16.80, -16.71, -16.61, -16.11, -14.90, -14.18, -13.69, -14.35, -16.44, -19.86, -24.20, -27.59, -28.58, -28.95, -29.16, -29.22, -29.34, -29.33, -29.29, -29.27, -29.21, -28.92, -28.40, -27.82, -27.33, -26.97, -26.82, -26.85, -27.23, -27.79, -28.03, -28.05, -27.88, -27.77, -27.56, -27.33, -27.12, -26.91, -26.68, -26.45, -26.16, -25.85, -25.56, -25.18, -24.81, -24.44, -24.04, -23.64, -23.26, -22.91, -22.43, -21.94, -21.36, -20.75, -20.07, -19.29, -18.45, -17.50, -16.37, -14.99, -13.19, -9.78, -3.18, 1.33, 5.74, 5.74, 6.52, 6.85, 6.28, 4.49, 1.13, -3.54, -9.53, -12.98, -14.86, -16.26, -17.39, -18.36, -19.23, -19.97, -20.69, -21.30, -21.87, -22.39, -22.87, -23.24, -23.60, -24.01, -24.34, -24.71, -25.17, -25.51, -25.83, -26.14, -26.41, -26.70, -26.91, -27.15, -27.32, -27.52, -27.70, -27.88, -28.01, -28.00, -27.73, -27.46, -27.08, -26.88, -26.91, -27.19, -27.85, -28.63, -29.06, -29.30, -29.37, -29.45, -29.44, -29.49, -29.52, -29.41, -29.33, -29.08, -28.47, -25.67, -21.40, -18.84, -17.48, -16.74, -16.74
2026-10-01, 21:36:02, 88000000, 90500000, 19531.25, 15616, -16.40, -16.89, -16.94, -16.04, -14.80, -13.72, -13.65, -14.60, -16.61, -19.99, -24.90, -27.73, -28.62, -28.95, -29.16, -29.25, -29.32, -29.35, -29.29, -29.24, -29.18, -28.99, -28.46, -27.88, -27.31, -26.83, -26.68, -26.96, -27.35, -27.77, -28.04, -28.04, -27.89, -27.72, -27.53, -27.34, -27.13, -26.90, -26.67, -26.42, -26.16, -25.87, -25.58, -25.20, -24.79, -24.39, -24.01, -23.66, -23.29, -22.91, -22.47, -21.95, -21.39, -20.75, -20.09, -19.33, -18.49, -17.54, -16.43, -15.08, -13.28, -9.88, -4.55, 0.69, 5.80, 5.80, 6.90, 7.14, 6.15, 4.21, 1.03, -4.24, -9.98, -13.23, -15.01, -16.35, -17.47, -18.41, -19.27, -20.03, -20.72, -21.35, -21.92, -22.42, -22.88, -23.28, -23.65, -23.98, -24.39, -24.77, -25.17, -25.56, -25.87, -26.17, -26.43, -26.69, -26.91, -27.16, -27.34, -27.55, -27.73, -27.88, -28.07, -28.12, -27.86, -27.46, -27.11, -26.77, -26.82, -27.26, -27.88, -28.61, -29.14, -29.34, -29.43, -29.46, -29.51, -29.55, -29.53, -29.51, -29.40, -29.20, -28.57, -26.39, -22.27, -19.16, -17.38, -16.58, -16.58
2026-10-01, 21:36:03, 88000000, 90500000, 19531.25, 15616, -16.09, -16.91, -17.16, -16.32, -14.59, -13.35, -13.46, -14.84, -17.03, -20.39, -25.90, -28.02, -28.72, -29.06, -29.22, -29.28, -29.38, -29.38, -29.32, -29.28, -29.24, -29.07, -28.55, -28.00, -27.33, -26.71, -26.63, -26.98, -27.45, -27.81, -28.13, -28.04, -27.89, -27.77, -27.58, -27.37, -27.16, -26.95, -26.71, -26.45, -26.20, -25.92, -25.60, -25.24, -24.84, -24.41, -24.03, -23.71, -23.34, -22.97, -22.52, -22.01, -21.44, -20.83, -20.16, -19.39, -18.59, -17.64, -16.58, -15.29, -13.69, -11.35, -6.22, 0.47, 5.80, 5.80, 7.32, 7.41, 6.09, 3.82, 0.77, -5.28, -10.77, -13.46, -15.14, -16.42, -17.52, -18.48, -19.31, -20.06, -20.74, -21.38, -21.94, -22.45, -22.90, -23.31, -23.67, -23.99, -24.38, -24.79, -25.20, -25.56, -25.88, -26.18, -26.44, -26.73, -26.93, -27.20, -27.36, -27.57, -27.75, -27.92, -28.08, -28.15, -27.87, -27.56, -27.11, -26.60, -26.67, -27.26, -28.04, -28.69, -29.16, -29.35, -29.42, -29.47, -29.53, -29.53, -29.56, -29.48, -29.43, -29.19, -28.81, -27.47, -22.97, -19.44, -17.60, -16.34, -16.34
2026-10-01, 21:36:04, 88000000, 90500000, 19531.25, 15552, -16.22, -16.84, -17.24, -16.23, -14.79, -13.49, -13.38, -14.76, -17.12, -21.46, -25.08, -27.95, -28.73, -29.08, -29.26, -29.36, -29.39, -29.40, -29.40, -29.37, -29.29, -29.12, -28.71, -28.01, -27.36, -26.86, -26.58, -26.90, -27.48, -28.03, -28.16, -28.15, -27.99, -27.83, -27.62, -27.41, -27.20, -27.00, -26.77, -26.53, -26.27, -25.98, -25.67, -25.30, -24.90, -24.52, -24.08, -23.75, -23.42, -23.03, -22.60, -22.07, -21.52, -20.90, -20.24, -19.49, -18.66, -17.74, -16.66, -15.38, -13.78, -10.85, -5.59, -0.24, 5.75, 5.75, 7.05, 7.42, 6.26, 3.84, -0.04, -5.16, -9.97, -13.34, -15.14, -16.48, -17.58, -18.53, -19.38, -20.15, -20.81, -21.42, -22.00, -22.52, -22.97, -23.38, -23.70, -24.06, -24.44, -24.83, -25.28, -25.63, -25.95, -26.26, -26.50, -26.80, -26.96, -27.24, -27.43, -27.63, -27.76, -27.95, -28.12, -28.18, -28.01, -27.56, -27.17, -26.78, -26.80, -27.30, -28.07, -28.80, -29.20, -29.41, -29.49, -29.54, -29.57, -29.65, -29.64, -29.58, -29.50, -29.30, -28.82, -26.90, -23.40, -19.60, -17.50, -16.49, -16.49
2026-10-01, 21:36:05, 88000000, 90500000, 19531.25, 15552, -15.86, -16.30, -16.79, -15.89, -14.43, -13.22, -12.94, -14.37, -16.86, -20.25, -24.94, -27.58, -28.36, -28.71, -28.86, -28.95, -29.01, -29.00, -28.97, -28.96, -28.83, -28.67, -28.23, -27.59, -26.95, -26.52, -26.20, -26.53, -27.14, -27.57, -27.76, -27.73, -27.54, -27.40, -27.19, -27.02, -26.81, -26.58, -26.34, -26.08, -25.85, -25.54, -25.23, -24.87, -24.45, -24.04, -23.68, -23.31, -22.98, -22.58, -22.12, -21.62, -21.05, -20.45, -19.77, -19.00, -18.18, -17.23, -16.12, -14.80, -12.99, -9.32, -3.90, 0.68, 6.17, 6.17, 7.27, 7.83, 6.66, 4.11, 0.76, -4.49, -9.92, -13.00, -14.74, -16.07, -17.17, -18.11, -18.96, -19.72, -20.39, -21.02, -21.59, -22.11, -22.56, -22.96, -23.33, -23.66, -23.99, -24.46, -24.87, -25.21, -25.55, -25.82, -26.11, -26.39, -26.57, -26.81, -27.01, -27.21, -27.40, -27.58, -27.71, -27.74, -27.55, -27.19, -26.71, -26.42, -26.31, -26.90, -27.65, -28.33, -28.82, -29.02, -29.09, -29.12, -29.19, -29.20, -29.20, -29.15, -29.07, -28.81, -28.12, -25.59, -22.30, -19.13, -17.12, -16.19, -16.19
2026-10-01, 21:36:06, 88000000, 90500000, 19531.25, 15552, -16.46, -16.53, -16.59, -16.09, -14.96, -13.77, -13.20, -14.14, -16.69, -21.06, -25.80, -27.95, -28.65, -28.96, -29.12, -29.24, -29.29, -29.26, -29.29, -29.21, -29.14, -28.93, -28.47, -27.84, -27.25, -26.80, -26.52, -26.68, -27.22, -27.81, -28.01, -27.96, -27.80, -27.65, -27.46, -27.25, -27.06, -26.85, -26.62, -26.35, -26.08, -25.81, -25.51, -25.11, -24.71, -24.34, -23.96, -23.57, -23.21, -22.84, -22.38, -21.88, -21.31, -20.69, -20.02, -19.25, -18.44, -17.50, -16.38, -15.05, -13.29, -10.21, -4.62, 0.79, 5.69, 5.69, 6.77, 7.30, 6.73, 4.47, 0.26, -5.35, -10.71, -13.36, -15.01, -16.30, -17.39, -18.34, -19.19, -19.93, -20.62, -21.27, -21.81, -22.33, -22.78, -23.14, -23.55, -23.92, -24.26, -24.66, -25.09, -25.45, -25.80, -26.08, -26.34, -26.61, -26.83, -27.07, -27.26, -27.46, -27.61, -27.79, -27.93, -27.97, -27.72, -27.31, -27.07, -26.82, -26.72, -26.96, -27.75, -28.63, -29.04, -29.24, -29.29, -29.37, -29.35, -29.42, -29.43, -29.37, -29.29, -29.04, -28.46, -26.41, -22.43, -18.90, -17.46, -16.68, -16.68
2026-10-01, 21:36:07, 88000000, 90500000, 19531.25, 15808, -16.38, -16.55, -16.60, -16.07, -14.87, -13.78, -13.45, -14.20, -16.71, -20.55, -25.36, -27.78, -28.56, -28.88, -29.07, -29.19, -29.25, -29.27, -29.24, -29.19, -29.12, -28.87, -28.41, -27.79, -27.24, -26.87, -26.63, -26.73, -27.20, -27.72, -27.97, -27.95, -27.77, -27.63, -27.44, -27.24, -27.05, -26.83, -26.59, -26.34, -26.07, -25.78, -25.46, -25.11, -24.68, -24.33, -23.93, -23.57, -23.18, -22.81, -22.35, -21.85, -21.28, -20.67, -19.96, -19.21, -18.36, -17.41, -16.27, -14.93, -13.08, -9.84, -3.31, 1.20, 5.84, 5.84, 6.76, 7.18, 6.52, 4.41, 0.73, -5.07, -10.18, -13.24, -14.97, -16.31, -17.40, -18.36, -19.21, -19.97, -20.64, -21.27, -21.83, -22.32, -22.81, -23.19, -23.57, -23.92, -24.25, -24.69, -25.09, -25.47, -25.79, -26.05, -26.34, -26.62, -26.82, -27.09, -27.26, -27.44, -27.63, -27.79, -27.93, -27.92, -27.66, -27.41, -27.02, -26.77, -26.71, -27.07, -27.82, -28.57, -29.09, -29.24, -29.32, -29.38, -29.39, -29.43, -29.41, -29.37, -29.29, -29.03, -28.43, -25.67, -21.66, -18.95, -17.38, -16.64, -16.64
2026-10-01, 21:36:08, 88000000, 90500000, 19531.25, 15616, -16.04, -16.31, -16.94, -16.76, -15.17, -13.41, -12.88, -14.33, -18.37, -21.99, -26.11, -28.07, -28.80, -29.09, -29.24, -29.35, -29.40, -29.37, -29.38, -29.31, -29.25, -29.07, -28.60, -28.04, -27.52, -26.83, -26.43, -26.63, -27.58, -28.03, -28.14, -28.06, -27.91, -27.75, -27.56, -27.37, -27.14, -26.94, -26.70, -26.44, -26.18, -25.90, -25.58, -25.23, -24.81, -24.43, -24.01, -23.65, -23.31, -22.97, -22.48, -21.98, -21.44, -20.80, -20.12, -19.37, -18.54, -17.59, -16.50, -15.18, -13.46, -10.51, -5.03, 0.43, 5.22, 5.22, 6.91, 7.73, 6.99, 3.23, -1.05, -6.20, -10.74, -13.53, -15.23, -16.49, -17.59, -18.52, -19.35, -20.10, -20.77, -21.39, -21.94, -22.47, -22.91, -23.31, -23.69, -23.98, -24.34, -24.77, -25.21, -25.57, -25.89, -26.17, -26.44, -26.70, -26.91, -27.16, -27.34, -27.54, -27.72, -27.87, -28.01, -28.09, -27.83, -27.59, -27.19, -26.79, -26.54, -26.96, -28.15, -28.82, -29.20, -29.32, -29.38, -29.47, -29.46, -29.52, -29.51, -29.48, -29.39, -29.17, -28.66, -26.45, -22.82, -19.35, -17.94, -16.85, -16.85
2026-10-01, 21:36:09, 88000000, 90500000, 19531.25, 15552, -15.64, -16.77, -18.01, -16.88, -14.61, -12.89, -13.20, -15.39, -17.97, -21.61, -26.61, -28.26, -28.90, -29.19, -29.32, -29.44, -29.47, -29.47, -29.42, -29.39, -29.32, -29.15, -28.80, -28.21, -27.49, -26.62, -26.44, -27.08, -27.67, -28.06, -28.21, -28.15, -28.00, -27.83, -27.67, -27.45, -27.26, -27.03, -26.79, -26.55, -26.30, -26.00, -25.71, -25.35, -24.95, -24.52, -24.08, -23.74, -23.46, -23.06, -22.62, -22.11, -21.55, -20.95, -20.27, -19.55, -18.71, -17.80, -16.76, -15.49, -13.94, -11.56, -6.50, -0.88, 5.45, 5.45, 7.72, 7.83, 5.98, 2.88, -0.42, -6.35, -11.42, -13.79, -15.37, -16.65, -17.72, -18.66, -19.47, -20.22, -20.89, -21.51, -22.05, -22.57, -23.05, -23.41, -23.78, -24.08, -24.47, -24.92, -25.33, -25.66, -25.99, -26.29, -26.56, -26.80, -27.03, -27.27, -27.46, -27.65, -27.84, -28.00, -28.17, -28.23, -28.08, -27.80, -27.23, -26.47, -26.55, -27.40, -28.34, -28.84, -29.32, -29.45, -29.52, -29.59, -29.60, -29.67, -29.67, -29.63, -29.55, -29.34, -28.97, -27.88, -23.72, -20.53, -18.09, -16.24, -16.24
2026-10-01, 21:36:10, 88000000, 90500000, 19531.25, 15616, -16.14, -16.86, -17.45, -16.43, -14.50, -13.38, -13.52, -14.94, -17.30, -20.60, -26.05, -28.14, -28.78, -29.09, -29.24, -29.32, -29.41, -29.40, -29.37, -29.32, -29.24, -29.04, -28.64, -28.04, -27.31, -26.68, -26.65, -26.93, -27.51, -27.85, -28.10, -28.04, -27.89, -27.74, -27.55, -27.37, -27.16, -26.94, -26.67, -26.46, -26.18, -25.87, -25.59, -25.21, -24.83, -24.40, -24.02, -23.67, -23.34, -22.95, -22.49, -22.00, -21.42, -20.80, -20.13, -19.38, -18.55, -17.60, -16.52, -15.23, -13.51, -10.67, -5.06, -0.03, 5.83, 5.83, 7.37, 7.30, 6.12, 3.61, 0.38, -5.29, -10.98, -13.54, -15.17, -16.46, -17.56, -18.50, -19.33, -20.09, -20.76, -21.39, -21.95, -22.45, -22.93, -23.29, -23.65, -24.00, -24.39, -24.80, -25.20, -25.56, -25.90, -26.17, -26.45, -26.69, -26.91, -27.14, -27.36, -27.55, -27.71, -27.89, -28.05, -28.10, -27.88, -27.62, -27.03, -26.59, -26.72, -27.24, -28.09, -28.74, -29.18, -29.33, -29.42, -29.48, -29.50, -29.55, -29.52, -29.50, -29.41, -29.19, -28.72, -26.77, -22.85, -19.83, -17.66, -16.21, -16.21
2026-10-01, 21:36:11, 88000000, 90500000, 19531.25, 16640, -16.15, -16.92, -17.20, -16.36, -14.63, -13.44, -13.68, -14.88, -16.91, -20.57, -25.94, -28.08, -28.76, -29.04, -29.17, -29.30, -29.32, -29.35, -29.30, -29.29, -29.19, -29.00, -28.55, -27.97, -27.30, -26.71, -26.53, -26.95, -27.41, -27.83, -28.05, -28.02, -27.86, -27.71, -27.51, -27.30, -27.10, -26.88, -26.65, -26.37, -26.13, -25.84, -25.51, -25.15, -24.76, -24.34, -23.95, -23.64, -23.26, -22.87, -22.42, -21.91, -21.35, -20.72, -20.03, -19.29, -18.46, -17.51, -16.40, -15.08, -13.43, -10.64, -4.57, 0.61, 5.72, 5.72, 7.25, 7.25, 5.96, 3.96, 0.61, -5.26, -10.87, -13.43, -15.07, -16.38, -17.48, -18.43, -19.27, -20.03, -20.71, -21.33, -21.88, -22.40, -22.86, -23.25, -23.62, -23.95, -24.35, -24.75, -25.16, -25.52, -25.82, -26.12, -26.40, -26.63, -26.87, -27.09, -27.32, -27.51, -27.68, -27.83, -27.99, -27.98, -27.82, -27.48, -27.06, -26.64, -26.76, -27.25, -27.92, -28.63, -29.09, -29.28, -29.38, -29.42, -29.46, -29.50, -29.48, -29.42, -29.33, -29.14, -28.69, -26.98, -22.19, -19.54, -17.66, -16.32, -16.32
2026-10-01, 21:36:12, 88000000, 90500000, 19531.25, 16128, -15.75, -17.08, -17.77, -16.46, -14.24, -12.98, -13.37, -14.95, -17.58, -22.13, -26.87, -28.28, -28.83, -29.13, -29.24, -29.35, -29.38, -29.39, -29.40, -29.35, -29.26, -29.12, -28.80, -28.13, -27.21, -26.55, -26.52, -26.93, -27.50, -27.96, -28.14, -28.10, -27.90, -27.75, -27.58, -27.36, -27.16, -26.96, -26.68, -26.47, -26.20, -25.90, -25.62, -25.26, -24.86, -24.43, -24.02, -23.68, -23.37, -22.97, -22.54, -22.03, -21.47, -20.86, -20.17, -19.46, -18.64, -17.73, -16.71, -15.47, -13.98, -11.98, -8.23, -1.80, 6.10, 6.10, 7.69, 7.71, 6.09, 3.44, -0.49, -7.10, -11.52, -13.74, -15.30, -16.55, -17.61, -18.55, -19.37, -20.11, -20.79, -21.40, -21.97, -22.48, -22.94, -23.31, -23.64, -23.97, -24.39, -24.80, -25.22, -25.58, -25.89, -26.17, -26.44, -26.70, -26.94, -27.17, -27.36, -27.55, -27.69, -27.87, -28.05, -28.16, -28.06, -27.62, -26.96, -26.47, -26.55, -27.27, -28.13, -28.81, -29.20, -29.35, -29.39, -29.45, -29.51, -29.53, -29.55, -29.53, -29.43, -29.24, -28.93, -28.15, -25.12, -20.45, -17.61, -15.91, -15.91
2026-10-01, 21:36:13, 88000000, 90500000, 19531.25, 15616, -15.90, -16.81, -17.33, -16.62, -14.64, -13.15, -13.43, -14.79, -17.50, -21.22, -25.83, -28.05, -28.75, -29.07, -29.23, -29.33, -29.37, -29.38, -29.36, -29.34, -29.22, -29.07, -28.66, -28.07, -27.38, -26.65, -26.49, -26.93, -27.47, -27.98, -28.10, -28.07, -27.89, -27.79, -27.56, -27.38, -27.16, -26.96, -26.73, -26.47, -26.21, -25.93, -25.60, -25.26, -24.83, -24.42, -24.01, -23.68, -23.36, -22.96, -22.51, -22.00, -21.42, -20.82, -20.14, -19.41, -18.57, -17.63, -16.54, -15.25, -13.57, -10.61, -4.97, 0.02, 5.60, 5.60, 7.44, 7.57, 6.17, 3.67, -0.15, -5.49, -10.87, -13.55, -15.21, -16.49, -17.60, -18.53, -19.36, -20.11, -20.79, -21.40, -21.97, -22.49, -22.93, -23.32, -23.68, -24.03, -24.40, -24.83, -25.23, -25.60, -25.90, -26.22, -26.46, -26.72, -26.94, -27.19, -27.36, -27.56, -27.73, -27.93, -28.06, -28.13, -27.91, -27.62, -27.14, -26.63, -26.70, -27.31, -28.03, -28.76, -29.17, -29.34, -29.44, -29.48, -29.54, -29.56, -29.58, -29.49, -29.42, -29.20, -28.65, -26.73, -22.90, -19.75, -17.89, -16.30, -16.30
2026-10-01, 21:36:14, 88000000, 90500000, 19531.25, 15616, -15.64, -16.82, -17.88, -16.89, -14.28, -12.86, -13.20, -15.00, -18.07, -21.86, -26.37, -28.19, -28.80, -29.07, -29.23, -29.34, -29.34, -29.38, -29.34, -29.29, -29.24, -29.11, -28.70, -28.21, -27.34, -26.45, -26.38, -26.92, -27.64, -27.99, -28.14, -28.11, -27.93, -27.77, -27.57, -27.39, -27.16, -26.97, -26.71, -26.45, -26.21, -25.90, -25.60, -25.26, -24.86, -24.43, -23.99, -23.68, -23.35, -22.98, -22.52, -22.02, -21.46, -20.87, -20.19, -19.46, -18.63, -17.72, -16.64, -15.44, -13.87, -11.21, -7.18, -1.01, 5.86, 5.86, 7.79, 7.82, 6.21, 3.14, -0.67, -6.47, -11.35, -13.71, -15.30, -16.56, -17.62, -18.54, -19.39, -20.12, -20.78, -21.41, -21.97, -22.46, -22.95, -23.33, -23.67, -23.99, -24.36, -24.83, -25.22, -25.60, -25.89, -26.20, -26.46, -26.72, -26.95, -27.19, -27.36, -27.57, -27.75, -27.92, -28.05, -28.15, -28.03, -27.73, -27.03, -26.48, -26.54, -27.23, -28.17, -28.80, -29.19, -29.33, -29.42, -29.48, -29.46, -29.57, -29.55, -29.52, -29.41, -29.26, -28.84, -27.62, -24.10, -20.69, -18.02, -15.93, -15.93
2026-10-01, 21:36:15, 88000000, 90500000, 19531.25, 15616, -16.35, -16.92, -17.03, -16.11, -14.70, -13.66, -13.55, -14.65, -16.92, -20.68, -26.18, -28.12, -28.73, -29.04, -29.19, -29.32, -29.37, -29.36, -29.32, -29.32, -29.24, -29.06, -28.59, -27.96, -27.28, -26.81, -26.67, -26.87, -27.41, -27.83, -28.11, -28.05, -27.88, -27.72, -27.56, -27.34, -27.13, -26.92, -26.69, -26.43, -26.17, -25.88, -25.56, -25.20, -24.78, -24.41, -24.01, -23.64, -23.30, -22.89, -22.47, -21.97, -21.38, -20.77, -20.09, -19.34, -18.50, -17.55, -16.47, -15.17, -13.50, -10.63, -5.54, 0.39, 5.80, 5.80, 6.98, 7.23, 6.22, 3.99, 0.75, -5.93, -11.03, -13.50, -15.15, -16.44, -17.54, -18.47, -19.32, -20.07, -20.74, -21.36, -21.94, -22.46, -22.91, -23.26, -23.66, -24.02, -24.35, -24.78, -25.16, -25.55, -25.89, -26.15, -26.43, -26.69, -26.91, -27.14, -27.37, -27.52, -27.74, -27.88, -28.03, -28.09, -27.86, -27.50, -27.03, -26.81, -26.75, -27.23, -27.97, -28.63, -29.16, -29.31, -29.39, -29.45, -29.46, -29.52, -29.53, -29.49, -29.41, -29.20, -28.72, -26.99, -22.90, -19.32, -17.43, -16.45, -16.45
2026-10-01, 21:36:16, 88000000, 90500000, 19531.25, 15552, -15.18, -16.66, -18.00, -17.26, -14.58, -12.39, -13.00, -15.42, -18.29, -22.09, -26.69, -28.26, -28.81, -29.09, -29.24, -29.32, -29.36, -29.37, -29.37, -29.32, -29.23, -29.09, -28.73, -28.25, -27.46, -26.41, -26.17, -26.93, -27.69, -28.05, -28.11, -28.07, -27.92, -27.75, -27.54, -27.36, -27.16, -26.94, -26.70, -26.47, -26.19, -25.89, -25.61, -25.29, -24.87, -24.40, -23.98, -23.67, -23.38, -22.99, -22.54, -22.03, -21.49, -20.87, -20.20, -19.47, -18.67, -17.72, -16.71, -15.48, -13.95, -11.78, -7.20, -1.00, 5.27, 5.27, 7.98, 8.22, 6.16, 2.72, -1.09, -6.44, -11.47, -13.74, -15.30, -16.55, -17.62, -18.55, -19.37, -20.10, -20.81, -21.40, -21.96, -22.48, -22.93, -23.32, -23.65, -23.97, -24.35, -24.85, -25.24, -25.57, -25.88, -26.17, -26.44, -26.71, -26.92, -27.16, -27.33, -27.57, -27.73, -27.90, -28.05, -28.13, -28.01, -27.71, -27.25, -26.34, -26.43, -27.26, -28.25, -28.85, -29.22, -29.34, -29.41, -29.47, -29.52, -29.59, -29.58, -29.52, -29.45, -29.25, -28.97, -27.93, -24.16, -20.45, -18.50, -16.17, -16.17
2026-10-01, 21:36:17, 88000000, 90500000, 19531.25, 16576, -16.21, -17.05, -17.32, -16.35, -14.63, -13.47, -13.60, -14.87, -17.07, -21.06, -25.97, -28.09, -28.76, -29.08, -29.25, -29.33, -29.38, -29.42, -29.38, -29.35, -29.28, -29.10, -28.69, -28.00, -27.33, -26.76, -26.67, -26.98, -27.50, -27.90, -28.18, -28.12, -27.95, -27.79, -27.61, -27.40, -27.19, -26.97, -26.75, -26.51, -26.23, -25.96, -25.65, -25.29, -24.85, -24.45, -24.06, -23.74, -23.39, -22.99, -22.55, -22.05, -21.47, -20.87, -20.20, -19.44, -18.62, -17.70, -16.61, -15.34, -13.74, -11.13, -5.83, -0.20, 5.80, 5.80, 7.20, 7.26, 6.07, 3.80, 0.31, -5.61, -10.83, -13.49, -15.18, -16.49, -17.57, -18.52, -19.37, -20.12, -20.80, -21.44, -21.98, -22.52, -22.94, -23.35, -23.70, -24.02, -24.42, -24.85, -25.26, -25.64, -25.95, -26.20, -26.49, -26.75, -26.96, -27.23, -27.42, -27.61, -27.79, -27.92, -28.08, -28.14, -27.97, -27.63, -27.09, -26.73, -26.74, -27.30, -28.08, -28.75, -29.24, -29.40, -29.47, -29.52, -29.51, -29.58, -29.61, -29.51, -29.47, -29.27, -28.85, -27.20, -23.41, -19.68, -17.63, -16.35, -16.35
2026-10-01, 21:36:18, 88000000, 90500000, 19531.25, 16896, -17.13, -17.40, -16.92, -15.62, -14.80, -14.52, -14.49, -15.02, -15.85, -18.62, -23.88, -27.61, -28.67, -29.06, -29.26, -29.39, -29.44, -29.42, -29.42, -29.38, -29.30, -29.03, -28.59, -27.85, -27.32, -27.02, -27.03, -27.20, -27.40, -27.72, -28.02, -28.13, -27.97, -27.85, -27.62, -27.44, -27.21, -27.01, -26.78, -26.54, -26.26, -25.98, -25.62, -25.27, -24.88, -24.52, -24.12, -23.76, -23.38, -22.97, -22.51, -22.02, -21.46, -20.82, -20.14, -19.37, -18.51, -17.54, -16.40, -15.01, -13.14, -9.54, -3.03, 1.09, 5.97, 5.97, 6.43, 6.17, 5.44, 4.37, 2.25, -2.53, -9.17, -12.82, -14.79, -16.22, -17.39, -18.39, -19.27, -20.04, -20.74, -21.36, -21.94, -22.47, -22.93, -23.30, -23.71, -24.09, -24.45, -24.85, -25.22, -25.57, -25.93, -26.21, -26.51, -26.75, -26.98, -27.24, -27.41, -27.62, -27.80, -27.95, -28.11, -28.07, -27.81, -27.42, -27.07, -27.03, -27.19, -27.55, -27.91, -28.45, -29.09, -29.40, -29.44, -29.51, -29.51, -29.57, -29.59, -29.50, -29.41, -29.12, -28.43, -25.45, -21.76, -18.76, -17.05, -16.67, -16.67
2026-10-01, 21:36:19, 88000000, 90500000, 19531.25, 15616, -16.90, -17.41, -16.91, -15.86, -14.73, -14.18, -14.34, -15.02, -16.25, -18.71, -23.37, -27.51, -28.62, -29.02, -29.20, -29.35, -29.39, -29.41, -29.39, -29.39, -29.28, -29.04, -28.56, -27.87, -27.38, -26.95, -27.00, -27.17, -27.43, -27.79, -28.01, -28.12, -27.95, -27.85, -27.63, -27.44, -27.22, -27.02, -26.79, -26.52, -26.24, -25.96, -25.67, -25.28, -24.88, -24.47, -24.13, -23.77, -23.37, -22.97, -22.55, -22.03, -21.47, -20.85, -20.15, -19.41, -18.55, -17.60, -16.49, -15.14, -13.40, -10.35, -4.12, 1.03, 5.77, 5.77, 6.75, 6.41, 5.54, 4.17, 1.80, -2.06, -9.10, -12.95, -14.84, -16.27, -17.44, -18.43, -19.29, -20.06, -20.73, -21.39, -21.97, -22.48, -22.93, -23.32, -23.70, -24.09, -24.45, -24.85, -25.24, -25.60, -25.94, -26.24, -26.52, -26.79, -27.00, -27.24, -27.45, -27.63, -27.81, -27.96, -28.14, -28.12, -27.82, -27.48, -27.09, -26.89, -27.13, -27.54, -28.04, -28.54, -29.02, -29.40, -29.50, -29.54, -29.57, -29.61, -29.63, -29.56, -29.48, -29.25, -28.70, -26.29, -22.14, -18.78, -17.30, -16.58, -16.58
2026-10-01, 21:36:20, 88000000, 90500000, 19531.25, 15552, -17.14, -17.71, -16.93, -15.41, -14.54, -14.39, -14.60, -15.26, -16.29, -18.44, -22.97, -27.35, -28.54, -28.99, -29.20, -29.32, -29.37, -29.36, -29.38, -29.33, -29.28, -29.07, -28.55, -27.74, -27.14, -26.97, -27.11, -27.22, -27.46, -27.71, -27.97, -28.09, -27.93, -27.76, -27.60, -27.41, -27.17, -26.98, -26.75, -26.49, -26.22, -25.93, -25.63, -25.24, -24.82, -24.46, -24.12, -23.74, -23.38, -22.95, -22.48, -22.00, -21.43, -20.79, -20.11, -19.35, -18.50, -17.56, -16.44, -15.11, -13.44, -10.75, -5.20, 0.87, 6.29, 6.29, 6.56, 6.18, 5.27, 4.01, 2.04, -1.67, -8.65, -12.75, -14.80, -16.24, -17.42, -18.40, -19.27, -20.05, -20.75, -21.36, -21.96, -22.46, -22.92, -23.31, -23.70, -24.08, -24.47, -24.86, -25.20, -25.58, -25.92, -26.21, -26.51, -26.76, -26.97, -27.19, -27.41, -27.61, -27.78, -27.94, -28.11, -28.17, -27.87, -27.34, -26.96, -26.97, -27.19, -27.52, -28.04, -28.51, -29.01, -29.37, -29.47, -29.50, -29.50, -29.58, -29.59, -29.54, -29.42, -29.23, -28.76, -26.98, -22.66, -18.59, -16.71, -16.46, -16.46
2026-10-01, 21:36:21, 88000000, 90500000, 19531.25, 15552, -17.08, -17.23, -16.68, -15.80, -14.89, -14.37, -14.30, -14.74, -16.50, -19.08, -23.19, -27.33, -28.58, -28.99, -29.21, -29.32, -29.40, -29.37, -29.37, -29.32, -29.25, -29.04, -28.45, -27.83, -27.29, -27.07, -26.99, -27.12, -27.39, -27.78, -28.04, -28.06, -27.91, -27.81, -27.57, -27.41, -27.17, -26.95, -26.73, -26.48, -26.22, -25.91, -25.61, -25.23, -24.83, -24.46, -24.09, -23.73, -23.33, -22.94, -22.46, -21.97, -21.40, -20.78, -20.09, -19.34, -18.47, -17.49, -16.36, -14.99, -13.12, -9.94, -3.91, 1.46, 5.88, 5.88, 6.43, 6.33, 5.74, 4.25, 1.49, -2.47, -8.42, -12.83, -14.87, -16.29, -17.45, -18.43, -19.29, -20.05, -20.77, -21.39, -21.98, -22.48, -22.92, -23.30, -23.73, -24.10, -24.44, -24.86, -25.23, -25.60, -25.94, -26.25, -26.52, -26.77, -27.00, -27.22, -27.41, -27.62, -27.82, -27.94, -28.12, -28.11, -27.82, -27.39, -27.10, -27.04, -27.11, -27.45, -27.97, -28.55, -29.09, -29.38, -29.46, -29.50, -29.55, -29.60, -29.61, -29.56, -29.46, -29.19, -28.63, -26.34, -21.62, -18.58, -17.11, -16.75, -16.75
2026-10-01, 21:36:22, 88000000, 90500000, 19531.25, 15552, -17.07, -17.19, -16.75, -15.87, -15.02, -14.39, -14.23, -14.90, -16.44, -19.01, -23.09, -27.30, -28.62, -29.05, -29.29, -29.39, -29.48, -29.47, -29.46, -29.40, -29.31, -29.11, -28.53, -27.89, -27.41, -27.12, -27.03, -27.16, -27.46, -27.83, -28.05, -28.15, -27.98, -27.87, -27.68, -27.49, -27.29, -27.05, -26.83, -26.55, -26.30, -25.99, -25.66, -25.30, -24.91, -24.55, -24.18, -23.81, -23.40, -23.00, -22.56, -22.04, -21.47, -20.85, -20.17, -19.39, -18.54, -17.56, -16.44, -15.08, -13.21, -10.00, -3.70, 1.53, 5.70, 5.70, 6.31, 6.40, 5.71, 4.19, 1.58, -2.36, -8.25, -12.75, -14.87, -16.31, -17.48, -18.47, -19.35, -20.11, -20.82, -21.45, -22.03, -22.54, -22.98, -23.38, -23.77, -24.14, -24.52, -24.91, -25.28, -25.65, -25.99, -26.29, -26.57, -26.82, -27.04, -27.31, -27.49, -27.67, -27.84, -28.03, -28.16, -28.14, -27.82, -27.42, -27.16, -27.12, -27.15, -27.48, -28.03, -28.66, -29.15, -29.44, -29.55, -29.60, -29.58, -29.65, -29.65, -29.57, -29.49, -29.20, -28.63, -26.23, -21.45, -18.62, -17.24, -16.91, -16.91
2026-10-01, 21:36:23, 88000000, 90500000, 19531.25, 16576, -17.30, -17.38, -16.73, -15.87, -14.96, -14.60, -14.39, -14.87, -16.60, -19.19, -23.27, -27.36, -28.68, -29.10, -29.34, -29.42, -29.51, -29.50, -29.50, -29.44, -29.38, -29.16, -28.60, -27.87, -27.37, -27.19, -27.12, -27.27, -27.48, -27.90, -28.10, -28.16, -28.07, -27.89, -27.69, -27.49, -27.29, -27.09, -26.84, -26.61, -26.32, -26.03, -25.72, -25.34, -24.93, -24.61, -24.22, -23.82, -23.47, -23.05, -22.60, -22.11, -21.53, -20.90, -20.22, -19.45, -18.61, -17.63, -16.52, -15.18, -13.42, -10.60, -4.55, 1.41, 5.79, 5.79, 6.24, 6.19, 5.64, 4.17, 1.26, -2.28, -8.56, -12.83, -14.92, -16.35, -17.52, -18.52, -19.38, -20.15, -20.85, -21.49, -22.08, -22.56, -23.03, -23.40, -23.80, -24.22, -24.57, -24.94, -25.34, -25.67, -26.04, -26.33, -26.58, -26.86, -27.08, -27.34, -27.51, -27.69, -27.88, -28.07, -28.22, -28.19, -27.85, -27.50, -27.21, -27.16, -27.19, -27.47, -28.02, -28.74, -29.16, -29.48, -29.57, -29.60, -29.64, -29.67, -29.69, -29.61, -29.50, -29.27, -28.76, -26.81, -21.86, -18.56, -17.18, -16.86, -16.86
2026-10-01, 21:36:24, 88000000, 90500000, 19531.25, 18176, -16.89, -16.98, -16.93, -16.09, -14.99, -14.24, -13.95, -14.68, -16.52, -19.97, -24.75, -27.81, -28.73, -29.11, -29.30, -29.37, -29.43, -29.49, -29.44, -29.41, -29.34, -29.06, -28.58, -27.97, -27.42, -27.06, -26.97, -27.15, -27.42, -27.86, -28.16, -28.19, -28.04, -27.86, -27.69, -27.46, -27.27, -27.05, -26.80, -26.58, -26.28, -26.03, -25.69, -25.33, -24.91, -24.57, -24.15, -23.79, -23.42, -23.04, -22.59, -22.08, -21.53, -20.89, -20.21, -19.44, -18.61, -17.65, -16.51, -15.16, -13.38, -9.99, -3.51, 1.03, 5.64, 5.64, 6.52, 6.66, 5.94, 4.28, 1.09, -3.81, -10.07, -13.28, -15.08, -16.44, -17.57, -18.53, -19.37, -20.14, -20.83, -21.48, -22.03, -22.53, -23.01, -23.39, -23.78, -24.14, -24.48, -24.91, -25.30, -25.68, -26.02, -26.32, -26.57, -26.86, -27.04, -27.32, -27.50, -27.69, -27.87, -28.05, -28.14, -28.13, -27.92, -27.54, -27.19, -26.98, -27.01, -27.36, -28.02, -28.72, -29.21, -29.45, -29.50, -29.57, -29.61, -29.67, -29.66, -29.56, -29.48, -29.25, -28.63, -26.02, -21.63, -19.14, -17.48, -16.79, -16.79
2026-10-01, 21:36:25, 88000000, 90500000, 19531.25, 18176, -16.70, -16.95, -16.72, -16.06, -15.00, -14.08, -13.90, -14.43, -16.44, -20.00, -24.81, -27.75, -28.64, -29.03, -29.18, -29.31, -29.36, -29.37, -29.37, -29.33, -29.26, -29.02, -28.45, -27.86, -27.38, -27.02, -26.83, -27.01, -27.35, -27.81, -28.08, -28.06, -27.93, -27.80, -27.59, -27.38, -27.19, -26.95, -26.72, -26.48, -26.22, -25.94, -25.59, -25.23, -24.84, -24.45, -24.08, -23.71, -23.32, -22.92, -22.49, -21.99, -21.42, -20.79, -20.11, -19.35, -18.48, -17.53, -16.41, -15.06, -13.13, -9.62, -3.75, 1.26, 5.61, 5.61, 6.61, 6.78, 6.07, 4.47, 1.19, -4.07, -10.07, -13.23, -15.02, -16.35, -17.48, -18.45, -19.30, -20.05, -20.76, -21.38, -21.96, -22.47, -22.91, -23.29, -23.69, -24.05, -24.43, -24.80, -25.21, -25.60, -25.92, -26.23, -26.48, -26.75, -26.94, -27.22, -27.41, -27.59, -27.76, -27.92, -28.06, -28.06, -27.80, -27.51, -27.12, -26.94, -26.92, -27.27, -27.91, -28.59, -29.16, -29.35, -29.45, -29.49, -29.52, -29.59, -29.59, -29.50, -29.41, -29.16, -28.50, -25.89, -21.66, -19.03, -17.48, -16.79, -16.79
2026-10-01, 21:36:26, 88000000, 90500000, 19531.25, 18112, -16.83, -16.71, -16.63, -16.25, -15.31, -14.23, -13.67, -14.25, -16.76, -20.52, -24.91, -27.82, -28.71, -29.05, -29.28, -29.37, -29.42, -29.44, -29.42, -29.41, -29.28, -29.08, -28.48, -27.97, -27.51, -27.11, -26.89, -26.93, -27.41, -27.98, -28.17, -28.14, -28.00, -27.83, -27.65, -27.46, -27.25, -27.03, -26.78, -26.57, -26.30, -25.99, -25.68, -25.29, -24.92, -24.55, -24.17, -23.79, -23.40, -23.00, -22.57, -22.05, -21.49, -20.86, -20.20, -19.43, -18.57, -17.60, -16.47, -15.09, -13.13, -9.31, -3.39, 1.34, 5.34, 5.34, 6.29, 6.84, 6.44, 4.37, 0.53, -4.38, -10.03, -13.31, -15.11, -16.46, -17.59, -18.54, -19.40, -20.15, -20.83, -21.46, -22.04, -22.55, -23.00, -23.40, -23.79, -24.15, -24.46, -24.87, -25.30, -25.66, -25.99, -26.27, -26.57, -26.83, -27.04, -27.26, -27.48, -27.65, -27.81, -28.01, -28.12, -28.14, -27.87, -27.57, -27.29, -27.12, -26.96, -27.18, -27.95, -28.78, -29.23, -29.44, -29.52, -29.56, -29.58, -29.65, -29.66, -29.55, -29.46, -29.21, -28.43, -25.63, -21.46, -18.91, -17.64, -17.11, -17.11
2026-10-01, 21:36:27, 88000000, 90500000, 19531.25, 18176, -16.90, -17.05, -16.80, -15.99, -15.16, -14.25, -13.99, -14.51, -16.34, -19.93, -25.35, -27.97, -28.72, -29.08, -29.26, -29.36, -29.40, -29.37, -29.37, -29.33, -29.26, -29.02, -28.52, -27.90, -27.45, -27.05, -26.91, -27.04, -27.40, -27.82, -28.10, -28.09, -27.97, -27.80, -27.60, -27.42, -27.22, -27.00, -26.78, -26.49, -26.25, -25.94, -25.63, -25.28, -24.86, -24.50, -24.11, -23.71, -23.37, -22.96, -22.53, -22.02, -21.46, -20.83, -20.15, -19.38, -18.53, -17.58, -16.44, -15.08, -13.27, -9.85, -3.61, 0.97, 5.50, 5.50, 6.44, 6.60, 6.01, 4.48, 1.30, -4.43, -10.44, -13.30, -15.05, -16.38, -17.51, -18.48, -19.33, -20.09, -20.78, -21.40, -21.98, -22.48, -22.96, -23.34, -23.73, -24.09, -24.45, -24.85, -25.24, -25.60, -25.95, -26.23, -26.51, -26.76, -27.00, -27.23, -27.43, -27.63, -27.77, -27.94, -28.11, -28.09, -27.88, -27.46, -27.19, -27.00, -27.04, -27.33, -27.90, -28.62, -29.20, -29.40, -29.48, -29.52, -29.55, -29.62, -29.62, -29.54, -29.45, -29.22, -28.61, -26.06, -21.81, -19.00, -17.36, -16.96, -16.96
2026-10-01, 21:36:28, 88000000, 90500000, 19531.25, 18048, -16.33, -16.82, -17.18, -16.34, -14.84, -13.63, -13.49, -14.65, -17.20, -21.07, -25.31, -28.01, -28.77, -29.07, -29.25, -29.36, -29.38, -29.40, -29.36, -29.35, -29.26, -29.04, -28.63, -28.02, -27.39, -26.92, -26.63, -26.94, -27.44, -27.99, -28.15, -28.10, -27.93, -27.79, -27.61, -27.41, -27.22, -26.98, -26.74, -26.51, -26.23, -25.97, -25.63, -25.28, -24.86, -24.48, -24.08, -23.73, -23.37, -23.00, -22.56, -22.04, -21.49, -20.86, -20.19, -19.43, -18.61, -17.64, -16.56, -15.25, -13.51, -10.80, -4.76, 0.14, 5.66, 5.66, 6.91, 7.31, 6.19, 4.04, -0.06, -5.15, -10.34, -13.44, -15.17, -16.48, -17.57, -18.53, -19.36, -20.12, -20.81, -21.43, -21.98, -22.50, -22.97, -23.36, -23.73, -24.06, -24.44, -24.84, -25.25, -25.64, -25.94, -26.23, -26.50, -26.75, -26.96, -27.23, -27.41, -27.60, -27.78, -27.98, -28.10, -28.14, -27.96, -27.56, -27.08, -26.76, -26.75, -27.32, -28.02, -28.78, -29.21, -29.38, -29.48, -29.51, -29.56, -29.59, -29.63, -29.53, -29.46, -29.24, -28.74, -26.79, -22.64, -19.65, -17.58, -16.54, -16.54
2026-10-01, 21:36:29, 88000000, 90500000, 19531.25, 18112, -16.57, -16.77, -16.83, -16.19, -15.09, -13.94, -13.63, -14.37, -16.76, -20.53, -25.28, -27.95, -28.74, -29.04, -29.23, -29.34, -29.38, -29.38, -29.35, -29.31, -29.23, -28.99, -28.54, -27.95, -27.38, -26.98, -26.71, -26.87, -27.38, -27.91, -28.09, -28.09, -27.93, -27.78, -27.58, -27.40, -27.17, -26.95, -26.73, -26.46, -26.21, -25.90, -25.61, -25.22, -24.84, -24.46, -24.05, -23.69, -23.35, -22.93, -22.50, -21.98, -21.43, -20.82, -20.12, -19.36, -18.52, -17.55, -16.44, -15.09, -13.27, -9.77, -3.61, 0.94, 5.58, 5.58, 6.57, 7.02, 6.30, 4.36, 0.57, -4.51, -10.48, -13.30, -15.05, -16.38, -17.50, -18.46, -19.31, -20.06, -20.74, -21.38, -21.94, -22.45, -22.91, -23.29, -23.70, -24.04, -24.38, -24.78, -25.23, -25.58, -25.92, -26.18, -26.47, -26.73, -26.94, -27.17, -27.36, -27.57, -27.72, -27.90, -28.06, -28.05, -27.81, -27.47, -27.11, -26.95, -26.87, -27.22, -27.88, -28.65, -29.16, -29.35, -29.43, -29.47, -29.49, -29.55, -29.57, -29.49, -29.40, -29.15, -28.51, -25.77, -21.77, -19.19, -17.53, -16.86, -16.86
2026-10-01, 21:36:30, 88000000, 90500000, 19531.25, 16960, -16.29, -17.00, -17.26, -16.24, -14.71, -13.60, -13.60, -14.77, -17.02, -20.78, -25.27, -27.96, -28.78, -29.08, -29.29, -29.37, -29.45, -29.43, -29.41, -29.39, -29.31, -29.13, -28.72, -28.07, -27.42, -26.90, -26.70, -27.04, -27.49, -27.92, -28.19, -28.12, -27.98, -27.82, -27.64, -27.42, -27.24, -27.02, -26.80, -26.55, -26.30, -25.97, -25.68, -25.33, -24.91, -24.50, -24.12, -23.78, -23.39, -23.03, -22.59, -22.10, -21.51, -20.92, -20.22, -19.48, -18.65, -17.70, -16.63, -15.31, -13.61, -10.62, -4.94, 0.02, 5.82, 5.82, 7.05, 7.24, 6.05, 3.98, 0.37, -4.89, -10.43, -13.47, -15.20, -16.52, -17.62, -18.57, -19.42, -20.17, -20.84, -21.46, -22.02, -22.56, -22.99, -23.38, -23.77, -24.10, -24.49, -24.87, -25.31, -25.66, -25.98, -26.27, -26.54, -26.80, -27.04, -27.26, -27.47, -27.66, -27.83, -27.99, -28.11, -28.17, -27.98, -27.62, -27.06, -26.80, -26.82, -27.33, -28.09, -28.80, -29.22, -29.41, -29.50, -29.53, -29.58, -29.66, -29.66, -29.56, -29.49, -29.25, -28.73, -26.49, -22.97, -19.70, -17.53, -16.46, -16.46
2026-10-01, 21:36:31, 88000000, 90500000, 19531.25, 15360, -16.65, -16.86, -16.81, -16.18, -15.10, -14.01, -13.70, -14.43, -16.71, -20.47, -24.73, -27.86, -28.74, -29.07, -29.23, -29.35, -29.40, -29.42, -29.37, -29.35, -29.25, -29.04, -28.57, -27.97, -27.43, -27.01, -26.79, -26.94, -27.33, -27.85, -28.12, -28.08, -27.94, -27.78, -27.61, -27.39, -27.18, -26.98, -26.75, -26.48, -26.27, -25.92, -25.59, -25.25, -24.84, -24.50, -24.09, -23.71, -23.35, -22.95, -22.50, -22.01, -21.42, -20.81, -20.13, -19.37, -18.54, -17.56, -16.46, -15.09, -13.28, -9.63, -3.88, 0.89, 5.56, 5.56, 6.59, 6.95, 6.23, 4.26, 0.76, -4.28, -9.86, -13.26, -15.04, -16.37, -17.51, -18.47, -19.31, -20.07, -20.75, -21.40, -21.96, -22.46, -22.94, -23.30, -23.71, -24.04, -24.42, -24.80, -25.22, -25.62, -25.93, -26.23, -26.47, -26.73, -26.93, -27.20, -27.40, -27.58, -27.76, -27.93, -28.10, -28.09, -27.85, -27.51, -27.19, -26.89, -26.89, -27.29, -27.95, -28.71, -29.14, -29.38, -29.42, -29.51, -29.55, -29.58, -29.60, -29.54, -29.44, -29.18, -28.53, -26.06, -22.02, -19.15, -17.51, -16.86, -16.86
2026-10-01, 21:36:32, 88000000, 90500000, 19531.25, 15104, -16.89, -16.88, -16.68, -16.14, -15.24, -14.29, -13.83, -14.28, -16.52, -20.45, -24.77, -27.94, -28.75, -29.12, -29.29, -29.42, -29.45, -29.45, -29.45, -29.41, -29.34, -29.07, -28.56, -28.05, -27.43, -27.10, -26.94, -26.98, -27.42, -27.92, -28.18, -28.15, -28.01, -27.86, -27.66, -27.47, -27.25, -27.04, -26.82, -26.58, -26.32, -25.99, -25.69, -25.32, -24.92, -24.57, -24.17, -23.79, -23.44, -23.03, -22.60, -22.09, -21.53, -20.91, -20.22, -19.46, -18.61, -17.64, -16.54, -15.16, -13.32, -9.72, -3.53, 1.25, 5.49, 5.49, 6.32, 6.67, 6.32, 4.42, 0.82, -4.20, -10.32, -13.21, -15.04, -16.41, -17.55, -18.50, -19.37, -20.12, -20.82, -21.45, -22.02, -22.54, -23.00, -23.38, -23.78, -24.13, -24.47, -24.89, -25.30, -25.66, -26.00, -26.27, -26.55, -26.81, -27.04, -27.29, -27.45, -27.66, -27.82, -28.01, -28.14, -28.16, -27.86, -27.55, -27.25, -27.08, -27.00, -27.26, -27.97, -28.75, -29.23, -29.46, -29.53, -29.57, -29.59, -29.66, -29.66, -29.61, -29.50, -29.26, -28.61, -25.73, -21.71, -19.01, -17.58, -17.01, -17.01
2026-10-01, 21:36:33, 88000000, 90500000, 19531.25, 15616, -16.17, -16.67, -17.28, -16.64, -14.89, -13.49, -13.36, -14.69, -17.28, -20.85, -25.55, -28.00, -28.78, -29.13, -29.29, -29.41, -29.42, -29.43, -29.43, -29.40, -29.32, -29.09, -28.67, -28.12, -27.52, -26.82, -26.64, -26.93, -27.54, -28.03, -28.18, -28.17, -28.01, -27.85, -27.67, -27.46, -27.25, -27.07, -26.81, -26.57, -26.29, -26.00, -25.68, -25.36, -24.94, -24.54, -24.12, -23.78, -23.45, -23.06, -22.60, -22.09, -21.54, -20.92, -20.24, -19.49, -18.66, -17.71, -16.61, -15.27, -13.52, -10.25, -4.24, 0.27, 5.42, 5.42, 7.09, 7.44, 6.31, 3.76, 0.02, -4.80, -10.29, -13.45, -15.17, -16.49, -17.60, -18.56, -19.40, -20.16, -20.83, -21.46, -22.04, -22.56, -23.01, -23.37, -23.76, -24.11, -24.47, -24.89, -25.31, -25.66, -25.98, -26.28, -26.54, -26.81, -27.03, -27.25, -27.47, -27.65, -27.83, -28.01, -28.14, -28.14, -28.00, -27.66, -27.22, -26.78, -26.76, -27.30, -28.07, -28.79, -29.26, -29.42, -29.54, -29.58, -29.61, -29.67, -29.64, -29.57, -29.50, -29.28, -28.70, -26.28, -22.34, -19.77, -17.96, -16.57, -16.57
2026-10-01, 21:36:34, 88000000, 90500000, 19531.25, 15552, -16.64, -16.85, -17.01, -16.27, -15.12, -13.97, -13.61, -14.45, -17.04, -21.13, -26.05, -28.17, -28.84, -29.14, -29.35, -29.41, -29.48, -29.50, -29.46, -29.47, -29.35, -29.18, -28.68, -28.05, -27.43, -27.07, -26.83, -26.99, -27.45, -28.04, -28.23, -28.22, -28.05, -27.88, -27.71, -27.51, -27.28, -27.09, -26.85, -26.60, -26.34, -26.05, -25.73, -25.38, -24.99, -24.61, -24.20, -23.81, -23.48, -23.09, -22.65, -22.16, -21.58, -20.96, -20.29, -19.54, -18.70, -17.76, -16.68, -15.34, -13.64, -10.65, -4.87, 0.45, 5.55, 5.55, 6.57, 7.00, 6.34, 4.20, 0.13, -5.60, -11.10, -13.62, -15.27, -16.57, -17.68, -18.62, -19.46, -20.20, -20.91, -21.53, -22.09, -22.61, -23.05, -23.43, -23.84, -24.17, -24.53, -24.92, -25.37, -25.72, -26.05, -26.32, -26.58, -26.87, -27.09, -27.34, -27.51, -27.70, -27.90, -28.05, -28.20, -28.25, -28.01, -27.61, -27.28, -26.99, -26.93, -27.30, -28.03, -28.86, -29.33, -29.50, -29.57, -29.61, -29.62, -29.67, -29.70, -29.66, -29.52, -29.28, -28.81, -26.74, -22.44, -19.46, -17.55, -16.89, -16.89
2026-10-01, 21:36:35, 88000000, 90500000, 19531.25, 15552, -16.21, -16.65, -16.93, -16.33, -14.81, -13.55, -13.32, -14.34, -17.14, -21.10, -25.80, -28.07, -28.75, -29.03, -29.22, -29.31, -29.33, -29.36, -29.34, -29.30, -29.20, -28.99, -28.61, -27.94, -27.30, -26.84, -26.63, -26.79, -27.36, -27.92, -28.11, -28.07, -27.88, -27.73, -27.54, -27.33, -27.15, -26.90, -26.71, -26.45, -26.16, -25.87, -25.56, -25.24, -24.82, -24.43, -24.01, -23.67, -23.29, -22.93, -22.47, -21.97, -21.41, -20.77, -20.11, -19.36, -18.53, -17.56, -16.46, -15.12, -13.36, -10.06, -4.01, 0.35, 5.76, 5.76, 6.99, 7.41, 6.52, 4.13, -0.02, -5.35, -10.90, -13.49, -15.15, -16.44, -17.53, -18.47, -19.32, -20.07, -20.75, -21.36, -21.93, -22.45, -22.90, -23.30, -23.65, -23.98, -24.37, -24.77, -25.19, -25.58, -25.89, -26.17, -26.44, -26.69, -26.92, -27.17, -27.33, -27.54, -27.72, -27.88, -28.02, -28.01, -27.86, -27.57, -27.06, -26.78, -26.64, -27.14, -27.98, -28.71, -29.17, -29.36, -29.40, -29.45, -29.49, -29.51, -29.54, -29.48, -29.37, -29.14, -28.59, -26.08, -22.48, -19.40, -17.59, -16.55, -16.55
2026-10-01, 21:36:36, 88000000, 90500000, 19531.25, 15552, -15.77, -16.23, -16.94, -16.23, -14.60, -13.09, -12.89, -14.43, -17.05, -20.98, -25.18, -27.77, -28.46, -28.78, -28.95, -29.05, -29.08, -29.09, -29.07, -29.00, -28.93, -28.70, -28.31, -27.76, -27.15, -26.52, -26.24, -26.61, -27.22, -27.64, -27.82, -27.78, -27.62, -27.46, -27.27, -27.09, -26.89, -26.67, -26.43, -26.19, -25.91, -25.60, -25.31, -24.94, -24.54, -24.15, -23.74, -23.38, -23.04, -22.67, -22.20, -21.70, -21.13, -20.50, -19.84, -19.09, -18.26, -17.30, -16.22, -14.90, -13.13, -9.97, -3.99, 0.64, 5.80, 5.80, 7.39, 7.91, 6.70, 3.98, 0.21, -4.94, -10.44, -13.25, -14.90, -16.18, -17.29, -18.23, -19.05, -19.82, -20.48, -21.12, -21.68, -22.17, -22.63, -23.02, -23.41, -23.70, -24.11, -24.49, -24.93, -25.31, -25.64, -25.90, -26.17, -26.42, -26.66, -26.91, -27.09, -27.29, -27.44, -27.65, -27.80, -27.83, -27.63, -27.29, -26.86, -26.46, -26.29, -26.93, -27.79, -28.45, -28.89, -29.07, -29.15, -29.19, -29.23, -29.26, -29.27, -29.21, -29.12, -28.89, -28.34, -26.06, -22.06, -19.37, -17.49, -16.31, -16.31
2026-10-01, 21:36:37, 88000000, 90500000, 19531.25, 15552, -16.44, -16.46, -16.22, -15.73, -14.83, -13.80, -13.40, -14.01, -16.17, -19.94, -24.31, -27.45, -28.35, -28.68, -28.87, -28.97, -29.00, -29.06, -29.01, -28.97, -28.91, -28.67, -28.10, -27.54, -27.03, -26.70, -26.49, -26.61, -26.94, -27.55, -27.71, -27.73, -27.57, -27.42, -27.25, -27.04, -26.82, -26.59, -26.39, -26.11, -25.86, -25.56, -25.25, -24.87, -24.47, -24.12, -23.71, -23.31, -22.96, -22.59, -22.11, -21.63, -21.04, -20.44, -19.74, -19.00, -18.14, -17.15, -16.05, -14.69, -12.89, -9.40, -3.18, 1.76, 5.94, 5.94, 6.76, 7.11, 6.59, 4.95, 1.17, -3.91, -9.41, -12.85, -14.62, -15.98, -17.11, -18.07, -18.94, -19.68, -20.37, -21.02, -21.57, -22.08, -22.55, -22.94, -23.31, -23.71, -24.04, -24.44, -24.87, -25.23, -25.56, -25.83, -26.11, -26.34, -26.62, -26.84, -27.04, -27.23, -27.41, -27.57, -27.73, -27.68, -27.46, -27.09, -26.78, -26.67, -26.68, -26.87, -27.49, -28.34, -28.81, -29.02, -29.09, -29.15, -29.18, -29.22, -29.20, -29.16, -29.02, -28.78, -28.17, -25.37, -21.19, -18.40, -17.09, -16.61, -16.61
2026-10-01, 21:36:38, 88000000, 90500000, 19531.25, 15552, -16.64, -16.71, -16.82, -16.23, -15.16, -14.02, -13.55, -14.41, -16.77, -20.51, -25.09, -27.86, -28.76, -29.09, -29.28, -29.41, -29.44, -29.46, -29.42, -29.36, -29.29, -29.09, -28.57, -28.03, -27.48, -27.05, -26.79, -26.96, -27.40, -27.97, -28.18, -28.16, -27.99, -27.85, -27.63, -27.46, -27.26, -27.03, -26.79, -26.56, -26.29, -26.01, -25.69, -25.30, -24.92, -24.53, -24.13, -23.73, -23.40, -23.02, -22.56, -22.05, -21.50, -20.88, -20.21, -19.45, -18.62, -17.67, -16.55, -15.21, -13.44, -10.11, -4.01, 1.06, 5.47, 5.47, 6.51, 7.00, 6.39, 4.36, 0.52, -4.58, -10.06, -13.28, -15.09, -16.41, -17.54, -18.50, -19.36, -20.11, -20.80, -21.44, -21.99, -22.50, -22.96, -23.34, -23.74, -24.08, -24.42, -24.86, -25.25, -25.63, -25.96, -26.26, -26.53, -26.78, -26.99, -27.24, -27.42, -27.62, -27.81, -27.96, -28.11, -28.14, -27.86, -27.53, -27.26, -26.98, -26.88, -27.22, -27.94, -28.72, -29.18, -29.38, -29.48, -29.52, -29.54, -29.57, -29.62, -29.55, -29.44, -29.20, -28.58, -26.10, -21.90, -19.19, -17.56, -16.93, -16.93
2026-10-01, 21:36:39, 88000000, 90500000, 19531.25, 15552, -16.71, -16.76, -16.82, -16.59, -15.40, -14.09, -13.73, -14.41, -16.91, -20.72, -24.89, -28.02, -28.85, -29.20, -29.42, -29.48, -29.53, -29.55, -29.50, -29.46, -29.41, -29.12, -28.59, -28.15, -27.62, -27.17, -26.90, -27.06, -27.49, -28.05, -28.26, -28.25, -28.11, -27.95, -27.76, -27.52, -27.31, -27.13, -26.86, -26.66, -26.36, -26.05, -25.74, -25.40, -25.01, -24.62, -24.22, -23.84, -23.47, -23.10, -22.63, -22.13, -21.57, -20.95, -20.25, -19.50, -18.64, -17.64, -16.53, -15.11, -13.16, -9.28, -2.91, 1.22, 5.15, 5.15, 6.42, 6.87, 6.29, 4.20, 0.40, -4.62, -9.85, -13.36, -15.18, -16.53, -17.65, -18.61, -19.45, -20.23, -20.89, -21.54, -22.10, -22.61, -23.08, -23.47, -23.87, -24.19, -24.57, -24.94, -25.38, -25.75, -26.05, -26.35, -26.64, -26.89, -27.12, -27.33, -27.54, -27.75, -27.89, -28.08, -28.21, -28.20, -27.96, -27.69, -27.35, -27.08, -27.03, -27.31, -28.07, -28.86, -29.29, -29.52, -29.57, -29.63, -29.68, -29.71, -29.69, -29.67, -29.56, -29.29, -28.58, -25.31, -21.37, -19.17, -18.01, -17.13, -17.13
2026-10-01, 21:36:40, 88000000, 90500000, 19531.25, 15552, -16.51, -16.90, -16.90, -16.23, -15.06, -13.85, -13.69, -14.48, -16.93, -20.80, -25.54, -28.07, -28.78, -29.13, -29.31, -29.37, -29.41, -29.44, -29.44, -29.39, -29.31, -29.12, -28.65, -27.99, -27.45, -26.90, -26.74, -26.98, -27.41, -27.94, -28.22, -28.13, -27.99, -27.86, -27.65, -27.45, -27.24, -27.00, -26.80, -26.53, -26.27, -25.98, -25.66, -25.28, -24.92, -24.53, -24.14, -23.72, -23.40, -23.01, -22.57, -22.06, -21.47, -20.87, -20.19, -19.42, -18.58, -17.63, -16.53, -15.18, -13.46, -10.50, -4.46, 0.81, 5.45, 5.45, 6.75, 7.04, 6.23, 4.12, 0.42, -4.99, -10.53, -13.44, -15.16, -16.47, -17.57, -18.54, -19.38, -20.14, -20.81, -21.44, -22.03, -22.52, -22.97, -23.37, -23.75, -24.09, -24.46, -24.86, -25.26, -25.64, -25.97, -26.25, -26.52, -26.79, -27.01, -27.25, -27.43, -27.63, -27.80, -28.00, -28.14, -28.13, -27.88, -27.50, -27.26, -26.93, -26.89, -27.33, -28.00, -28.73, -29.21, -29.41, -29.49, -29.55, -29.57, -29.60, -29.60, -29.55, -29.46, -29.23, -28.69, -26.64, -22.11, -19.17, -17.57, -16.81, -16.81
2026-10-01, 21:36:41, 88000000, 90500000, 19531.25, 15552, -16.37, -16.57, -17.18, -16.35, -14.89, -13.69, -13.20, -14.50, -17.66, -21.58, -26.31, -28.25, -28.86, -29.17, -29.29, -29.41, -29.45, -29.43, -29.42, -29.39, -29.31, -29.11, -28.70, -28.05, -27.42, -26.94, -26.61, -26.79, -27.55, -28.04, -28.18, -28.14, -27.98, -27.81, -27.62, -27.44, -27.22, -26.99, -26.78, -26.51, -26.26, -25.97, -25.65, -25.32, -24.89, -24.53, -24.10, -23.70, -23.38, -23.02, -22.57, -22.06, -21.48, -20.87, -20.20, -19.46, -18.64, -17.69, -16.61, -15.33, -13.69, -11.02, -5.04, -0.11, 5.71, 5.71, 6.87, 7.38, 6.65, 3.62, -0.53, -6.02, -11.22, -13.67, -15.28, -16.54, -17.64, -18.58, -19.41, -20.14, -20.83, -21.46, -22.02, -22.53, -22.96, -23.36, -23.75, -24.09, -24.42, -24.83, -25.28, -25.63, -25.95, -26.25, -26.51, -26.78, -26.96, -27.23, -27.43, -27.62, -27.79, -27.97, -28.12, -28.15, -27.99, -27.56, -27.15, -26.83, -26.74, -27.15, -28.13, -28.82, -29.24, -29.40, -29.47, -29.53, -29.55, -29.60, -29.58, -29.53, -29.45, -29.23, -28.77, -27.11, -22.89, -19.63, -17.52, -16.62, -16.62
2026-10-01, 21:36:42, 88000000, 90500000, 19531.25, 15680, -16.43, -16.64, -16.75, -16.41, -15.08, -13.77, -13.30, -14.19, -17.25, -21.63, -26.16, -28.11, -28.77, -29.07, -29.21, -29.33, -29.38, -29.37, -29.35, -29.31, -29.21, -29.04, -28.57, -27.96, -27.40, -26.91, -26.62, -26.84, -27.36, -27.95, -28.11, -28.08, -27.92, -27.77, -27.58, -27.37, -27.16, -26.94, -26.71, -26.46, -26.19, -25.91, -25.58, -25.23, -24.83, -24.45, -24.05, -23.69, -23.31, -22.95, -22.51, -22.00, -21.44, -20.83, -20.15, -19.39, -18.57, -17.64, -16.52, -15.24, -13.57, -10.56, -4.73, 0.60, 5.48, 5.48, 6.73, 7.29, 6.64, 4.15, -0.29, -5.96, -10.96, -13.47, -15.13, -16.42, -17.52, -18.47, -19.31, -20.07, -20.74, -21.36, -21.93, -22.43, -22.89, -23.28, -23.68, -24.02, -24.35, -24.76, -25.18, -25.58, -25.88, -26.16, -26.45, -26.71, -26.91, -27.16, -27.35, -27.56, -27.73, -27.90, -28.04, -28.11, -27.84, -27.56, -27.18, -26.89, -26.71, -27.08, -27.97, -28.80, -29.20, -29.34, -29.42, -29.47, -29.51, -29.56, -29.57, -29.49, -29.42, -29.18, -28.65, -26.55, -22.57, -19.23, -17.68, -16.81, -16.81
2026-10-01, 21:36:43, 88000000, 90500000, 19531.25, 15616, -15.59, -16.60, -18.12, -16.86, -14.32, -12.85, -12.80, -14.80, -19.09, -23.86, -27.42, -28.46, -28.93, -29.19, -29.32, -29.40, -29.43, -29.45, -29.43, -29.40, -29.30, -29.22, -28.98, -28.30, -27.24, -26.56, -26.35, -26.76, -27.68, -28.14, -28.25, -28.11, -27.95, -27.83, -27.62, -27.42, -27.21, -26.98, -26.75, -26.50, -26.25, -25.97, -25.68, -25.34, -24.90, -24.46, -24.08, -23.71, -23.42, -23.06, -22.60, -22.08, -21.54, -20.94, -20.27, -19.57, -18.74, -17.86, -16.84, -15.65, -14.22, -12.38, -9.31, -2.97, 6.07, 6.07, 7.68, 8.09, 6.66, 2.66, -2.44, -8.49, -12.01, -13.96, -15.46, -16.66, -17.71, -18.62, -19.42, -20.18, -20.83, -21.44, -22.03, -22.54, -23.01, -23.33, -23.66, -24.01, -24.37, -24.85, -25.27, -25.63, -25.94, -26.21, -26.49, -26.77, -26.92, -27.21, -27.39, -27.59, -27.77, -27.93, -28.09, -28.22, -28.15, -27.72, -27.01, -26.48, -26.41, -27.16, -28.33, -28.99, -29.30, -29.39, -29.45, -29.49, -29.53, -29.62, -29.59, -29.55, -29.50, -29.31, -29.06, -28.45, -26.00, -21.35, -17.81, -15.98, -15.98
2026-10-01, 21:36:44, 88000000, 90500000, 19531.25, 15616, -15.79, -16.88, -17.75, -16.52, -14.41, -13.03, -13.16, -14.82, -18.18, -22.96, -27.18, -28.41, -28.93, -29.13, -29.32, -29.35, -29.42, -29.41, -29.40, -29.36, -29.28, -29.17, -28.83, -28.05, -27.29, -26.62, -26.41, -26.90, -27.60, -28.05, -28.18, -28.09, -27.94, -27.75, -27.59, -27.37, -27.16, -26.97, -26.71, -26.45, -26.20, -25.93, -25.62, -25.25, -24.83, -24.44, -24.02, -23.69, -23.34, -22.99, -22.52, -22.04, -21.48, -20.86, -20.20, -19.46, -18.65, -17.75, -16.71, -15.49, -14.04, -12.10, -8.81, -1.82, 5.96, 5.96, 7.54, 7.81, 6.33, 3.26, -1.30, -7.89, -11.76, -13.83, -15.33, -16.59, -17.63, -18.54, -19.40, -20.11, -20.78, -21.40, -21.98, -22.47, -22.93, -23.30, -23.64, -23.99, -24.34, -24.78, -25.24, -25.59, -25.90, -26.19, -26.46, -26.69, -26.93, -27.17, -27.36, -27.55, -27.72, -27.89, -28.04, -28.18, -28.05, -27.66, -26.99, -26.52, -26.55, -27.15, -28.14, -28.87, -29.22, -29.35, -29.38, -29.47, -29.50, -29.56, -29.55, -29.50, -29.41, -29.28, -28.97, -28.27, -25.28, -20.50, -17.65, -16.08, -16.08
2026-10-01, 21:36:45, 88000000, 90500000, 19531.25, 15680, -16.25, -17.05, -17.43, -16.31, -14.34, -13.46, -13.49, -14.70, -17.51, -21.45, -26.52, -28.30, -28.86, -29.17, -29.32, -29.42, -29.45, -29.48, -29.42, -29.41, -29.33, -29.22, -28.81, -28.08, -27.30, -26.73, -26.63, -26.95, -27.56, -28.04, -28.22, -28.16, -28.00, -27.86, -27.65, -27.45, -27.23, -27.03, -26.82, -26.55, -26.30, -26.00, -25.69, -25.33, -24.90, -24.52, -24.12, -23.77, -23.42, -23.06, -22.60, -22.12, -21.54, -20.93, -20.25, -19.54, -18.72, -17.79, -16.73, -15.52, -14.02, -11.94, -8.02, -0.95, 6.14, 6.14, 7.33, 7.32, 6.24, 3.74, -0.34, -6.12, -11.38, -13.70, -15.31, -16.57, -17.66, -18.58, -19.43, -20.17, -20.84, -21.46, -22.02, -22.54, -23.00, -23.37, -23.72, -24.05, -24.44, -24.87, -25.28, -25.65, -25.97, -26.24, -26.51, -26.80, -27.00, -27.23, -27.44, -27.64, -27.76, -27.97, -28.13, -28.24, -28.06, -27.63, -26.99, -26.70, -26.78, -27.31, -28.09, -28.82, -29.26, -29.41, -29.49, -29.55, -29.54, -29.59, -29.63, -29.59, -29.51, -29.32, -28.98, -28.15, -24.41, -20.06, -17.44, -16.07, -16.07
2026-10-01, 21:36:46, 88000000, 90500000, 19531.25, 15552, -16.39, -17.03, -17.25, -16.24, -14.45, -13.64, -13.61, -14.71, -17.08, -20.82, -26.28, -28.18, -28.78, -29.12, -29.29, -29.39, -29.38, -29.42, -29.38, -29.38, -29.28, -29.16, -28.70, -28.03, -27.30, -26.79, -26.67, -26.94, -27.50, -27.91, -28.19, -28.15, -27.96, -27.82, -27.60, -27.42, -27.20, -26.99, -26.75, -26.52, -26.27, -25.99, -25.67, -25.30, -24.88, -24.48, -24.10, -23.73, -23.41, -23.03, -22.57, -22.08, -21.51, -20.89, -20.23, -19.49, -18.65, -17.74, -16.67, -15.39, -13.88, -11.67, -6.93, -0.03, 6.07, 6.07, 7.14, 7.13, 6.20, 3.80, 0.55, -5.88, -11.15, -13.57, -15.21, -16.51, -17.59, -18.54, -19.37, -20.12, -20.81, -21.44, -21.99, -22.52, -22.96, -23.35, -23.71, -24.07, -24.44, -24.85, -25.26, -25.63, -25.94, -26.21, -26.50, -26.76, -26.98, -27.24, -27.43, -27.62, -27.80, -27.96, -28.12, -28.23, -27.97, -27.58, -26.98, -26.75, -26.88, -27.30, -28.03, -28.73, -29.25, -29.41, -29.47, -29.55, -29.56, -29.62, -29.63, -29.57, -29.47, -29.31, -28.93, -27.81, -23.44, -19.68, -17.46, -16.18, -16.18
2026-10-01, 21:36:47, 88000000, 90500000, 19531.25, 15616, -16.53, -17.07, -17.06, -16.15, -14.61, -13.78, -13.84, -14.83, -16.65, -19.91, -25.71, -28.02, -28.76, -29.10, -29.27, -29.39, -29.42, -29.43, -29.44, -29.38, -29.30, -29.14, -28.60, -28.03, -27.36, -26.94, -26.83, -27.04, -27.47, -27.84, -28.19, -28.16, -27.98, -27.82, -27.64, -27.44, -27.24, -27.04, -26.79, -26.52, -26.27, -25.97, -25.65, -25.30, -24.93, -24.48, -24.11, -23.73, -23.40, -23.02, -22.56, -22.07, -21.50, -20.88, -20.18, -19.44, -18.60, -17.66, -16.58, -15.27, -13.61, -11.09, -5.19, 0.71, 5.90, 5.90, 6.97, 6.95, 5.93, 4.07, 1.29, -4.75, -10.64, -13.38, -15.09, -16.43, -17.54, -18.48, -19.35, -20.10, -20.80, -21.40, -21.99, -22.50, -22.95, -23.34, -23.71, -24.07, -24.43, -24.83, -25.24, -25.63, -25.95, -26.25, -26.51, -26.79, -26.99, -27.24, -27.44, -27.62, -27.79, -27.97, -28.11, -28.15, -27.90, -27.53, -27.07, -26.79, -26.89, -27.44, -28.03, -28.64, -29.20, -29.42, -29.46, -29.51, -29.54, -29.61, -29.59, -29.54, -29.45, -29.21, -28.82, -27.32, -22.36, -19.24, -17.45, -16.41, -16.41
2026-10-01, 21:36:48, 88000000, 90500000, 19531.25, 15552, -16.77, -17.17, -16.63, -15.97, -14.86, -14.05, -14.03, -14.71, -16.25, -19.88, -25.81, -28.05, -28.78, -29.10, -29.27, -29.37, -29.40, -29.42, -29.42, -29.37, -29.30, -29.12, -28.44, -27.92, -27.34, -26.98, -26.83, -27.01, -27.44, -27.81, -28.13, -28.14, -27.95, -27.82, -27.64, -27.41, -27.22, -27.00, -26.77, -26.52, -26.27, -25.98, -25.63, -25.28, -24.85, -24.48, -24.12, -23.73, -23.36, -22.97, -22.53, -22.02, -21.44, -20.83, -20.14, -19.38, -18.55, -17.60, -16.50, -15.17, -13.49, -10.99, -5.22, 1.54, 5.78, 5.78, 6.72, 6.70, 5.91, 4.30, 1.54, -5.08, -10.70, -13.39, -15.09, -16.44, -17.54, -18.51, -19.36, -20.11, -20.81, -21.41, -22.00, -22.49, -22.94, -23.34, -23.73, -24.08, -24.47, -24.84, -25.26, -25.61, -25.97, -26.24, -26.51, -26.79, -26.97, -27.22, -27.43, -27.59, -27.81, -27.98, -28.13, -28.15, -27.82, -27.50, -27.12, -26.95, -27.02, -27.41, -27.94, -28.55, -29.19, -29.39, -29.46, -29.51, -29.52, -29.59, -29.61, -29.48, -29.41, -29.18, -28.71, -27.11, -22.03, -18.61, -17.35, -16.67, -16.67
2026-10-01, 21:36:49, 88000000, 90500000, 19531.25, 15488, -16.82, -17.00, -16.65, -15.96, -14.95, -14.16, -13.94, -14.71, -16.23, -19.61, -25.50, -27.97, -28.69, -29.04, -29.22, -29.32, -29.36, -29.39, -29.35, -29.28, -29.28, -29.07, -28.43, -27.86, -27.33, -27.03, -26.85, -27.04, -27.35, -27.74, -28.07, -28.07, -27.90, -27.77, -27.60, -27.36, -27.16, -26.94, -26.71, -26.46, -26.17, -25.91, -25.58, -25.20, -24.81, -24.43, -24.05, -23.68, -23.29, -22.91, -22.47, -21.97, -21.39, -20.76, -20.08, -19.33, -18.49, -17.52, -16.42, -15.07, -13.36, -10.74, -4.64, 1.64, 5.69, 5.69, 6.52, 6.72, 5.96, 4.33, 1.67, -4.59, -10.46, -13.22, -14.97, -16.33, -17.46, -18.42, -19.28, -20.04, -20.73, -21.36, -21.93, -22.43, -22.90, -23.28, -23.69, -24.04, -24.40, -24.78, -25.18, -25.57, -25.90, -26.17, -26.45, -26.71, -26.96, -27.17, -27.37, -27.54, -27.73, -27.92, -28.08, -28.09, -27.74, -27.43, -27.11, -26.98, -26.96, -27.36, -27.91, -28.55, -29.13, -29.34, -29.42, -29.50, -29.50, -29.55, -29.55, -29.48, -29.41, -29.20, -28.71, -27.09, -21.66, -18.61, -17.40, -16.79, -16.79
2026-10-01, 21:36:50, 88000000, 90500000, 19531.25, 16896, -16.29, -16.95, -17.13, -16.25, -14.67, -13.56, -13.53, -14.77, -17.04, -20.78, -25.94, -28.15, -28.78, -29.12, -29.28, -29.37, -29.40, -29.42, -29.39, -29.37, -29.27, -29.12, -28.63, -28.01, -27.32, -26.79, -26.67, -26.98, -27.48, -27.89, -28.16, -28.10, -27.92, -27.78, -27.59, -27.40, -27.19, -26.97, -26.76, -26.50, -26.21, -25.95, -25.63, -25.26, -24.89, -24.47, -24.06, -23.73, -23.35, -22.98, -22.54, -22.02, -21.47, -20.85, -20.18, -19.42, -18.59, -17.65, -16.57, -15.29, -13.68, -11.32, -6.11, 0.17, 5.80, 5.80, 7.14, 7.25, 6.13, 3.87, 0.53, -5.45, -11.04, -13.56, -15.19, -16.47, -17.57, -18.52, -19.35, -20.10, -20.80, -21.41, -21.98, -22.49, -22.94, -23.33, -23.71, -24.03, -24.43, -24.82, -25.21, -25.63, -25.95, -26.20, -26.50, -26.76, -26.95, -27.20, -27.39, -27.59, -27.77, -27.94, -28.11, -28.14, -27.95, -27.56, -27.12, -26.73, -26.75, -27.24, -28.05, -28.72, -29.22, -29.38, -29.48, -29.52, -29.54, -29.59, -29.60, -29.52, -29.45, -29.25, -28.88, -27.63, -23.19, -19.39, -17.55, -16.43, -16.43
2026-10-01, 21:36:51, 88000000, 90500000, 19531.25, 18176, -16.53, -17.11, -16.89, -16.01, -14.71, -13.82, -13.80, -14.76, -16.66, -20.12, -25.44, -28.00, -28.68, -29.02, -29.20, -29.28, -29.33, -29.36, -29.32, -29.30, -29.22, -29.05, -28.52, -27.84, -27.28, -26.88, -26.71, -27.06, -27.42, -27.78, -28.09, -28.06, -27.89, -27.75, -27.52, -27.34, -27.13, -26.91, -26.68, -26.42, -26.17, -25.88, -25.58, -25.20, -24.80, -24.38, -24.00, -23.64, -23.29, -22.88, -22.46, -21.94, -21.36, -20.75, -20.08, -19.32, -18.48, -17.52, -16.44, -15.13, -13.50, -11.08, -5.86, 0.80, 5.86, 5.86, 6.85, 6.99, 6.01, 4.07, 1.15, -4.69, -10.58, -13.38, -15.06, -16.38, -17.50, -18.44, -19.29, -20.04, -20.72, -21.37, -21.92, -22.46, -22.89, -23.26, -23.66, -24.00, -24.40, -24.78, -25.20, -25.55, -25.89, -26.17, -26.44, -26.70, -26.90, -27.15, -27.35, -27.53, -27.73, -27.90, -28.03, -28.09, -27.80, -27.42, -27.05, -26.79, -26.83, -27.28, -27.90, -28.58, -29.16, -29.32, -29.43, -29.47, -29.49, -29.52, -29.52, -29.50, -29.40, -29.17, -28.78, -27.50, -22.68, -18.91, -17.34, -16.51, -16.51
2026-10-01, 21:36:52, 88000000, 90500000, 19531.25, 17152, -16.86, -17.04, -16.63, -15.87, -15.06, -14.22, -14.04, -14.75, -16.24, -19.37, -24.57, -27.69, -28.65, -29.02, -29.21, -29.30, -29.38, -29.37, -29.36, -29.33, -29.26, -29.04, -28.41, -27.87, -27.38, -27.01, -26.87, -27.04, -27.42, -27.76, -28.07, -28.08, -27.95, -27.79, -27.58, -27.40, -27.17, -26.96, -26.74, -26.48, -26.21, -25.92, -25.61, -25.22, -24.83, -24.45, -24.09, -23.70, -23.34, -22.93, -22.49, -21.99, -21.42, -20.77, -20.09, -19.31, -18.47, -17.50, -16.36, -15.00, -13.11, -9.71, -3.70, 1.68, 5.67, 5.67, 6.44, 6.62, 5.88, 4.33, 1.57, -3.45, -9.81, -13.15, -14.98, -16.33, -17.48, -18.45, -19.31, -20.08, -20.78, -21.40, -21.97, -22.46, -22.93, -23.32, -23.70, -24.08, -24.45, -24.84, -25.24, -25.61, -25.95, -26.23, -26.50, -26.78, -26.96, -27.23, -27.43, -27.63, -27.80, -27.95, -28.11, -28.09, -27.77, -27.38, -27.15, -27.04, -27.04, -27.43, -27.92, -28.57, -29.13, -29.41, -29.48, -29.52, -29.55, -29.59, -29.62, -29.51, -29.41, -29.13, -28.45, -26.06, -21.49, -18.55, -17.26, -16.88, -16.88
2026-10-01, 21:36:53, 88000000, 90500000, 19531.25, 15680, -16.41, -16.91, -17.08, -16.27, -14.79, -13.69, -13.60, -14.68, -16.93, -20.39, -25.07, -27.85, -28.65, -28.98, -29.19, -29.32, -29.35, -29.39, -29.36, -29.33, -29.25, -29.05, -28.61, -27.98, -27.37, -26.86, -26.73, -26.97, -27.45, -27.88, -28.11, -28.10, -27.97, -27.78, -27.62, -27.40, -27.22, -26.98, -26.76, -26.52, -26.25, -25.96, -25.65, -25.28, -24.91, -24.49, -24.08, -23.72, -23.37, -23.01, -22.55, -22.03, -21.50, -20.86, -20.19, -19.45, -18.58, -17.67, -16.56, -15.24, -13.50, -10.50, -4.53, 0.30, 5.74, 5.74, 6.95, 7.15, 6.22, 3.90, 0.76, -4.60, -10.26, -13.29, -15.08, -16.43, -17.55, -18.49, -19.36, -20.11, -20.80, -21.42, -22.00, -22.51, -22.98, -23.34, -23.71, -24.10, -24.45, -24.86, -25.23, -25.65, -25.96, -26.24, -26.53, -26.80, -27.00, -27.25, -27.45, -27.62, -27.80, -27.96, -28.13, -28.17, -27.96, -27.63, -27.10, -26.82, -26.83, -27.29, -28.06, -28.73, -29.25, -29.43, -29.52, -29.55, -29.60, -29.65, -29.64, -29.60, -29.50, -29.25, -28.77, -26.47, -22.71, -19.38, -17.60, -16.53, -16.53
2026-10-01, 21:36:54, 88000000, 90500000, 19531.25, 15488, -15.74, -16.60, -17.60, -16.84, -14.85, -13.01, -13.06, -14.94, -17.97, -21.65, -25.20, -27.94, -28.77, -29.09, -29.27, -29.36, -29.39, -29.40, -29.37, -29.34, -29.27, -29.11, -28.73, -28.13, -27.44, -26.66, -26.35, -26.93, -27.63, -28.03, -28.10, -28.09, -27.94, -27.76, -27.60, -27.37, -27.17, -26.96, -26.72, -26.48, -26.22, -25.95, -25.62, -25.27, -24.88, -24.45, -24.03, -23.68, -23.38, -23.00, -22.54, -22.02, -21.47, -20.87, -20.18, -19.45, -18.62, -17.71, -16.60, -15.33, -13.66, -10.42, -5.68, -0.55, 5.46, 5.46, 7.40, 7.84, 6.29, 3.28, -0.66, -5.06, -10.60, -13.38, -15.15, -16.48, -17.57, -18.51, -19.34, -20.09, -20.77, -21.40, -21.96, -22.48, -22.91, -23.31, -23.66, -23.97, -24.37, -24.79, -25.23, -25.59, -25.89, -26.20, -26.46, -26.73, -26.94, -27.17, -27.39, -27.58, -27.75, -27.91, -28.07, -28.14, -28.00, -27.69, -27.19, -26.64, -26.53, -27.18, -28.16, -28.78, -29.20, -29.36, -29.44, -29.47, -29.50, -29.58, -29.56, -29.52, -29.45, -29.24, -28.65, -26.91, -23.43, -20.15, -18.02, -16.49, -16.49
2026-10-01, 21:36:55, 88000000, 90500000, 19531.25, 15552, -15.93, -16.76, -17.34, -16.57, -14.78, -13.24, -13.29, -14.82, -17.40, -21.62, -25.86, -28.13, -28.81, -29.11, -29.28, -29.35, -29.40, -29.41, -29.37, -29.36, -29.27, -29.10, -28.67, -28.14, -27.34, -26.79, -26.46, -26.90, -27.55, -27.97, -28.16, -28.09, -27.91, -27.79, -27.59, -27.42, -27.20, -26.95, -26.74, -26.48, -26.20, -25.93, -25.62, -25.25, -24.85, -24.47, -24.06, -23.67, -23.37, -22.97, -22.53, -22.02, -21.46, -20.85, -20.17, -19.43, -18.62, -17.65, -16.58, -15.28, -13.64, -10.75, -4.87, -0.21, 5.67, 5.67, 7.23, 7.61, 6.22, 3.68, -0.27, -5.61, -11.08, -13.60, -15.25, -16.52, -17.60, -18.55, -19.37, -20.12, -20.81, -21.42, -21.99, -22.50, -22.96, -23.33, -23.68, -24.02, -24.40, -24.85, -25.24, -25.61, -25.95, -26.22, -26.48, -26.76, -26.95, -27.20, -27.40, -27.59, -27.76, -27.95, -28.08, -28.13, -27.98, -27.61, -27.16, -26.71, -26.68, -27.25, -28.07, -28.79, -29.24, -29.39, -29.47, -29.52, -29.55, -29.59, -29.60, -29.56, -29.47, -29.25, -28.83, -26.62, -23.16, -19.75, -17.78, -16.49, -16.49
2026-10-01, 21:36:56, 88000000, 90500000, 19531.25, 15616, -15.55, -16.81, -17.88, -16.93, -14.31, -12.77, -13.25, -15.08, -18.48, -22.12, -26.17, -28.31, -28.87, -29.15, -29.29, -29.40, -29.42, -29.43, -29.42, -29.34, -29.31, -29.15, -28.75, -28.27, -27.33, -26.49, -26.46, -26.91, -27.68, -28.05, -28.21, -28.13, -27.95, -27.77, -27.62, -27.40, -27.20, -26.99, -26.74, -26.50, -26.22, -25.94, -25.63, -25.30, -24.91, -24.44, -24.04, -23.70, -23.37, -22.99, -22.53, -22.03, -21.46, -20.87, -20.19, -19.46, -18.65, -17.71, -16.65, -15.41, -13.85, -11.51, -6.25, -0.80, 5.81, 5.81, 7.84, 7.86, 6.22, 2.88, -1.09, -6.62, -11.32, -13.87, -15.39, -16.65, -17.71, -18.62, -19.46, -20.19, -20.87, -21.47, -22.05, -22.55, -23.03, -23.38, -23.73, -24.03, -24.44, -24.89, -25.29, -25.64, -25.96, -26.23, -26.51, -26.77, -27.00, -27.21, -27.41, -27.60, -27.77, -27.97, -28.09, -28.19, -28.02, -27.75, -27.14, -26.43, -26.52, -27.27, -28.25, -28.91, -29.25, -29.39, -29.46, -29.53, -29.54, -29.60, -29.59, -29.56, -29.47, -29.27, -28.92, -27.52, -23.66, -20.59, -18.00, -15.95, -15.95
2026-10-01, 21:36:57, 88000000, 90500000, 19531.25, 15552, -15.81, -16.63, -17.28, -16.68, -14.87, -13.14, -13.10, -14.93, -17.61, -22.15, -26.72, -28.30, -28.88, -29.14, -29.26, -29.39, -29.38, -29.40, -29.38, -29.37, -29.27, -29.12, -28.68, -28.10, -27.44, -26.76, -26.39, -26.88, -27.58, -28.01, -28.19, -28.12, -27.92, -27.80, -27.60, -27.38, -27.17, -26.98, -26.72, -26.48, -26.20, -25.95, -25.65, -25.27, -24.87, -24.47, -24.04, -23.67, -23.36, -22.99, -22.53, -22.01, -21.44, -20.84, -20.19, -19.42, -18.61, -17.67, -16.60, -15.31, -13.71, -11.02, -6.15, 0.06, 5.49, 5.49, 7.26, 7.80, 6.36, 3.37, -0.54, -7.00, -11.50, -13.77, -15.33, -16.59, -17.66, -18.58, -19.40, -20.15, -20.83, -21.44, -21.99, -22.53, -22.94, -23.38, -23.70, -24.03, -24.42, -24.84, -25.25, -25.64, -25.94, -26.21, -26.48, -26.77, -26.95, -27.23, -27.39, -27.58, -27.77, -27.94, -28.10, -28.19, -27.93, -27.60, -27.21, -26.64, -26.58, -27.21, -28.22, -28.81, -29.26, -29.40, -29.48, -29.51, -29.51, -29.57, -29.59, -29.53, -29.45, -29.23, -28.85, -27.29, -23.35, -19.50, -17.93, -16.55, -16.55
2026-10-01, 21:36:58, 88000000, 90500000, 19531.25, 15616, -15.97, -16.64, -17.55, -16.64, -14.69, -13.26, -13.25, -14.82, -17.78, -20.96, -25.62, -28.04, -28.79, -29.09, -29.28, -29.37, -29.41, -29.39, -29.39, -29.33, -29.25, -29.08, -28.69, -28.12, -27.41, -26.77, -26.59, -26.87, -27.60, -27.99, -28.20, -28.16, -28.01, -27.83, -27.62, -27.43, -27.22, -27.01, -26.77, -26.52, -26.27, -25.98, -25.67, -25.33, -24.92, -24.50, -24.07, -23.73, -23.41, -23.04, -22.60, -22.06, -21.51, -20.90, -20.23, -19.49, -18.67, -17.72, -16.61, -15.33, -13.51, -9.94, -4.75, -0.38, 5.63, 5.63, 7.33, 7.55, 6.33, 3.43, -0.17, -5.18, -10.69, -13.56, -15.25, -16.54, -17.64, -18.56, -19.39, -20.16, -20.83, -21.45, -22.02, -22.53, -22.99, -23.38, -23.73, -24.04, -24.43, -24.87, -25.30, -25.65, -25.96, -26.25, -26.52, -26.78, -27.01, -27.23, -27.43, -27.62, -27.81, -27.99, -28.13, -28.17, -28.04, -27.69, -27.14, -26.65, -26.69, -27.26, -28.19, -28.82, -29.22, -29.37, -29.49, -29.52, -29.56, -29.60, -29.61, -29.55, -29.47, -29.21, -28.52, -26.50, -22.84, -20.18, -17.84, -16.37, -16.37
2026-10-01, 21:36:59, 88000000, 90500000, 19531.25, 15552, -15.80, -16.84, -17.87, -16.82, -14.79, -13.06, -13.26, -15.12, -17.88, -21.96, -26.43, -28.33, -28.94, -29.26, -29.40, -29.49, -29.53, -29.55, -29.52, -29.48, -29.41, -29.22, -28.91, -28.23, -27.48, -26.74, -26.55, -27.10, -27.68, -28.16, -28.29, -28.25, -28.08, -27.92, -27.70, -27.52, -27.31, -27.07, -26.86, -26.62, -26.36, -26.09, -25.77, -25.38, -25.00, -24.56, -24.16, -23.85, -23.50, -23.13, -22.68, -22.16, -21.60, -21.01, -20.33, -19.59, -18.76, -17.84, -16.77, -15.52, -13.89, -11.16, -6.01, -0.96, 5.48, 5.48, 7.43, 7.77, 6.04, 3.23, -0.56, -6.46, -11.43, -13.81, -15.42, -16.68, -17.75, -18.69, -19.51, -20.27, -20.94, -21.55, -22.10, -22.62, -23.10, -23.45, -23.84, -24.12, -24.52, -24.96, -25.40, -25.73, -26.05, -26.34, -26.60, -26.85, -27.11, -27.33, -27.52, -27.69, -27.86, -28.04, -28.19, -28.26, -28.15, -27.83, -27.28, -26.68, -26.60, -27.38, -28.23, -28.95, -29.32, -29.47, -29.55, -29.60, -29.66, -29.68, -29.69, -29.64, -29.54, -29.37, -28.92, -27.43, -23.68, -20.55, -18.01, -16.42, -16.42
2026-10-01, 21:37:00, 88000000, 90500000, 19531.25, 15616, -15.60, -16.61, -17.48, -16.35, -14.27, -12.88, -13.08, -14.69, -17.31, -21.32, -25.79, -27.85, -28.57, -28.86, -29.04, -29.14, -29.17, -29.21, -29.16, -29.15, -29.02, -28.92, -28.56, -27.92, -27.10, -26.45, -26.27, -26.70, -27.35, -27.80, -27.99, -27.90, -27.77, -27.61, -27.41, -27.22, -27.00, -26.79, -26.55, -26.31, -26.03, -25.76, -25.44, -25.09, -24.69, -24.25, -23.84, -23.52, -23.18, -22.82, -22.35, -21.85, -21.29, -20.68, -20.00, -19.27, -18.43, -17.52, -16.43, -15.15, -13.42, -9.71, -5.39, -0.76, 6.05, 6.05, 7.72, 7.86, 6.47, 3.67, -0.05, -5.53, -11.02, -13.48, -15.08, -16.38, -17.42, -18.37, -19.20, -19.95, -20.62, -21.25, -21.80, -22.34, -22.78, -23.18, -23.50, -23.81, -24.21, -24.65, -25.07, -25.44, -25.72, -26.05, -26.30, -26.56, -26.78, -27.02, -27.20, -27.42, -27.57, -27.75, -27.91, -27.97, -27.86, -27.47, -26.90, -26.37, -26.43, -27.08, -27.91, -28.60, -29.01, -29.18, -29.27, -29.32, -29.34, -29.43, -29.41, -29.34, -29.25, -29.05, -28.36, -26.36, -23.46, -20.17, -17.56, -15.93, -15.93
2026-10-01, 21:37:01, 88000000, 90500000, 19531.25, 15552, -15.68, -16.62, -17.52, -16.76, -14.59, -12.98, -13.20, -14.90, -17.59, -21.37, -25.80, -28.07, -28.76, -29.04, -29.21, -29.31, -29.31, -29.34, -29.33, -29.28, -29.17, -28.98, -28.63, -28.10, -27.37, -26.59, -26.37, -26.89, -27.52, -27.91, -28.10, -28.06, -27.87, -27.70, -27.53, -27.34, -27.13, -26.90, -26.67, -26.42, -26.15, -25.86, -25.53, -25.21, -24.81, -24.38, -23.96, -23.64, -23.30, -22.92, -22.47, -21.97, -21.39, -20.78, -20.10, -19.35, -18.53, -17.57, -16.50, -15.18, -13.46, -9.86, -4.08, -0.38, 5.60, 5.60, 7.59, 7.79, 6.16, 3.56, -0.25, -5.43, -10.97, -13.57, -15.18, -16.45, -17.55, -18.48, -19.32, -20.07, -20.73, -21.36, -21.91, -22.43, -22.90, -23.26, -23.62, -23.92, -24.35, -24.78, -25.20, -25.53, -25.87, -26.15, -26.41, -26.70, -26.92, -27.12, -27.32, -27.51, -27.72, -27.85, -28.03, -28.01, -27.93, -27.66, -27.05, -26.50, -26.54, -27.29, -28.02, -28.73, -29.15, -29.31, -29.38, -29.43, -29.46, -29.53, -29.51, -29.45, -29.34, -29.11, -28.40, -26.18, -22.71, -20.11, -18.01, -16.23, -16.23
2026-10-01, 21:37:02, 88000000, 90500000, 19531.25, 16000, -15.67, -16.61, -17.69, -16.55, -14.67, -12.92, -13.05, -15.05, -17.76, -21.91, -26.19, -28.15, -28.81, -29.06, -29.24, -29.33, -29.32, -29.35, -29.32, -29.29, -29.21, -29.08, -28.63, -28.11, -27.32, -26.60, -26.38, -26.92, -27.55, -27.98, -28.11, -28.06, -27.87, -27.75, -27.55, -27.33, -27.17, -26.94, -26.70, -26.43, -26.20, -25.86, -25.58, -25.22, -24.83, -24.39, -23.98, -23.64, -23.34, -22.96, -22.50, -22.00, -21.42, -20.82, -20.15, -19.42, -18.59, -17.67, -16.61, -15.34, -13.75, -11.26, -6.01, -0.56, 5.70, 5.70, 7.57, 7.91, 6.28, 3.21, -0.54, -6.44, -11.06, -13.70, -15.27, -16.53, -17.60, -18.53, -19.35, -20.10, -20.76, -21.38, -21.94, -22.47, -22.91, -23.29, -23.65, -23.96, -24.33, -24.81, -25.19, -25.58, -25.89, -26.16, -26.44, -26.70, -26.90, -27.19, -27.35, -27.52, -27.73, -27.89, -28.03, -28.11, -27.99, -27.61, -27.08, -26.53, -26.46, -27.20, -28.11, -28.82, -29.19, -29.34, -29.39, -29.42, -29.49, -29.53, -29.55, -29.47, -29.40, -29.20, -28.78, -27.26, -23.53, -20.23, -17.69, -16.31, -16.31
2026-10-01, 21:37:03, 88000000, 90500000, 19531.25, 18112, -15.68, -16.86, -17.92, -16.92, -14.63, -12.92, -13.33, -15.12, -17.81, -21.95, -26.39, -28.24, -28.85, -29.17, -29.30, -29.42, -29.45, -29.46, -29.44, -29.45, -29.35, -29.14, -28.83, -28.22, -27.57, -26.60, -26.53, -27.00, -27.63, -28.08, -28.22, -28.19, -28.02, -27.82, -27.64, -27.45, -27.24, -27.02, -26.82, -26.55, -26.31, -25.99, -25.69, -25.38, -24.94, -24.50, -24.07, -23.77, -23.45, -23.07, -22.62, -22.12, -21.56, -20.93, -20.29, -19.55, -18.71, -17.77, -16.71, -15.43, -13.73, -10.81, -5.46, -1.09, 5.41, 5.41, 7.67, 7.70, 6.09, 3.24, -0.70, -6.28, -11.26, -13.73, -15.34, -16.62, -17.69, -18.62, -19.44, -20.20, -20.87, -21.49, -22.06, -22.58, -23.03, -23.40, -23.77, -24.08, -24.47, -24.92, -25.33, -25.68, -26.00, -26.27, -26.56, -26.81, -27.03, -27.25, -27.45, -27.66, -27.81, -27.98, -28.12, -28.21, -28.08, -27.72, -27.21, -26.53, -26.61, -27.36, -28.24, -28.88, -29.30, -29.47, -29.52, -29.58, -29.61, -29.67, -29.68, -29.61, -29.54, -29.32, -28.81, -26.85, -23.69, -20.60, -18.16, -16.24, -16.24
2026-10-01, 21:37:04, 88000000, 90500000, 19531.25, 18176, -15.00, -16.59, -18.81, -17.77, -14.71, -12.23, -12.79, -16.02, -19.43, -23.31, -26.97, -28.51, -28.99, -29.23, -29.39, -29.44, -29.49, -29.49, -29.46, -29.40, -29.31, -29.20, -28.93, -28.47, -27.57, -26.45, -26.21, -27.10, -27.91, -28.23, -28.28, -28.18, -28.04, -27.88, -27.68, -27.47, -27.25, -27.04, -26.85, -26.57, -26.31, -26.02, -25.74, -25.41, -24.99, -24.54, -24.05, -23.75, -23.50, -23.12, -22.65, -22.17, -21.60, -21.00, -20.34, -19.63, -18.81, -17.91, -16.88, -15.67, -14.16, -11.94, -7.31, -2.44, 5.10, 5.10, 8.09, 8.47, 5.88, 1.84, -2.35, -7.61, -11.77, -14.04, -15.55, -16.77, -17.81, -18.71, -19.54, -20.26, -20.94, -21.54, -22.10, -22.60, -23.07, -23.45, -23.76, -24.02, -24.46, -24.98, -25.38, -25.69, -25.99, -26.28, -26.57, -26.81, -27.04, -27.29, -27.49, -27.64, -27.82, -27.99, -28.16, -28.26, -28.20, -27.90, -27.32, -26.34, -26.34, -27.36, -28.47, -28.98, -29.34, -29.44, -29.50, -29.59, -29.60, -29.67, -29.70, -29.64, -29.57, -29.38, -29.05, -27.88, -24.97, -21.46, -18.84, -16.25, -16.25
2026-10-01, 21:37:05, 88000000, 90500000, 19531.25, 18176, -14.47, -16.93, -19.17, -18.16, -14.71, -11.70, -13.04, -16.40, -19.20, -23.04, -27.23, -28.54, -29.03, -29.27, -29.38, -29.48, -29.55, -29.53, -29.52, -29.45, -29.37, -29.26, -28.96, -28.57, -27.69, -26.35, -26.02, -27.27, -27.92, -28.20, -28.28, -28.23, -28.05, -27.91, -27.72, -27.52, -27.30, -27.11, -26.85, -26.60, -26.34, -26.06, -25.77, -25.42, -25.06, -24.60, -24.06, -23.83, -23.56, -23.14, -22.71, -22.21, -21.66, -21.06, -20.38, -19.68, -18.88, -17.97, -16.95, -15.78, -14.30, -12.12, -7.53, -2.60, 4.85, 4.85, 8.45, 8.79, 5.33, 1.65, -1.79, -7.88, -12.05, -14.10, -15.59, -16.80, -17.85, -18.74, -19.55, -20.30, -20.96, -21.58, -22.13, -22.63, -23.10, -23.47, -23.81, -24.02, -24.49, -25.00, -25.39, -25.73, -26.04, -26.32, -26.58, -26.86, -27.05, -27.31, -27.47, -27.65, -27.86, -28.03, -28.19, -28.26, -28.18, -28.08, -27.41, -26.15, -26.14, -27.63, -28.56, -29.01, -29.33, -29.45, -29.53, -29.61, -29.61, -29.69, -29.67, -29.65, -29.57, -29.42, -29.10, -27.81, -25.28, -21.99, -19.31, -16.22, -16.22
2026-10-01, 21:37:06, 88000000, 90500000, 19531.25, 16768, -15.58, -17.04, -18.20, -16.66, -14.62, -12.74, -13.36, -15.61, -17.82, -21.97, -26.79, -28.35, -28.93, -29.22, -29.37, -29.44, -29.48, -29.47, -29.43, -29.38, -29.32, -29.22, -28.88, -28.30, -27.43, -26.56, -26.54, -27.12, -27.79, -28.05, -28.26, -28.16, -28.02, -27.89, -27.70, -27.49, -27.27, -27.06, -26.84, -26.61, -26.33, -26.03, -25.74, -25.37, -24.97, -24.54, -24.12, -23.81, -23.51, -23.14, -22.66, -22.15, -21.60, -21.00, -20.32, -19.60, -18.78, -17.88, -16.83, -15.61, -14.09, -11.99, -7.36, -1.75, 5.77, 5.77, 7.91, 7.71, 5.73, 2.86, -0.31, -6.88, -11.63, -13.87, -15.44, -16.70, -17.76, -18.69, -19.50, -20.24, -20.91, -21.53, -22.09, -22.62, -23.07, -23.44, -23.80, -24.06, -24.52, -24.96, -25.34, -25.72, -26.04, -26.31, -26.58, -26.85, -27.05, -27.29, -27.48, -27.67, -27.87, -28.01, -28.19, -28.28, -28.17, -27.82, -27.10, -26.44, -26.68, -27.45, -28.34, -28.88, -29.35, -29.48, -29.52, -29.61, -29.61, -29.69, -29.68, -29.66, -29.57, -29.38, -29.06, -27.99, -24.87, -20.73, -17.81, -16.24, -16.24
2026-10-01, 21:37:07, 88000000, 90500000, 19531.25, 15488, -14.58, -17.20, -18.83, -17.73, -14.53, -11.86, -13.33, -16.19, -18.61, -22.66, -26.90, -28.41, -28.96, -29.21, -29.35, -29.40, -29.45, -29.47, -29.42, -29.39, -29.29, -29.18, -28.92, -28.38, -27.56, -26.47, -25.98, -27.30, -27.82, -28.09, -28.21, -28.11, -27.94, -27.81, -27.59, -27.42, -27.22, -27.00, -26.76, -26.52, -26.25, -25.96, -25.66, -25.33, -24.93, -24.48, -23.99, -23.73, -23.44, -23.03, -22.60, -22.08, -21.53, -20.93, -20.27, -19.54, -18.73, -17.82, -16.80, -15.61, -14.14, -12.04, -8.15, -2.11, 5.19, 5.19, 8.03, 8.79, 5.19, 2.20, -1.22, -7.51, -11.85, -13.98, -15.49, -16.71, -17.75, -18.66, -19.47, -20.22, -20.88, -21.48, -22.04, -22.57, -23.03, -23.39, -23.73, -23.94, -24.45, -24.89, -25.30, -25.64, -25.95, -26.24, -26.50, -26.76, -26.97, -27.21, -27.42, -27.59, -27.76, -27.95, -28.11, -28.20, -28.11, -27.87, -27.23, -26.33, -26.12, -27.60, -28.36, -28.88, -29.26, -29.38, -29.46, -29.52, -29.54, -29.60, -29.60, -29.56, -29.52, -29.35, -29.05, -27.99, -25.09, -21.48, -18.93, -16.14, -16.14
2026-10-01, 21:37:08, 88000000, 90500000, 19531.25, 15040, -15.22, -17.01, -18.15, -17.15, -14.81, -12.53, -13.44, -16.10, -17.69, -20.65, -25.55, -28.15, -28.82, -29.14, -29.31, -29.39, -29.44, -29.41, -29.43, -29.38, -29.25, -29.12, -28.71, -28.22, -27.59, -26.61, -26.34, -27.26, -27.70, -27.94, -28.12, -28.15, -27.98, -27.83, -27.62, -27.42, -27.21, -27.01, -26.78, -26.55, -26.26, -25.96, -25.68, -25.32, -24.93, -24.53, -24.06, -23.75, -23.45, -23.04, -22.60, -22.07, -21.54, -20.91, -20.24, -19.50, -18.68, -17.76, -16.69, -15.40, -13.77, -11.23, -5.06, -0.35, 5.05, 5.05, 7.67, 8.19, 5.17, 2.78, 0.20, -4.59, -10.74, -13.58, -15.24, -16.55, -17.64, -18.58, -19.43, -20.16, -20.85, -21.47, -22.04, -22.53, -23.00, -23.39, -23.72, -24.00, -24.46, -24.91, -25.29, -25.63, -25.97, -26.23, -26.53, -26.80, -27.00, -27.24, -27.45, -27.62, -27.81, -28.00, -28.13, -28.18, -27.99, -27.77, -27.34, -26.45, -26.46, -27.62, -28.30, -28.83, -29.25, -29.43, -29.53, -29.57, -29.59, -29.64, -29.64, -29.58, -29.51, -29.31, -28.86, -27.01, -23.17, -20.19, -18.54, -16.46, -16.46
2026-10-01, 21:37:09, 88000000, 90500000, 19531.25, 15552, -15.17, -16.90, -18.13, -17.27, -14.95, -12.48, -13.34, -15.64, -18.15, -21.12, -25.86, -28.14, -28.87, -29.15, -29.30, -29.37, -29.40, -29.41, -29.39, -29.36, -29.31, -29.12, -28.68, -28.28, -27.53, -26.65, -26.32, -27.09, -27.80, -28.03, -28.17, -28.15, -27.97, -27.85, -27.64, -27.42, -27.21, -27.03, -26.79, -26.55, -26.25, -25.96, -25.67, -25.35, -24.95, -24.51, -24.03, -23.75, -23.43, -23.06, -22.59, -22.08, -21.55, -20.92, -20.25, -19.51, -18.69, -17.77, -16.71, -15.43, -13.73, -10.64, -5.00, -0.58, 5.24, 5.24, 7.53, 8.14, 5.77, 2.69, -0.40, -5.25, -10.89, -13.68, -15.31, -16.59, -17.67, -18.60, -19.43, -20.18, -20.85, -21.46, -22.04, -22.54, -23.03, -23.39, -23.75, -24.03, -24.44, -24.89, -25.32, -25.64, -25.96, -26.25, -26.52, -26.77, -27.01, -27.27, -27.47, -27.63, -27.80, -27.98, -28.12, -28.17, -28.07, -27.82, -27.31, -26.59, -26.48, -27.45, -28.29, -28.85, -29.24, -29.45, -29.50, -29.55, -29.60, -29.64, -29.66, -29.59, -29.54, -29.32, -28.90, -26.44, -23.28, -20.59, -18.49, -16.62, -16.62
2026-10-01, 21:37:10, 88000000, 90500000, 19531.25, 15616, -15.39, -16.98, -18.34, -17.15, -14.42, -12.61, -13.21, -15.52, -18.40, -22.53, -26.76, -28.39, -28.97, -29.21, -29.35, -29.44, -29.48, -29.50, -29.46, -29.44, -29.35, -29.22, -28.88, -28.34, -27.50, -26.54, -26.34, -27.08, -27.77, -28.14, -28.29, -28.20, -28.02, -27.89, -27.70, -27.48, -27.28, -27.06, -26.84, -26.60, -26.32, -26.04, -25.77, -25.40, -25.00, -24.54, -24.11, -23.82, -23.50, -23.12, -22.67, -22.17, -21.61, -21.01, -20.36, -19.62, -18.80, -17.90, -16.86, -15.64, -14.16, -12.12, -7.36, -1.96, 5.54, 5.54, 7.92, 8.08, 5.81, 2.65, -1.08, -7.17, -11.71, -13.94, -15.48, -16.71, -17.78, -18.69, -19.52, -20.26, -20.92, -21.55, -22.12, -22.62, -23.09, -23.46, -23.78, -24.08, -24.50, -24.96, -25.37, -25.74, -26.02, -26.33, -26.58, -26.84, -27.06, -27.29, -27.52, -27.71, -27.86, -28.04, -28.18, -28.31, -28.22, -27.87, -27.23, -26.45, -26.54, -27.48, -28.37, -29.00, -29.36, -29.49, -29.56, -29.60, -29.65, -29.71, -29.74, -29.67, -29.63, -29.45, -29.08, -28.04, -24.84, -21.12, -18.34, -16.02, -16.02
2026-10-01, 21:37:11, 88000000, 90500000, 19531.25, 15616, -14.82, -16.80, -18.81, -17.86, -14.74, -12.08, -12.96, -16.17, -19.11, -22.67, -26.15, -28.36, -28.99, -29.32, -29.47, -29.50, -29.54, -29.56, -29.51, -29.50, -29.46, -29.23, -28.98, -28.52, -27.69, -26.48, -26.15, -27.25, -28.01, -28.27, -28.31, -28.27, -28.11, -27.97, -27.79, -27.57, -27.34, -27.13, -26.91, -26.66, -26.40, -26.10, -25.82, -25.47, -25.07, -24.64, -24.15, -23.88, -23.59, -23.21, -22.74, -22.23, -21.68, -21.09, -20.42, -19.70, -18.88, -17.99, -16.94, -15.70, -14.14, -11.73, -6.91, -2.01, 5.00, 5.00, 8.10, 8.65, 5.55, 1.80, -1.65, -6.75, -10.88, -13.80, -15.51, -16.76, -17.84, -18.77, -19.59, -20.30, -20.98, -21.63, -22.14, -22.67, -23.14, -23.53, -23.85, -24.08, -24.55, -25.03, -25.41, -25.76, -26.10, -26.39, -26.63, -26.91, -27.12, -27.37, -27.52, -27.75, -27.91, -28.10, -28.23, -28.32, -28.24, -28.04, -27.41, -26.46, -26.23, -27.51, -28.53, -29.03, -29.36, -29.50, -29.59, -29.66, -29.67, -29.74, -29.74, -29.72, -29.61, -29.43, -29.01, -27.42, -24.80, -21.48, -19.02, -16.27, -16.27
2026-10-01, 21:37:12, 88000000, 90500000, 19531.25, 15552, -15.48, -17.22, -18.11, -16.69, -14.84, -12.70, -13.64, -15.35, -17.59, -22.00, -26.22, -28.40, -28.98, -29.25, -29.39, -29.51, -29.53, -29.52, -29.53, -29.46, -29.42, -29.22, -28.96, -28.31, -27.48, -26.65, -26.49, -27.22, -27.73, -28.13, -28.30, -28.23, -28.07, -27.95, -27.75, -27.52, -27.34, -27.13, -26.91, -26.64, -26.39, -26.09, -25.78, -25.43, -25.02, -24.61, -24.18, -23.84, -23.54, -23.16, -22.70, -22.20, -21.64, -21.04, -20.37, -19.64, -18.82, -17.90, -16.84, -15.57, -13.96, -11.63, -6.00, -1.55, 5.51, 5.51, 7.70, 7.77, 5.69, 3.06, -0.34, -5.85, -11.44, -13.83, -15.39, -16.68, -17.75, -18.69, -19.52, -20.26, -20.95, -21.55, -22.12, -22.65, -23.09, -23.45, -23.82, -24.10, -24.55, -24.97, -25.35, -25.74, -26.06, -26.35, -26.61, -26.87, -27.08, -27.34, -27.53, -27.71, -27.91, -28.04, -28.21, -28.30, -28.17, -27.80, -27.30, -26.54, -26.66, -27.50, -28.29, -28.92, -29.34, -29.48, -29.55, -29.65, -29.65, -29.71, -29.71, -29.66, -29.58, -29.38, -28.97, -27.34, -24.09, -20.85, -17.93, -16.46, -16.46
2026-10-01, 21:37:13, 88000000, 90500000, 19531.25, 15616, -15.16, -17.00, -18.43, -17.27, -14.70, -12.41, -13.28, -15.94, -18.28, -21.90, -26.38, -28.40, -29.00, -29.28, -29.46, -29.51, -29.57, -29.57, -29.55, -29.52, -29.41, -29.25, -28.91, -28.40, -27.63, -26.62, -26.26, -27.22, -27.84, -28.14, -28.33, -28.27, -28.08, -27.94, -27.76, -27.55, -27.36, -27.10, -26.89, -26.66, -26.40, -26.11, -25.79, -25.46, -25.04, -24.62, -24.17, -23.88, -23.58, -23.19, -22.72, -22.22, -21.67, -21.05, -20.40, -19.64, -18.85, -17.94, -16.87, -15.63, -14.04, -11.66, -6.52, -1.37, 5.21, 5.21, 7.91, 8.31, 5.44, 2.39, -0.74, -6.59, -11.25, -13.93, -15.51, -16.77, -17.85, -18.77, -19.59, -20.32, -21.01, -21.62, -22.18, -22.69, -23.15, -23.52, -23.85, -24.12, -24.57, -25.03, -25.45, -25.80, -26.09, -26.36, -26.66, -26.92, -27.12, -27.36, -27.58, -27.74, -27.91, -28.08, -28.22, -28.30, -28.20, -27.94, -27.35, -26.48, -26.43, -27.69, -28.53, -28.98, -29.38, -29.55, -29.59, -29.66, -29.68, -29.74, -29.75, -29.69, -29.64, -29.43, -29.02, -27.45, -24.15, -20.86, -18.52, -16.29, -16.29
2026-10-01, 21:37:14, 88000000, 90500000, 19531.25, 15616, -16.16, -17.07, -17.43, -16.67, -14.76, -13.47, -13.78, -15.19, -16.97, -20.00, -25.74, -28.15, -28.84, -29.15, -29.34, -29.39, -29.49, -29.50, -29.48, -29.42, -29.36, -29.15, -28.67, -28.18, -27.53, -26.86, -26.70, -27.18, -27.62, -27.86, -28.20, -28.19, -28.03, -27.89, -27.71, -27.47, -27.27, -27.08, -26.82, -26.60, -26.29, -26.03, -25.70, -25.34, -24.96, -24.56, -24.13, -23.80, -23.46, -23.06, -22.60, -22.12, -21.54, -20.92, -20.24, -19.50, -18.67, -17.71, -16.62, -15.31, -13.58, -10.41, -4.41, 0.36, 5.46, 5.46, 7.12, 7.28, 5.66, 3.70, 1.01, -4.83, -10.91, -13.54, -15.21, -16.54, -17.65, -18.60, -19.43, -20.19, -20.87, -21.49, -22.08, -22.56, -23.04, -23.44, -23.79, -24.13, -24.53, -24.94, -25.31, -25.69, -26.03, -26.30, -26.58, -26.82, -27.05, -27.28, -27.51, -27.66, -27.85, -28.02, -28.15, -28.22, -28.00, -27.71, -27.23, -26.71, -26.86, -27.48, -28.15, -28.75, -29.27, -29.48, -29.52, -29.57, -29.61, -29.68, -29.68, -29.62, -29.55, -29.31, -28.77, -26.30, -22.50, -19.68, -18.07, -16.49, -16.49
2026-10-01, 21:37:15, 88000000, 90500000, 19531.25, 15616, -15.92, -16.75, -17.74, -16.91, -14.74, -13.21, -13.18, -15.12, -17.87, -21.54, -26.00, -28.24, -28.89, -29.20, -29.33, -29.43, -29.46, -29.46, -29.45, -29.43, -29.31, -29.18, -28.84, -28.23, -27.49, -26.76, -26.48, -26.96, -27.70, -28.07, -28.21, -28.17, -28.03, -27.87, -27.67, -27.46, -27.28, -27.04, -26.82, -26.58, -26.31, -26.01, -25.74, -25.33, -24.96, -24.52, -24.13, -23.77, -23.49, -23.09, -22.63, -22.12, -21.57, -20.97, -20.28, -19.56, -18.71, -17.81, -16.73, -15.45, -13.82, -10.85, -5.68, -0.71, 5.47, 5.47, 7.34, 7.75, 6.15, 3.11, -0.46, -5.58, -11.17, -13.64, -15.29, -16.59, -17.66, -18.61, -19.44, -20.19, -20.86, -21.49, -22.05, -22.57, -23.01, -23.40, -23.75, -24.08, -24.45, -24.90, -25.33, -25.69, -26.02, -26.27, -26.55, -26.83, -27.04, -27.26, -27.47, -27.65, -27.85, -28.01, -28.16, -28.26, -28.05, -27.78, -27.29, -26.69, -26.60, -27.40, -28.28, -28.88, -29.29, -29.46, -29.52, -29.59, -29.61, -29.66, -29.66, -29.63, -29.55, -29.34, -28.91, -26.80, -23.73, -20.28, -18.14, -16.41, -16.41
2026-10-01, 21:37:16, 88000000, 90500000, 19531.25, 15552, -14.89, -16.82, -18.65, -17.68, -14.65, -12.13, -13.03, -16.09, -19.03, -22.71, -26.87, -28.49, -28.99, -29.24, -29.40, -29.46, -29.49, -29.54, -29.48, -29.42, -29.38, -29.25, -28.89, -28.45, -27.59, -26.42, -26.14, -27.22, -27.91, -28.19, -28.29, -28.21, -28.06, -27.91, -27.70, -27.47, -27.31, -27.08, -26.86, -26.59, -26.32, -26.04, -25.77, -25.43, -25.02, -24.58, -24.07, -23.81, -23.52, -23.14, -22.68, -22.18, -21.62, -21.02, -20.35, -19.63, -18.81, -17.92, -16.87, -15.67, -14.18, -12.12, -7.04, -1.80, 5.10, 5.10, 8.19, 8.53, 5.48, 2.03, -1.72, -7.23, -11.83, -14.06, -15.57, -16.79, -17.84, -18.76, -19.57, -20.30, -20.96, -21.58, -22.13, -22.65, -23.11, -23.50, -23.83, -24.07, -24.50, -25.01, -25.40, -25.75, -26.05, -26.35, -26.61, -26.85, -27.10, -27.34, -27.51, -27.69, -27.92, -28.03, -28.22, -28.29, -28.18, -27.99, -27.36, -26.31, -26.34, -27.60, -28.49, -28.99, -29.34, -29.47, -29.55, -29.63, -29.65, -29.69, -29.70, -29.67, -29.59, -29.44, -29.08, -28.01, -24.50, -21.19, -18.84, -16.17, -16.17
2026-10-01, 21:37:17, 88000000, 90500000, 19531.25, 15616, -15.88, -16.98, -17.78, -16.65, -14.71, -13.13, -13.39, -15.21, -17.46, -21.51, -26.02, -28.11, -28.84, -29.14, -29.30, -29.38, -29.42, -29.45, -29.39, -29.39, -29.32, -29.16, -28.77, -28.20, -27.41, -26.70, -26.52, -27.05, -27.70, -28.03, -28.25, -28.20, -28.01, -27.85, -27.67, -27.47, -27.25, -27.04, -26.79, -26.58, -26.32, -26.02, -25.70, -25.36, -24.92, -24.55, -24.14, -23.77, -23.47, -23.09, -22.62, -22.12, -21.57, -20.94, -20.29, -19.55, -18.73, -17.81, -16.78, -15.49, -13.89, -11.39, -6.74, -1.00, 5.62, 5.62, 7.40, 7.60, 5.96, 3.33, -0.12, -5.81, -10.89, -13.62, -15.28, -16.57, -17.65, -18.60, -19.44, -20.18, -20.87, -21.48, -22.04, -22.57, -23.03, -23.40, -23.75, -24.08, -24.46, -24.93, -25.34, -25.68, -26.00, -26.31, -26.57, -26.84, -27.05, -27.29, -27.48, -27.66, -27.83, -28.00, -28.18, -28.30, -28.11, -27.75, -27.20, -26.72, -26.70, -27.42, -28.21, -28.83, -29.31, -29.45, -29.55, -29.61, -29.59, -29.66, -29.70, -29.66, -29.56, -29.40, -29.01, -27.54, -24.12, -20.29, -17.89, -16.40, -16.40
2026-10-01, 21:37:18, 88000000, 90500000, 19531.25, 15552, -15.76, -17.02, -17.88, -16.70, -14.64, -13.01, -13.44, -15.31, -17.81, -21.61, -25.79, -28.25, -28.90, -29.18, -29.35, -29.46, -29.50, -29.50, -29.47, -29.44, -29.38, -29.19, -28.90, -28.26, -27.44, -26.67, -26.55, -27.12, -27.75, -28.09, -28.29, -28.24, -28.06, -27.90, -27.72, -27.52, -27.30, -27.09, -26.88, -26.62, -26.34, -26.07, -25.76, -25.39, -25.00, -24.59, -24.17, -23.81, -23.54, -23.12, -22.67, -22.17, -21.61, -21.01, -20.33, -19.58, -18.75, -17.84, -16.77, -15.49, -13.88, -11.19, -5.92, -1.10, 5.54, 5.54, 7.59, 7.67, 5.89, 2.98, -0.19, -6.04, -10.86, -13.79, -15.42, -16.69, -17.78, -18.72, -19.53, -20.29, -20.96, -21.58, -22.14, -22.67, -23.11, -23.49, -23.85, -24.15, -24.53, -25.01, -25.39, -25.76, -26.09, -26.37, -26.65, -26.91, -27.09, -27.35, -27.54, -27.73, -27.92, -28.09, -28.22, -28.29, -28.14, -27.75, -27.29, -26.66, -26.71, -27.46, -28.32, -28.91, -29.39, -29.50, -29.56, -29.64, -29.68, -29.74, -29.73, -29.67, -29.62, -29.44, -28.99, -27.06, -24.12, -20.32, -17.93, -16.29, -16.29
2026-10-01, 21:37:19, 88000000, 90500000, 19531.25, 15680, -15.24, -17.27, -18.04, -16.64, -15.00, -12.50, -13.64, -15.65, -17.64, -21.37, -26.24, -28.23, -28.88, -29.18, -29.31, -29.39, -29.44, -29.42, -29.42, -29.39, -29.32, -29.16, -28.76, -28.20, -27.48, -26.66, -26.31, -27.21, -27.61, -27.99, -28.17, -28.15, -27.97, -27.84, -27.61, -27.45, -27.24, -27.00, -26.80, -26.53, -26.28, -25.99, -25.68, -25.34, -24.91, -24.53, -24.03, -23.74, -23.44, -23.04, -22.59, -22.09, -21.53, -20.92, -20.24, -19.52, -18.70, -17.76, -16.72, -15.47, -13.92, -11.62, -6.61, -0.99, 5.43, 5.43, 7.55, 8.02, 5.39, 3.14, -0.20, -5.85, -11.12, -13.68, -15.31, -16.58, -17.67, -18.59, -19.42, -20.18, -20.85, -21.47, -22.04, -22.54, -23.00, -23.38, -23.73, -24.01, -24.48, -24.91, -25.28, -25.64, -25.95, -26.27, -26.53, -26.80, -26.98, -27.26, -27.44, -27.63, -27.80, -27.98, -28.15, -28.21, -28.09, -27.67, -27.24, -26.56, -26.54, -27.60, -28.25, -28.82, -29.24, -29.44, -29.51, -29.55, -29.59, -29.67, -29.65, -29.62, -29.54, -29.34, -28.99, -27.59, -23.97, -20.34, -17.90, -16.65, -16.65
2026-10-01, 21:37:20, 88000000, 90500000, 19531.25, 15552, -16.12, -17.11, -17.35, -16.52, -14.78, -13.47, -13.71, -15.26, -16.97, -20.09, -25.30, -28.06, -28.84, -29.20, -29.39, -29.45, -29.52, -29.53, -29.52, -29.47, -29.39, -29.20, -28.73, -28.11, -27.52, -26.90, -26.65, -27.23, -27.67, -28.00, -28.20, -28.25, -28.07, -27.92, -27.73, -27.53, -27.32, -27.11, -26.88, -26.63, -26.37, -26.07, -25.75, -25.40, -25.00, -24.59, -24.19, -23.86, -23.52, -23.11, -22.64, -22.18, -21.60, -20.97, -20.30, -19.56, -18.71, -17.78, -16.67, -15.35, -13.53, -10.44, -5.09, 0.45, 5.55, 5.55, 6.97, 7.47, 5.59, 3.63, 0.95, -4.33, -10.62, -13.49, -15.23, -16.55, -17.67, -18.63, -19.48, -20.22, -20.90, -21.54, -22.10, -22.61, -23.08, -23.46, -23.81, -24.17, -24.57, -24.97, -25.34, -25.72, -26.07, -26.34, -26.61, -26.87, -27.08, -27.33, -27.53, -27.70, -27.90, -28.07, -28.21, -28.26, -28.02, -27.71, -27.24, -26.88, -26.80, -27.52, -28.16, -28.73, -29.27, -29.51, -29.58, -29.62, -29.61, -29.71, -29.69, -29.64, -29.55, -29.27, -28.72, -26.62, -22.73, -19.47, -17.88, -16.55, -16.55
2026-10-01, 21:37:21, 88000000, 90500000, 19531.25, 15552, -15.63, -16.96, -18.01, -17.02, -14.39, -12.83, -13.26, -15.29, -18.18, -22.32, -26.80, -28.32, -28.92, -29.22, -29.35, -29.43, -29.48, -29.49, -29.44, -29.42, -29.36, -29.24, -28.87, -28.29, -27.44, -26.56, -26.52, -27.00, -27.73, -28.09, -28.24, -28.22, -28.04, -27.87, -27.65, -27.48, -27.28, -27.04, -26.85, -26.60, -26.32, -26.02, -25.72, -25.38, -24.97, -24.54, -24.11, -23.80, -23.46, -23.10, -22.66, -22.14, -21.59, -20.98, -20.32, -19.59, -18.77, -17.85, -16.81, -15.59, -14.06, -11.88, -7.59, -1.46, 5.67, 5.67, 7.84, 7.84, 5.95, 2.98, -0.96, -7.03, -11.52, -13.88, -15.46, -16.70, -17.75, -18.70, -19.48, -20.24, -20.91, -21.55, -22.08, -22.62, -23.07, -23.44, -23.77, -24.09, -24.49, -24.96, -25.33, -25.72, -26.04, -26.30, -26.56, -26.83, -27.06, -27.30, -27.48, -27.72, -27.86, -28.02, -28.18, -28.30, -28.15, -27.81, -27.19, -26.46, -26.58, -27.46, -28.29, -28.95, -29.33, -29.48, -29.54, -29.59, -29.63, -29.67, -29.69, -29.64, -29.56, -29.39, -29.04, -27.96, -24.75, -20.68, -18.19, -16.00, -16.00
2026-10-01, 21:37:22, 88000000, 90500000, 19531.25, 15552, -16.02, -17.23, -17.84, -16.46, -14.28, -13.24, -13.62, -15.18, -17.32, -21.17, -26.06, -28.17, -28.85, -29.15, -29.31, -29.40, -29.45, -29.48, -29.45, -29.35, -29.32, -29.17, -28.82, -28.17, -27.32, -26.63, -26.65, -27.08, -27.63, -28.00, -28.23, -28.18, -28.01, -27.86, -27.65, -27.47, -27.24, -27.03, -26.80, -26.56, -26.31, -26.00, -25.73, -25.37, -24.92, -24.53, -24.12, -23.81, -23.45, -23.07, -22.61, -22.15, -21.57, -20.95, -20.29, -19.57, -18.74, -17.83, -16.77, -15.55, -13.96, -11.58, -7.18, -1.51, 6.06, 6.06, 7.57, 7.33, 5.87, 3.50, 0.10, -5.60, -11.07, -13.63, -15.27, -16.57, -17.66, -18.60, -19.43, -20.18, -20.85, -21.49, -22.06, -22.54, -23.02, -23.39, -23.73, -24.10, -24.47, -24.91, -25.32, -25.65, -25.99, -26.27, -26.53, -26.81, -27.05, -27.27, -27.48, -27.64, -27.82, -27.98, -28.15, -28.25, -28.17, -27.70, -27.02, -26.64, -26.78, -27.44, -28.12, -28.82, -29.26, -29.47, -29.48, -29.58, -29.59, -29.67, -29.66, -29.63, -29.54, -29.34, -28.97, -27.73, -24.80, -20.37, -17.65, -15.98, -15.98
2026-10-01, 21:37:23, 88000000, 90500000, 19531.25, 16448, -16.20, -17.01, -17.50, -16.43, -14.62, -13.48, -13.59, -15.02, -17.30, -20.79, -25.39, -28.02, -28.84, -29.15, -29.31, -29.42, -29.44, -29.46, -29.44, -29.40, -29.30, -29.16, -28.76, -28.10, -27.39, -26.80, -26.66, -27.06, -27.57, -27.98, -28.16, -28.14, -27.98, -27.85, -27.62, -27.46, -27.25, -27.03, -26.81, -26.55, -26.30, -25.99, -25.67, -25.34, -24.93, -24.52, -24.12, -23.76, -23.41, -23.06, -22.59, -22.10, -21.51, -20.91, -20.24, -19.48, -18.65, -17.72, -16.64, -15.34, -13.61, -10.68, -5.20, -0.52, 5.75, 5.75, 7.15, 7.35, 5.96, 3.63, 0.20, -4.80, -10.40, -13.46, -15.22, -16.54, -17.64, -18.59, -19.41, -20.17, -20.84, -21.47, -22.04, -22.56, -22.99, -23.37, -23.73, -24.07, -24.47, -24.89, -25.30, -25.64, -26.00, -26.29, -26.53, -26.81, -27.00, -27.23, -27.45, -27.62, -27.84, -27.99, -28.13, -28.19, -28.02, -27.64, -27.12, -26.76, -26.78, -27.35, -28.14, -28.75, -29.24, -29.41, -29.52, -29.56, -29.59, -29.65, -29.64, -29.58, -29.51, -29.28, -28.79, -27.02, -23.26, -19.87, -17.69, -16.36, -16.36
2026-10-01, 21:37:24, 88000000, 90500000, 19531.25, 18176, -15.36, -16.80, -18.33, -17.29, -14.41, -12.58, -13.12, -15.53, -18.50, -22.51, -26.68, -28.39, -28.95, -29.23, -29.38, -29.46, -29.47, -29.46, -29.46, -29.42, -29.36, -29.22, -28.91, -28.32, -27.51, -26.50, -26.34, -27.11, -27.83, -28.18, -28.25, -28.21, -28.03, -27.92, -27.69, -27.48, -27.29, -27.08, -26.86, -26.61, -26.32, -26.03, -25.75, -25.38, -24.97, -24.54, -24.11, -23.81, -23.48, -23.11, -22.67, -22.16, -21.60, -20.99, -20.33, -19.61, -18.79, -17.87, -16.85, -15.62, -14.04, -11.81, -7.02, -1.78, 5.43, 5.43, 8.02, 8.09, 5.89, 2.59, -1.23, -6.91, -11.78, -13.98, -15.49, -16.73, -17.79, -18.71, -19.53, -20.27, -20.92, -21.53, -22.10, -22.62, -23.07, -23.45, -23.78, -24.08, -24.48, -24.96, -25.34, -25.69, -26.02, -26.31, -26.59, -26.83, -27.08, -27.28, -27.50, -27.65, -27.84, -28.02, -28.18, -28.23, -28.16, -27.87, -27.20, -26.41, -26.46, -27.45, -28.35, -28.94, -29.33, -29.46, -29.51, -29.59, -29.63, -29.65, -29.68, -29.63, -29.55, -29.36, -29.01, -27.64, -24.52, -21.03, -18.43, -16.00, -16.00
2026-10-01, 21:37:25, 88000000, 90500000, 19531.25, 18176, -16.02, -16.93, -17.62, -16.37, -14.73, -13.31, -13.35, -15.15, -17.43, -21.17, -26.42, -28.26, -28.87, -29.14, -29.32, -29.37, -29.46, -29.44, -29.41, -29.40, -29.31, -29.13, -28.76, -28.08, -27.41, -26.78, -26.51, -27.10, -27.63, -27.96, -28.19, -28.12, -27.98, -27.82, -27.63, -27.38, -27.22, -27.00, -26.79, -26.53, -26.26, -25.96, -25.67, -25.31, -24.86, -24.50, -24.08, -23.73, -23.41, -23.01, -22.56, -22.06, -21.50, -20.87, -20.23, -19.48, -18.66, -17.73, -16.66, -15.38, -13.76, -11.20, -6.46, -0.50, 5.68, 5.68, 7.23, 7.62, 6.01, 3.38, 0.16, -6.06, -11.27, -13.68, -15.27, -16.56, -17.66, -18.57, -19.40, -20.15, -20.84, -21.45, -22.02, -22.53, -22.97, -23.36, -23.71, -24.05, -24.44, -24.88, -25.27, -25.63, -25.94, -26.22, -26.51, -26.77, -26.99, -27.22, -27.40, -27.58, -27.75, -27.96, -28.09, -28.17, -27.98, -27.63, -27.12, -26.67, -26.65, -27.32, -28.10, -28.76, -29.24, -29.39, -29.46, -29.50, -29.54, -29.57, -29.61, -29.55, -29.48, -29.27, -28.84, -27.29, -23.83, -19.99, -17.60, -16.42, -16.42
2026-10-01, 21:37:26, 88000000, 90500000, 19531.25, 15744, -15.77, -16.58, -18.06, -17.05, -14.61, -13.05, -13.02, -15.32, -18.13, -21.33, -25.68, -28.18, -28.87, -29.19, -29.31, -29.43, -29.45, -29.47, -29.45, -29.41, -29.35, -29.15, -28.80, -28.26, -27.49, -26.65, -26.43, -26.98, -27.79, -28.05, -28.21, -28.19, -28.01, -27.88, -27.68, -27.48, -27.26, -27.07, -26.83, -26.57, -26.30, -26.05, -25.73, -25.37, -24.94, -24.53, -24.13, -23.77, -23.49, -23.09, -22.62, -22.14, -21.56, -20.94, -20.28, -19.54, -18.73, -17.79, -16.72, -15.41, -13.48, -10.33, -5.03, -0.83, 5.42, 5.42, 7.52, 7.90, 6.16, 2.80, -0.40, -5.53, -10.66, -13.70, -15.33, -16.60, -17.69, -18.63, -19.45, -20.22, -20.88, -21.51, -22.07, -22.59, -23.06, -23.43, -23.77, -24.08, -24.49, -24.92, -25.32, -25.70, -26.00, -26.30, -26.57, -26.84, -27.06, -27.30, -27.48, -27.67, -27.84, -28.03, -28.14, -28.21, -28.12, -27.86, -27.20, -26.66, -26.56, -27.38, -28.32, -28.90, -29.27, -29.41, -29.51, -29.60, -29.62, -29.65, -29.66, -29.59, -29.53, -29.34, -28.60, -26.50, -23.32, -20.71, -18.26, -16.25, -16.25
2026-10-01, 21:37:27, 88000000, 90500000, 19531.25, 15552, -15.45, -16.84, -17.97, -17.22, -14.57, -12.72, -13.19, -15.36, -18.05, -22.01, -26.67, -28.36, -28.91, -29.15, -29.32, -29.38, -29.42, -29.45, -29.39, -29.40, -29.33, -29.15, -28.78, -28.32, -27.51, -26.58, -26.38, -27.06, -27.65, -28.05, -28.21, -28.15, -27.98, -27.82, -27.64, -27.44, -27.23, -27.03, -26.76, -26.53, -26.28, -25.97, -25.67, -25.35, -24.94, -24.49, -24.07, -23.76, -23.44, -23.05, -22.61, -22.10, -21.54, -20.93, -20.26, -19.53, -18.71, -17.80, -16.72, -15.45, -13.83, -11.21, -6.23, -0.86, 5.37, 5.37, 7.77, 8.04, 5.92, 2.98, -0.75, -6.81, -11.51, -13.84, -15.39, -16.67, -17.73, -18.63, -19.46, -20.21, -20.88, -21.52, -22.04, -22.57, -23.05, -23.40, -23.75, -24.03, -24.45, -24.90, -25.34, -25.67, -25.98, -26.26, -26.52, -26.81, -27.02, -27.25, -27.46, -27.66, -27.80, -27.99, -28.12, -28.23, -28.11, -27.79, -27.21, -26.51, -26.45, -27.45, -28.24, -28.88, -29.32, -29.45, -29.51, -29.56, -29.60, -29.68, -29.65, -29.60, -29.55, -29.37, -28.94, -27.26, -23.85, -20.55, -18.45, -16.16, -16.16
2026-10-01, 21:37:28, 88000000, 90500000, 19531.25, 15616, -15.79, -17.02, -17.66, -16.75, -14.55, -13.05, -13.44, -15.11, -17.75, -21.85, -26.09, -28.26, -28.91, -29.22, -29.36, -29.42, -29.48, -29.51, -29.45, -29.44, -29.31, -29.19, -28.86, -28.20, -27.46, -26.68, -26.53, -27.08, -27.63, -28.03, -28.28, -28.18, -28.02, -27.90, -27.66, -27.48, -27.30, -27.06, -26.83, -26.59, -26.29, -26.03, -25.74, -25.37, -24.97, -24.53, -24.12, -23.78, -23.45, -23.09, -22.64, -22.12, -21.57, -20.94, -20.29, -19.54, -18.73, -17.79, -16.75, -15.49, -13.90, -11.17, -6.47, -0.92, 5.66, 5.66, 7.55, 7.65, 6.00, 3.36, -0.54, -6.35, -11.05, -13.72, -15.37, -16.64, -17.71, -18.65, -19.47, -20.22, -20.90, -21.52, -22.08, -22.60, -23.05, -23.43, -23.75, -24.07, -24.49, -24.94, -25.34, -25.71, -26.01, -26.31, -26.56, -26.81, -27.03, -27.28, -27.47, -27.67, -27.85, -27.99, -28.19, -28.25, -28.10, -27.71, -27.17, -26.64, -26.65, -27.40, -28.18, -28.91, -29.30, -29.43, -29.51, -29.55, -29.58, -29.67, -29.65, -29.58, -29.55, -29.33, -28.90, -27.43, -24.18, -20.18, -17.96, -16.20, -16.20
2026-10-01, 21:37:29, 88000000, 90500000, 19531.25, 15552, -16.11, -17.10, -17.38, -16.08, -14.64, -13.37, -13.69, -14.87, -17.00, -20.60, -25.19, -27.86, -28.72, -29.04, -29.23, -29.32, -29.37, -29.38, -29.34, -29.32, -29.25, -29.07, -28.64, -27.96, -27.31, -26.71, -26.63, -27.00, -27.45, -27.86, -28.11, -28.08, -27.93, -27.75, -27.56, -27.37, -27.17, -26.93, -26.73, -26.46, -26.20, -25.91, -25.61, -25.26, -24.82, -24.43, -24.03, -23.71, -23.34, -22.94, -22.49, -21.98, -21.44, -20.81, -20.15, -19.39, -18.57, -17.62, -16.54, -15.25, -13.57, -10.87, -5.26, -0.39, 5.82, 5.82, 7.25, 7.32, 5.93, 3.86, 0.60, -4.90, -9.88, -13.32, -15.09, -16.41, -17.51, -18.47, -19.30, -20.07, -20.74, -21.37, -21.92, -22.45, -22.91, -23.29, -23.64, -24.02, -24.38, -24.80, -25.20, -25.55, -25.90, -26.19, -26.44, -26.70, -26.93, -27.16, -27.35, -27.55, -27.73, -27.91, -28.04, -28.11, -27.97, -27.48, -27.07, -26.66, -26.72, -27.37, -28.02, -28.66, -29.16, -29.32, -29.42, -29.46, -29.50, -29.51, -29.54, -29.46, -29.38, -29.19, -28.71, -26.87, -23.16, -19.75, -17.39, -16.38, -16.38
2026-10-01, 21:37:30, 88000000, 90500000, 19531.25, 15552, -17.10, -17.55, -16.57, -15.36, -14.67, -14.38, -14.71, -15.19, -16.24, -17.89, -21.54, -26.58, -28.34, -28.81, -29.06, -29.20, -29.25, -29.29, -29.24, -29.22, -29.12, -28.93, -28.27, -27.56, -27.11, -26.95, -26.95, -27.14, -27.36, -27.58, -27.76, -27.94, -27.78, -27.69, -27.47, -27.26, -27.07, -26.85, -26.64, -26.35, -26.11, -25.79, -25.47, -25.11, -24.67, -24.33, -23.97, -23.61, -23.26, -22.81, -22.34, -21.85, -21.28, -20.65, -19.94, -19.19, -18.34, -17.37, -16.23, -14.88, -13.11, -10.20, -4.12, 1.90, 6.15, 6.15, 6.44, 6.11, 5.26, 4.04, 2.32, -0.64, -6.89, -12.12, -14.45, -15.98, -17.19, -18.20, -19.08, -19.87, -20.59, -21.22, -21.81, -22.33, -22.76, -23.15, -23.58, -23.95, -24.34, -24.73, -25.09, -25.46, -25.81, -26.10, -26.35, -26.62, -26.84, -27.09, -27.29, -27.49, -27.64, -27.84, -28.00, -27.98, -27.64, -27.20, -26.93, -26.94, -27.17, -27.56, -27.88, -28.35, -28.81, -29.20, -29.32, -29.38, -29.41, -29.43, -29.46, -29.38, -29.30, -29.06, -28.52, -26.58, -21.46, -18.04, -16.69, -16.67, -16.67
2026-10-01, 21:37:31, 88000000, 90500000, 19531.25, 15552, -16.69, -17.49, -16.70, -15.20, -14.23, -13.92, -14.44, -15.19, -15.95, -17.69, -22.40, -26.90, -28.25, -28.70, -28.92, -29.05, -29.10, -29.10, -29.08, -29.04, -29.00, -28.83, -28.26, -27.48, -26.87, -26.69, -26.79, -27.02, -27.23, -27.42, -27.66, -27.79, -27.66, -27.52, -27.32, -27.13, -26.93, -26.68, -26.48, -26.21, -25.96, -25.66, -25.35, -24.96, -24.55, -24.17, -23.80, -23.46, -23.09, -22.67, -22.21, -21.70, -21.15, -20.51, -19.84, -19.08, -18.23, -17.28, -16.18, -14.84, -13.13, -10.34, -4.85, 1.28, 6.55, 6.55, 6.96, 6.51, 5.33, 4.22, 2.58, -0.95, -7.94, -12.36, -14.43, -15.88, -17.08, -18.08, -18.93, -19.72, -20.42, -21.05, -21.63, -22.17, -22.62, -22.97, -23.39, -23.77, -24.18, -24.55, -24.92, -25.25, -25.63, -25.93, -26.21, -26.47, -26.69, -26.93, -27.10, -27.31, -27.48, -27.65, -27.85, -27.84, -27.55, -27.05, -26.72, -26.64, -26.85, -27.30, -27.70, -28.17, -28.67, -29.06, -29.17, -29.21, -29.24, -29.28, -29.29, -29.20, -29.12, -28.92, -28.42, -26.74, -22.13, -18.27, -16.49, -16.16, -16.16
2026-10-01, 21:37:32, 88000000, 90500000, 19531.25, 15552, -16.75, -17.16, -16.47, -15.21, -14.32, -14.03, -14.15, -14.65, -15.89, -18.37, -22.71, -26.97, -28.23, -28.66, -28.89, -29.02, -29.04, -29.10, -29.07, -29.00, -28.94, -28.75, -28.17, -27.52, -26.88, -26.62, -26.69, -26.83, -27.09, -27.48, -27.67, -27.77, -27.63, -27.50, -27.27, -27.08, -26.88, -26.67, -26.41, -26.14, -25.91, -25.60, -25.30, -24.93, -24.50, -24.13, -23.79, -23.43, -23.04, -22.62, -22.17, -21.67, -21.10, -20.48, -19.79, -19.02, -18.16, -17.22, -16.08, -14.76, -13.01, -10.24, -4.13, 1.60, 6.47, 6.47, 6.88, 6.58, 5.83, 4.58, 2.16, -1.64, -8.12, -12.45, -14.48, -15.93, -17.10, -18.09, -18.97, -19.75, -20.43, -21.06, -21.65, -22.14, -22.60, -22.99, -23.38, -23.78, -24.16, -24.52, -24.90, -25.25, -25.64, -25.92, -26.18, -26.46, -26.67, -26.93, -27.09, -27.29, -27.48, -27.64, -27.83, -27.78, -27.50, -27.04, -26.72, -26.64, -26.86, -27.20, -27.62, -28.25, -28.74, -29.06, -29.17, -29.20, -29.20, -29.25, -29.29, -29.20, -29.13, -28.87, -28.36, -26.30, -21.65, -18.24, -16.55, -16.20, -16.20
2026-10-01, 21:37:33, 88000000, 90500000, 19531.25, 15552, -16.92, -16.99, -16.53, -15.60, -14.88, -14.25, -14.08, -14.54, -16.29, -18.94, -23.00, -27.18, -28.50, -28.91, -29.13, -29.24, -29.29, -29.29, -29.26, -29.24, -29.17, -28.92, -28.35, -27.70, -27.23, -26.96, -26.85, -26.99, -27.22, -27.68, -27.90, -27.99, -27.80, -27.65, -27.47, -27.27, -27.09, -26.86, -26.62, -26.35, -26.10, -25.79, -25.47, -25.10, -24.70, -24.34, -23.97, -23.60, -23.21, -22.81, -22.34, -21.85, -21.29, -20.66, -19.97, -19.20, -18.34, -17.37, -16.23, -14.84, -12.99, -9.68, -3.57, 1.77, 5.90, 5.90, 6.44, 6.57, 5.96, 4.47, 1.65, -2.28, -8.33, -12.60, -14.70, -16.14, -17.31, -18.28, -19.16, -19.93, -20.62, -21.28, -21.83, -22.34, -22.82, -23.19, -23.58, -23.96, -24.33, -24.71, -25.12, -25.48, -25.80, -26.11, -26.39, -26.63, -26.85, -27.09, -27.30, -27.48, -27.66, -27.85, -27.99, -27.95, -27.63, -27.28, -26.99, -26.90, -26.99, -27.26, -27.84, -28.50, -28.96, -29.24, -29.35, -29.40, -29.40, -29.46, -29.45, -29.40, -29.28, -29.02, -28.40, -26.13, -21.16, -18.47, -16.96, -16.76, -16.76
2026-10-01, 21:37:34, 88000000, 90500000, 19531.25, 15680, -17.07, -16.84, -16.61, -16.06, -15.23, -14.45, -13.99, -14.52, -16.31, -19.58, -23.98, -27.57, -28.66, -29.05, -29.25, -29.36, -29.43, -29.43, -29.41, -29.38, -29.27, -29.01, -28.46, -27.92, -27.50, -27.11, -26.95, -27.02, -27.39, -27.86, -28.11, -28.15, -27.99, -27.87, -27.63, -27.44, -27.25, -27.01, -26.81, -26.52, -26.27, -25.96, -25.65, -25.29, -24.88, -24.51, -24.14, -23.76, -23.40, -23.00, -22.54, -22.02, -21.45, -20.84, -20.15, -19.38, -18.51, -17.53, -16.40, -15.00, -13.14, -9.52, -2.87, 1.81, 5.45, 5.45, 6.25, 6.46, 6.09, 4.49, 1.29, -3.14, -9.34, -13.01, -14.93, -16.33, -17.49, -18.47, -19.32, -20.11, -20.79, -21.43, -21.99, -22.51, -22.96, -23.39, -23.75, -24.14, -24.48, -24.84, -25.27, -25.64, -25.97, -26.28, -26.55, -26.79, -27.03, -27.25, -27.46, -27.65, -27.83, -28.00, -28.13, -28.10, -27.78, -27.49, -27.21, -27.09, -27.19, -27.32, -27.94, -28.66, -29.18, -29.43, -29.51, -29.58, -29.57, -29.61, -29.62, -29.55, -29.44, -29.16, -28.50, -25.63, -20.99, -18.63, -17.49, -17.07, -17.07
2026-10-01, 21:37:35, 88000000, 90500000, 19531.25, 15616, -16.91, -16.92, -16.59, -15.94, -15.14, -14.29, -13.86, -14.27, -16.33, -20.08, -24.96, -27.86, -28.72, -29.10, -29.28, -29.35, -29.43, -29.44, -29.41, -29.39, -29.29, -29.03, -28.54, -27.97, -27.45, -27.06, -26.86, -26.99, -27.34, -27.87, -28.14, -28.13, -27.99, -27.81, -27.66, -27.43, -27.22, -27.02, -26.76, -26.54, -26.24, -25.97, -25.65, -25.27, -24.88, -24.51, -24.14, -23.75, -23.37, -22.99, -22.53, -22.03, -21.47, -20.83, -20.15, -19.40, -18.56, -17.59, -16.49, -15.11, -13.31, -9.90, -3.74, 1.26, 5.57, 5.57, 6.35, 6.73, 6.25, 4.56, 1.12, -4.13, -9.92, -13.17, -14.99, -16.36, -17.48, -18.46, -19.32, -20.07, -20.78, -21.40, -21.97, -22.48, -22.95, -23.31, -23.71, -24.09, -24.45, -24.82, -25.23, -25.63, -25.94, -26.25, -26.52, -26.78, -26.99, -27.22, -27.42, -27.61, -27.78, -27.95, -28.12, -28.12, -27.83, -27.42, -27.20, -27.03, -27.01, -27.29, -27.91, -28.67, -29.20, -29.39, -29.47, -29.52, -29.53, -29.60, -29.61, -29.52, -29.43, -29.18, -28.57, -25.99, -21.65, -18.78, -17.36, -16.98, -16.98
2026-10-01, 21:37:36, 88000000, 90500000, 19531.25, 15616, -16.70, -16.91, -16.69, -16.07, -15.04, -14.04, -13.79, -14.50, -16.54, -20.12, -25.00, -27.90, -28.73, -29.05, -29.25, -29.37, -29.39, -29.42, -29.43, -29.35, -29.29, -29.04, -28.54, -27.90, -27.35, -27.02, -26.89, -26.94, -27.38, -27.86, -28.16, -28.16, -27.96, -27.82, -27.61, -27.41, -27.22, -26.99, -26.79, -26.51, -26.24, -25.94, -25.66, -25.27, -24.90, -24.50, -24.11, -23.75, -23.36, -22.99, -22.51, -22.02, -21.46, -20.84, -20.15, -19.41, -18.55, -17.58, -16.45, -15.10, -13.25, -9.83, -3.77, 1.12, 5.59, 5.59, 6.66, 6.80, 6.19, 4.29, 1.06, -4.34, -10.06, -13.20, -15.01, -16.40, -17.51, -18.47, -19.33, -20.09, -20.78, -21.42, -21.97, -22.51, -22.94, -23.32, -23.73, -24.11, -24.42, -24.84, -25.24, -25.61, -25.95, -26.25, -26.54, -26.78, -26.99, -27.25, -27.42, -27.61, -27.81, -27.97, -28.10, -28.11, -27.88, -27.48, -27.16, -26.95, -26.95, -27.30, -27.97, -28.67, -29.20, -29.38, -29.47, -29.50, -29.56, -29.62, -29.62, -29.54, -29.44, -29.17, -28.54, -26.18, -21.74, -18.77, -17.42, -16.81, -16.81
2026-10-01, 21:37:37, 88000000, 90500000, 19531.25, 15488, -16.61, -16.77, -16.74, -16.23, -14.99, -13.99, -13.69, -14.49, -16.52, -20.27, -25.08, -27.89, -28.71, -29.04, -29.24, -29.34, -29.35, -29.42, -29.37, -29.32, -29.21, -29.01, -28.48, -27.95, -27.38, -26.96, -26.81, -26.94, -27.40, -27.83, -28.13, -28.08, -27.93, -27.79, -27.57, -27.38, -27.17, -26.94, -26.71, -26.47, -26.20, -25.91, -25.57, -25.20, -24.84, -24.43, -24.08, -23.67, -23.33, -22.93, -22.46, -21.98, -21.41, -20.77, -20.10, -19.32, -18.48, -17.51, -16.39, -14.98, -13.04, -9.55, -3.57, 1.31, 5.57, 5.57, 6.67, 6.90, 6.26, 4.33, 0.93, -4.48, -10.09, -13.27, -15.01, -16.36, -17.47, -18.43, -19.29, -20.06, -20.74, -21.38, -21.93, -22.44, -22.89, -23.31, -23.66, -24.05, -24.40, -24.79, -25.20, -25.58, -25.89, -26.19, -26.45, -26.72, -26.95, -27.18, -27.37, -27.57, -27.79, -27.89, -28.07, -28.06, -27.82, -27.49, -27.17, -26.89, -26.93, -27.22, -27.88, -28.67, -29.15, -29.31, -29.40, -29.48, -29.48, -29.53, -29.53, -29.48, -29.35, -29.11, -28.50, -25.70, -21.64, -18.89, -17.62, -16.74, -16.74
2026-10-01, 21:37:38, 88000000, 90500000, 19531.25, 15552, -16.80, -16.73, -16.64, -16.02, -15.18, -14.20, -13.76, -14.38, -16.47, -20.08, -24.72, -27.76, -28.70, -29.06, -29.24, -29.34, -29.36, -29.39, -29.38, -29.33, -29.25, -28.99, -28.46, -27.87, -27.38, -27.04, -26.87, -26.94, -27.38, -27.89, -28.11, -28.09, -27.92, -27.79, -27.60, -27.40, -27.17, -26.97, -26.74, -26.48, -26.23, -25.93, -25.60, -25.24, -24.85, -24.47, -24.08, -23.72, -23.33, -22.93, -22.49, -22.00, -21.40, -20.79, -20.10, -19.33, -18.47, -17.51, -16.36, -14.97, -13.03, -9.17, -2.87, 1.40, 5.58, 5.58, 6.37, 6.74, 6.32, 4.42, 1.02, -3.96, -9.92, -13.19, -15.01, -16.35, -17.48, -18.46, -19.30, -20.07, -20.74, -21.38, -21.96, -22.46, -22.93, -23.31, -23.73, -24.07, -24.41, -24.80, -25.22, -25.59, -25.93, -26.22, -26.47, -26.76, -26.98, -27.20, -27.42, -27.61, -27.77, -27.95, -28.06, -28.05, -27.82, -27.51, -27.17, -27.03, -26.95, -27.19, -27.88, -28.62, -29.16, -29.35, -29.46, -29.49, -29.52, -29.55, -29.56, -29.48, -29.38, -29.11, -28.36, -25.32, -21.32, -18.86, -17.38, -17.00, -17.00
2026-10-01, 21:37:39, 88000000, 90500000, 19531.25, 15616, -16.84, -16.99, -16.67, -15.87, -14.98, -14.19, -13.95, -14.59, -16.14, -19.55, -24.81, -27.79, -28.65, -29.01, -29.20, -29.26, -29.37, -29.35, -29.33, -29.29, -29.21, -28.99, -28.43, -27.87, -27.36, -26.95, -26.88, -26.98, -27.31, -27.73, -28.06, -28.06, -27.91, -27.75, -27.56, -27.39, -27.16, -26.94, -26.70, -26.45, -26.20, -25.91, -25.59, -25.20, -24.78, -24.43, -24.04, -23.67, -23.30, -22.91, -22.47, -21.95, -21.38, -20.76, -20.06, -19.32, -18.45, -17.50, -16.38, -15.02, -13.19, -9.78, -3.72, 1.35, 5.64, 5.64, 6.50, 6.69, 6.02, 4.47, 1.64, -3.94, -9.86, -13.07, -14.91, -16.27, -17.40, -18.38, -19.24, -20.00, -20.70, -21.32, -21.91, -22.42, -22.88, -23.25, -23.66, -24.02, -24.39, -24.76, -25.18, -25.53, -25.89, -26.17, -26.45, -26.69, -26.92, -27.15, -27.36, -27.56, -27.73, -27.90, -28.04, -28.03, -27.79, -27.41, -27.11, -26.92, -26.94, -27.30, -27.85, -28.52, -29.11, -29.32, -29.43, -29.44, -29.46, -29.50, -29.53, -29.46, -29.35, -29.14, -28.46, -26.05, -21.61, -18.72, -17.31, -16.81, -16.81
2026-10-01, 21:37:40, 88000000, 90500000, 19531.25, 15552, -16.42, -16.67, -16.96, -16.28, -14.78, -13.75, -13.45, -14.38, -17.03, -20.95, -25.32, -27.98, -28.74, -29.08, -29.23, -29.32, -29.38, -29.38, -29.35, -29.34, -29.24, -29.05, -28.62, -27.96, -27.41, -26.84, -26.63, -26.84, -27.41, -27.91, -28.10, -28.08, -27.94, -27.79, -27.57, -27.37, -27.16, -26.94, -26.74, -26.45, -26.19, -25.91, -25.59, -25.24, -24.85, -24.44, -24.05, -23.67, -23.32, -22.94, -22.52, -21.99, -21.41, -20.81, -20.12, -19.39, -18.54, -17.60, -16.49, -15.17, -13.46, -10.40, -4.16, 0.47, 5.65, 5.65, 6.92, 7.23, 6.42, 4.13, 0.13, -4.86, -10.32, -13.28, -15.05, -16.39, -17.48, -18.46, -19.29, -20.05, -20.74, -21.37, -21.93, -22.45, -22.87, -23.31, -23.63, -24.00, -24.39, -24.76, -25.19, -25.57, -25.91, -26.18, -26.44, -26.72, -26.93, -27.17, -27.37, -27.53, -27.74, -27.90, -28.08, -28.06, -27.88, -27.50, -27.10, -26.83, -26.80, -27.19, -27.96, -28.71, -29.13, -29.34, -29.42, -29.46, -29.51, -29.53, -29.55, -29.47, -29.41, -29.17, -28.60, -26.47, -22.13, -19.43, -17.61, -16.52, -16.52
2026-10-01, 21:37:41, 88000000, 90500000, 19531.25, 15616, -16.42, -16.60, -16.91, -16.05, -15.08, -13.80, -13.32, -14.44, -17.07, -20.82, -25.42, -28.05, -28.73, -29.08, -29.22, -29.33, -29.37, -29.34, -29.35, -29.29, -29.20, -29.01, -28.52, -27.97, -27.36, -26.96, -26.67, -26.78, -27.38, -27.89, -28.11, -28.09, -27.90, -27.75, -27.55, -27.34, -27.16, -26.93, -26.70, -26.45, -26.19, -25.90, -25.57, -25.21, -24.80, -24.43, -24.02, -23.64, -23.29, -22.93, -22.46, -21.96, -21.39, -20.76, -20.07, -19.33, -18.50, -17.53, -16.44, -15.07, -13.27, -9.69, -4.31, 0.69, 5.64, 5.64, 6.65, 7.30, 6.50, 4.07, 0.34, -5.24, -10.51, -13.46, -15.13, -16.44, -17.54, -18.50, -19.32, -20.09, -20.76, -21.37, -21.96, -22.46, -22.92, -23.31, -23.68, -24.01, -24.38, -24.78, -25.23, -25.56, -25.91, -26.20, -26.45, -26.75, -26.95, -27.16, -27.39, -27.56, -27.75, -27.90, -28.04, -28.09, -27.87, -27.43, -27.08, -26.94, -26.73, -27.16, -28.04, -28.69, -29.16, -29.31, -29.41, -29.47, -29.51, -29.54, -29.54, -29.51, -29.39, -29.16, -28.56, -26.21, -22.18, -19.24, -17.35, -16.83, -16.83
2026-10-01, 21:37:42, 88000000, 90500000, 19531.25, 15552, -16.38, -16.53, -16.81, -16.50, -15.12, -13.77, -13.43, -14.38, -16.75, -20.61, -25.47, -27.93, -28.74, -29.09, -29.24, -29.34, -29.38, -29.40, -29.39, -29.32, -29.25, -28.97, -28.47, -28.02, -27.47, -26.96, -26.73, -26.84, -27.41, -27.90, -28.13, -28.12, -27.92, -27.78, -27.62, -27.40, -27.19, -26.98, -26.74, -26.48, -26.22, -25.92, -25.61, -25.28, -24.86, -24.46, -24.07, -23.70, -23.37, -22.95, -22.51, -22.00, -21.44, -20.80, -20.14, -19.37, -18.53, -17.54, -16.45, -15.07, -13.24, -9.68, -3.10, 1.27, 5.32, 5.32, 6.71, 7.27, 6.38, 4.26, 0.67, -4.84, -10.43, -13.34, -15.06, -16.38, -17.48, -18.47, -19.30, -20.06, -20.75, -21.36, -21.93, -22.44, -22.90, -23.31, -23.68, -24.02, -24.36, -24.78, -25.20, -25.57, -25.90, -26.17, -26.46, -26.72, -26.96, -27.18, -27.37, -27.57, -27.73, -27.95, -28.07, -28.02, -27.80, -27.60, -27.25, -26.86, -26.77, -27.20, -27.93, -28.65, -29.16, -29.34, -29.43, -29.47, -29.52, -29.55, -29.55, -29.50, -29.38, -29.10, -28.46, -25.66, -21.29, -19.18, -17.90, -16.86, -16.86
2026-10-01, 21:37:43, 88000000, 90500000, 19531.25, 15552, -16.68, -16.85, -16.70, -16.09, -14.97, -14.01, -13.69, -14.49, -16.66, -20.16, -24.67, -27.80, -28.71, -29.06, -29.23, -29.33, -29.38, -29.38, -29.36, -29.32, -29.24, -29.03, -28.45, -27.86, -27.39, -27.01, -26.81, -26.94, -27.40, -27.85, -28.07, -28.08, -27.91, -27.77, -27.56, -27.37, -27.17, -26.97, -26.71, -26.49, -26.22, -25.90, -25.61, -25.23, -24.84, -24.45, -24.09, -23.71, -23.31, -22.94, -22.51, -21.99, -21.42, -20.80, -20.13, -19.35, -18.51, -17.54, -16.42, -15.07, -13.22, -9.80, -4.16, 1.36, 5.61, 5.61, 6.62, 6.94, 6.22, 4.29, 0.84, -4.08, -9.84, -13.24, -15.03, -16.39, -17.50, -18.46, -19.32, -20.07, -20.77, -21.39, -21.95, -22.46, -22.92, -23.33, -23.67, -24.06, -24.43, -24.80, -25.21, -25.58, -25.93, -26.19, -26.47, -26.74, -26.98, -27.21, -27.39, -27.58, -27.77, -27.94, -28.06, -28.09, -27.80, -27.47, -27.16, -26.85, -26.88, -27.22, -27.94, -28.67, -29.17, -29.36, -29.48, -29.47, -29.53, -29.58, -29.57, -29.51, -29.42, -29.17, -28.54, -25.89, -21.86, -18.85, -17.46, -16.77, -16.77
2026-10-01, 21:37:44, 88000000, 90500000, 19531.25, 15488, -16.74, -16.69, -16.71, -16.16, -15.15, -14.11, -13.59, -14.27, -16.63, -20.63, -24.97, -27.92, -28.73, -29.07, -29.27, -29.38, -29.43, -29.42, -29.39, -29.38, -29.28, -29.01, -28.54, -27.96, -27.45, -27.03, -26.86, -26.89, -27.36, -27.91, -28.14, -28.14, -28.00, -27.83, -27.61, -27.42, -27.24, -27.01, -26.79, -26.53, -26.25, -25.95, -25.65, -25.27, -24.91, -24.52, -24.12, -23.74, -23.39, -23.01, -22.55, -22.03, -21.47, -20.85, -20.16, -19.40, -18.56, -17.60, -16.46, -15.11, -13.27, -9.64, -3.32, 1.09, 5.55, 5.55, 6.50, 6.90, 6.41, 4.50, 0.61, -4.75, -10.17, -13.34, -15.10, -16.45, -17.56, -18.52, -19.37, -20.13, -20.82, -21.43, -22.00, -22.51, -22.98, -23.37, -23.76, -24.10, -24.45, -24.83, -25.28, -25.64, -25.96, -26.26, -26.53, -26.80, -27.02, -27.24, -27.43, -27.61, -27.79, -27.97, -28.12, -28.09, -27.87, -27.55, -27.20, -26.98, -26.93, -27.24, -27.96, -28.75, -29.23, -29.41, -29.49, -29.51, -29.58, -29.61, -29.60, -29.54, -29.44, -29.16, -28.49, -25.77, -21.60, -19.02, -17.51, -16.91, -16.91
2026-10-01, 21:37:45, 88000000, 90500000, 19531.25, 15488, -16.09, -16.67, -17.14, -16.54, -14.90, -13.39, -13.29, -14.65, -17.33, -21.34, -25.71, -28.08, -28.78, -29.09, -29.27, -29.37, -29.43, -29.40, -29.41, -29.38, -29.29, -29.09, -28.65, -28.03, -27.43, -26.79, -26.58, -26.90, -27.55, -28.01, -28.19, -28.11, -27.96, -27.80, -27.63, -27.40, -27.21, -26.97, -26.77, -26.50, -26.23, -25.94, -25.63, -25.28, -24.88, -24.50, -24.08, -23.73, -23.38, -23.01, -22.56, -22.06, -21.48, -20.87, -20.20, -19.44, -18.63, -17.68, -16.61, -15.28, -13.58, -10.71, -4.90, 0.42, 5.53, 5.53, 7.14, 7.50, 6.28, 3.88, -0.11, -5.48, -10.75, -13.55, -15.22, -16.50, -17.59, -18.51, -19.36, -20.11, -20.80, -21.42, -22.00, -22.51, -22.94, -23.35, -23.71, -24.03, -24.40, -24.85, -25.24, -25.62, -25.94, -26.22, -26.48, -26.74, -26.97, -27.21, -27.42, -27.58, -27.76, -27.93, -28.09, -28.11, -27.92, -27.65, -27.19, -26.72, -26.67, -27.28, -28.00, -28.76, -29.23, -29.41, -29.45, -29.51, -29.53, -29.59, -29.61, -29.52, -29.45, -29.20, -28.70, -26.72, -22.53, -19.56, -17.82, -16.60, -16.60
2026-10-01, 21:37:46, 88000000, 90500000, 19531.25, 15424, -16.36, -16.72, -17.00, -16.34, -14.82, -13.70, -13.48, -14.46, -16.99, -21.32, -26.01, -28.18, -28.79, -29.10, -29.26, -29.38, -29.40, -29.40, -29.40, -29.35, -29.23, -29.02, -28.59, -28.02, -27.40, -26.81, -26.68, -26.89, -27.43, -27.94, -28.15, -28.10, -27.91, -27.77, -27.60, -27.40, -27.18, -26.98, -26.73, -26.49, -26.23, -25.94, -25.61, -25.26, -24.84, -24.48, -24.08, -23.66, -23.35, -22.97, -22.52, -22.02, -21.44, -20.82, -20.14, -19.38, -18.54, -17.59, -16.50, -15.17, -13.43, -10.34, -4.08, 0.45, 5.64, 5.64, 6.97, 7.21, 6.39, 4.10, 0.07, -5.73, -10.93, -13.54, -15.17, -16.47, -17.56, -18.50, -19.36, -20.10, -20.78, -21.40, -21.95, -22.47, -22.92, -23.32, -23.68, -24.04, -24.41, -24.80, -25.22, -25.59, -25.91, -26.19, -26.49, -26.72, -26.95, -27.20, -27.39, -27.58, -27.78, -27.94, -28.08, -28.08, -27.91, -27.54, -27.08, -26.80, -26.80, -27.20, -27.96, -28.75, -29.17, -29.34, -29.40, -29.46, -29.51, -29.55, -29.55, -29.47, -29.39, -29.15, -28.60, -26.41, -22.26, -19.34, -17.65, -16.55, -16.55
2026-10-01, 21:37:47, 88000000, 90500000, 19531.25, 15616, -16.34, -16.74, -16.97, -16.33, -14.94, -13.67, -13.50, -14.54, -16.86, -20.91, -25.95, -28.05, -28.75, -29.10, -29.24, -29.34, -29.42, -29.40, -29.37, -29.32, -29.28, -29.05, -28.54, -28.01, -27.45, -26.91, -26.71, -26.90, -27.47, -27.96, -28.15, -28.11, -27.97, -27.82, -27.63, -27.40, -27.21, -27.00, -26.76, -26.51, -26.23, -25.97, -25.63, -25.28, -24.89, -24.48, -24.09, -23.74, -23.38, -22.98, -22.55, -22.06, -21.48, -20.86, -20.18, -19.44, -18.59, -17.66, -16.54, -15.24, -13.51, -10.54, -4.42, 0.73, 5.50, 5.50, 6.92, 7.26, 6.30, 4.16, 0.33, -5.29, -10.85, -13.47, -15.15, -16.45, -17.57, -18.51, -19.36, -20.11, -20.79, -21.43, -21.98, -22.48, -22.97, -23.34, -23.71, -24.04, -24.45, -24.82, -25.28, -25.64, -25.97, -26.26, -26.52, -26.78, -27.00, -27.24, -27.45, -27.65, -27.81, -28.00, -28.13, -28.16, -27.89, -27.56, -27.22, -26.83, -26.77, -27.23, -27.97, -28.74, -29.22, -29.42, -29.48, -29.52, -29.53, -29.62, -29.62, -29.54, -29.43, -29.23, -28.64, -26.51, -22.17, -19.35, -17.70, -16.66, -16.66
2026-10-01, 21:37:48, 88000000, 90500000, 19531.25, 15616, -16.33, -16.65, -17.15, -16.35, -14.97, -13.66, -13.36, -14.59, -17.09, -21.04, -25.43, -27.99, -28.77, -29.07, -29.28, -29.37, -29.43, -29.41, -29.43, -29.40, -29.30, -29.11, -28.62, -28.05, -27.45, -26.88, -26.71, -26.89, -27.53, -27.99, -28.17, -28.14, -27.99, -27.84, -27.65, -27.46, -27.22, -27.03, -26.83, -26.53, -26.29, -25.99, -25.67, -25.30, -24.92, -24.52, -24.10, -23.74, -23.41, -23.04, -22.57, -22.06, -21.52, -20.91, -20.21, -19.46, -18.61, -17.67, -16.57, -15.25, -13.49, -10.06, -4.29, 0.50, 5.47, 5.47, 6.92, 7.30, 6.40, 3.93, 0.17, -5.11, -10.61, -13.49, -15.20, -16.52, -17.61, -18.56, -19.40, -20.15, -20.84, -21.47, -22.04, -22.55, -22.99, -23.37, -23.74, -24.11, -24.47, -24.87, -25.30, -25.65, -25.99, -26.27, -26.55, -26.80, -27.01, -27.26, -27.47, -27.65, -27.82, -27.97, -28.17, -28.16, -27.95, -27.60, -27.27, -26.85, -26.81, -27.24, -28.03, -28.82, -29.23, -29.45, -29.49, -29.54, -29.58, -29.65, -29.66, -29.57, -29.52, -29.26, -28.72, -26.27, -22.32, -19.58, -17.64, -16.69, -16.69
2026-10-01, 21:37:49, 88000000, 90500000, 19531.25, 16896, -16.88, -16.72, -16.57, -16.01, -15.35, -14.28, -13.70, -14.26, -16.42, -20.51, -25.01, -27.81, -28.70, -29.05, -29.25, -29.34, -29.41, -29.40, -29.39, -29.34, -29.25, -29.01, -28.49, -27.87, -27.44, -27.09, -26.90, -26.91, -27.33, -27.86, -28.10, -28.08, -27.95, -27.85, -27.58, -27.40, -27.19, -26.97, -26.72, -26.47, -26.20, -25.95, -25.60, -25.24, -24.84, -24.47, -24.09, -23.70, -23.33, -22.95, -22.49, -21.98, -21.41, -20.78, -20.11, -19.34, -18.49, -17.52, -16.39, -15.01, -13.17, -9.76, -3.28, 1.29, 5.42, 5.42, 6.28, 6.76, 6.39, 4.52, 0.85, -4.45, -9.96, -13.17, -14.99, -16.36, -17.47, -18.45, -19.30, -20.06, -20.75, -21.39, -21.95, -22.45, -22.90, -23.32, -23.71, -24.07, -24.41, -24.81, -25.23, -25.59, -25.92, -26.20, -26.48, -26.72, -26.97, -27.22, -27.40, -27.59, -27.75, -27.96, -28.07, -28.06, -27.82, -27.42, -27.21, -27.02, -26.90, -27.19, -27.86, -28.70, -29.16, -29.38, -29.40, -29.49, -29.53, -29.56, -29.55, -29.49, -29.37, -29.13, -28.50, -25.79, -21.46, -18.80, -17.37, -17.13, -17.13
2026-10-01, 21:37:50, 88000000, 90500000, 19531.25, 18176, -16.49, -16.67, -16.85, -16.36, -15.09, -13.84, -13.42, -14.45, -16.89, -21.04, -25.73, -28.02, -28.74, -29.05, -29.24, -29.35, -29.38, -29.36, -29.36, -29.33, -29.22, -29.00, -28.53, -27.94, -27.47, -26.92, -26.70, -26.94, -27.38, -27.90, -28.11, -28.06, -27.92, -27.77, -27.58, -27.36, -27.16, -26.94, -26.71, -26.47, -26.20, -25.93, -25.59, -25.24, -24.86, -24.45, -24.04, -23.65, -23.33, -22.94, -22.49, -21.99, -21.43, -20.80, -20.12, -19.36, -18.52, -17.58, -16.48, -15.14, -13.38, -10.16, -4.08, 0.80, 5.48, 5.48, 6.66, 7.19, 6.35, 4.24, 0.36, -5.49, -10.69, -13.44, -15.10, -16.42, -17.54, -18.47, -19.33, -20.07, -20.77, -21.36, -21.95, -22.45, -22.92, -23.29, -23.67, -24.01, -24.38, -24.79, -25.22, -25.57, -25.90, -26.19, -26.45, -26.70, -26.95, -27.18, -27.38, -27.57, -27.74, -27.92, -28.07, -28.09, -27.83, -27.55, -27.11, -26.90, -26.79, -27.18, -27.93, -28.73, -29.19, -29.37, -29.42, -29.49, -29.51, -29.56, -29.59, -29.49, -29.42, -29.19, -28.61, -26.38, -22.11, -19.15, -17.74, -16.81, -16.81
2026-10-01, 21:37:51, 88000000, 90500000, 19531.25, 18176, -16.45, -16.65, -16.86, -16.25, -15.16, -13.79, -13.44, -14.50, -16.84, -20.75, -25.31, -27.94, -28.74, -29.08, -29.21, -29.32, -29.37, -29.42, -29.36, -29.34, -29.25, -29.01, -28.58, -27.97, -27.40, -26.99, -26.68, -26.90, -27.35, -27.91, -28.12, -28.12, -27.94, -27.79, -27.58, -27.39, -27.19, -26.97, -26.73, -26.50, -26.21, -25.94, -25.60, -25.23, -24.85, -24.47, -24.08, -23.70, -23.34, -22.96, -22.51, -22.01, -21.43, -20.81, -20.13, -19.38, -18.53, -17.57, -16.46, -15.12, -13.37, -9.92, -4.03, 0.81, 5.49, 5.49, 6.63, 7.20, 6.38, 4.20, 0.33, -4.61, -10.50, -13.32, -15.06, -16.40, -17.51, -18.47, -19.32, -20.07, -20.76, -21.39, -21.96, -22.48, -22.90, -23.31, -23.71, -24.06, -24.40, -24.79, -25.24, -25.59, -25.91, -26.20, -26.47, -26.75, -26.95, -27.19, -27.39, -27.59, -27.77, -27.92, -28.06, -28.06, -27.83, -27.50, -27.14, -26.90, -26.77, -27.18, -27.98, -28.73, -29.15, -29.37, -29.43, -29.49, -29.53, -29.58, -29.56, -29.52, -29.40, -29.19, -28.55, -26.26, -22.03, -19.15, -17.58, -16.88, -16.88
2026-10-01, 21:37:52, 88000000, 90500000, 19531.25, 15680, -16.45, -16.81, -16.92, -16.22, -15.09, -13.80, -13.54, -14.39, -16.75, -20.79, -25.69, -28.06, -28.78, -29.10, -29.26, -29.36, -29.42, -29.43, -29.41, -29.38, -29.29, -29.10, -28.69, -27.98, -27.44, -26.97, -26.71, -26.90, -27.38, -27.97, -28.15, -28.13, -27.95, -27.83, -27.60, -27.41, -27.23, -27.00, -26.73, -26.53, -26.25, -25.98, -25.64, -25.28, -24.88, -24.50, -24.10, -23.73, -23.37, -22.99, -22.55, -22.06, -21.49, -20.86, -20.19, -19.44, -18.59, -17.61, -16.52, -15.19, -13.44, -10.11, -4.13, 0.50, 5.49, 5.49, 6.68, 7.19, 6.31, 4.36, 0.40, -5.01, -10.75, -13.43, -15.11, -16.44, -17.53, -18.50, -19.35, -20.11, -20.79, -21.42, -21.98, -22.49, -22.95, -23.33, -23.73, -24.07, -24.44, -24.83, -25.26, -25.62, -25.93, -26.24, -26.50, -26.76, -27.00, -27.23, -27.41, -27.60, -27.76, -27.94, -28.12, -28.11, -27.90, -27.55, -27.21, -26.87, -26.83, -27.27, -27.94, -28.77, -29.23, -29.40, -29.48, -29.53, -29.57, -29.60, -29.61, -29.53, -29.45, -29.23, -28.66, -26.34, -22.30, -19.33, -17.59, -16.84, -16.84
2026-10-01, 21:37:53, 88000000, 90500000, 19531.25, 15616, -16.23, -16.58, -17.27, -16.54, -14.90, -13.57, -13.24, -14.55, -17.58, -21.25, -26.15, -28.19, -28.82, -29.10, -29.26, -29.36, -29.45, -29.44, -29.42, -29.37, -29.29, -29.10, -28.65, -28.08, -27.43, -26.86, -26.61, -26.84, -27.57, -28.04, -28.19, -28.13, -27.99, -27.85, -27.66, -27.41, -27.24, -27.01, -26.78, -26.54, -26.27, -25.96, -25.66, -25.32, -24.88, -24.53, -24.12, -23.73, -23.40, -23.03, -22.56, -22.07, -21.51, -20.89, -20.22, -19.47, -18.63, -17.70, -16.60, -15.31, -13.62, -10.47, -4.68, -0.04, 5.54, 5.54, 6.94, 7.44, 6.55, 3.67, -0.27, -5.74, -11.07, -13.60, -15.23, -16.52, -17.61, -18.56, -19.40, -20.13, -20.83, -21.44, -22.00, -22.51, -22.97, -23.37, -23.75, -24.08, -24.42, -24.86, -25.28, -25.64, -25.96, -26.25, -26.53, -26.78, -26.99, -27.25, -27.44, -27.62, -27.82, -27.99, -28.11, -28.15, -28.03, -27.66, -27.20, -26.82, -26.76, -27.16, -28.08, -28.83, -29.26, -29.40, -29.47, -29.54, -29.58, -29.56, -29.64, -29.56, -29.48, -29.28, -28.77, -26.47, -22.73, -19.85, -17.73, -16.66, -16.66
2026-10-01, 21:37:54, 88000000, 90500000, 19531.25, 15616, -16.72, -16.70, -16.87, -16.46, -15.16, -14.10, -13.55, -14.40, -16.87, -20.72, -25.64, -28.06, -28.84, -29.16, -29.31, -29.43, -29.45, -29.43, -29.43, -29.39, -29.31, -29.05, -28.58, -28.03, -27.59, -27.05, -26.83, -26.97, -27.47, -27.92, -28.24, -28.20, -28.04, -27.87, -27.67, -27.48, -27.26, -27.07, -26.84, -26.56, -26.33, -25.99, -25.70, -25.34, -24.96, -24.55, -24.16, -23.77, -23.43, -23.05, -22.59, -22.09, -21.52, -20.90, -20.23, -19.46, -18.63, -17.65, -16.52, -15.18, -13.31, -9.73, -3.46, 0.91, 5.33, 5.33, 6.53, 6.97, 6.42, 4.18, 0.42, -4.82, -10.64, -13.39, -15.13, -16.47, -17.59, -18.54, -19.40, -20.15, -20.85, -21.46, -22.03, -22.53, -22.99, -23.40, -23.78, -24.13, -24.47, -24.89, -25.29, -25.67, -26.01, -26.30, -26.59, -26.82, -27.02, -27.27, -27.46, -27.67, -27.85, -28.04, -28.14, -28.15, -27.94, -27.69, -27.24, -26.99, -26.93, -27.23, -28.00, -28.81, -29.27, -29.43, -29.49, -29.55, -29.60, -29.65, -29.65, -29.58, -29.48, -29.20, -28.58, -25.75, -21.83, -19.27, -17.83, -16.90, -16.90
2026-10-01, 21:37:55, 88000000, 90500000, 19531.25, 15552, -15.31, -16.76, -17.56, -16.35, -14.24, -12.53, -13.17, -15.26, -17.25, -21.14, -26.37, -27.99, -28.57, -28.87, -29.03, -29.12, -29.15, -29.14, -29.14, -29.12, -29.07, -28.90, -28.43, -27.88, -27.19, -26.25, -26.14, -26.87, -27.40, -27.71, -27.95, -27.84, -27.69, -27.55, -27.35, -27.15, -26.94, -26.76, -26.51, -26.22, -25.99, -25.70, -25.40, -25.02, -24.63, -24.22, -23.75, -23.47, -23.13, -22.75, -22.28, -21.79, -21.22, -20.62, -19.94, -19.21, -18.37, -17.45, -16.39, -15.14, -13.57, -11.43, -6.99, -0.05, 5.79, 5.79, 8.06, 8.05, 6.01, 3.42, 0.37, -6.46, -11.18, -13.51, -15.08, -16.36, -17.43, -18.36, -19.19, -19.93, -20.58, -21.22, -21.77, -22.28, -22.74, -23.13, -23.47, -23.77, -24.19, -24.63, -25.04, -25.38, -25.71, -26.01, -26.28, -26.52, -26.74, -26.97, -27.17, -27.38, -27.54, -27.71, -27.87, -27.95, -27.76, -27.39, -26.95, -26.25, -26.35, -27.15, -27.90, -28.50, -29.02, -29.15, -29.21, -29.28, -29.32, -29.34, -29.39, -29.30, -29.22, -29.03, -28.67, -27.60, -23.46, -19.74, -17.65, -15.86, -15.86
2026-10-01, 21:37:56, 88000000, 90500000, 19531.25, 15488, -14.56, -16.94, -18.15, -17.06, -14.65, -11.80, -13.17, -15.56, -18.06, -22.87, -26.94, -28.19, -28.71, -28.95, -29.07, -29.15, -29.20, -29.20, -29.16, -29.15, -29.05, -28.94, -28.61, -27.98, -27.30, -26.31, -25.91, -26.95, -27.49, -27.92, -27.99, -27.94, -27.72, -27.61, -27.41, -27.21, -26.98, -26.76, -26.52, -26.27, -26.03, -25.74, -25.43, -25.09, -24.69, -24.25, -23.77, -23.49, -23.19, -22.80, -22.36, -21.85, -21.29, -20.70, -20.03, -19.29, -18.50, -17.59, -16.56, -15.32, -13.84, -11.71, -7.28, -1.57, 5.42, 5.42, 8.19, 8.60, 5.75, 2.99, -1.14, -7.62, -11.61, -13.71, -15.20, -16.44, -17.48, -18.39, -19.21, -19.95, -20.62, -21.24, -21.80, -22.32, -22.77, -23.15, -23.50, -23.72, -24.19, -24.66, -25.04, -25.39, -25.73, -26.00, -26.27, -26.55, -26.74, -26.99, -27.19, -27.38, -27.59, -27.73, -27.89, -27.97, -27.91, -27.61, -27.04, -26.15, -26.16, -27.28, -28.04, -28.67, -29.08, -29.19, -29.27, -29.32, -29.34, -29.40, -29.42, -29.35, -29.31, -29.13, -28.81, -27.66, -24.70, -20.60, -18.31, -16.22, -16.22
2026-10-01, 21:37:57, 88000000, 90500000, 19531.25, 15616, -13.25, -18.36, -18.20, -17.34, -15.99, -10.53, -14.65, -16.39, -17.99, -21.28, -26.47, -27.95, -28.42, -28.65, -28.75, -28.79, -28.79, -28.79, -28.77, -28.69, -28.61, -28.51, -28.15, -27.62, -27.17, -26.25, -25.34, -26.82, -27.14, -27.30, -27.44, -27.38, -27.23, -27.05, -26.89, -26.68, -26.44, -26.23, -26.01, -25.75, -25.49, -25.19, -24.90, -24.56, -24.17, -23.81, -23.16, -23.05, -22.67, -22.27, -21.82, -21.31, -20.74, -20.15, -19.47, -18.76, -17.95, -17.05, -16.02, -14.81, -13.35, -11.38, -7.69, -0.93, 4.58, 4.58, 7.82, 9.04, 4.79, 2.65, 0.06, -6.34, -10.95, -13.15, -14.68, -15.91, -16.94, -17.88, -18.67, -19.42, -20.08, -20.69, -21.25, -21.78, -22.22, -22.62, -23.02, -23.13, -23.79, -24.17, -24.50, -24.87, -25.19, -25.47, -25.79, -26.00, -26.21, -26.48, -26.69, -26.87, -27.03, -27.22, -27.39, -27.50, -27.41, -27.12, -26.88, -25.92, -25.71, -27.16, -27.70, -28.13, -28.57, -28.73, -28.80, -28.88, -28.89, -28.99, -29.00, -29.01, -28.94, -28.83, -28.61, -27.85, -24.75, -19.98, -18.75, -17.75, -17.75
2026-10-01, 21:37:58, 88000000, 90500000, 19531.25, 15552, -14.70, -17.52, -19.12, -17.20, -14.02, -11.94, -13.65, -14.89, -19.96, -26.07, -27.86, -28.58, -28.96, -29.18, -29.30, -29.36, -29.37, -29.36, -29.36, -29.31, -29.22, -29.14, -29.00, -28.47, -27.03, -26.46, -26.14, -26.91, -27.73, -28.26, -28.18, -28.06, -27.89, -27.77, -27.55, -27.36, -27.15, -26.93, -26.69, -26.44, -26.19, -25.90, -25.62, -25.30, -24.85, -24.40, -23.93, -23.68, -23.37, -23.00, -22.53, -22.03, -21.49, -20.89, -20.24, -19.51, -18.73, -17.83, -16.83, -15.70, -14.32, -12.68, -10.47, -6.72, 6.47, 6.47, 8.01, 8.30, 6.31, 2.51, -5.53, -10.12, -12.49, -14.22, -15.61, -16.78, -17.77, -18.67, -19.48, -20.19, -20.86, -21.45, -22.02, -22.52, -23.01, -23.34, -23.65, -23.93, -24.41, -24.81, -25.27, -25.61, -25.90, -26.18, -26.45, -26.71, -26.92, -27.17, -27.37, -27.53, -27.72, -27.89, -28.07, -28.20, -28.28, -28.01, -26.83, -26.32, -26.38, -27.17, -28.23, -29.08, -29.23, -29.35, -29.42, -29.45, -29.52, -29.55, -29.62, -29.51, -29.51, -29.35, -29.16, -28.73, -27.80, -24.30, -17.87, -15.73, -15.73
2026-10-01, 21:37:59, 88000000, 90500000, 19531.25, 16448, -15.31, -16.45, -19.37, -17.77, -13.89, -12.47, -12.56, -15.14, -21.99, -26.42, -27.99, -28.70, -29.09, -29.31, -29.45, -29.49, -29.50, -29.53, -29.50, -29.47, -29.43, -29.31, -29.13, -28.73, -27.26, -26.37, -26.37, -26.86, -28.03, -28.46, -28.38, -28.22, -28.07, -27.93, -27.74, -27.53, -27.33, -27.11, -26.88, -26.63, -26.40, -26.10, -25.83, -25.50, -25.06, -24.58, -24.18, -23.84, -23.58, -23.23, -22.77, -22.25, -21.70, -21.13, -20.46, -19.75, -18.97, -18.08, -17.10, -15.97, -14.63, -12.97, -10.76, -6.62, 6.34, 6.34, 8.33, 8.23, 6.75, 1.32, -6.46, -10.42, -12.70, -14.41, -15.76, -16.93, -17.94, -18.84, -19.63, -20.36, -21.01, -21.63, -22.18, -22.68, -23.17, -23.52, -23.79, -24.14, -24.48, -24.99, -25.48, -25.78, -26.06, -26.37, -26.63, -26.91, -27.11, -27.32, -27.54, -27.74, -27.88, -28.06, -28.23, -28.36, -28.45, -28.19, -27.00, -26.20, -26.45, -27.12, -28.65, -29.28, -29.43, -29.51, -29.57, -29.66, -29.68, -29.71, -29.72, -29.71, -29.64, -29.47, -29.26, -28.83, -27.84, -24.73, -18.27, -15.48, -15.48
2026-10-01, 21:38:00, 88000000, 90500000, 19531.25, 18240, -16.17, -16.74, -18.21, -16.49, -14.09, -13.42, -12.98, -14.38, -19.60, -25.39, -27.70, -28.60, -28.99, -29.24, -29.35, -29.46, -29.45, -29.49, -29.45, -29.42, -29.33, -29.25, -29.00, -28.32, -27.15, -26.75, -26.56, -26.81, -27.67, -28.32, -28.31, -28.18, -28.02, -27.88, -27.67, -27.47, -27.26, -27.07, -26.84, -26.58, -26.33, -26.04, -25.73, -25.41, -24.93, -24.52, -24.16, -23.78, -23.46, -23.13, -22.68, -22.16, -21.60, -21.01, -20.35, -19.61, -18.83, -17.93, -16.91, -15.74, -14.32, -12.55, -9.94, -4.54, 6.61, 6.61, 7.34, 7.66, 6.95, 2.78, -3.99, -9.53, -12.32, -14.16, -15.60, -16.79, -17.83, -18.73, -19.54, -20.28, -20.93, -21.55, -22.11, -22.63, -23.08, -23.41, -23.74, -24.13, -24.45, -24.91, -25.37, -25.71, -26.01, -26.30, -26.55, -26.84, -27.04, -27.28, -27.49, -27.65, -27.83, -28.00, -28.18, -28.32, -28.30, -27.83, -26.80, -26.67, -26.62, -26.98, -28.37, -29.13, -29.38, -29.47, -29.52, -29.60, -29.60, -29.68, -29.70, -29.62, -29.57, -29.42, -29.17, -28.66, -26.88, -22.28, -17.24, -15.80, -15.80
2026-10-01, 21:38:01, 88000000, 90500000, 19531.25, 18176, -14.90, -16.55, -18.78, -18.25, -14.46, -12.14, -12.67, -15.55, -20.13, -25.02, -27.71, -28.59, -29.05, -29.27, -29.42, -29.49, -29.50, -29.51, -29.49, -29.46, -29.38, -29.31, -29.00, -28.51, -27.63, -26.45, -26.05, -27.11, -27.86, -28.35, -28.36, -28.24, -28.09, -27.92, -27.73, -27.53, -27.32, -27.10, -26.86, -26.64, -26.36, -26.08, -25.80, -25.46, -25.05, -24.59, -24.11, -23.80, -23.55, -23.19, -22.74, -22.23, -21.67, -21.08, -20.41, -19.68, -18.91, -17.99, -16.97, -15.80, -14.36, -12.40, -8.19, -2.81, 5.17, 5.17, 8.16, 8.73, 6.08, 1.97, -4.20, -9.31, -12.40, -14.27, -15.69, -16.88, -17.91, -18.82, -19.61, -20.34, -21.01, -21.60, -22.18, -22.68, -23.13, -23.53, -23.82, -24.09, -24.51, -25.00, -25.44, -25.77, -26.07, -26.34, -26.64, -26.89, -27.08, -27.35, -27.54, -27.70, -27.88, -28.01, -28.20, -28.29, -28.28, -28.06, -27.37, -26.28, -26.19, -27.37, -28.57, -29.19, -29.42, -29.48, -29.56, -29.66, -29.67, -29.72, -29.72, -29.66, -29.63, -29.45, -29.17, -28.29, -25.14, -22.15, -19.22, -15.99, -15.99
2026-10-01, 21:38:02, 88000000, 90500000, 19531.25, 15680, -16.16, -16.84, -17.08, -16.84, -14.72, -13.43, -13.24, -14.41, -17.95, -24.21, -27.58, -28.53, -29.00, -29.27, -29.41, -29.47, -29.49, -29.53, -29.48, -29.46, -29.43, -29.28, -28.82, -28.17, -27.51, -26.74, -26.52, -27.01, -27.58, -28.22, -28.29, -28.22, -28.03, -27.90, -27.69, -27.49, -27.29, -27.07, -26.83, -26.57, -26.34, -26.05, -25.76, -25.35, -24.98, -24.56, -24.18, -23.80, -23.46, -23.11, -22.67, -22.15, -21.60, -20.99, -20.32, -19.59, -18.76, -17.85, -16.80, -15.54, -14.02, -11.95, -7.94, -0.34, 5.54, 5.54, 7.29, 7.52, 6.55, 3.83, -2.35, -8.69, -12.04, -14.01, -15.49, -16.73, -17.78, -18.71, -19.52, -20.27, -20.93, -21.57, -22.12, -22.62, -23.08, -23.45, -23.79, -24.14, -24.51, -24.90, -25.36, -25.74, -26.04, -26.33, -26.59, -26.84, -27.07, -27.32, -27.50, -27.68, -27.88, -28.03, -28.19, -28.31, -28.01, -27.75, -27.23, -26.75, -26.81, -27.14, -28.15, -29.10, -29.39, -29.50, -29.53, -29.60, -29.64, -29.68, -29.69, -29.62, -29.56, -29.37, -29.06, -28.21, -24.14, -19.70, -18.03, -16.33, -16.33
2026-10-01, 21:38:03, 88000000, 90500000, 19531.25, 15680, -16.13, -17.23, -17.35, -16.42, -14.61, -13.38, -13.67, -14.63, -17.38, -22.73, -26.23, -28.23, -28.91, -29.19, -29.36, -29.46, -29.50, -29.49, -29.48, -29.45, -29.37, -29.28, -28.81, -28.12, -27.37, -26.77, -26.70, -27.11, -27.55, -28.10, -28.30, -28.25, -28.05, -27.92, -27.72, -27.50, -27.32, -27.09, -26.87, -26.62, -26.38, -26.08, -25.77, -25.41, -24.99, -24.58, -24.17, -23.85, -23.51, -23.13, -22.67, -22.17, -21.62, -21.02, -20.34, -19.59, -18.78, -17.87, -16.80, -15.56, -14.04, -11.91, -7.97, -0.48, 5.77, 5.77, 7.34, 7.31, 6.11, 3.90, -0.78, -6.98, -10.87, -13.83, -15.42, -16.69, -17.77, -18.71, -19.53, -20.27, -20.94, -21.56, -22.14, -22.63, -23.08, -23.46, -23.81, -24.18, -24.54, -24.94, -25.39, -25.75, -26.08, -26.34, -26.59, -26.87, -27.08, -27.34, -27.52, -27.73, -27.89, -28.09, -28.23, -28.34, -28.10, -27.71, -27.17, -26.79, -26.84, -27.34, -28.15, -28.97, -29.36, -29.51, -29.58, -29.64, -29.65, -29.73, -29.71, -29.62, -29.57, -29.40, -29.05, -28.08, -24.05, -19.97, -17.65, -16.26, -16.26
2026-10-01, 21:38:04, 88000000, 90500000, 19531.25, 15616, -16.44, -17.26, -17.41, -15.99, -14.58, -13.72, -13.82, -14.86, -17.02, -21.43, -26.43, -28.32, -28.90, -29.24, -29.39, -29.46, -29.49, -29.52, -29.48, -29.45, -29.37, -29.25, -28.84, -28.10, -27.33, -26.88, -26.75, -27.14, -27.55, -28.03, -28.30, -28.22, -28.06, -27.91, -27.71, -27.50, -27.30, -27.10, -26.88, -26.60, -26.36, -26.07, -25.76, -25.41, -24.97, -24.57, -24.18, -23.84, -23.49, -23.12, -22.66, -22.16, -21.60, -20.99, -20.31, -19.58, -18.77, -17.84, -16.77, -15.53, -14.00, -11.82, -7.06, -0.56, 6.08, 6.08, 7.01, 7.04, 5.97, 3.98, -0.06, -6.08, -11.26, -13.69, -15.31, -16.62, -17.69, -18.66, -19.49, -20.23, -20.93, -21.54, -22.10, -22.62, -23.08, -23.43, -23.78, -24.15, -24.56, -24.96, -25.35, -25.71, -26.03, -26.31, -26.60, -26.87, -27.09, -27.32, -27.49, -27.71, -27.88, -28.07, -28.19, -28.28, -28.10, -27.56, -27.01, -26.92, -27.01, -27.38, -28.07, -28.89, -29.32, -29.48, -29.56, -29.61, -29.63, -29.68, -29.69, -29.61, -29.56, -29.35, -28.96, -27.80, -23.91, -19.80, -17.22, -16.32, -16.32
2026-10-01, 21:38:05, 88000000, 90500000, 19531.25, 15616, -16.89, -17.31, -17.09, -15.88, -15.04, -14.20, -14.25, -15.27, -16.84, -18.92, -23.45, -27.71, -28.74, -29.09, -29.32, -29.44, -29.44, -29.53, -29.49, -29.44, -29.35, -29.12, -28.57, -27.99, -27.43, -26.99, -27.01, -27.33, -27.56, -27.85, -28.08, -28.18, -28.03, -27.88, -27.67, -27.46, -27.28, -27.05, -26.82, -26.57, -26.30, -26.01, -25.69, -25.33, -24.90, -24.57, -24.17, -23.81, -23.45, -23.04, -22.58, -22.07, -21.51, -20.87, -20.19, -19.44, -18.60, -17.63, -16.50, -15.15, -13.40, -10.51, -4.23, 1.14, 5.62, 5.62, 6.56, 6.50, 5.49, 3.66, 1.43, -2.19, -9.23, -13.09, -14.96, -16.40, -17.55, -18.51, -19.38, -20.16, -20.84, -21.48, -22.05, -22.57, -23.01, -23.39, -23.81, -24.15, -24.55, -24.95, -25.33, -25.67, -26.03, -26.29, -26.59, -26.84, -27.06, -27.31, -27.48, -27.69, -27.86, -28.04, -28.22, -28.20, -27.96, -27.46, -27.23, -27.06, -27.16, -27.49, -28.17, -28.68, -29.15, -29.46, -29.56, -29.61, -29.62, -29.67, -29.71, -29.59, -29.53, -29.29, -28.78, -26.53, -21.96, -18.92, -17.20, -16.90, -16.90
2026-10-01, 21:38:06, 88000000, 90500000, 19531.25, 15616, -17.69, -17.46, -16.48, -15.63, -15.43, -15.06, -14.83, -15.18, -15.65, -18.05, -23.44, -27.63, -28.69, -29.09, -29.34, -29.44, -29.52, -29.53, -29.51, -29.45, -29.35, -29.13, -28.48, -27.80, -27.55, -27.35, -27.34, -27.33, -27.46, -27.75, -28.08, -28.22, -28.08, -27.93, -27.73, -27.52, -27.32, -27.09, -26.86, -26.64, -26.36, -26.08, -25.72, -25.36, -24.96, -24.62, -24.26, -23.85, -23.47, -23.04, -22.60, -22.10, -21.53, -20.88, -20.19, -19.41, -18.55, -17.57, -16.41, -14.98, -13.14, -10.07, -3.00, 2.25, 5.46, 5.46, 5.67, 5.73, 5.18, 4.48, 2.60, -1.75, -9.31, -12.85, -14.82, -16.30, -17.48, -18.49, -19.38, -20.16, -20.84, -21.50, -22.07, -22.59, -23.03, -23.42, -23.87, -24.23, -24.61, -24.97, -25.33, -25.70, -26.06, -26.37, -26.62, -26.90, -27.12, -27.38, -27.56, -27.73, -27.91, -28.10, -28.23, -28.22, -27.81, -27.42, -27.31, -27.40, -27.36, -27.71, -27.99, -28.50, -29.17, -29.53, -29.61, -29.65, -29.66, -29.72, -29.71, -29.65, -29.53, -29.27, -28.62, -26.05, -20.86, -17.94, -17.18, -17.42, -17.42
2026-10-01, 21:38:07, 88000000, 90500000, 19531.25, 15616, -17.27, -17.16, -16.89, -16.10, -15.35, -14.70, -14.48, -15.10, -16.11, -18.29, -23.74, -27.59, -28.75, -29.16, -29.40, -29.52, -29.57, -29.58, -29.54, -29.52, -29.43, -29.13, -28.57, -27.97, -27.59, -27.34, -27.19, -27.39, -27.53, -27.85, -28.16, -28.28, -28.11, -27.97, -27.78, -27.57, -27.38, -27.17, -26.93, -26.67, -26.42, -26.10, -25.78, -25.41, -25.01, -24.65, -24.28, -23.88, -23.52, -23.10, -22.64, -22.15, -21.58, -20.95, -20.25, -19.48, -18.61, -17.62, -16.46, -15.03, -13.06, -9.38, -2.33, 1.80, 5.25, 5.25, 6.00, 6.16, 5.43, 4.24, 2.19, -2.12, -8.92, -12.84, -14.88, -16.33, -17.51, -18.50, -19.38, -20.18, -20.87, -21.48, -22.08, -22.60, -23.06, -23.45, -23.84, -24.23, -24.60, -24.98, -25.37, -25.72, -26.08, -26.37, -26.65, -26.92, -27.12, -27.36, -27.56, -27.75, -27.91, -28.10, -28.25, -28.15, -27.86, -27.63, -27.36, -27.23, -27.25, -27.61, -28.02, -28.56, -29.19, -29.48, -29.57, -29.65, -29.65, -29.70, -29.69, -29.62, -29.51, -29.24, -28.59, -25.13, -20.78, -18.69, -17.64, -17.25, -17.25
2026-10-01, 21:38:08, 88000000, 90500000, 19531.25, 15616, -16.21, -17.02, -17.66, -16.66, -14.82, -13.48, -13.66, -15.31, -17.37, -20.67, -25.58, -28.24, -28.92, -29.24, -29.39, -29.48, -29.56, -29.55, -29.51, -29.51, -29.40, -29.27, -28.79, -28.25, -27.52, -26.98, -26.73, -27.17, -27.72, -28.02, -28.28, -28.30, -28.10, -27.98, -27.77, -27.57, -27.35, -27.16, -26.91, -26.66, -26.42, -26.11, -25.79, -25.46, -25.03, -24.61, -24.22, -23.89, -23.56, -23.16, -22.71, -22.22, -21.63, -21.01, -20.35, -19.59, -18.77, -17.82, -16.74, -15.44, -13.79, -11.18, -5.35, -0.01, 5.51, 5.51, 7.10, 7.33, 5.75, 3.29, 0.42, -4.84, -10.97, -13.70, -15.37, -16.66, -17.75, -18.72, -19.54, -20.29, -20.99, -21.59, -22.16, -22.67, -23.13, -23.52, -23.87, -24.22, -24.59, -25.04, -25.43, -25.77, -26.12, -26.40, -26.69, -26.94, -27.14, -27.38, -27.59, -27.76, -27.94, -28.13, -28.30, -28.30, -28.13, -27.84, -27.33, -26.83, -26.84, -27.57, -28.32, -28.93, -29.31, -29.54, -29.61, -29.66, -29.69, -29.75, -29.77, -29.72, -29.63, -29.41, -29.00, -27.28, -22.80, -19.97, -17.95, -16.56, -16.56
2026-10-01, 21:38:09, 88000000, 90500000, 19531.25, 15552, -16.60, -17.27, -17.49, -16.38, -14.63, -13.85, -13.89, -14.98, -17.28, -20.54, -26.14, -28.32, -28.98, -29.30, -29.43, -29.55, -29.56, -29.60, -29.57, -29.52, -29.45, -29.29, -28.86, -28.22, -27.38, -26.95, -26.97, -27.17, -27.69, -28.06, -28.33, -28.30, -28.12, -28.00, -27.79, -27.59, -27.38, -27.16, -26.92, -26.68, -26.44, -26.14, -25.82, -25.47, -25.03, -24.66, -24.27, -23.90, -23.58, -23.18, -22.74, -22.23, -21.66, -21.06, -20.39, -19.64, -18.80, -17.87, -16.80, -15.51, -13.90, -11.60, -6.57, -0.05, 5.87, 5.87, 6.96, 6.84, 5.95, 3.58, 0.48, -5.27, -11.04, -13.63, -15.33, -16.64, -17.76, -18.73, -19.53, -20.31, -20.97, -21.62, -22.17, -22.68, -23.13, -23.49, -23.87, -24.24, -24.64, -25.01, -25.43, -25.80, -26.13, -26.41, -26.69, -26.97, -27.13, -27.36, -27.59, -27.79, -27.93, -28.13, -28.32, -28.37, -28.10, -27.78, -27.24, -26.97, -26.98, -27.46, -28.22, -28.89, -29.41, -29.54, -29.63, -29.71, -29.69, -29.76, -29.78, -29.71, -29.65, -29.45, -29.04, -27.77, -23.31, -19.92, -17.59, -16.37, -16.37
2026-10-01, 21:38:10, 88000000, 90500000, 19531.25, 15616, -16.02, -16.85, -17.98, -17.11, -14.76, -13.29, -13.43, -15.23, -18.07, -21.62, -25.58, -28.38, -28.98, -29.30, -29.45, -29.56, -29.59, -29.57, -29.57, -29.51, -29.43, -29.27, -28.81, -28.35, -27.59, -26.85, -26.66, -27.07, -27.82, -28.21, -28.31, -28.26, -28.13, -27.98, -27.76, -27.57, -27.36, -27.14, -26.92, -26.67, -26.40, -26.12, -25.81, -25.46, -25.06, -24.63, -24.21, -23.89, -23.55, -23.17, -22.72, -22.20, -21.67, -21.04, -20.36, -19.62, -18.80, -17.86, -16.76, -15.50, -13.82, -10.76, -5.55, -0.39, 5.37, 5.37, 7.29, 7.58, 5.97, 2.99, -0.72, -5.21, -11.02, -13.75, -15.42, -16.71, -17.79, -18.73, -19.57, -20.32, -20.98, -21.62, -22.17, -22.68, -23.16, -23.51, -23.85, -24.20, -24.57, -25.02, -25.43, -25.79, -26.11, -26.39, -26.65, -26.91, -27.15, -27.37, -27.54, -27.74, -27.94, -28.08, -28.24, -28.32, -28.14, -27.91, -27.32, -26.70, -26.74, -27.48, -28.35, -28.95, -29.37, -29.55, -29.62, -29.68, -29.69, -29.76, -29.73, -29.69, -29.63, -29.39, -28.91, -27.16, -22.89, -20.67, -18.28, -16.42, -16.42
2026-10-01, 21:38:11, 88000000, 90500000, 19531.25, 15616, -16.81, -17.39, -16.95, -16.04, -15.08, -14.12, -13.97, -14.65, -16.83, -21.58, -26.60, -28.41, -29.03, -29.30, -29.47, -29.59, -29.63, -29.64, -29.64, -29.60, -29.52, -29.39, -28.83, -28.14, -27.42, -27.21, -26.93, -27.24, -27.66, -28.17, -28.43, -28.35, -28.20, -28.07, -27.86, -27.66, -27.43, -27.23, -27.03, -26.76, -26.47, -26.20, -25.90, -25.51, -25.09, -24.72, -24.34, -23.98, -23.62, -23.25, -22.79, -22.29, -21.72, -21.11, -20.43, -19.69, -18.83, -17.92, -16.84, -15.54, -13.94, -11.74, -7.46, 0.41, 5.80, 5.80, 6.55, 6.81, 5.94, 4.08, 0.47, -6.90, -11.61, -13.87, -15.47, -16.77, -17.85, -18.80, -19.65, -20.39, -21.07, -21.69, -22.25, -22.77, -23.20, -23.57, -23.96, -24.32, -24.69, -25.09, -25.47, -25.87, -26.21, -26.46, -26.74, -27.00, -27.21, -27.49, -27.67, -27.84, -28.01, -28.16, -28.35, -28.45, -28.10, -27.74, -27.31, -27.12, -27.18, -27.49, -28.09, -28.91, -29.50, -29.64, -29.71, -29.72, -29.77, -29.83, -29.83, -29.75, -29.67, -29.48, -29.10, -28.00, -23.58, -19.24, -17.32, -16.83, -16.83
2026-10-01, 21:38:12, 88000000, 90500000, 19531.25, 15552, -16.07, -16.67, -18.58, -17.61, -13.96, -13.34, -12.97, -15.09, -19.24, -23.55, -27.17, -28.55, -29.06, -29.35, -29.49, -29.56, -29.60, -29.59, -29.58, -29.56, -29.44, -29.29, -29.07, -28.66, -27.41, -26.73, -26.59, -26.95, -27.92, -28.32, -28.41, -28.29, -28.15, -27.99, -27.80, -27.59, -27.40, -27.18, -26.96, -26.71, -26.43, -26.16, -25.84, -25.53, -25.09, -24.63, -24.27, -23.90, -23.59, -23.26, -22.78, -22.27, -21.73, -21.13, -20.47, -19.71, -18.93, -18.01, -16.97, -15.75, -14.25, -12.04, -6.81, -2.72, 6.09, 6.09, 7.60, 7.79, 6.36, 2.49, -2.38, -7.95, -12.03, -14.19, -15.68, -16.89, -17.93, -18.86, -19.67, -20.40, -21.06, -21.68, -22.23, -22.74, -23.23, -23.58, -23.87, -24.25, -24.61, -25.06, -25.50, -25.85, -26.17, -26.41, -26.69, -26.94, -27.17, -27.41, -27.59, -27.80, -27.98, -28.14, -28.32, -28.37, -28.37, -28.09, -27.13, -26.61, -26.70, -27.39, -28.46, -29.17, -29.47, -29.56, -29.63, -29.71, -29.76, -29.78, -29.82, -29.76, -29.70, -29.51, -29.15, -27.98, -24.67, -22.31, -18.49, -15.64, -15.64
2026-10-01, 21:38:13, 88000000, 90500000, 19531.25, 15616, -18.41, -17.29, -15.83, -15.71, -16.18, -15.89, -15.16, -14.69, -14.67, -18.32, -25.04, -27.90, -28.75, -29.14, -29.37, -29.50, -29.54, -29.56, -29.53, -29.51, -29.42, -29.10, -28.14, -27.84, -27.77, -27.65, -27.52, -27.45, -27.25, -27.60, -28.25, -28.30, -28.09, -27.97, -27.75, -27.57, -27.34, -27.14, -26.90, -26.64, -26.38, -26.08, -25.72, -25.32, -24.99, -24.67, -24.29, -23.88, -23.47, -23.05, -22.61, -22.10, -21.52, -20.88, -20.16, -19.38, -18.49, -17.46, -16.30, -14.82, -12.89, -9.76, -2.62, 3.64, 4.72, 4.72, 4.85, 5.14, 5.15, 5.34, 3.42, -3.64, -10.09, -13.06, -14.90, -16.34, -17.51, -18.52, -19.39, -20.18, -20.88, -21.50, -22.10, -22.60, -23.07, -23.49, -23.91, -24.29, -24.66, -25.00, -25.31, -25.74, -26.11, -26.41, -26.66, -26.94, -27.14, -27.40, -27.60, -27.77, -27.94, -28.13, -28.29, -28.19, -27.61, -27.43, -27.55, -27.62, -27.61, -27.70, -27.72, -28.37, -29.31, -29.53, -29.62, -29.65, -29.65, -29.74, -29.72, -29.64, -29.55, -29.23, -28.64, -26.14, -19.51, -17.34, -17.66, -18.16, -18.16
2026-10-01, 21:38:14, 88000000, 90500000, 19531.25, 18176, -14.92, -16.44, -20.12, -19.06, -13.88, -12.09, -12.46, -16.19, -22.17, -26.37, -28.13, -28.83, -29.18, -29.43, -29.54, -29.59, -29.63, -29.62, -29.61, -29.56, -29.51, -29.39, -29.23, -28.88, -27.67, -26.20, -26.17, -27.10, -28.26, -28.52, -28.48, -28.32, -28.20, -28.05, -27.85, -27.64, -27.45, -27.22, -27.00, -26.75, -26.48, -26.21, -25.91, -25.61, -25.21, -24.69, -24.24, -23.93, -23.72, -23.33, -22.87, -22.39, -21.82, -21.23, -20.60, -19.86, -19.09, -18.22, -17.25, -16.12, -14.79, -13.14, -10.89, -6.38, 5.28, 5.28, 8.79, 8.62, 6.20, -0.04, -6.08, -10.44, -12.85, -14.56, -15.93, -17.08, -18.08, -18.98, -19.77, -20.46, -21.14, -21.73, -22.30, -22.80, -23.28, -23.65, -23.90, -24.19, -24.62, -25.14, -25.55, -25.86, -26.20, -26.46, -26.75, -26.98, -27.20, -27.44, -27.64, -27.82, -28.01, -28.15, -28.35, -28.44, -28.49, -28.36, -27.38, -26.14, -26.32, -27.42, -28.84, -29.36, -29.51, -29.57, -29.64, -29.75, -29.77, -29.83, -29.82, -29.76, -29.74, -29.57, -29.38, -28.95, -27.68, -24.60, -19.80, -15.35, -15.35
2026-10-01, 21:38:15, 88000000, 90500000, 19531.25, 17344, -14.93, -16.56, -20.56, -19.94, -13.30, -12.04, -12.64, -16.12, -22.71, -26.80, -28.18, -28.79, -29.14, -29.36, -29.48, -29.52, -29.58, -29.55, -29.52, -29.49, -29.36, -29.35, -29.21, -28.92, -27.54, -25.99, -26.26, -26.98, -28.20, -28.44, -28.38, -28.23, -28.09, -27.91, -27.75, -27.57, -27.32, -27.12, -26.89, -26.65, -26.39, -26.07, -25.81, -25.51, -25.13, -24.52, -24.12, -23.83, -23.59, -23.24, -22.78, -22.26, -21.72, -21.12, -20.46, -19.78, -18.97, -18.10, -17.14, -16.03, -14.70, -13.15, -11.17, -8.23, 5.56, 5.56, 9.05, 8.34, 6.47, -0.40, -6.81, -10.70, -12.86, -14.50, -15.84, -17.01, -18.01, -18.90, -19.66, -20.38, -21.05, -21.65, -22.19, -22.71, -23.17, -23.59, -23.76, -24.10, -24.53, -25.03, -25.49, -25.79, -26.07, -26.36, -26.62, -26.89, -27.09, -27.35, -27.53, -27.76, -27.90, -28.07, -28.21, -28.36, -28.45, -28.38, -27.18, -25.96, -26.42, -27.26, -28.86, -29.27, -29.42, -29.52, -29.60, -29.65, -29.71, -29.74, -29.76, -29.72, -29.67, -29.54, -29.37, -29.01, -28.28, -26.32, -20.60, -14.79, -14.79
2026-10-01, 21:38:16, 88000000, 90500000, 19531.25, 15616, -14.94, -16.33, -19.85, -18.80, -14.15, -12.18, -12.38, -17.13, -20.81, -22.79, -27.40, -28.66, -29.10, -29.38, -29.48, -29.56, -29.58, -29.56, -29.58, -29.51, -29.44, -29.36, -29.09, -28.74, -27.75, -26.37, -26.00, -27.22, -28.24, -28.33, -28.40, -28.27, -28.14, -27.98, -27.78, -27.58, -27.37, -27.17, -26.94, -26.68, -26.43, -26.14, -25.84, -25.55, -25.15, -24.62, -24.21, -23.86, -23.67, -23.27, -22.79, -22.31, -21.74, -21.15, -20.50, -19.78, -18.99, -18.09, -17.10, -15.93, -14.52, -12.69, -9.01, -2.86, 4.99, 4.99, 8.35, 8.92, 5.59, 0.12, -2.63, -7.49, -12.24, -14.28, -15.75, -16.94, -17.96, -18.88, -19.67, -20.41, -21.07, -21.67, -22.24, -22.72, -23.21, -23.62, -23.85, -24.15, -24.56, -25.10, -25.48, -25.81, -26.14, -26.41, -26.69, -26.94, -27.15, -27.39, -27.59, -27.78, -27.94, -28.12, -28.29, -28.39, -28.31, -28.21, -27.42, -26.36, -26.15, -27.68, -28.82, -29.17, -29.45, -29.58, -29.65, -29.71, -29.74, -29.79, -29.81, -29.75, -29.71, -29.52, -29.27, -28.62, -25.38, -22.64, -19.84, -15.68, -15.68
2026-10-01, 21:38:17, 88000000, 90500000, 19531.25, 15552, -15.98, -17.12, -17.92, -16.79, -14.55, -13.15, -13.48, -15.31, -17.81, -21.48, -26.87, -28.42, -28.97, -29.28, -29.45, -29.51, -29.55, -29.53, -29.52, -29.50, -29.43, -29.33, -28.90, -28.23, -27.53, -26.70, -26.70, -27.11, -27.82, -28.15, -28.35, -28.29, -28.12, -27.94, -27.76, -27.57, -27.38, -27.16, -26.92, -26.68, -26.42, -26.14, -25.82, -25.49, -25.03, -24.64, -24.25, -23.89, -23.59, -23.21, -22.75, -22.25, -21.70, -21.09, -20.42, -19.67, -18.89, -17.96, -16.92, -15.68, -14.17, -12.15, -8.28, -1.21, 5.58, 5.58, 7.67, 7.37, 6.00, 3.02, -0.08, -6.95, -11.53, -13.87, -15.45, -16.74, -17.79, -18.74, -19.58, -20.31, -20.99, -21.61, -22.16, -22.68, -23.15, -23.52, -23.85, -24.20, -24.59, -25.03, -25.43, -25.77, -26.10, -26.40, -26.65, -26.94, -27.13, -27.38, -27.57, -27.79, -27.95, -28.09, -28.28, -28.36, -28.23, -27.85, -27.28, -26.60, -26.86, -27.46, -28.30, -28.92, -29.42, -29.57, -29.61, -29.67, -29.74, -29.77, -29.77, -29.70, -29.66, -29.46, -29.16, -28.31, -24.77, -20.36, -18.03, -16.18, -16.18
2026-10-01, 21:38:18, 88000000, 90500000, 19531.25, 15552, -16.48, -16.77, -17.02, -16.74, -15.23, -13.80, -13.56, -14.92, -17.05, -20.84, -26.57, -28.37, -28.95, -29.30, -29.44, -29.53, -29.60, -29.61, -29.57, -29.56, -29.46, -29.29, -28.63, -28.23, -27.57, -27.13, -26.87, -27.11, -27.67, -28.06, -28.39, -28.32, -28.17, -28.02, -27.80, -27.62, -27.41, -27.22, -26.96, -26.69, -26.45, -26.16, -25.84, -25.46, -25.10, -24.70, -24.28, -23.89, -23.57, -23.18, -22.73, -22.23, -21.66, -21.04, -20.35, -19.61, -18.77, -17.82, -16.70, -15.38, -13.68, -11.07, -5.01, 1.42, 5.13, 5.13, 6.73, 7.20, 6.05, 3.82, 0.61, -6.27, -11.42, -13.80, -15.40, -16.70, -17.82, -18.74, -19.59, -20.35, -21.02, -21.65, -22.21, -22.70, -23.17, -23.57, -23.93, -24.26, -24.61, -25.05, -25.45, -25.81, -26.15, -26.44, -26.72, -26.96, -27.17, -27.43, -27.60, -27.81, -27.96, -28.15, -28.30, -28.36, -27.97, -27.82, -27.48, -26.95, -26.89, -27.50, -28.21, -28.89, -29.45, -29.57, -29.64, -29.74, -29.74, -29.78, -29.79, -29.69, -29.62, -29.39, -28.93, -27.22, -21.80, -19.12, -18.16, -16.94, -16.94
2026-10-01, 21:38:19, 88000000, 90500000, 19531.25, 15616, -16.95, -17.19, -16.90, -16.23, -14.88, -14.23, -14.02, -14.83, -16.81, -19.89, -25.59, -28.20, -28.89, -29.25, -29.42, -29.51, -29.57, -29.57, -29.56, -29.52, -29.44, -29.28, -28.61, -28.11, -27.48, -27.09, -27.01, -27.21, -27.61, -27.98, -28.27, -28.27, -28.11, -27.97, -27.78, -27.56, -27.37, -27.17, -26.91, -26.66, -26.39, -26.12, -25.80, -25.42, -25.01, -24.66, -24.26, -23.88, -23.53, -23.12, -22.68, -22.17, -21.60, -20.98, -20.31, -19.55, -18.72, -17.77, -16.66, -15.36, -13.67, -11.20, -5.77, 1.39, 5.75, 5.75, 6.61, 6.61, 5.80, 3.92, 1.30, -4.72, -10.92, -13.56, -15.26, -16.58, -17.69, -18.66, -19.51, -20.27, -20.95, -21.59, -22.13, -22.65, -23.11, -23.48, -23.85, -24.24, -24.61, -24.99, -25.40, -25.74, -26.10, -26.37, -26.67, -26.90, -27.12, -27.38, -27.56, -27.75, -27.93, -28.08, -28.24, -28.30, -27.95, -27.66, -27.18, -27.07, -27.12, -27.48, -28.12, -28.71, -29.33, -29.50, -29.58, -29.65, -29.65, -29.74, -29.74, -29.64, -29.56, -29.35, -28.91, -27.49, -22.01, -18.96, -17.53, -16.69, -16.69
2026-10-01, 21:38:20, 88000000, 90500000, 19531.25, 15616, -17.34, -17.41, -16.30, -15.78, -15.51, -14.68, -14.21, -14.97, -15.96, -19.11, -25.51, -28.00, -28.77, -29.16, -29.32, -29.46, -29.53, -29.55, -29.53, -29.51, -29.46, -29.26, -28.56, -27.75, -27.57, -27.30, -27.18, -27.25, -27.51, -27.77, -28.23, -28.27, -28.09, -27.95, -27.76, -27.56, -27.37, -27.12, -26.92, -26.65, -26.37, -26.08, -25.76, -25.36, -25.00, -24.65, -24.27, -23.88, -23.52, -23.09, -22.68, -22.16, -21.59, -20.97, -20.28, -19.52, -18.69, -17.71, -16.59, -15.26, -13.58, -11.12, -6.03, 1.95, 5.20, 5.20, 5.95, 6.30, 5.71, 4.23, 2.32, -4.28, -10.55, -13.36, -15.12, -16.50, -17.63, -18.62, -19.46, -20.25, -20.94, -21.56, -22.12, -22.66, -23.08, -23.48, -23.89, -24.28, -24.59, -25.01, -25.38, -25.77, -26.11, -26.41, -26.64, -26.93, -27.15, -27.39, -27.59, -27.77, -27.94, -28.11, -28.28, -28.33, -27.82, -27.44, -27.45, -27.26, -27.22, -27.55, -28.07, -28.60, -29.33, -29.54, -29.60, -29.68, -29.67, -29.79, -29.75, -29.69, -29.59, -29.37, -28.90, -27.56, -22.42, -17.73, -17.35, -17.36, -17.36
