2026-10-01, 21:42:56, 88000000, 90500000, 19531.25, 3840, -17.12, -17.63, -16.77, -15.28, -14.70, -14.42, -14.85, -15.30, -15.98, -18.36, -24.84, -27.78, -28.58, -28.94, -29.17, -29.26, -29.36, -29.31, -29.28, -29.27, -29.18, -28.91, -28.41, -27.57, -27.06, -27.05, -27.05, -27.34, -27.39, -27.64, -27.96, -27.99, -27.85, -27.72, -27.48, -27.30, -27.10, -26.91, -26.64, -26.42, -26.16, -25.87, -25.55, -25.16, -24.77, -24.39, -23.98, -23.65, -23.28, -22.86, -22.41, -21.92, -21.31, -20.67, -20.00, -19.23, -18.35, -17.39, -16.21, -14.90, -13.16, -10.29, -3.87, 1.61, 6.22, 6.22, 6.37, 6.13, 4.96, 4.19, 2.39, -2.86, -9.69, -12.96, -14.85, -16.25, -17.40, -18.37, -19.28, -20.03, -20.73, -21.36, -21.90, -22.43, -22.88, -23.25, -23.66, -24.05, -24.46, -24.79, -25.19, -25.56, -25.92, -26.22, -26.47, -26.71, -26.95, -27.22, -27.40, -27.59, -27.78, -27.93, -28.06, -28.14, -27.76, -27.27, -27.07, -27.00, -27.14, -27.58, -27.91, -28.43, -29.07, -29.36, -29.39, -29.49, -29.50, -29.51, -29.62, -29.51, -29.43, -29.16, -28.66, -26.60, -21.31, -18.29, -16.62, -16.62, -16.62
2026-10-01, 21:42:57, 88000000, 90500000, 19531.25, 15104, -17.15, -17.17, -16.45, -15.71, -14.91, -14.47, -14.24, -14.69, -15.99, -18.66, -24.19, -27.59, -28.58, -28.97, -29.21, -29.31, -29.37, -29.33, -29.33, -29.31, -29.26, -29.01, -28.36, -27.76, -27.30, -27.06, -26.97, -27.05, -27.35, -27.70, -28.00, -28.07, -27.93, -27.77, -27.58, -27.38, -27.16, -26.95, -26.74, -26.47, -26.18, -25.92, -25.57, -25.22, -24.79, -24.45, -24.07, -23.70, -23.34, -22.91, -22.45, -21.97, -21.39, -20.77, -20.10, -19.32, -18.47, -17.50, -16.36, -15.01, -13.27, -10.47, -4.09, 1.97, 5.76, 5.76, 6.36, 6.34, 5.82, 4.43, 2.19, -2.75, -9.73, -13.01, -14.86, -16.27, -17.41, -18.40, -19.25, -20.03, -20.72, -21.36, -21.92, -22.44, -22.90, -23.30, -23.67, -24.05, -24.41, -24.81, -25.20, -25.55, -25.90, -26.20, -26.48, -26.74, -26.97, -27.21, -27.39, -27.57, -27.74, -27.93, -28.10, -28.10, -27.68, -27.33, -27.15, -26.99, -27.12, -27.38, -27.90, -28.47, -29.11, -29.37, -29.38, -29.50, -29.51, -29.57, -29.56, -29.47, -29.38, -29.15, -28.60, -26.59, -21.27, -18.23, -17.16, -16.82, -16.82
2026-10-01, 21:42:58, 88000000, 90500000, 19531.25, 15616, -16.90, -16.95, -16.62, -15.85, -14.96, -14.26, -13.88, -14.56, -16.12, -19.49, -25.21, -27.87, -28.67, -29.04, -29.22, -29.30, -29.37, -29.36, -29.35, -29.31, -29.24, -29.05, -28.44, -27.84, -27.30, -27.01, -26.87, -26.97, -27.37, -27.71, -28.04, -28.09, -27.90, -27.76, -27.58, -27.34, -27.17, -26.93, -26.72, -26.46, -26.20, -25.89, -25.57, -25.20, -24.83, -24.43, -24.07, -23.67, -23.30, -22.94, -22.47, -21.97, -21.40, -20.78, -20.10, -19.34, -18.50, -17.53, -16.42, -15.08, -13.35, -10.64, -4.37, 1.48, 5.67, 5.67, 6.54, 6.66, 6.11, 4.44, 1.66, -3.96, -10.29, -13.19, -14.96, -16.31, -17.43, -18.42, -19.27, -20.02, -20.71, -21.36, -21.93, -22.43, -22.90, -23.30, -23.67, -24.03, -24.40, -24.78, -25.18, -25.56, -25.91, -26.16, -26.46, -26.72, -26.94, -27.17, -27.36, -27.58, -27.76, -27.90, -28.08, -28.10, -27.75, -27.42, -27.14, -26.93, -27.01, -27.32, -27.90, -28.54, -29.13, -29.38, -29.43, -29.48, -29.50, -29.57, -29.57, -29.50, -29.40, -29.17, -28.71, -26.79, -21.66, -18.68, -17.29, -16.77, -16.77
2026-10-01, 21:42:59, 88000000, 90500000, 19531.25, 15552, -17.01, -17.10, -16.43, -15.94, -15.13, -14.34, -14.20, -14.82, -15.97, -18.84, -24.08, -27.74, -28.66, -29.03, -29.24, -29.35, -29.38, -29.40, -29.39, -29.35, -29.31, -29.02, -28.36, -27.77, -27.45, -27.08, -26.96, -27.09, -27.43, -27.69, -28.02, -28.07, -27.94, -27.79, -27.63, -27.39, -27.21, -26.98, -26.77, -26.50, -26.23, -25.93, -25.60, -25.23, -24.86, -24.47, -24.10, -23.72, -23.34, -22.92, -22.47, -21.99, -21.41, -20.78, -20.10, -19.34, -18.47, -17.49, -16.39, -15.01, -13.24, -10.35, -4.00, 2.20, 5.45, 5.45, 6.32, 6.51, 5.67, 4.41, 2.24, -2.94, -9.69, -13.05, -14.85, -16.26, -17.41, -18.38, -19.26, -20.02, -20.72, -21.36, -21.92, -22.43, -22.90, -23.29, -23.68, -24.06, -24.42, -24.80, -25.19, -25.56, -25.90, -26.20, -26.49, -26.74, -26.96, -27.18, -27.40, -27.59, -27.77, -27.89, -28.09, -28.10, -27.69, -27.38, -27.17, -27.05, -27.07, -27.43, -27.90, -28.44, -29.09, -29.38, -29.41, -29.51, -29.54, -29.57, -29.58, -29.46, -29.35, -29.12, -28.64, -26.54, -21.06, -18.17, -17.46, -17.00, -17.00
2026-10-01, 21:43:00, 88000000, 90500000, 19531.25, 15488, -17.34, -17.29, -16.51, -15.70, -15.09, -14.68, -14.60, -14.93, -15.55, -18.22, -24.07, -27.71, -28.66, -29.06, -29.28, -29.38, -29.43, -29.44, -29.42, -29.38, -29.29, -29.01, -28.42, -27.82, -27.40, -27.09, -27.11, -27.30, -27.38, -27.63, -28.07, -28.12, -28.01, -27.86, -27.63, -27.45, -27.24, -27.00, -26.78, -26.54, -26.25, -25.98, -25.63, -25.28, -24.86, -24.53, -24.15, -23.76, -23.39, -22.94, -22.52, -22.02, -21.44, -20.82, -20.12, -19.35, -18.49, -17.51, -16.36, -14.96, -13.15, -9.92, -3.16, 2.13, 5.57, 5.57, 6.17, 5.99, 5.45, 4.61, 2.72, -2.50, -9.49, -12.85, -14.76, -16.19, -17.36, -18.37, -19.27, -20.02, -20.72, -21.38, -21.93, -22.45, -22.90, -23.30, -23.72, -24.09, -24.48, -24.83, -25.20, -25.57, -25.93, -26.22, -26.50, -26.77, -26.98, -27.23, -27.40, -27.61, -27.77, -27.93, -28.09, -28.09, -27.73, -27.41, -27.21, -27.12, -27.24, -27.53, -27.80, -28.36, -29.09, -29.38, -29.45, -29.49, -29.53, -29.55, -29.56, -29.46, -29.36, -29.08, -28.51, -26.10, -20.87, -18.18, -17.26, -17.00, -17.00
2026-10-01, 21:43:01, 88000000, 90500000, 19531.25, 15616, -17.04, -17.20, -16.76, -16.00, -14.94, -14.39, -14.18, -14.86, -16.35, -19.22, -24.35, -27.82, -28.74, -29.12, -29.33, -29.41, -29.45, -29.49, -29.43, -29.40, -29.32, -29.13, -28.53, -27.96, -27.46, -27.13, -26.98, -27.18, -27.44, -27.85, -28.16, -28.19, -28.04, -27.87, -27.67, -27.48, -27.28, -27.05, -26.80, -26.56, -26.33, -26.00, -25.69, -25.32, -24.92, -24.52, -24.18, -23.80, -23.42, -23.02, -22.58, -22.07, -21.53, -20.89, -20.21, -19.44, -18.59, -17.63, -16.51, -15.14, -13.36, -10.31, -4.03, 1.49, 5.65, 5.65, 6.45, 6.42, 5.71, 4.28, 1.63, -3.26, -9.78, -13.10, -14.97, -16.37, -17.52, -18.50, -19.36, -20.12, -20.82, -21.47, -22.02, -22.53, -22.98, -23.40, -23.78, -24.15, -24.52, -24.91, -25.29, -25.64, -26.04, -26.31, -26.57, -26.84, -27.04, -27.29, -27.47, -27.66, -27.83, -28.02, -28.15, -28.18, -27.84, -27.50, -27.15, -27.06, -27.14, -27.50, -27.96, -28.59, -29.19, -29.42, -29.52, -29.55, -29.60, -29.65, -29.66, -29.57, -29.47, -29.26, -28.64, -26.24, -21.77, -18.68, -17.40, -16.79, -16.79
2026-10-01, 21:43:02, 88000000, 90500000, 19531.25, 15680, -17.38, -17.35, -16.55, -15.74, -15.26, -14.74, -14.52, -14.65, -15.95, -18.97, -24.96, -27.88, -28.81, -29.18, -29.38, -29.48, -29.56, -29.51, -29.52, -29.48, -29.43, -29.14, -28.59, -27.88, -27.48, -27.28, -27.21, -27.21, -27.38, -27.80, -28.20, -28.22, -28.06, -27.93, -27.72, -27.53, -27.33, -27.09, -26.86, -26.61, -26.34, -26.06, -25.75, -25.33, -24.95, -24.57, -24.23, -23.85, -23.46, -23.06, -22.60, -22.11, -21.53, -20.89, -20.21, -19.43, -18.60, -17.61, -16.46, -15.09, -13.31, -10.19, -3.61, 1.53, 5.61, 5.61, 6.01, 6.04, 5.71, 4.53, 2.09, -3.44, -9.91, -13.15, -15.00, -16.39, -17.55, -18.53, -19.40, -20.15, -20.87, -21.49, -22.04, -22.59, -23.02, -23.44, -23.82, -24.21, -24.58, -24.95, -25.33, -25.69, -26.06, -26.32, -26.60, -26.86, -27.07, -27.31, -27.51, -27.69, -27.88, -28.04, -28.19, -28.18, -27.90, -27.47, -27.23, -27.21, -27.28, -27.53, -27.99, -28.57, -29.25, -29.49, -29.57, -29.59, -29.62, -29.67, -29.67, -29.58, -29.49, -29.22, -28.65, -26.41, -21.43, -18.41, -17.21, -17.13, -17.13
2026-10-01, 21:43:03, 88000000, 90500000, 19531.25, 15552, -17.12, -17.03, -16.55, -15.71, -15.29, -14.51, -14.21, -14.51, -15.60, -19.38, -25.32, -27.87, -28.64, -29.04, -29.24, -29.36, -29.40, -29.43, -29.37, -29.37, -29.25, -29.00, -28.45, -27.82, -27.40, -27.13, -26.98, -27.07, -27.28, -27.68, -28.09, -28.10, -27.93, -27.83, -27.60, -27.40, -27.20, -27.00, -26.76, -26.48, -26.21, -25.93, -25.59, -25.24, -24.85, -24.49, -24.09, -23.71, -23.32, -22.93, -22.49, -21.96, -21.42, -20.78, -20.11, -19.32, -18.46, -17.49, -16.35, -14.95, -13.09, -9.64, -2.97, 1.69, 5.54, 5.54, 6.18, 6.30, 5.86, 4.86, 2.24, -4.35, -10.29, -13.13, -14.92, -16.30, -17.43, -18.43, -19.28, -20.06, -20.73, -21.38, -21.95, -22.46, -22.90, -23.33, -23.69, -24.09, -24.44, -24.82, -25.18, -25.59, -25.94, -26.20, -26.48, -26.75, -26.97, -27.21, -27.42, -27.58, -27.78, -27.93, -28.09, -28.06, -27.77, -27.32, -27.21, -27.09, -27.13, -27.39, -27.74, -28.45, -29.20, -29.40, -29.47, -29.48, -29.50, -29.57, -29.61, -29.51, -29.41, -29.15, -28.50, -25.72, -21.04, -18.56, -17.28, -17.14, -17.14
2026-10-01, 21:43:04, 88000000, 90500000, 19531.25, 15552, -16.90, -17.18, -16.63, -15.89, -15.04, -14.29, -14.22, -14.83, -16.04, -18.95, -24.15, -27.71, -28.68, -29.05, -29.28, -29.36, -29.41, -29.47, -29.44, -29.38, -29.29, -29.03, -28.53, -27.89, -27.46, -27.08, -26.94, -27.18, -27.42, -27.74, -28.14, -28.18, -28.02, -27.86, -27.67, -27.47, -27.27, -27.06, -26.81, -26.54, -26.29, -25.98, -25.68, -25.31, -24.91, -24.55, -24.16, -23.80, -23.43, -23.02, -22.56, -22.07, -21.47, -20.87, -20.18, -19.40, -18.57, -17.60, -16.42, -15.06, -13.12, -9.64, -3.37, 1.69, 5.53, 5.53, 6.43, 6.56, 5.68, 4.25, 2.27, -3.32, -9.61, -13.08, -14.95, -16.35, -17.50, -18.49, -19.34, -20.12, -20.80, -21.43, -22.02, -22.51, -22.98, -23.39, -23.77, -24.14, -24.50, -24.90, -25.27, -25.63, -25.99, -26.30, -26.55, -26.82, -27.02, -27.28, -27.47, -27.66, -27.84, -28.01, -28.16, -28.15, -27.83, -27.43, -27.28, -27.03, -27.10, -27.45, -28.04, -28.52, -29.19, -29.44, -29.56, -29.58, -29.59, -29.64, -29.66, -29.54, -29.45, -29.21, -28.47, -25.58, -21.49, -18.42, -17.42, -16.86, -16.86
2026-10-01, 21:43:05, 88000000, 90500000, 19531.25, 17152, -16.98, -17.03, -16.51, -16.11, -15.15, -14.37, -14.23, -14.68, -16.02, -18.97, -24.15, -27.67, -28.64, -29.04, -29.25, -29.37, -29.40, -29.42, -29.37, -29.35, -29.27, -28.97, -28.43, -27.94, -27.48, -27.06, -26.99, -27.10, -27.33, -27.75, -28.06, -28.14, -27.97, -27.83, -27.60, -27.40, -27.21, -26.99, -26.76, -26.51, -26.23, -25.94, -25.60, -25.25, -24.89, -24.49, -24.12, -23.73, -23.36, -22.95, -22.50, -22.00, -21.43, -20.80, -20.11, -19.34, -18.48, -17.49, -16.34, -14.95, -13.03, -9.46, -2.48, 1.97, 5.30, 5.30, 6.38, 6.43, 5.76, 4.54, 1.95, -2.87, -9.49, -13.00, -14.84, -16.28, -17.42, -18.39, -19.27, -20.03, -20.73, -21.37, -21.95, -22.46, -22.91, -23.33, -23.72, -24.09, -24.45, -24.84, -25.22, -25.59, -25.94, -26.22, -26.49, -26.76, -27.00, -27.24, -27.42, -27.61, -27.78, -27.97, -28.09, -28.06, -27.71, -27.46, -27.27, -26.99, -27.07, -27.38, -27.89, -28.49, -29.12, -29.37, -29.46, -29.53, -29.52, -29.58, -29.60, -29.47, -29.41, -29.15, -28.41, -25.24, -20.98, -18.43, -17.64, -16.99, -16.99
2026-10-01, 21:43:06, 88000000, 90500000, 19531.25, 15744, -17.17, -17.28, -16.54, -15.83, -15.16, -14.50, -14.55, -14.78, -15.76, -18.60, -24.65, -27.80, -28.68, -29.08, -29.28, -29.42, -29.48, -29.46, -29.46, -29.44, -29.36, -29.06, -28.47, -27.86, -27.47, -27.14, -27.13, -27.24, -27.34, -27.75, -28.14, -28.19, -28.03, -27.87, -27.68, -27.48, -27.29, -27.05, -26.84, -26.56, -26.29, -25.99, -25.67, -25.29, -24.91, -24.57, -24.18, -23.80, -23.39, -22.98, -22.55, -22.06, -21.47, -20.86, -20.15, -19.39, -18.53, -17.53, -16.38, -14.99, -13.12, -9.66, -3.03, 1.89, 5.44, 5.44, 6.26, 6.18, 5.52, 4.70, 2.33, -3.05, -9.94, -13.11, -14.95, -16.36, -17.51, -18.49, -19.36, -20.13, -20.83, -21.44, -22.03, -22.54, -22.99, -23.41, -23.80, -24.16, -24.52, -24.90, -25.29, -25.64, -26.02, -26.29, -26.56, -26.82, -27.03, -27.31, -27.51, -27.68, -27.85, -28.03, -28.19, -28.10, -27.80, -27.49, -27.29, -27.07, -27.21, -27.56, -27.87, -28.49, -29.13, -29.43, -29.51, -29.54, -29.56, -29.65, -29.62, -29.54, -29.44, -29.19, -28.53, -25.72, -21.05, -18.34, -17.42, -17.03, -17.03
2026-10-01, 21:43:07, 88000000, 90500000, 19531.25, 15488, -16.69, -17.22, -16.88, -16.04, -14.74, -13.97, -13.91, -14.83, -16.56, -20.16, -25.99, -28.13, -28.80, -29.13, -29.30, -29.41, -29.45, -29.45, -29.42, -29.39, -29.30, -29.14, -28.63, -27.99, -27.35, -26.91, -26.88, -27.10, -27.50, -27.84, -28.21, -28.16, -28.01, -27.85, -27.65, -27.42, -27.25, -27.04, -26.79, -26.54, -26.27, -25.99, -25.68, -25.33, -24.90, -24.51, -24.14, -23.79, -23.42, -23.04, -22.58, -22.09, -21.52, -20.90, -20.21, -19.48, -18.63, -17.70, -16.62, -15.33, -13.70, -11.37, -6.23, 0.68, 5.83, 5.83, 6.82, 6.84, 5.86, 4.10, 1.18, -5.10, -10.80, -13.44, -15.13, -16.46, -17.57, -18.55, -19.37, -20.14, -20.82, -21.44, -22.00, -22.53, -22.96, -23.36, -23.75, -24.12, -24.46, -24.89, -25.28, -25.65, -25.97, -26.27, -26.53, -26.79, -27.01, -27.26, -27.44, -27.64, -27.82, -28.00, -28.15, -28.23, -27.95, -27.52, -27.12, -26.85, -26.98, -27.38, -28.03, -28.72, -29.28, -29.43, -29.51, -29.55, -29.58, -29.65, -29.63, -29.60, -29.51, -29.32, -28.90, -27.61, -23.00, -18.94, -17.41, -16.53, -16.53
2026-10-01, 21:43:08, 88000000, 90500000, 19531.25, 15552, -16.18, -16.89, -17.44, -16.53, -14.61, -13.41, -13.46, -14.94, -17.37, -21.08, -25.98, -28.20, -28.79, -29.12, -29.27, -29.36, -29.43, -29.42, -29.41, -29.39, -29.29, -29.14, -28.71, -28.08, -27.36, -26.78, -26.65, -26.96, -27.51, -27.98, -28.17, -28.10, -27.96, -27.82, -27.64, -27.42, -27.23, -27.02, -26.77, -26.53, -26.27, -25.98, -25.67, -25.32, -24.92, -24.52, -24.09, -23.75, -23.40, -23.02, -22.58, -22.08, -21.52, -20.91, -20.23, -19.50, -18.67, -17.74, -16.67, -15.40, -13.81, -11.39, -6.00, -0.12, 5.70, 5.70, 7.28, 7.34, 6.15, 3.67, 0.00, -5.44, -11.14, -13.62, -15.26, -16.54, -17.63, -18.58, -19.41, -20.16, -20.83, -21.47, -22.02, -22.54, -22.97, -23.40, -23.74, -24.07, -24.43, -24.87, -25.28, -25.65, -25.99, -26.24, -26.54, -26.78, -27.02, -27.25, -27.45, -27.60, -27.81, -27.95, -28.12, -28.22, -28.02, -27.65, -27.14, -26.66, -26.80, -27.37, -28.15, -28.81, -29.27, -29.44, -29.50, -29.54, -29.61, -29.66, -29.66, -29.57, -29.51, -29.31, -28.91, -27.49, -23.27, -19.84, -17.76, -16.31, -16.31
2026-10-01, 21:43:09, 88000000, 90500000, 19531.25, 15616, -16.48, -16.98, -17.23, -16.34, -14.74, -13.78, -13.71, -14.74, -16.99, -20.75, -25.95, -28.21, -28.86, -29.20, -29.35, -29.41, -29.46, -29.50, -29.46, -29.44, -29.35, -29.14, -28.72, -28.14, -27.40, -26.92, -26.77, -27.04, -27.57, -28.00, -28.26, -28.22, -28.02, -27.90, -27.68, -27.52, -27.29, -27.10, -26.84, -26.60, -26.32, -26.05, -25.74, -25.36, -24.96, -24.57, -24.18, -23.82, -23.44, -23.07, -22.63, -22.13, -21.56, -20.93, -20.25, -19.50, -18.68, -17.72, -16.62, -15.28, -13.56, -10.60, -4.66, 0.14, 5.78, 5.78, 7.01, 7.01, 6.10, 3.94, 0.50, -5.32, -11.05, -13.59, -15.24, -16.56, -17.65, -18.59, -19.45, -20.18, -20.89, -21.51, -22.06, -22.59, -23.06, -23.43, -23.79, -24.14, -24.49, -24.92, -25.34, -25.70, -26.03, -26.31, -26.58, -26.87, -27.06, -27.29, -27.50, -27.68, -27.86, -28.04, -28.17, -28.24, -28.04, -27.68, -27.16, -26.85, -26.94, -27.36, -28.12, -28.75, -29.28, -29.46, -29.56, -29.60, -29.62, -29.66, -29.67, -29.59, -29.53, -29.31, -28.79, -26.57, -22.67, -19.69, -17.60, -16.47, -16.47
2026-10-01, 21:43:10, 88000000, 90500000, 19531.25, 15680, -17.13, -17.22, -16.75, -16.15, -15.28, -14.50, -14.37, -14.78, -16.32, -19.31, -24.44, -27.69, -28.78, -29.20, -29.42, -29.49, -29.54, -29.58, -29.56, -29.52, -29.44, -29.17, -28.59, -28.02, -27.61, -27.24, -27.16, -27.23, -27.58, -27.94, -28.21, -28.29, -28.15, -27.97, -27.79, -27.61, -27.37, -27.16, -26.95, -26.68, -26.43, -26.14, -25.81, -25.43, -25.05, -24.69, -24.29, -23.92, -23.53, -23.13, -22.70, -22.18, -21.60, -20.98, -20.31, -19.54, -18.68, -17.71, -16.55, -15.18, -13.31, -10.07, -3.28, 1.64, 5.35, 5.35, 6.22, 6.29, 5.72, 4.21, 1.73, -3.47, -9.56, -13.13, -15.09, -16.49, -17.64, -18.62, -19.50, -20.26, -20.94, -21.58, -22.15, -22.67, -23.12, -23.52, -23.92, -24.28, -24.65, -25.03, -25.43, -25.79, -26.14, -26.42, -26.71, -26.99, -27.19, -27.42, -27.62, -27.83, -27.97, -28.15, -28.30, -28.25, -27.98, -27.67, -27.38, -27.20, -27.26, -27.56, -28.10, -28.74, -29.36, -29.58, -29.66, -29.71, -29.74, -29.80, -29.81, -29.73, -29.60, -29.34, -28.71, -26.11, -21.24, -18.71, -17.62, -17.11, -17.11
2026-10-01, 21:43:11, 88000000, 90500000, 19531.25, 15552, -17.58, -17.60, -16.58, -15.70, -15.28, -14.89, -14.77, -15.08, -15.86, -18.40, -24.24, -27.77, -28.78, -29.15, -29.38, -29.48, -29.56, -29.55, -29.52, -29.48, -29.42, -29.19, -28.53, -27.85, -27.48, -27.36, -27.25, -27.33, -27.44, -27.81, -28.15, -28.27, -28.11, -27.92, -27.76, -27.54, -27.35, -27.11, -26.90, -26.64, -26.39, -26.06, -25.75, -25.36, -25.01, -24.65, -24.27, -23.87, -23.48, -23.08, -22.62, -22.12, -21.56, -20.93, -20.24, -19.47, -18.62, -17.65, -16.50, -15.13, -13.38, -10.52, -4.22, 1.93, 5.49, 5.49, 5.96, 5.78, 5.29, 4.37, 2.47, -2.59, -9.60, -13.02, -14.92, -16.35, -17.52, -18.53, -19.40, -20.17, -20.87, -21.50, -22.08, -22.58, -23.05, -23.44, -23.87, -24.23, -24.58, -24.98, -25.35, -25.72, -26.07, -26.35, -26.61, -26.88, -27.09, -27.37, -27.53, -27.73, -27.89, -28.07, -28.22, -28.22, -27.84, -27.46, -27.28, -27.27, -27.41, -27.69, -28.03, -28.51, -29.19, -29.53, -29.59, -29.65, -29.71, -29.71, -29.73, -29.62, -29.57, -29.31, -28.75, -26.70, -21.50, -18.15, -17.24, -17.19, -17.19
2026-10-01, 21:43:12, 88000000, 90500000, 19531.25, 15552, -17.32, -17.48, -16.75, -15.85, -15.15, -14.67, -14.61, -14.98, -16.05, -18.99, -24.56, -27.87, -28.81, -29.18, -29.42, -29.51, -29.58, -29.60, -29.56, -29.56, -29.45, -29.23, -28.58, -28.05, -27.52, -27.25, -27.27, -27.35, -27.59, -27.87, -28.24, -28.31, -28.15, -28.01, -27.80, -27.60, -27.40, -27.19, -26.94, -26.70, -26.44, -26.13, -25.80, -25.43, -25.04, -24.67, -24.29, -23.94, -23.53, -23.14, -22.68, -22.19, -21.61, -20.99, -20.31, -19.53, -18.66, -17.69, -16.56, -15.18, -13.35, -10.36, -3.92, 1.54, 5.61, 5.61, 6.17, 6.05, 5.48, 4.18, 2.16, -3.30, -9.88, -13.24, -15.11, -16.50, -17.66, -18.63, -19.52, -20.28, -20.97, -21.60, -22.17, -22.67, -23.13, -23.52, -23.94, -24.30, -24.67, -25.04, -25.43, -25.81, -26.15, -26.43, -26.69, -26.96, -27.17, -27.43, -27.63, -27.81, -27.96, -28.18, -28.30, -28.33, -27.96, -27.55, -27.32, -27.18, -27.37, -27.62, -28.07, -28.63, -29.35, -29.57, -29.65, -29.71, -29.70, -29.76, -29.77, -29.69, -29.61, -29.34, -28.75, -26.36, -21.57, -18.52, -17.32, -17.05, -17.05
2026-10-01, 21:43:13, 88000000, 90500000, 19531.25, 15680, -17.51, -17.50, -16.58, -15.80, -15.29, -14.83, -14.71, -14.97, -16.06, -18.55, -23.54, -27.71, -28.78, -29.18, -29.39, -29.48, -29.58, -29.57, -29.56, -29.50, -29.43, -29.20, -28.58, -27.86, -27.51, -27.28, -27.30, -27.34, -27.52, -27.83, -28.17, -28.28, -28.12, -27.98, -27.76, -27.55, -27.37, -27.15, -26.92, -26.66, -26.41, -26.10, -25.77, -25.38, -25.01, -24.65, -24.29, -23.91, -23.53, -23.10, -22.64, -22.16, -21.59, -20.95, -20.27, -19.50, -18.65, -17.66, -16.51, -15.14, -13.34, -10.19, -4.09, 1.78, 5.52, 5.52, 5.95, 5.90, 5.44, 4.22, 2.15, -2.05, -9.19, -12.98, -14.90, -16.34, -17.53, -18.54, -19.38, -20.19, -20.88, -21.51, -22.11, -22.59, -23.06, -23.45, -23.87, -24.24, -24.61, -24.99, -25.34, -25.72, -26.09, -26.36, -26.64, -26.92, -27.14, -27.37, -27.56, -27.75, -27.92, -28.09, -28.26, -28.25, -27.88, -27.50, -27.27, -27.30, -27.37, -27.62, -28.05, -28.63, -29.19, -29.50, -29.59, -29.68, -29.67, -29.74, -29.72, -29.64, -29.57, -29.30, -28.74, -26.48, -21.44, -18.23, -17.28, -17.22, -17.22
2026-10-01, 21:43:14, 88000000, 90500000, 19531.25, 15616, -17.29, -17.12, -16.59, -16.18, -15.47, -14.65, -14.31, -14.80, -16.26, -19.21, -24.50, -27.89, -28.86, -29.22, -29.44, -29.54, -29.60, -29.60, -29.59, -29.52, -29.44, -29.17, -28.55, -28.05, -27.62, -27.36, -27.18, -27.26, -27.59, -27.95, -28.27, -28.32, -28.19, -28.01, -27.81, -27.63, -27.42, -27.19, -26.96, -26.70, -26.46, -26.15, -25.82, -25.46, -25.09, -24.68, -24.33, -23.92, -23.57, -23.14, -22.71, -22.19, -21.64, -20.99, -20.30, -19.53, -18.69, -17.70, -16.55, -15.16, -13.31, -10.18, -3.56, 1.99, 5.17, 5.17, 6.01, 6.29, 5.67, 4.39, 1.55, -3.05, -9.82, -13.22, -15.08, -16.49, -17.64, -18.64, -19.50, -20.26, -20.97, -21.59, -22.17, -22.67, -23.13, -23.56, -23.95, -24.30, -24.64, -25.02, -25.40, -25.79, -26.12, -26.44, -26.69, -26.98, -27.20, -27.42, -27.63, -27.82, -27.97, -28.16, -28.34, -28.27, -27.94, -27.63, -27.43, -27.28, -27.28, -27.54, -28.05, -28.74, -29.32, -29.56, -29.64, -29.69, -29.70, -29.78, -29.77, -29.66, -29.59, -29.29, -28.76, -26.32, -20.89, -18.53, -17.67, -17.32, -17.32
2026-10-01, 21:43:15, 88000000, 90500000, 19531.25, 15680, -16.84, -17.27, -17.28, -16.16, -14.95, -14.15, -14.08, -15.16, -16.85, -19.52, -24.31, -27.81, -28.82, -29.18, -29.40, -29.46, -29.56, -29.56, -29.54, -29.51, -29.44, -29.21, -28.74, -28.07, -27.51, -27.12, -27.01, -27.21, -27.69, -28.04, -28.23, -28.29, -28.12, -28.00, -27.79, -27.57, -27.38, -27.17, -26.93, -26.69, -26.41, -26.14, -25.79, -25.45, -25.07, -24.65, -24.28, -23.91, -23.54, -23.16, -22.71, -22.21, -21.64, -21.04, -20.33, -19.60, -18.75, -17.79, -16.71, -15.40, -13.68, -10.92, -5.10, 0.62, 5.62, 5.62, 6.55, 6.64, 5.71, 3.75, 1.01, -2.94, -9.84, -13.30, -15.13, -16.53, -17.67, -18.64, -19.51, -20.28, -20.94, -21.58, -22.17, -22.66, -23.13, -23.52, -23.90, -24.25, -24.63, -25.03, -25.41, -25.81, -26.14, -26.41, -26.71, -26.94, -27.15, -27.41, -27.61, -27.80, -27.97, -28.12, -28.30, -28.34, -28.09, -27.63, -27.26, -27.08, -27.18, -27.53, -28.25, -28.83, -29.27, -29.58, -29.66, -29.71, -29.73, -29.80, -29.80, -29.71, -29.63, -29.41, -28.94, -27.05, -22.50, -19.28, -17.49, -16.76, -16.76
2026-10-01, 21:43:16, 88000000, 90500000, 19531.25, 17088, -17.21, -17.52, -16.97, -15.85, -14.96, -14.50, -14.32, -15.10, -16.48, -19.24, -23.83, -27.73, -28.82, -29.16, -29.39, -29.51, -29.58, -29.58, -29.55, -29.50, -29.46, -29.25, -28.75, -27.96, -27.47, -27.20, -27.10, -27.25, -27.62, -27.95, -28.22, -28.28, -28.13, -27.99, -27.80, -27.62, -27.40, -27.18, -26.95, -26.70, -26.45, -26.14, -25.82, -25.45, -25.02, -24.68, -24.32, -23.93, -23.56, -23.17, -22.71, -22.21, -21.66, -21.03, -20.35, -19.59, -18.75, -17.81, -16.71, -15.37, -13.69, -11.10, -5.56, 0.88, 5.80, 5.80, 6.29, 6.31, 5.49, 4.03, 1.64, -2.86, -9.53, -13.16, -15.09, -16.48, -17.65, -18.62, -19.49, -20.25, -20.95, -21.58, -22.15, -22.67, -23.10, -23.51, -23.91, -24.27, -24.66, -25.04, -25.36, -25.80, -26.13, -26.43, -26.66, -26.94, -27.16, -27.44, -27.60, -27.80, -27.97, -28.14, -28.30, -28.35, -27.99, -27.59, -27.21, -27.18, -27.25, -27.65, -28.14, -28.74, -29.27, -29.57, -29.65, -29.68, -29.73, -29.74, -29.77, -29.71, -29.63, -29.41, -28.97, -27.37, -22.57, -18.82, -17.23, -16.85, -16.85
2026-10-01, 21:43:17, 88000000, 90500000, 19531.25, 18112, -16.98, -17.07, -16.89, -16.26, -15.26, -14.34, -14.11, -14.80, -16.47, -19.95, -25.18, -28.05, -28.86, -29.22, -29.40, -29.52, -29.55, -29.56, -29.55, -29.52, -29.44, -29.27, -28.61, -28.07, -27.65, -27.21, -27.03, -27.20, -27.54, -28.00, -28.28, -28.29, -28.09, -27.96, -27.75, -27.56, -27.37, -27.17, -26.94, -26.68, -26.41, -26.12, -25.80, -25.43, -25.02, -24.65, -24.26, -23.89, -23.53, -23.13, -22.69, -22.19, -21.61, -20.98, -20.31, -19.55, -18.69, -17.72, -16.61, -15.24, -13.46, -10.50, -4.08, 1.48, 5.29, 5.29, 6.34, 6.53, 5.82, 4.23, 1.18, -4.21, -10.26, -13.37, -15.14, -16.52, -17.64, -18.63, -19.48, -20.25, -20.94, -21.58, -22.13, -22.65, -23.09, -23.50, -23.88, -24.24, -24.63, -24.99, -25.38, -25.78, -26.09, -26.39, -26.67, -26.92, -27.13, -27.37, -27.55, -27.77, -27.94, -28.13, -28.26, -28.24, -27.95, -27.60, -27.34, -27.14, -27.16, -27.50, -28.03, -28.76, -29.35, -29.56, -29.63, -29.66, -29.72, -29.75, -29.74, -29.65, -29.60, -29.36, -28.77, -26.66, -21.36, -18.96, -17.70, -17.07, -17.07
2026-10-01, 21:43:18, 88000000, 90500000, 19531.25, 16768, -17.09, -17.14, -16.77, -16.13, -15.30, -14.48, -14.13, -14.86, -16.49, -19.36, -24.89, -28.00, -28.81, -29.19, -29.40, -29.50, -29.53, -29.55, -29.53, -29.49, -29.41, -29.19, -28.63, -27.98, -27.60, -27.23, -27.09, -27.20, -27.57, -27.96, -28.23, -28.27, -28.09, -27.97, -27.77, -27.55, -27.37, -27.12, -26.92, -26.66, -26.41, -26.09, -25.80, -25.41, -25.01, -24.65, -24.26, -23.89, -23.51, -23.11, -22.67, -22.17, -21.59, -20.97, -20.25, -19.52, -18.66, -17.68, -16.56, -15.19, -13.40, -10.02, -3.69, 1.38, 5.32, 5.32, 6.22, 6.44, 5.76, 4.23, 1.43, -3.49, -10.29, -13.33, -15.15, -16.50, -17.65, -18.63, -19.49, -20.24, -20.93, -21.57, -22.14, -22.66, -23.09, -23.51, -23.88, -24.27, -24.65, -25.01, -25.39, -25.76, -26.10, -26.40, -26.67, -26.93, -27.15, -27.41, -27.58, -27.77, -27.96, -28.11, -28.29, -28.27, -27.95, -27.58, -27.36, -27.21, -27.19, -27.53, -28.03, -28.74, -29.33, -29.53, -29.62, -29.67, -29.70, -29.73, -29.72, -29.65, -29.59, -29.34, -28.77, -25.95, -21.75, -18.66, -17.60, -17.13, -17.13
2026-10-01, 21:43:19, 88000000, 90500000, 19531.25, 15616, -13.83, -17.25, -20.00, -18.96, -14.94, -10.99, -13.29, -16.95, -20.74, -24.53, -27.43, -28.62, -29.07, -29.27, -29.41, -29.44, -29.48, -29.47, -29.44, -29.40, -29.34, -29.27, -29.05, -28.61, -27.80, -26.11, -25.86, -27.24, -28.08, -28.27, -28.25, -28.16, -27.98, -27.84, -27.65, -27.47, -27.25, -27.05, -26.79, -26.55, -26.30, -26.00, -25.74, -25.39, -25.02, -24.56, -23.95, -23.79, -23.51, -23.13, -22.67, -22.16, -21.61, -21.01, -20.37, -19.66, -18.86, -17.99, -16.99, -15.84, -14.47, -12.70, -9.66, -4.29, 4.41, 4.41, 8.85, 8.88, 5.43, 0.38, -3.87, -8.65, -12.24, -14.26, -15.70, -16.86, -17.89, -18.77, -19.56, -20.30, -20.95, -21.56, -22.11, -22.62, -23.09, -23.47, -23.80, -23.92, -24.49, -24.97, -25.38, -25.68, -25.98, -26.27, -26.54, -26.82, -27.01, -27.25, -27.47, -27.63, -27.81, -28.00, -28.16, -28.29, -28.29, -28.12, -27.43, -26.02, -26.16, -27.57, -28.69, -29.12, -29.34, -29.45, -29.55, -29.61, -29.63, -29.69, -29.70, -29.66, -29.62, -29.49, -29.26, -28.67, -26.62, -23.04, -19.98, -16.34, -16.34
2026-10-01, 21:43:20, 88000000, 90500000, 19531.25, 15680, -14.72, -16.36, -20.46, -18.94, -14.10, -11.92, -12.36, -16.76, -22.26, -25.33, -28.01, -28.81, -29.19, -29.40, -29.52, -29.60, -29.63, -29.59, -29.60, -29.53, -29.48, -29.38, -29.22, -28.89, -27.54, -26.36, -26.04, -27.15, -28.25, -28.48, -28.45, -28.34, -28.12, -28.00, -27.80, -27.59, -27.38, -27.19, -26.98, -26.69, -26.46, -26.17, -25.89, -25.57, -25.17, -24.65, -24.20, -23.88, -23.67, -23.30, -22.83, -22.33, -21.79, -21.20, -20.54, -19.84, -19.04, -18.17, -17.18, -16.06, -14.72, -13.08, -10.52, -6.42, 5.56, 5.56, 8.50, 8.87, 6.00, -0.35, -5.25, -9.80, -12.79, -14.51, -15.87, -17.04, -18.03, -18.94, -19.72, -20.45, -21.11, -21.69, -22.26, -22.76, -23.23, -23.60, -23.88, -24.14, -24.58, -25.12, -25.53, -25.84, -26.14, -26.41, -26.70, -26.95, -27.15, -27.43, -27.57, -27.78, -27.93, -28.12, -28.30, -28.43, -28.48, -28.36, -27.27, -26.24, -26.16, -27.49, -28.89, -29.31, -29.50, -29.59, -29.68, -29.72, -29.76, -29.83, -29.83, -29.76, -29.73, -29.61, -29.36, -28.94, -27.62, -24.63, -19.56, -15.65, -15.65
2026-10-01, 21:43:21, 88000000, 90500000, 19531.25, 15616, -16.76, -17.02, -17.19, -16.45, -15.06, -14.07, -13.82, -14.92, -16.97, -20.44, -25.23, -28.17, -28.94, -29.29, -29.47, -29.59, -29.62, -29.67, -29.64, -29.58, -29.50, -29.31, -28.73, -28.20, -27.57, -27.14, -26.93, -27.16, -27.64, -28.09, -28.36, -28.33, -28.20, -28.03, -27.84, -27.64, -27.43, -27.19, -26.96, -26.73, -26.46, -26.18, -25.86, -25.51, -25.08, -24.73, -24.31, -23.97, -23.61, -23.21, -22.80, -22.27, -21.70, -21.09, -20.40, -19.65, -18.81, -17.87, -16.76, -15.43, -13.72, -11.05, -4.98, 0.72, 5.47, 5.47, 6.61, 6.83, 5.98, 3.82, 0.63, -4.58, -10.38, -13.54, -15.30, -16.65, -17.77, -18.72, -19.57, -20.33, -21.02, -21.63, -22.22, -22.71, -23.16, -23.55, -23.92, -24.28, -24.65, -25.06, -25.45, -25.83, -26.16, -26.44, -26.72, -26.98, -27.18, -27.45, -27.64, -27.83, -28.01, -28.17, -28.31, -28.35, -28.13, -27.76, -27.38, -27.05, -27.10, -27.52, -28.21, -28.96, -29.40, -29.60, -29.67, -29.73, -29.78, -29.81, -29.82, -29.73, -29.67, -29.44, -28.97, -27.00, -22.39, -19.38, -17.78, -16.82, -16.82
2026-10-01, 21:43:22, 88000000, 90500000, 19531.25, 15552, -16.14, -17.60, -17.42, -16.36, -15.08, -13.39, -14.37, -15.21, -16.62, -20.71, -25.97, -28.27, -28.94, -29.25, -29.43, -29.55, -29.57, -29.61, -29.54, -29.55, -29.45, -29.25, -28.81, -28.20, -27.64, -26.93, -26.84, -27.39, -27.57, -28.04, -28.35, -28.30, -28.15, -28.00, -27.80, -27.60, -27.39, -27.18, -26.93, -26.68, -26.44, -26.13, -25.83, -25.47, -25.06, -24.69, -24.23, -23.91, -23.58, -23.17, -22.71, -22.24, -21.67, -21.05, -20.36, -19.62, -18.77, -17.84, -16.73, -15.42, -13.69, -10.31, -4.64, 0.15, 5.33, 5.33, 7.12, 6.96, 5.26, 4.10, 0.76, -5.66, -11.10, -13.70, -15.37, -16.68, -17.79, -18.73, -19.59, -20.33, -21.01, -21.64, -22.22, -22.73, -23.18, -23.53, -23.91, -24.23, -24.68, -25.07, -25.45, -25.83, -26.16, -26.42, -26.73, -26.97, -27.19, -27.43, -27.63, -27.80, -28.00, -28.13, -28.29, -28.32, -28.15, -27.72, -27.37, -26.84, -27.06, -27.68, -28.18, -28.89, -29.45, -29.60, -29.70, -29.72, -29.76, -29.80, -29.81, -29.73, -29.65, -29.43, -28.76, -26.46, -22.88, -19.60, -17.78, -16.77, -16.77
2026-10-01, 21:43:23, 88000000, 90500000, 19531.25, 16640, -14.44, -17.65, -18.98, -17.38, -15.17, -11.67, -13.79, -16.27, -18.56, -22.58, -26.82, -28.48, -29.00, -29.26, -29.43, -29.49, -29.50, -29.54, -29.51, -29.47, -29.41, -29.28, -29.05, -28.45, -27.64, -26.50, -26.11, -27.42, -27.84, -28.19, -28.29, -28.22, -28.07, -27.90, -27.72, -27.51, -27.32, -27.10, -26.85, -26.63, -26.38, -26.05, -25.76, -25.41, -25.01, -24.60, -24.04, -23.86, -23.56, -23.14, -22.68, -22.19, -21.64, -21.04, -20.38, -19.64, -18.84, -17.95, -16.91, -15.72, -14.23, -12.09, -7.96, -3.04, 5.09, 5.09, 8.03, 8.55, 4.76, 2.62, -1.75, -6.95, -11.67, -14.03, -15.56, -16.80, -17.85, -18.75, -19.58, -20.31, -20.98, -21.59, -22.15, -22.66, -23.14, -23.50, -23.84, -24.02, -24.59, -25.04, -25.40, -25.74, -26.05, -26.33, -26.62, -26.89, -27.08, -27.31, -27.51, -27.71, -27.90, -28.03, -28.21, -28.32, -28.26, -27.97, -27.31, -26.43, -26.38, -27.80, -28.38, -29.03, -29.39, -29.53, -29.59, -29.63, -29.68, -29.75, -29.75, -29.67, -29.66, -29.51, -29.20, -28.13, -25.49, -21.74, -18.51, -16.76, -16.76
2026-10-01, 21:43:24, 88000000, 90500000, 19531.25, 18048, -16.31, -17.49, -18.09, -16.21, -14.46, -13.56, -13.93, -15.61, -17.51, -20.05, -26.18, -28.32, -28.98, -29.31, -29.45, -29.54, -29.57, -29.60, -29.57, -29.53, -29.47, -29.33, -28.98, -28.18, -27.36, -26.86, -26.78, -27.36, -27.75, -28.10, -28.30, -28.33, -28.14, -27.97, -27.82, -27.60, -27.37, -27.17, -26.96, -26.69, -26.46, -26.14, -25.85, -25.49, -25.05, -24.63, -24.29, -23.96, -23.61, -23.21, -22.78, -22.28, -21.71, -21.08, -20.43, -19.69, -18.88, -17.94, -16.89, -15.67, -14.12, -11.77, -7.12, -1.50, 6.01, 6.01, 7.24, 7.08, 5.38, 3.26, 0.49, -4.75, -10.89, -13.60, -15.29, -16.63, -17.75, -18.70, -19.54, -20.28, -20.97, -21.61, -22.16, -22.68, -23.14, -23.52, -23.86, -24.24, -24.62, -25.06, -25.45, -25.79, -26.13, -26.41, -26.69, -26.93, -27.16, -27.38, -27.62, -27.77, -27.96, -28.11, -28.28, -28.38, -28.27, -27.72, -27.08, -26.82, -27.01, -27.66, -28.28, -28.84, -29.37, -29.54, -29.67, -29.70, -29.72, -29.79, -29.79, -29.71, -29.67, -29.47, -29.10, -27.77, -24.36, -20.36, -17.40, -16.22, -16.22
2026-10-01, 21:43:25, 88000000, 90500000, 19531.25, 18240, -14.98, -17.28, -18.84, -17.48, -14.90, -12.18, -13.61, -16.72, -18.62, -20.45, -25.13, -28.22, -28.98, -29.28, -29.47, -29.56, -29.58, -29.60, -29.57, -29.50, -29.44, -29.29, -28.98, -28.47, -27.73, -26.57, -26.31, -27.50, -28.02, -28.18, -28.26, -28.29, -28.14, -27.97, -27.80, -27.58, -27.38, -27.16, -26.94, -26.68, -26.42, -26.13, -25.84, -25.48, -25.09, -24.67, -24.14, -23.91, -23.61, -23.20, -22.74, -22.24, -21.69, -21.08, -20.39, -19.68, -18.85, -17.93, -16.87, -15.62, -14.00, -11.46, -6.10, -1.57, 4.82, 4.82, 8.03, 8.20, 4.83, 1.83, -0.24, -4.11, -10.45, -13.66, -15.39, -16.70, -17.80, -18.73, -19.58, -20.33, -21.01, -21.62, -22.19, -22.69, -23.16, -23.56, -23.90, -24.13, -24.60, -25.07, -25.43, -25.79, -26.11, -26.41, -26.67, -26.97, -27.17, -27.40, -27.58, -27.77, -27.94, -28.11, -28.26, -28.31, -28.20, -27.95, -27.45, -26.41, -26.49, -27.80, -28.55, -28.93, -29.29, -29.54, -29.63, -29.68, -29.73, -29.77, -29.75, -29.71, -29.66, -29.46, -29.05, -27.49, -24.17, -20.92, -18.79, -16.49, -16.49
2026-10-01, 21:43:26, 88000000, 90500000, 19531.25, 15808, -16.85, -17.44, -17.53, -16.13, -14.63, -14.10, -14.17, -15.45, -16.98, -19.64, -23.99, -27.86, -28.87, -29.25, -29.43, -29.55, -29.59, -29.62, -29.58, -29.56, -29.46, -29.33, -28.84, -28.17, -27.43, -27.02, -27.00, -27.33, -27.70, -28.04, -28.27, -28.33, -28.16, -28.01, -27.82, -27.62, -27.44, -27.23, -26.96, -26.72, -26.46, -26.17, -25.85, -25.47, -25.07, -24.68, -24.33, -23.95, -23.59, -23.21, -22.75, -22.24, -21.68, -21.07, -20.39, -19.63, -18.80, -17.86, -16.76, -15.45, -13.82, -11.21, -5.64, 0.15, 5.89, 5.89, 6.79, 6.60, 5.45, 3.52, 1.09, -3.02, -9.86, -13.37, -15.23, -16.59, -17.74, -18.70, -19.56, -20.31, -21.01, -21.64, -22.21, -22.72, -23.17, -23.58, -23.91, -24.30, -24.71, -25.08, -25.46, -25.83, -26.17, -26.46, -26.72, -26.98, -27.18, -27.44, -27.62, -27.83, -28.00, -28.14, -28.33, -28.38, -28.15, -27.70, -27.21, -27.02, -27.19, -27.66, -28.29, -28.85, -29.30, -29.60, -29.65, -29.72, -29.75, -29.76, -29.81, -29.74, -29.64, -29.47, -28.98, -27.45, -22.93, -19.60, -17.39, -16.43, -16.43
2026-10-01, 21:43:27, 88000000, 90500000, 19531.25, 15616, -16.18, -17.28, -17.79, -16.57, -14.83, -13.42, -13.75, -15.38, -17.64, -20.55, -25.46, -28.09, -28.96, -29.29, -29.48, -29.58, -29.61, -29.63, -29.63, -29.60, -29.49, -29.34, -28.98, -28.30, -27.53, -26.94, -26.78, -27.26, -27.76, -28.11, -28.33, -28.33, -28.19, -28.03, -27.82, -27.62, -27.43, -27.20, -26.95, -26.71, -26.45, -26.16, -25.87, -25.50, -25.10, -24.68, -24.25, -23.93, -23.65, -23.22, -22.80, -22.27, -21.70, -21.09, -20.43, -19.69, -18.87, -17.94, -16.87, -15.59, -13.95, -11.40, -6.30, -0.77, 5.59, 5.59, 7.23, 7.24, 5.64, 3.14, 0.34, -4.67, -10.40, -13.58, -15.33, -16.66, -17.77, -18.72, -19.57, -20.32, -21.01, -21.63, -22.18, -22.72, -23.15, -23.56, -23.92, -24.24, -24.60, -25.05, -25.46, -25.82, -26.15, -26.42, -26.69, -26.96, -27.20, -27.45, -27.62, -27.81, -27.99, -28.13, -28.31, -28.38, -28.21, -27.78, -27.33, -26.76, -26.96, -27.60, -28.36, -28.93, -29.37, -29.57, -29.67, -29.71, -29.75, -29.78, -29.80, -29.71, -29.66, -29.47, -29.02, -27.46, -23.96, -20.05, -17.77, -16.53, -16.53
2026-10-01, 21:43:28, 88000000, 90500000, 19531.25, 15616, -16.79, -17.49, -17.39, -16.06, -14.76, -14.07, -14.24, -15.35, -16.85, -19.57, -24.57, -27.91, -28.87, -29.24, -29.42, -29.53, -29.55, -29.59, -29.57, -29.53, -29.45, -29.26, -28.77, -28.08, -27.45, -27.06, -27.01, -27.31, -27.63, -27.99, -28.26, -28.29, -28.13, -27.99, -27.82, -27.58, -27.40, -27.18, -26.95, -26.69, -26.41, -26.12, -25.81, -25.43, -25.05, -24.63, -24.25, -23.90, -23.54, -23.17, -22.70, -22.20, -21.63, -21.00, -20.32, -19.59, -18.74, -17.80, -16.69, -15.37, -13.72, -11.15, -5.45, 0.36, 5.87, 5.87, 6.72, 6.61, 5.38, 3.63, 1.33, -3.45, -9.88, -13.43, -15.23, -16.57, -17.70, -18.67, -19.52, -20.27, -20.97, -21.59, -22.17, -22.69, -23.13, -23.53, -23.89, -24.24, -24.65, -25.00, -25.41, -25.77, -26.10, -26.40, -26.67, -26.94, -27.16, -27.39, -27.60, -27.77, -27.94, -28.11, -28.32, -28.34, -28.07, -27.64, -27.21, -27.00, -27.18, -27.68, -28.25, -28.73, -29.30, -29.55, -29.62, -29.67, -29.71, -29.75, -29.76, -29.69, -29.62, -29.42, -28.92, -27.30, -22.78, -19.39, -17.34, -16.59, -16.59
2026-10-01, 21:43:29, 88000000, 90500000, 19531.25, 15616, -16.45, -17.23, -17.51, -16.42, -14.95, -13.75, -13.94, -15.34, -16.99, -20.31, -25.37, -28.12, -28.92, -29.29, -29.45, -29.53, -29.54, -29.59, -29.57, -29.53, -29.46, -29.29, -28.76, -28.18, -27.54, -26.98, -26.88, -27.29, -27.71, -27.99, -28.26, -28.30, -28.12, -27.96, -27.77, -27.57, -27.36, -27.16, -26.91, -26.68, -26.43, -26.11, -25.79, -25.45, -25.04, -24.63, -24.26, -23.90, -23.56, -23.14, -22.72, -22.20, -21.64, -21.02, -20.35, -19.58, -18.75, -17.82, -16.72, -15.41, -13.76, -11.08, -5.24, 0.29, 5.57, 5.57, 6.87, 6.97, 5.61, 3.56, 0.84, -4.63, -10.23, -13.53, -15.28, -16.61, -17.71, -18.68, -19.51, -20.28, -20.96, -21.57, -22.15, -22.67, -23.13, -23.52, -23.90, -24.19, -24.62, -25.03, -25.40, -25.79, -26.08, -26.37, -26.66, -26.92, -27.13, -27.39, -27.58, -27.75, -27.92, -28.12, -28.26, -28.32, -28.08, -27.77, -27.33, -26.96, -27.01, -27.54, -28.22, -28.87, -29.36, -29.53, -29.63, -29.68, -29.70, -29.74, -29.77, -29.68, -29.62, -29.41, -28.97, -27.22, -22.70, -19.65, -17.72, -16.72, -16.72
2026-10-01, 21:43:30, 88000000, 90500000, 19531.25, 15616, -16.07, -17.28, -17.49, -16.85, -15.13, -13.32, -14.12, -15.36, -16.91, -20.21, -24.67, -27.92, -28.94, -29.30, -29.49, -29.59, -29.64, -29.64, -29.63, -29.58, -29.53, -29.24, -28.78, -28.26, -27.75, -26.95, -26.85, -27.36, -27.72, -28.09, -28.31, -28.31, -28.17, -28.03, -27.83, -27.64, -27.43, -27.19, -26.98, -26.72, -26.47, -26.17, -25.88, -25.51, -25.13, -24.73, -24.29, -23.96, -23.63, -23.22, -22.77, -22.26, -21.70, -21.09, -20.41, -19.66, -18.83, -17.86, -16.78, -15.46, -13.75, -10.67, -4.12, 0.68, 5.06, 5.06, 7.20, 7.08, 5.44, 3.66, 0.71, -3.71, -9.88, -13.44, -15.25, -16.60, -17.72, -18.70, -19.54, -20.30, -20.99, -21.62, -22.18, -22.71, -23.17, -23.56, -23.92, -24.23, -24.68, -25.06, -25.46, -25.80, -26.14, -26.43, -26.70, -26.96, -27.16, -27.43, -27.62, -27.81, -27.99, -28.16, -28.29, -28.33, -28.05, -27.86, -27.46, -26.79, -27.00, -27.69, -28.18, -28.88, -29.33, -29.59, -29.67, -29.68, -29.75, -29.79, -29.77, -29.70, -29.62, -29.38, -28.90, -26.48, -22.11, -19.66, -18.29, -16.82, -16.82
2026-10-01, 21:43:31, 88000000, 90500000, 19531.25, 15552, -16.36, -17.20, -17.60, -16.61, -14.76, -13.60, -13.90, -15.37, -17.28, -20.52, -24.67, -28.08, -28.93, -29.28, -29.46, -29.57, -29.61, -29.63, -29.61, -29.54, -29.52, -29.31, -28.83, -28.28, -27.58, -26.94, -26.83, -27.27, -27.75, -28.09, -28.31, -28.33, -28.15, -28.02, -27.80, -27.63, -27.41, -27.19, -26.96, -26.70, -26.45, -26.17, -25.85, -25.48, -25.10, -24.66, -24.28, -23.93, -23.59, -23.19, -22.74, -22.24, -21.67, -21.06, -20.37, -19.64, -18.79, -17.85, -16.77, -15.46, -13.79, -11.11, -5.53, 0.12, 5.59, 5.59, 7.09, 7.10, 5.60, 3.37, 0.43, -4.16, -9.85, -13.50, -15.30, -16.62, -17.76, -18.70, -19.57, -20.32, -21.01, -21.60, -22.19, -22.68, -23.14, -23.54, -23.91, -24.26, -24.63, -25.05, -25.43, -25.81, -26.13, -26.41, -26.69, -26.96, -27.17, -27.41, -27.60, -27.81, -27.96, -28.13, -28.27, -28.33, -28.14, -27.79, -27.28, -26.87, -26.99, -27.60, -28.32, -28.92, -29.32, -29.60, -29.62, -29.69, -29.76, -29.76, -29.78, -29.70, -29.65, -29.43, -28.94, -27.32, -22.86, -19.75, -17.90, -16.49, -16.49
2026-10-01, 21:43:32, 88000000, 90500000, 19531.25, 15616, -16.69, -17.34, -17.33, -16.35, -14.87, -13.97, -14.10, -15.09, -16.93, -20.28, -25.15, -28.18, -28.92, -29.24, -29.44, -29.55, -29.58, -29.62, -29.55, -29.52, -29.42, -29.28, -28.76, -28.16, -27.54, -27.01, -26.96, -27.26, -27.65, -28.07, -28.31, -28.30, -28.13, -27.97, -27.80, -27.58, -27.40, -27.17, -26.94, -26.68, -26.41, -26.13, -25.81, -25.45, -25.05, -24.66, -24.25, -23.90, -23.56, -23.16, -22.72, -22.21, -21.66, -21.02, -20.35, -19.60, -18.77, -17.83, -16.71, -15.42, -13.70, -10.48, -5.01, 0.24, 5.62, 5.62, 6.82, 6.72, 5.65, 3.79, 0.79, -4.43, -10.49, -13.52, -15.25, -16.60, -17.73, -18.67, -19.53, -20.30, -20.99, -21.60, -22.17, -22.68, -23.13, -23.52, -23.89, -24.26, -24.63, -25.04, -25.41, -25.79, -26.12, -26.42, -26.70, -26.96, -27.17, -27.39, -27.59, -27.79, -27.96, -28.14, -28.28, -28.34, -28.13, -27.70, -27.27, -26.97, -27.15, -27.58, -28.23, -28.87, -29.35, -29.55, -29.67, -29.68, -29.71, -29.77, -29.80, -29.69, -29.64, -29.44, -28.86, -27.02, -22.65, -19.53, -17.66, -16.62, -16.62
2026-10-01, 21:43:33, 88000000, 90500000, 19531.25, 15552, -16.78, -17.30, -17.37, -16.31, -14.83, -14.09, -14.05, -14.92, -16.97, -20.52, -25.63, -28.16, -28.93, -29.28, -29.47, -29.56, -29.64, -29.61, -29.61, -29.55, -29.46, -29.30, -28.88, -28.20, -27.49, -27.08, -26.96, -27.24, -27.65, -28.11, -28.33, -28.31, -28.15, -28.01, -27.81, -27.60, -27.42, -27.20, -26.96, -26.69, -26.43, -26.15, -25.84, -25.48, -25.08, -24.70, -24.31, -23.94, -23.60, -23.18, -22.75, -22.24, -21.66, -21.05, -20.37, -19.62, -18.78, -17.83, -16.73, -15.41, -13.65, -10.71, -4.83, 0.15, 5.67, 5.67, 6.77, 6.69, 5.73, 3.89, 0.60, -4.85, -10.68, -13.58, -15.32, -16.66, -17.76, -18.72, -19.57, -20.33, -21.01, -21.64, -22.20, -22.73, -23.17, -23.55, -23.93, -24.29, -24.63, -25.07, -25.47, -25.82, -26.17, -26.46, -26.73, -26.98, -27.22, -27.43, -27.64, -27.80, -27.99, -28.17, -28.30, -28.32, -28.11, -27.76, -27.31, -27.06, -27.16, -27.53, -28.19, -28.96, -29.44, -29.62, -29.71, -29.73, -29.77, -29.85, -29.84, -29.77, -29.67, -29.48, -28.95, -27.00, -22.73, -19.78, -17.60, -16.57, -16.57
2026-10-01, 21:43:34, 88000000, 90500000, 19531.25, 15616, -16.48, -17.38, -17.89, -16.45, -14.57, -13.69, -14.05, -15.38, -17.45, -20.31, -25.49, -28.28, -29.03, -29.35, -29.49, -29.63, -29.66, -29.66, -29.67, -29.61, -29.55, -29.38, -28.99, -28.33, -27.47, -26.97, -26.95, -27.31, -27.84, -28.18, -28.39, -28.40, -28.23, -28.08, -27.89, -27.70, -27.48, -27.26, -27.06, -26.79, -26.55, -26.24, -25.93, -25.57, -25.19, -24.75, -24.37, -24.03, -23.69, -23.28, -22.85, -22.34, -21.79, -21.15, -20.50, -19.75, -18.93, -18.00, -16.93, -15.65, -14.03, -11.52, -5.83, -0.71, 5.93, 5.93, 7.13, 6.88, 5.54, 3.31, 0.48, -4.57, -10.55, -13.57, -15.35, -16.71, -17.83, -18.77, -19.62, -20.40, -21.07, -21.69, -22.27, -22.78, -23.23, -23.61, -23.95, -24.33, -24.72, -25.13, -25.53, -25.89, -26.23, -26.50, -26.77, -27.03, -27.23, -27.49, -27.69, -27.88, -28.03, -28.19, -28.37, -28.44, -28.27, -27.86, -27.22, -26.90, -27.13, -27.69, -28.43, -28.89, -29.43, -29.65, -29.73, -29.78, -29.82, -29.84, -29.87, -29.79, -29.70, -29.48, -29.04, -27.56, -23.32, -20.28, -17.62, -16.32, -16.32
2026-10-01, 21:43:35, 88000000, 90500000, 19531.25, 16768, -16.42, -17.18, -18.05, -16.30, -14.77, -13.68, -13.63, -15.57, -17.75, -20.33, -25.63, -28.22, -28.95, -29.27, -29.48, -29.55, -29.60, -29.61, -29.58, -29.53, -29.47, -29.33, -28.96, -28.23, -27.51, -26.98, -26.85, -27.21, -27.79, -28.11, -28.31, -28.33, -28.16, -28.02, -27.82, -27.61, -27.39, -27.18, -26.97, -26.71, -26.46, -26.16, -25.88, -25.50, -25.06, -24.67, -24.28, -23.92, -23.61, -23.22, -22.76, -22.28, -21.71, -21.10, -20.41, -19.70, -18.84, -17.92, -16.84, -15.59, -13.97, -11.52, -6.11, -1.17, 5.78, 5.78, 7.00, 7.15, 5.63, 3.04, 0.45, -4.69, -10.84, -13.70, -15.41, -16.74, -17.81, -18.76, -19.61, -20.35, -21.05, -21.67, -22.21, -22.74, -23.19, -23.56, -23.93, -24.26, -24.65, -25.10, -25.48, -25.82, -26.16, -26.47, -26.72, -27.00, -27.21, -27.47, -27.63, -27.81, -28.01, -28.17, -28.32, -28.38, -28.27, -27.72, -27.27, -26.90, -26.97, -27.65, -28.43, -28.93, -29.39, -29.64, -29.67, -29.74, -29.79, -29.84, -29.84, -29.79, -29.70, -29.51, -29.07, -27.51, -24.04, -20.35, -17.47, -16.55, -16.55
2026-10-01, 21:43:36, 88000000, 90500000, 19531.25, 18176, -15.70, -17.38, -18.21, -16.79, -14.90, -12.96, -13.91, -15.97, -17.95, -20.31, -24.66, -28.22, -29.00, -29.32, -29.49, -29.60, -29.63, -29.67, -29.62, -29.56, -29.49, -29.29, -28.93, -28.34, -27.68, -26.84, -26.67, -27.40, -27.90, -28.12, -28.31, -28.32, -28.18, -28.04, -27.85, -27.64, -27.44, -27.23, -26.99, -26.73, -26.48, -26.18, -25.88, -25.53, -25.12, -24.71, -24.28, -23.99, -23.65, -23.24, -22.79, -22.28, -21.74, -21.11, -20.45, -19.72, -18.87, -17.93, -16.84, -15.58, -13.93, -11.25, -5.48, -0.58, 5.35, 5.35, 7.39, 7.54, 5.23, 2.55, 0.29, -3.95, -10.23, -13.57, -15.38, -16.71, -17.81, -18.75, -19.61, -20.35, -21.05, -21.67, -22.24, -22.75, -23.19, -23.58, -23.92, -24.24, -24.65, -25.12, -25.48, -25.82, -26.18, -26.44, -26.74, -26.99, -27.20, -27.46, -27.63, -27.81, -27.99, -28.17, -28.34, -28.36, -28.19, -27.82, -27.33, -26.73, -26.82, -27.73, -28.48, -28.97, -29.38, -29.60, -29.69, -29.74, -29.79, -29.80, -29.80, -29.79, -29.68, -29.48, -29.03, -26.96, -23.44, -20.36, -18.01, -16.61, -16.61
2026-10-01, 21:43:37, 88000000, 90500000, 19531.25, 18240, -16.39, -17.49, -17.81, -16.49, -14.53, -13.63, -14.08, -15.48, -17.50, -20.22, -24.81, -28.12, -28.96, -29.31, -29.48, -29.57, -29.59, -29.64, -29.59, -29.56, -29.48, -29.34, -28.92, -28.24, -27.48, -26.90, -26.96, -27.39, -27.78, -28.14, -28.31, -28.32, -28.17, -28.00, -27.80, -27.62, -27.44, -27.19, -26.97, -26.70, -26.45, -26.17, -25.86, -25.53, -25.08, -24.67, -24.27, -23.94, -23.61, -23.21, -22.74, -22.26, -21.67, -21.07, -20.40, -19.65, -18.83, -17.89, -16.81, -15.53, -13.93, -11.39, -6.16, -0.62, 5.75, 5.75, 7.24, 6.96, 5.34, 3.24, 0.52, -3.83, -10.41, -13.60, -15.33, -16.67, -17.78, -18.75, -19.59, -20.33, -21.02, -21.65, -22.20, -22.73, -23.19, -23.55, -23.91, -24.28, -24.66, -25.08, -25.47, -25.83, -26.16, -26.44, -26.73, -26.97, -27.19, -27.42, -27.63, -27.80, -27.98, -28.16, -28.31, -28.37, -28.20, -27.76, -27.22, -26.80, -26.97, -27.69, -28.33, -28.85, -29.30, -29.56, -29.66, -29.73, -29.71, -29.79, -29.81, -29.72, -29.66, -29.48, -29.04, -27.56, -23.61, -20.03, -17.71, -16.27, -16.27
2026-10-01, 21:43:38, 88000000, 90500000, 19531.25, 18176, -14.62, -17.37, -19.32, -18.13, -14.64, -11.80, -13.47, -16.59, -19.09, -23.21, -27.22, -28.62, -29.12, -29.37, -29.48, -29.57, -29.61, -29.64, -29.58, -29.56, -29.49, -29.37, -29.09, -28.69, -27.80, -26.30, -26.22, -27.47, -28.04, -28.30, -28.40, -28.31, -28.17, -28.01, -27.81, -27.63, -27.40, -27.20, -26.99, -26.69, -26.45, -26.15, -25.88, -25.53, -25.14, -24.64, -24.19, -23.96, -23.67, -23.26, -22.78, -22.30, -21.77, -21.17, -20.50, -19.79, -18.98, -18.09, -17.09, -15.90, -14.49, -12.58, -8.82, -3.11, 4.77, 4.77, 8.54, 8.44, 4.91, 1.79, -1.82, -7.95, -12.02, -14.21, -15.70, -16.92, -17.95, -18.87, -19.68, -20.41, -21.07, -21.69, -22.24, -22.77, -23.21, -23.61, -23.90, -24.15, -24.63, -25.13, -25.49, -25.85, -26.14, -26.44, -26.69, -26.96, -27.18, -27.42, -27.61, -27.82, -27.97, -28.17, -28.31, -28.42, -28.33, -28.11, -27.47, -26.20, -26.45, -27.77, -28.57, -29.10, -29.51, -29.59, -29.66, -29.72, -29.75, -29.82, -29.81, -29.76, -29.72, -29.59, -29.29, -28.51, -25.88, -22.17, -19.37, -16.09, -16.09
2026-10-01, 21:43:39, 88000000, 90500000, 19531.25, 18176, -15.51, -17.60, -17.84, -17.04, -14.97, -12.76, -14.30, -15.71, -17.08, -20.74, -25.75, -28.23, -28.96, -29.29, -29.45, -29.54, -29.59, -29.60, -29.59, -29.53, -29.46, -29.30, -28.81, -28.37, -27.70, -26.78, -26.65, -27.49, -27.72, -28.09, -28.33, -28.28, -28.16, -28.02, -27.81, -27.59, -27.39, -27.16, -26.96, -26.70, -26.43, -26.14, -25.83, -25.48, -25.11, -24.68, -24.20, -23.95, -23.58, -23.18, -22.75, -22.23, -21.68, -21.05, -20.40, -19.65, -18.80, -17.89, -16.80, -15.52, -13.86, -11.19, -5.20, 0.28, 5.08, 5.08, 7.53, 7.45, 5.01, 3.53, 0.29, -4.86, -10.95, -13.71, -15.39, -16.71, -17.80, -18.74, -19.59, -20.31, -21.03, -21.64, -22.20, -22.69, -23.16, -23.55, -23.93, -24.18, -24.67, -25.08, -25.44, -25.80, -26.14, -26.41, -26.68, -26.96, -27.18, -27.42, -27.61, -27.80, -27.96, -28.13, -28.28, -28.29, -28.11, -27.87, -27.43, -26.64, -26.83, -27.73, -28.24, -28.88, -29.38, -29.57, -29.64, -29.68, -29.72, -29.74, -29.81, -29.72, -29.65, -29.44, -28.95, -26.99, -22.69, -20.10, -18.48, -16.63, -16.63
2026-10-01, 21:43:40, 88000000, 90500000, 19531.25, 18176, -15.61, -17.67, -17.62, -16.88, -14.93, -12.86, -14.31, -15.19, -17.30, -21.32, -25.59, -28.21, -28.91, -29.20, -29.36, -29.42, -29.45, -29.49, -29.44, -29.45, -29.33, -29.21, -28.76, -28.16, -27.57, -26.78, -26.60, -27.25, -27.60, -27.99, -28.20, -28.18, -27.99, -27.86, -27.66, -27.48, -27.25, -27.05, -26.80, -26.56, -26.30, -26.02, -25.69, -25.35, -24.95, -24.54, -24.11, -23.82, -23.46, -23.10, -22.62, -22.12, -21.57, -20.95, -20.30, -19.55, -18.72, -17.80, -16.74, -15.47, -13.91, -11.54, -6.44, 0.01, 5.44, 5.44, 7.26, 7.39, 5.33, 3.67, -0.07, -5.19, -10.59, -13.56, -15.24, -16.54, -17.64, -18.58, -19.42, -20.17, -20.85, -21.47, -22.02, -22.55, -23.02, -23.40, -23.76, -24.06, -24.51, -24.88, -25.31, -25.68, -25.98, -26.26, -26.53, -26.80, -27.00, -27.27, -27.46, -27.67, -27.82, -27.99, -28.15, -28.21, -27.97, -27.76, -27.18, -26.69, -26.80, -27.54, -28.14, -28.85, -29.29, -29.48, -29.53, -29.60, -29.63, -29.70, -29.71, -29.62, -29.59, -29.40, -29.01, -27.64, -23.23, -20.08, -18.23, -16.64, -16.64
2026-10-01, 21:43:41, 88000000, 90500000, 19531.25, 18240, -15.11, -17.31, -18.94, -17.18, -14.56, -12.33, -13.41, -15.73, -19.36, -23.55, -27.53, -28.63, -29.10, -29.34, -29.48, -29.50, -29.54, -29.56, -29.51, -29.51, -29.44, -29.33, -29.10, -28.44, -27.46, -26.57, -26.36, -27.20, -27.90, -28.24, -28.31, -28.25, -28.07, -27.93, -27.70, -27.52, -27.29, -27.10, -26.86, -26.61, -26.35, -26.07, -25.78, -25.45, -25.02, -24.57, -24.11, -23.83, -23.54, -23.18, -22.71, -22.21, -21.65, -21.04, -20.37, -19.66, -18.86, -17.97, -16.96, -15.80, -14.37, -12.60, -9.97, -4.25, 5.61, 5.61, 7.88, 8.17, 5.66, 2.16, -2.07, -8.86, -12.21, -14.16, -15.62, -16.84, -17.86, -18.77, -19.58, -20.32, -20.97, -21.58, -22.15, -22.65, -23.13, -23.49, -23.80, -24.08, -24.52, -24.99, -25.40, -25.74, -26.05, -26.33, -26.60, -26.87, -27.07, -27.30, -27.49, -27.70, -27.88, -28.04, -28.19, -28.32, -28.33, -27.87, -27.19, -26.41, -26.48, -27.47, -28.45, -29.06, -29.39, -29.50, -29.56, -29.63, -29.66, -29.70, -29.72, -29.69, -29.60, -29.48, -29.24, -28.73, -27.06, -22.09, -18.14, -16.17, -16.17
2026-10-01, 21:43:42, 88000000, 90500000, 19531.25, 16640, -16.53, -17.43, -17.02, -16.27, -15.26, -13.83, -14.23, -15.49, -16.82, -19.56, -25.76, -28.19, -28.93, -29.26, -29.46, -29.55, -29.59, -29.60, -29.56, -29.51, -29.46, -29.28, -28.68, -27.99, -27.56, -27.13, -27.00, -27.35, -27.71, -27.93, -28.27, -28.27, -28.11, -27.97, -27.79, -27.58, -27.36, -27.16, -26.90, -26.68, -26.41, -26.10, -25.80, -25.40, -25.05, -24.66, -24.24, -23.91, -23.55, -23.14, -22.68, -22.17, -21.61, -21.00, -20.29, -19.53, -18.70, -17.73, -16.64, -15.28, -13.64, -11.12, -5.64, 1.24, 5.33, 5.33, 6.57, 6.83, 5.27, 3.53, 1.51, -4.40, -10.76, -13.56, -15.28, -16.61, -17.74, -18.70, -19.55, -20.31, -20.98, -21.60, -22.18, -22.69, -23.14, -23.52, -23.93, -24.25, -24.66, -25.05, -25.45, -25.81, -26.12, -26.43, -26.69, -26.95, -27.14, -27.42, -27.61, -27.80, -27.96, -28.14, -28.29, -28.32, -27.96, -27.63, -27.42, -26.99, -26.98, -27.72, -28.26, -28.74, -29.38, -29.58, -29.65, -29.72, -29.71, -29.79, -29.80, -29.70, -29.63, -29.42, -29.01, -27.60, -22.44, -18.61, -17.68, -17.08, -17.08
2026-10-01, 21:43:43, 88000000, 90500000, 19531.25, 14976, -17.21, -17.62, -16.90, -16.04, -15.03, -14.50, -14.59, -15.27, -16.31, -19.06, -23.92, -27.80, -28.87, -29.28, -29.48, -29.58, -29.64, -29.66, -29.65, -29.59, -29.51, -29.37, -28.71, -28.05, -27.61, -27.27, -27.22, -27.42, -27.68, -27.94, -28.28, -28.37, -28.23, -28.07, -27.87, -27.66, -27.47, -27.25, -27.00, -26.76, -26.52, -26.21, -25.88, -25.51, -25.12, -24.76, -24.37, -24.00, -23.63, -23.20, -22.78, -22.25, -21.70, -21.07, -20.39, -19.64, -18.77, -17.83, -16.70, -15.37, -13.65, -11.00, -5.27, 1.44, 5.57, 5.57, 6.38, 6.15, 5.26, 4.01, 1.85, -2.71, -9.81, -13.23, -15.14, -16.58, -17.69, -18.70, -19.57, -20.33, -21.01, -21.66, -22.24, -22.75, -23.19, -23.61, -23.95, -24.34, -24.72, -25.10, -25.46, -25.84, -26.18, -26.50, -26.76, -27.05, -27.25, -27.48, -27.71, -27.85, -28.04, -28.20, -28.37, -28.41, -28.01, -27.64, -27.29, -27.17, -27.37, -27.72, -28.18, -28.71, -29.31, -29.62, -29.73, -29.76, -29.76, -29.83, -29.86, -29.76, -29.67, -29.45, -28.99, -27.34, -22.03, -18.62, -17.45, -16.91, -16.91
2026-10-01, 21:43:44, 88000000, 90500000, 19531.25, 15616, -16.29, -17.26, -17.80, -16.52, -14.87, -13.58, -13.86, -15.48, -17.29, -20.34, -25.02, -28.08, -28.93, -29.27, -29.44, -29.56, -29.58, -29.61, -29.57, -29.55, -29.46, -29.26, -28.93, -28.23, -27.54, -26.99, -26.82, -27.27, -27.76, -28.07, -28.34, -28.31, -28.14, -28.02, -27.82, -27.63, -27.41, -27.21, -26.98, -26.74, -26.45, -26.18, -25.84, -25.51, -25.10, -24.67, -24.30, -23.98, -23.61, -23.22, -22.78, -22.26, -21.71, -21.10, -20.41, -19.68, -18.86, -17.89, -16.83, -15.55, -13.87, -11.13, -4.84, -0.47, 5.54, 5.54, 7.06, 7.12, 5.50, 3.28, 0.64, -4.12, -10.36, -13.52, -15.28, -16.62, -17.76, -18.70, -19.55, -20.31, -21.00, -21.63, -22.20, -22.70, -23.17, -23.55, -23.90, -24.26, -24.67, -25.05, -25.45, -25.81, -26.15, -26.44, -26.72, -26.97, -27.17, -27.42, -27.62, -27.83, -28.00, -28.15, -28.31, -28.35, -28.21, -27.81, -27.31, -26.86, -26.96, -27.70, -28.35, -28.92, -29.38, -29.58, -29.67, -29.71, -29.78, -29.81, -29.83, -29.74, -29.73, -29.45, -28.98, -26.77, -23.20, -20.00, -17.81, -16.61, -16.61
2026-10-01, 21:43:45, 88000000, 90500000, 19531.25, 15616, -16.57, -17.43, -17.61, -16.27, -14.74, -13.82, -14.05, -15.15, -17.04, -20.89, -25.68, -28.28, -28.97, -29.28, -29.47, -29.55, -29.58, -29.61, -29.57, -29.56, -29.49, -29.30, -28.85, -28.30, -27.55, -26.89, -26.92, -27.21, -27.63, -28.14, -28.38, -28.33, -28.16, -28.03, -27.81, -27.62, -27.42, -27.19, -26.98, -26.74, -26.46, -26.17, -25.89, -25.50, -25.10, -24.68, -24.30, -23.93, -23.60, -23.21, -22.76, -22.27, -21.70, -21.09, -20.40, -19.64, -18.82, -17.90, -16.82, -15.54, -13.93, -11.48, -5.89, -0.46, 5.71, 5.71, 7.05, 6.82, 5.64, 3.79, 0.36, -5.34, -10.75, -13.63, -15.37, -16.70, -17.81, -18.74, -19.60, -20.35, -21.02, -21.65, -22.21, -22.72, -23.18, -23.56, -23.92, -24.29, -24.66, -25.07, -25.47, -25.81, -26.19, -26.44, -26.73, -26.98, -27.20, -27.43, -27.62, -27.81, -27.98, -28.15, -28.34, -28.36, -28.23, -27.74, -27.23, -27.01, -27.08, -27.69, -28.25, -28.89, -29.39, -29.59, -29.68, -29.77, -29.77, -29.82, -29.81, -29.72, -29.67, -29.51, -29.10, -27.52, -23.53, -19.99, -17.55, -16.47, -16.47
2026-10-01, 21:43:46, 88000000, 90500000, 19531.25, 15552, -15.41, -17.13, -18.81, -17.20, -14.60, -12.64, -13.38, -16.38, -19.14, -20.55, -25.28, -28.21, -29.01, -29.34, -29.50, -29.62, -29.67, -29.65, -29.66, -29.61, -29.50, -29.41, -29.07, -28.48, -27.59, -26.67, -26.54, -27.35, -28.12, -28.27, -28.35, -28.37, -28.21, -28.08, -27.87, -27.66, -27.46, -27.25, -27.02, -26.76, -26.50, -26.21, -25.90, -25.57, -25.17, -24.71, -24.30, -23.98, -23.69, -23.30, -22.85, -22.34, -21.79, -21.18, -20.51, -19.79, -18.97, -18.06, -17.02, -15.80, -14.25, -12.02, -7.63, -2.08, 5.51, 5.51, 7.81, 8.00, 5.32, 1.58, -0.66, -3.98, -10.71, -13.76, -15.49, -16.80, -17.88, -18.82, -19.66, -20.41, -21.09, -21.69, -22.27, -22.79, -23.24, -23.61, -23.93, -24.22, -24.67, -25.17, -25.55, -25.86, -26.20, -26.50, -26.75, -27.04, -27.21, -27.48, -27.68, -27.85, -28.02, -28.20, -28.35, -28.46, -28.37, -28.01, -27.36, -26.63, -26.57, -27.75, -28.67, -29.06, -29.40, -29.64, -29.71, -29.77, -29.79, -29.84, -29.86, -29.76, -29.73, -29.55, -29.18, -28.07, -24.98, -21.10, -18.20, -16.26, -16.26
2026-10-01, 21:43:47, 88000000, 90500000, 19531.25, 15680, -16.30, -17.35, -17.57, -16.59, -15.12, -13.58, -14.17, -15.69, -17.22, -19.16, -23.76, -27.75, -28.91, -29.26, -29.46, -29.56, -29.63, -29.63, -29.61, -29.59, -29.52, -29.28, -28.79, -28.28, -27.73, -27.01, -26.91, -27.42, -27.83, -28.07, -28.25, -28.36, -28.20, -28.08, -27.85, -27.64, -27.46, -27.23, -27.01, -26.75, -26.49, -26.19, -25.88, -25.53, -25.13, -24.76, -24.33, -24.00, -23.64, -23.25, -22.78, -22.27, -21.72, -21.11, -20.41, -19.68, -18.83, -17.87, -16.77, -15.44, -13.71, -10.76, -4.15, 0.79, 5.09, 5.09, 7.03, 6.98, 5.18, 3.22, 1.22, -2.55, -9.53, -13.31, -15.20, -16.59, -17.74, -18.71, -19.57, -20.31, -21.03, -21.63, -22.22, -22.72, -23.21, -23.58, -23.97, -24.31, -24.71, -25.10, -25.47, -25.83, -26.19, -26.48, -26.76, -27.02, -27.22, -27.48, -27.63, -27.83, -28.00, -28.19, -28.34, -28.35, -28.11, -27.77, -27.49, -26.89, -27.02, -27.77, -28.38, -28.84, -29.29, -29.62, -29.69, -29.75, -29.78, -29.83, -29.84, -29.74, -29.67, -29.42, -28.85, -26.36, -22.10, -19.44, -18.01, -16.84, -16.84
2026-10-01, 21:43:48, 88000000, 90500000, 19531.25, 15552, -16.73, -17.29, -17.34, -16.35, -14.86, -14.04, -14.08, -15.26, -17.23, -19.94, -24.76, -28.06, -28.94, -29.30, -29.47, -29.59, -29.62, -29.63, -29.58, -29.53, -29.43, -29.30, -28.77, -28.16, -27.50, -27.13, -26.99, -27.31, -27.78, -28.15, -28.28, -28.35, -28.17, -28.03, -27.82, -27.63, -27.44, -27.23, -26.95, -26.73, -26.45, -26.18, -25.87, -25.46, -25.09, -24.69, -24.30, -23.95, -23.60, -23.20, -22.74, -22.25, -21.69, -21.05, -20.38, -19.62, -18.78, -17.84, -16.72, -15.41, -13.71, -10.69, -4.85, 0.43, 5.71, 5.71, 6.72, 6.73, 5.61, 3.50, 0.67, -3.69, -10.01, -13.42, -15.25, -16.62, -17.75, -18.72, -19.55, -20.33, -21.02, -21.64, -22.21, -22.74, -23.18, -23.56, -23.95, -24.30, -24.67, -25.09, -25.48, -25.83, -26.15, -26.47, -26.72, -26.99, -27.21, -27.44, -27.64, -27.84, -28.00, -28.19, -28.33, -28.36, -28.11, -27.75, -27.28, -27.02, -27.16, -27.60, -28.25, -28.83, -29.34, -29.62, -29.68, -29.72, -29.74, -29.78, -29.80, -29.72, -29.64, -29.41, -28.93, -26.76, -22.55, -19.30, -17.59, -16.65, -16.65
2026-10-01, 21:43:49, 88000000, 90500000, 19531.25, 15616, -16.16, -17.45, -17.55, -16.34, -14.85, -13.40, -13.98, -15.67, -17.29, -20.00, -24.18, -27.96, -28.87, -29.23, -29.38, -29.50, -29.53, -29.59, -29.54, -29.52, -29.44, -29.28, -28.80, -28.12, -27.52, -26.87, -26.75, -27.32, -27.74, -28.07, -28.24, -28.26, -28.10, -27.95, -27.75, -27.57, -27.36, -27.15, -26.93, -26.63, -26.39, -26.12, -25.80, -25.46, -25.02, -24.64, -24.25, -23.91, -23.54, -23.15, -22.69, -22.20, -21.64, -21.02, -20.33, -19.59, -18.75, -17.83, -16.75, -15.47, -13.83, -11.48, -6.42, 0.10, 5.61, 5.61, 7.16, 7.14, 5.31, 3.27, 0.66, -3.35, -9.80, -13.40, -15.22, -16.58, -17.69, -18.67, -19.49, -20.27, -20.95, -21.58, -22.14, -22.66, -23.10, -23.51, -23.89, -24.19, -24.61, -25.06, -25.41, -25.76, -26.10, -26.40, -26.67, -26.94, -27.14, -27.37, -27.54, -27.76, -27.94, -28.11, -28.26, -28.35, -28.09, -27.65, -27.31, -26.83, -26.98, -27.66, -28.28, -28.81, -29.27, -29.50, -29.62, -29.67, -29.71, -29.75, -29.75, -29.69, -29.62, -29.39, -28.99, -27.63, -23.52, -19.41, -17.62, -16.60, -16.60
2026-10-01, 21:43:50, 88000000, 90500000, 19531.25, 15552, -15.46, -17.09, -18.00, -16.70, -14.39, -12.68, -13.48, -15.32, -17.80, -21.52, -26.46, -28.24, -28.83, -29.15, -29.26, -29.35, -29.36, -29.40, -29.37, -29.33, -29.24, -29.12, -28.78, -28.18, -27.30, -26.49, -26.42, -27.07, -27.58, -27.95, -28.16, -28.09, -27.91, -27.76, -27.59, -27.38, -27.18, -26.96, -26.73, -26.48, -26.21, -25.90, -25.64, -25.25, -24.86, -24.46, -24.00, -23.70, -23.37, -22.98, -22.53, -22.04, -21.45, -20.87, -20.19, -19.45, -18.64, -17.71, -16.68, -15.42, -13.89, -11.62, -6.37, -1.47, 5.83, 5.83, 7.85, 7.82, 5.74, 3.22, -0.23, -6.53, -11.25, -13.72, -15.29, -16.57, -17.64, -18.57, -19.39, -20.14, -20.80, -21.42, -21.99, -22.49, -22.95, -23.36, -23.68, -23.98, -24.44, -24.84, -25.23, -25.59, -25.94, -26.21, -26.49, -26.74, -26.98, -27.20, -27.38, -27.58, -27.76, -27.92, -28.08, -28.14, -28.10, -27.68, -27.06, -26.45, -26.57, -27.40, -28.24, -28.81, -29.24, -29.38, -29.48, -29.55, -29.54, -29.64, -29.61, -29.53, -29.50, -29.28, -28.98, -27.59, -24.17, -20.63, -17.90, -16.05, -16.05
2026-10-01, 21:43:51, 88000000, 90500000, 19531.25, 15616, -15.27, -17.40, -17.15, -16.37, -14.65, -12.50, -14.01, -14.79, -16.95, -20.98, -25.40, -27.87, -28.64, -28.94, -29.11, -29.15, -29.24, -29.23, -29.22, -29.18, -29.08, -28.91, -28.47, -27.88, -27.25, -26.44, -26.35, -26.97, -27.31, -27.74, -27.94, -27.91, -27.74, -27.59, -27.41, -27.18, -26.99, -26.77, -26.53, -26.28, -26.02, -25.73, -25.43, -25.04, -24.69, -24.24, -23.82, -23.52, -23.17, -22.77, -22.32, -21.81, -21.26, -20.64, -19.97, -19.23, -18.38, -17.47, -16.39, -15.11, -13.49, -10.98, -5.87, 0.03, 5.78, 5.78, 7.68, 7.71, 5.70, 4.08, 0.20, -4.96, -10.50, -13.30, -14.97, -16.29, -17.36, -18.32, -19.16, -19.89, -20.59, -21.19, -21.77, -22.30, -22.75, -23.11, -23.50, -23.77, -24.25, -24.59, -25.03, -25.38, -25.69, -26.02, -26.28, -26.53, -26.75, -26.99, -27.20, -27.38, -27.54, -27.73, -27.89, -27.96, -27.73, -27.44, -26.91, -26.36, -26.52, -27.25, -27.79, -28.56, -29.00, -29.17, -29.25, -29.29, -29.32, -29.38, -29.37, -29.31, -29.23, -29.05, -28.63, -27.24, -23.15, -19.48, -17.68, -16.33, -16.33
2026-10-01, 21:43:52, 88000000, 90500000, 19531.25, 15616, -15.45, -16.79, -17.01, -16.22, -14.62, -12.74, -13.50, -14.91, -16.38, -20.16, -24.98, -27.72, -28.45, -28.76, -28.95, -29.05, -29.08, -29.13, -29.07, -29.05, -28.96, -28.76, -28.27, -27.80, -27.18, -26.36, -26.26, -26.91, -27.21, -27.57, -27.81, -27.80, -27.62, -27.49, -27.30, -27.09, -26.89, -26.68, -26.44, -26.19, -25.93, -25.64, -25.32, -24.97, -24.58, -24.19, -23.74, -23.44, -23.06, -22.67, -22.22, -21.71, -21.15, -20.53, -19.85, -19.11, -18.26, -17.32, -16.22, -14.91, -13.17, -10.18, -4.46, 1.08, 5.65, 5.65, 7.67, 7.86, 5.79, 4.12, 1.24, -4.41, -10.24, -13.15, -14.85, -16.15, -17.26, -18.22, -19.06, -19.81, -20.50, -21.14, -21.68, -22.21, -22.66, -23.05, -23.39, -23.72, -24.15, -24.57, -24.95, -25.30, -25.66, -25.92, -26.19, -26.45, -26.69, -26.92, -27.13, -27.33, -27.49, -27.65, -27.80, -27.86, -27.58, -27.33, -26.95, -26.35, -26.37, -27.20, -27.75, -28.39, -28.92, -29.12, -29.17, -29.21, -29.27, -29.31, -29.31, -29.26, -29.17, -28.93, -28.42, -26.45, -21.98, -19.14, -17.67, -16.30, -16.30
2026-10-01, 21:43:53, 88000000, 90500000, 19531.25, 15552, -15.65, -16.83, -16.84, -15.58, -14.37, -12.90, -13.57, -14.93, -16.20, -18.99, -23.97, -27.34, -28.23, -28.62, -28.79, -28.89, -28.94, -28.95, -28.92, -28.90, -28.82, -28.63, -28.12, -27.51, -26.94, -26.34, -26.23, -26.78, -27.06, -27.36, -27.59, -27.63, -27.48, -27.34, -27.14, -26.94, -26.73, -26.49, -26.28, -26.02, -25.77, -25.49, -25.15, -24.78, -24.40, -23.99, -23.56, -23.25, -22.89, -22.48, -22.03, -21.53, -20.97, -20.33, -19.68, -18.91, -18.08, -17.12, -16.03, -14.74, -13.05, -10.40, -4.78, 1.12, 6.14, 6.14, 7.64, 7.62, 5.75, 4.31, 1.84, -2.79, -9.45, -12.69, -14.50, -15.88, -16.98, -17.97, -18.82, -19.58, -20.26, -20.91, -21.47, -21.99, -22.43, -22.82, -23.22, -23.55, -23.93, -24.36, -24.77, -25.11, -25.42, -25.72, -26.00, -26.25, -26.50, -26.74, -26.93, -27.14, -27.31, -27.47, -27.62, -27.67, -27.42, -27.03, -26.65, -26.25, -26.38, -27.07, -27.54, -28.11, -28.61, -28.90, -28.98, -29.01, -29.07, -29.10, -29.12, -29.05, -28.97, -28.76, -28.33, -26.65, -21.97, -18.80, -16.95, -16.12, -16.12
2026-10-01, 21:43:54, 88000000, 90500000, 19531.25, 15552, -16.47, -16.93, -16.86, -15.89, -14.68, -13.76, -13.71, -14.65, -16.47, -20.34, -25.48, -27.91, -28.62, -28.97, -29.13, -29.23, -29.28, -29.25, -29.28, -29.22, -29.15, -28.95, -28.48, -27.80, -27.21, -26.81, -26.69, -26.94, -27.30, -27.74, -28.00, -28.00, -27.80, -27.69, -27.46, -27.28, -27.06, -26.86, -26.62, -26.37, -26.10, -25.83, -25.51, -25.13, -24.73, -24.34, -23.96, -23.59, -23.25, -22.82, -22.40, -21.88, -21.33, -20.68, -20.03, -19.25, -18.42, -17.46, -16.36, -15.04, -13.35, -10.38, -4.52, 0.85, 6.01, 6.01, 6.96, 7.03, 6.07, 4.28, 0.97, -4.75, -10.49, -13.26, -14.97, -16.31, -17.42, -18.37, -19.22, -19.98, -20.67, -21.28, -21.85, -22.37, -22.82, -23.21, -23.55, -23.95, -24.31, -24.73, -25.11, -25.49, -25.82, -26.12, -26.38, -26.64, -26.85, -27.09, -27.27, -27.48, -27.64, -27.83, -27.99, -28.02, -27.75, -27.37, -26.99, -26.74, -26.78, -27.25, -27.84, -28.56, -29.10, -29.27, -29.37, -29.39, -29.43, -29.47, -29.48, -29.41, -29.32, -29.06, -28.55, -26.42, -22.28, -18.96, -17.18, -16.43, -16.43
2026-10-01, 21:43:55, 88000000, 90500000, 19531.25, 15616, -16.36, -16.84, -17.15, -16.26, -15.01, -13.69, -13.47, -14.80, -16.88, -20.42, -25.44, -28.09, -28.77, -29.14, -29.26, -29.36, -29.41, -29.44, -29.36, -29.36, -29.28, -29.12, -28.59, -27.99, -27.46, -26.88, -26.67, -26.99, -27.49, -27.89, -28.11, -28.13, -27.95, -27.79, -27.62, -27.41, -27.18, -26.98, -26.76, -26.50, -26.21, -25.95, -25.62, -25.29, -24.87, -24.50, -24.08, -23.71, -23.37, -22.98, -22.54, -22.03, -21.47, -20.85, -20.16, -19.41, -18.60, -17.65, -16.56, -15.22, -13.54, -10.84, -5.21, 0.34, 5.50, 5.50, 6.83, 7.30, 6.13, 3.90, 0.77, -4.69, -10.56, -13.37, -15.08, -16.40, -17.50, -18.45, -19.31, -20.06, -20.75, -21.39, -21.94, -22.48, -22.92, -23.32, -23.68, -24.02, -24.41, -24.82, -25.22, -25.58, -25.93, -26.20, -26.47, -26.76, -26.95, -27.17, -27.38, -27.58, -27.76, -27.91, -28.11, -28.11, -27.93, -27.54, -27.17, -26.89, -26.75, -27.28, -28.00, -28.66, -29.17, -29.39, -29.44, -29.49, -29.50, -29.56, -29.59, -29.51, -29.43, -29.22, -28.76, -26.97, -22.68, -19.32, -17.65, -16.76, -16.76
2026-10-01, 21:43:56, 88000000, 90500000, 19531.25, 15488, -15.45, -17.19, -18.28, -16.67, -14.24, -12.63, -13.49, -15.39, -17.75, -21.95, -26.45, -28.28, -28.87, -29.14, -29.33, -29.39, -29.45, -29.46, -29.44, -29.39, -29.33, -29.22, -28.89, -28.28, -27.38, -26.50, -26.44, -27.13, -27.69, -28.04, -28.24, -28.16, -28.00, -27.88, -27.67, -27.47, -27.26, -27.04, -26.80, -26.56, -26.29, -26.00, -25.74, -25.36, -24.92, -24.51, -24.07, -23.80, -23.46, -23.09, -22.62, -22.12, -21.59, -20.97, -20.30, -19.57, -18.77, -17.85, -16.83, -15.60, -14.11, -11.86, -7.78, -2.40, 5.99, 5.99, 8.07, 7.74, 5.75, 3.19, -0.52, -6.48, -11.49, -13.82, -15.38, -16.66, -17.70, -18.64, -19.48, -20.21, -20.88, -21.52, -22.06, -22.58, -23.05, -23.40, -23.73, -24.06, -24.49, -24.93, -25.33, -25.67, -25.98, -26.29, -26.57, -26.80, -27.02, -27.27, -27.44, -27.65, -27.84, -27.99, -28.18, -28.28, -28.23, -27.84, -27.04, -26.29, -26.68, -27.45, -28.19, -28.91, -29.27, -29.46, -29.51, -29.58, -29.64, -29.66, -29.65, -29.63, -29.55, -29.38, -29.07, -28.01, -25.14, -21.18, -17.83, -15.88, -15.88
2026-10-01, 21:43:57, 88000000, 90500000, 19531.25, 15552, -15.00, -16.99, -19.08, -16.78, -14.38, -12.23, -13.34, -16.61, -18.28, -19.97, -25.31, -28.04, -28.78, -29.08, -29.24, -29.31, -29.38, -29.38, -29.34, -29.33, -29.22, -29.09, -28.82, -28.24, -27.30, -26.45, -26.18, -27.21, -27.75, -27.83, -28.08, -28.04, -27.86, -27.73, -27.54, -27.34, -27.12, -26.93, -26.69, -26.45, -26.20, -25.89, -25.58, -25.25, -24.84, -24.40, -23.93, -23.63, -23.38, -22.96, -22.48, -22.02, -21.44, -20.81, -20.17, -19.42, -18.61, -17.70, -16.64, -15.40, -13.86, -11.56, -5.91, -1.86, 5.81, 5.81, 8.02, 8.31, 5.09, 2.01, 0.54, -4.82, -10.34, -13.43, -15.14, -16.46, -17.55, -18.51, -19.33, -20.07, -20.76, -21.36, -21.91, -22.46, -22.92, -23.30, -23.63, -23.91, -24.34, -24.85, -25.20, -25.54, -25.88, -26.16, -26.41, -26.70, -26.89, -27.15, -27.34, -27.52, -27.70, -27.89, -28.03, -28.09, -28.05, -27.71, -27.07, -26.28, -26.33, -27.59, -28.38, -28.71, -29.15, -29.31, -29.42, -29.46, -29.50, -29.54, -29.56, -29.48, -29.41, -29.26, -28.88, -27.46, -23.78, -21.56, -17.86, -16.07, -16.07
2026-10-01, 21:43:58, 88000000, 90500000, 19531.25, 15488, -16.79, -17.28, -16.80, -15.84, -14.73, -14.08, -14.27, -14.89, -16.12, -18.98, -24.36, -27.69, -28.62, -28.98, -29.21, -29.32, -29.35, -29.38, -29.33, -29.32, -29.22, -29.04, -28.48, -27.83, -27.30, -26.93, -26.90, -27.12, -27.36, -27.68, -28.01, -28.03, -27.89, -27.75, -27.56, -27.37, -27.14, -26.91, -26.69, -26.44, -26.17, -25.91, -25.58, -25.20, -24.83, -24.42, -24.03, -23.69, -23.33, -22.90, -22.46, -21.95, -21.38, -20.75, -20.07, -19.30, -18.45, -17.50, -16.35, -15.00, -13.17, -9.92, -4.05, 1.33, 5.88, 5.88, 6.81, 6.49, 5.59, 4.30, 1.98, -3.20, -9.59, -13.02, -14.86, -16.25, -17.41, -18.39, -19.26, -20.03, -20.70, -21.34, -21.91, -22.43, -22.88, -23.29, -23.65, -24.02, -24.39, -24.80, -25.20, -25.56, -25.89, -26.20, -26.46, -26.72, -26.94, -27.18, -27.37, -27.58, -27.75, -27.91, -28.03, -28.06, -27.78, -27.49, -27.05, -26.84, -27.07, -27.46, -27.91, -28.51, -29.10, -29.40, -29.47, -29.50, -29.51, -29.57, -29.60, -29.52, -29.41, -29.18, -28.58, -26.16, -21.85, -18.76, -17.25, -16.57, -16.57
2026-10-01, 21:43:59, 88000000, 90500000, 19531.25, 15552, -17.34, -17.22, -16.43, -15.67, -15.06, -14.69, -14.58, -14.99, -15.98, -18.09, -22.49, -27.15, -28.49, -28.99, -29.22, -29.36, -29.42, -29.41, -29.41, -29.37, -29.31, -29.03, -28.36, -27.76, -27.36, -27.15, -27.08, -27.16, -27.40, -27.70, -27.91, -28.11, -27.97, -27.81, -27.61, -27.38, -27.22, -27.00, -26.76, -26.48, -26.25, -25.95, -25.59, -25.23, -24.84, -24.47, -24.10, -23.74, -23.35, -22.93, -22.46, -21.97, -21.40, -20.77, -20.06, -19.29, -18.44, -17.44, -16.28, -14.89, -13.06, -10.08, -3.01, 2.38, 5.69, 5.69, 6.10, 6.02, 5.46, 4.32, 2.26, -0.95, -8.63, -12.65, -14.69, -16.16, -17.35, -18.37, -19.25, -20.03, -20.73, -21.36, -21.94, -22.45, -22.88, -23.30, -23.74, -24.12, -24.47, -24.85, -25.20, -25.59, -25.96, -26.24, -26.50, -26.77, -27.00, -27.21, -27.43, -27.63, -27.78, -27.96, -28.11, -28.02, -27.68, -27.36, -27.13, -27.16, -27.23, -27.52, -27.94, -28.47, -28.98, -29.40, -29.47, -29.53, -29.56, -29.59, -29.62, -29.51, -29.44, -29.14, -28.55, -26.00, -20.67, -17.99, -17.13, -17.01, -17.01
2026-10-01, 21:44:00, 88000000, 90500000, 19531.25, 15616, -17.23, -17.10, -16.53, -15.87, -15.09, -14.58, -14.29, -14.96, -15.91, -18.34, -24.31, -27.70, -28.64, -29.02, -29.27, -29.37, -29.42, -29.43, -29.43, -29.40, -29.32, -29.06, -28.40, -27.83, -27.42, -27.14, -27.02, -27.20, -27.41, -27.70, -28.05, -28.13, -27.97, -27.82, -27.65, -27.44, -27.24, -27.00, -26.77, -26.53, -26.26, -25.98, -25.64, -25.25, -24.88, -24.52, -24.16, -23.77, -23.37, -22.96, -22.50, -22.01, -21.45, -20.81, -20.12, -19.36, -18.50, -17.53, -16.37, -14.98, -13.18, -10.29, -3.59, 2.24, 5.53, 5.53, 6.21, 6.27, 5.65, 4.33, 2.43, -2.51, -9.81, -13.05, -14.90, -16.29, -17.46, -18.44, -19.31, -20.09, -20.79, -21.43, -22.01, -22.51, -22.97, -23.34, -23.76, -24.14, -24.50, -24.88, -25.25, -25.63, -25.99, -26.27, -26.55, -26.82, -27.01, -27.26, -27.45, -27.66, -27.83, -27.99, -28.16, -28.14, -27.72, -27.42, -27.27, -27.10, -27.15, -27.51, -27.97, -28.48, -29.16, -29.43, -29.51, -29.57, -29.61, -29.63, -29.64, -29.57, -29.48, -29.22, -28.67, -26.38, -20.93, -18.18, -17.37, -17.02, -17.02
2026-10-01, 21:44:01, 88000000, 90500000, 19531.25, 15552, -17.40, -17.15, -16.51, -15.84, -15.22, -14.75, -14.79, -15.12, -15.80, -17.11, -23.63, -27.46, -28.57, -29.00, -29.22, -29.33, -29.43, -29.45, -29.41, -29.37, -29.30, -28.98, -28.33, -27.83, -27.52, -27.25, -27.16, -27.26, -27.47, -27.59, -28.03, -28.14, -28.02, -27.86, -27.67, -27.47, -27.23, -27.05, -26.79, -26.55, -26.28, -25.97, -25.64, -25.26, -24.88, -24.55, -24.17, -23.79, -23.39, -22.95, -22.52, -22.01, -21.43, -20.79, -20.09, -19.33, -18.44, -17.44, -16.25, -14.82, -12.90, -9.63, -2.49, 2.63, 5.37, 5.37, 6.01, 5.90, 5.29, 4.23, 3.16, -1.22, -9.09, -12.69, -14.68, -16.15, -17.34, -18.36, -19.26, -20.03, -20.74, -21.38, -21.96, -22.48, -22.94, -23.36, -23.78, -24.14, -24.50, -24.91, -25.25, -25.60, -25.99, -26.27, -26.55, -26.82, -27.03, -27.26, -27.49, -27.67, -27.83, -28.03, -28.16, -28.14, -27.69, -27.39, -27.27, -27.17, -27.29, -27.61, -28.01, -28.31, -29.07, -29.42, -29.53, -29.58, -29.61, -29.65, -29.62, -29.58, -29.45, -29.19, -28.57, -25.88, -20.02, -18.05, -17.43, -17.19, -17.19
2026-10-01, 21:44:02, 88000000, 90500000, 19531.25, 16576, -17.07, -17.11, -16.41, -15.92, -15.19, -14.42, -14.08, -14.60, -16.02, -19.36, -24.82, -27.81, -28.67, -29.04, -29.25, -29.33, -29.43, -29.42, -29.38, -29.36, -29.34, -29.10, -28.43, -27.85, -27.45, -27.11, -27.00, -27.07, -27.36, -27.81, -28.13, -28.15, -27.96, -27.83, -27.65, -27.44, -27.24, -27.02, -26.78, -26.53, -26.26, -25.96, -25.63, -25.28, -24.88, -24.48, -24.14, -23.75, -23.38, -22.96, -22.53, -22.03, -21.47, -20.82, -20.13, -19.38, -18.53, -17.57, -16.43, -15.08, -13.34, -10.57, -4.35, 1.88, 5.46, 5.46, 6.27, 6.52, 5.97, 4.56, 1.69, -3.65, -10.04, -13.14, -14.96, -16.34, -17.47, -18.45, -19.32, -20.07, -20.77, -21.42, -21.97, -22.50, -22.94, -23.33, -23.74, -24.11, -24.46, -24.85, -25.24, -25.61, -25.99, -26.25, -26.52, -26.80, -27.00, -27.25, -27.44, -27.62, -27.82, -27.98, -28.13, -28.16, -27.76, -27.45, -27.23, -27.08, -27.04, -27.36, -27.90, -28.56, -29.18, -29.43, -29.49, -29.52, -29.57, -29.62, -29.62, -29.53, -29.44, -29.24, -28.70, -26.75, -21.64, -18.23, -17.44, -17.03, -17.03
2026-10-01, 21:44:03, 88000000, 90500000, 19531.25, 18176, -17.08, -17.13, -16.58, -15.89, -15.07, -14.38, -14.18, -14.71, -15.99, -19.39, -24.75, -27.82, -28.67, -29.06, -29.25, -29.35, -29.40, -29.43, -29.39, -29.34, -29.29, -29.09, -28.41, -27.89, -27.41, -27.13, -27.00, -27.09, -27.35, -27.79, -28.11, -28.12, -27.98, -27.82, -27.65, -27.45, -27.22, -27.01, -26.78, -26.52, -26.28, -25.99, -25.64, -25.28, -24.89, -24.52, -24.13, -23.77, -23.38, -22.97, -22.53, -22.03, -21.46, -20.85, -20.16, -19.39, -18.55, -17.58, -16.46, -15.11, -13.36, -10.56, -4.19, 1.80, 5.65, 5.65, 6.35, 6.39, 5.83, 4.56, 1.72, -3.61, -10.09, -13.15, -14.98, -16.37, -17.51, -18.48, -19.34, -20.10, -20.81, -21.44, -22.01, -22.51, -22.99, -23.35, -23.76, -24.11, -24.49, -24.88, -25.27, -25.63, -25.98, -26.28, -26.55, -26.79, -27.03, -27.27, -27.45, -27.66, -27.79, -28.00, -28.14, -28.15, -27.77, -27.47, -27.16, -27.00, -27.10, -27.45, -27.93, -28.62, -29.19, -29.44, -29.52, -29.59, -29.58, -29.65, -29.68, -29.57, -29.50, -29.23, -28.73, -26.67, -21.41, -18.55, -17.34, -16.91, -16.91
2026-10-01, 21:44:04, 88000000, 90500000, 19531.25, 18176, -17.22, -17.08, -16.44, -15.81, -15.22, -14.53, -14.35, -14.75, -15.82, -18.68, -24.47, -27.72, -28.63, -29.07, -29.25, -29.35, -29.40, -29.40, -29.41, -29.35, -29.26, -29.03, -28.35, -27.83, -27.41, -27.13, -27.07, -27.13, -27.36, -27.65, -28.06, -28.11, -27.96, -27.79, -27.59, -27.39, -27.21, -26.97, -26.73, -26.50, -26.21, -25.92, -25.61, -25.21, -24.84, -24.48, -24.10, -23.73, -23.33, -22.90, -22.47, -21.96, -21.40, -20.77, -20.07, -19.31, -18.44, -17.44, -16.32, -14.93, -13.10, -9.99, -3.41, 2.32, 5.45, 5.45, 6.23, 6.19, 5.68, 4.56, 2.30, -2.99, -9.65, -12.89, -14.79, -16.20, -17.36, -18.36, -19.23, -20.01, -20.71, -21.34, -21.90, -22.41, -22.86, -23.28, -23.71, -24.07, -24.42, -24.81, -25.17, -25.55, -25.92, -26.20, -26.48, -26.75, -26.95, -27.21, -27.40, -27.59, -27.77, -27.93, -28.06, -28.03, -27.65, -27.36, -27.20, -27.01, -27.17, -27.39, -27.84, -28.47, -29.11, -29.37, -29.46, -29.49, -29.52, -29.58, -29.56, -29.50, -29.38, -29.10, -28.55, -26.24, -20.79, -18.17, -17.35, -17.10, -17.10
2026-10-01, 21:44:05, 88000000, 90500000, 19531.25, 18176, -17.15, -17.27, -16.67, -15.65, -14.98, -14.51, -14.39, -14.90, -15.85, -18.93, -24.76, -27.80, -28.70, -29.10, -29.30, -29.40, -29.45, -29.47, -29.47, -29.41, -29.30, -29.11, -28.50, -27.81, -27.38, -27.15, -27.05, -27.22, -27.43, -27.74, -28.10, -28.18, -28.01, -27.85, -27.64, -27.47, -27.23, -27.03, -26.82, -26.56, -26.27, -25.99, -25.66, -25.28, -24.88, -24.55, -24.12, -23.78, -23.40, -22.97, -22.54, -22.02, -21.47, -20.84, -20.13, -19.38, -18.54, -17.56, -16.43, -15.06, -13.27, -10.35, -3.83, 1.67, 5.74, 5.74, 6.29, 6.23, 5.61, 4.48, 2.21, -3.29, -10.06, -13.15, -14.97, -16.36, -17.52, -18.50, -19.34, -20.11, -20.81, -21.44, -22.01, -22.53, -22.98, -23.38, -23.76, -24.13, -24.51, -24.88, -25.25, -25.62, -25.98, -26.29, -26.55, -26.79, -27.03, -27.26, -27.44, -27.64, -27.80, -27.99, -28.14, -28.13, -27.77, -27.40, -27.17, -27.04, -27.12, -27.49, -27.92, -28.49, -29.15, -29.43, -29.50, -29.53, -29.57, -29.60, -29.59, -29.52, -29.43, -29.18, -28.60, -26.46, -21.37, -18.48, -17.16, -16.84, -16.84
2026-10-01, 21:44:06, 88000000, 90500000, 19531.25, 18176, -17.07, -17.18, -16.70, -15.89, -14.99, -14.43, -14.30, -14.90, -16.11, -19.00, -23.94, -27.62, -28.64, -29.02, -29.26, -29.38, -29.45, -29.41, -29.42, -29.38, -29.30, -29.07, -28.49, -27.90, -27.34, -27.12, -27.06, -27.14, -27.43, -27.78, -28.09, -28.14, -28.00, -27.85, -27.65, -27.42, -27.26, -27.03, -26.79, -26.53, -26.28, -25.94, -25.65, -25.27, -24.89, -24.51, -24.14, -23.77, -23.40, -22.98, -22.51, -22.02, -21.46, -20.83, -20.13, -19.37, -18.51, -17.53, -16.38, -15.00, -13.18, -9.91, -3.39, 1.65, 5.65, 5.65, 6.38, 6.34, 5.66, 4.28, 1.92, -2.80, -9.28, -13.00, -14.94, -16.32, -17.46, -18.46, -19.34, -20.09, -20.81, -21.43, -22.01, -22.52, -23.00, -23.38, -23.75, -24.12, -24.51, -24.91, -25.25, -25.65, -25.98, -26.28, -26.54, -26.81, -27.03, -27.25, -27.47, -27.65, -27.83, -27.99, -28.14, -28.12, -27.80, -27.43, -27.18, -27.08, -27.16, -27.46, -28.00, -28.56, -29.15, -29.43, -29.52, -29.57, -29.60, -29.65, -29.64, -29.56, -29.49, -29.20, -28.59, -25.97, -21.27, -18.53, -17.36, -16.85, -16.85
2026-10-01, 21:44:07, 88000000, 90500000, 19531.25, 15168, -17.18, -17.09, -16.60, -15.88, -15.23, -14.56, -14.30, -14.63, -15.83, -18.97, -24.76, -27.82, -28.66, -29.04, -29.23, -29.38, -29.43, -29.45, -29.39, -29.39, -29.28, -28.98, -28.47, -27.91, -27.43, -27.13, -27.05, -27.10, -27.36, -27.69, -28.11, -28.14, -27.96, -27.81, -27.64, -27.43, -27.21, -27.02, -26.78, -26.51, -26.26, -25.99, -25.64, -25.29, -24.88, -24.50, -24.16, -23.76, -23.39, -22.96, -22.51, -22.01, -21.46, -20.81, -20.14, -19.35, -18.50, -17.53, -16.35, -14.96, -13.08, -9.54, -2.69, 1.85, 5.39, 5.39, 6.18, 6.33, 5.77, 4.70, 2.04, -3.39, -10.05, -13.12, -14.92, -16.31, -17.45, -18.44, -19.31, -20.09, -20.77, -21.40, -21.97, -22.50, -22.94, -23.35, -23.77, -24.14, -24.48, -24.86, -25.22, -25.61, -25.98, -26.28, -26.53, -26.78, -27.02, -27.23, -27.46, -27.64, -27.85, -28.00, -28.13, -28.06, -27.79, -27.50, -27.26, -27.17, -27.14, -27.43, -27.88, -28.62, -29.17, -29.44, -29.51, -29.57, -29.58, -29.63, -29.66, -29.56, -29.48, -29.21, -28.47, -25.55, -20.95, -18.64, -17.42, -17.07, -17.07
2026-10-01, 21:44:08, 88000000, 90500000, 19531.25, 15488, -17.14, -17.16, -16.64, -15.93, -15.09, -14.48, -14.35, -14.91, -15.99, -18.57, -24.19, -27.72, -28.64, -29.05, -29.25, -29.36, -29.43, -29.45, -29.41, -29.36, -29.31, -29.08, -28.43, -27.91, -27.47, -27.15, -27.04, -27.15, -27.43, -27.78, -28.12, -28.18, -27.98, -27.87, -27.67, -27.46, -27.26, -27.05, -26.81, -26.55, -26.28, -25.98, -25.68, -25.29, -24.92, -24.52, -24.16, -23.76, -23.38, -22.96, -22.53, -22.02, -21.47, -20.85, -20.15, -19.38, -18.52, -17.55, -16.42, -15.00, -13.17, -9.98, -3.43, 2.01, 5.50, 5.50, 6.31, 6.27, 5.61, 4.33, 2.25, -2.64, -9.56, -13.01, -14.88, -16.30, -17.44, -18.45, -19.30, -20.08, -20.79, -21.42, -21.99, -22.50, -22.97, -23.35, -23.75, -24.12, -24.49, -24.88, -25.26, -25.63, -25.97, -26.27, -26.55, -26.82, -27.04, -27.27, -27.46, -27.67, -27.84, -27.99, -28.16, -28.16, -27.76, -27.45, -27.22, -27.10, -27.22, -27.56, -27.96, -28.45, -29.10, -29.43, -29.51, -29.55, -29.62, -29.64, -29.64, -29.53, -29.43, -29.21, -28.61, -26.09, -20.96, -18.43, -17.43, -16.98, -16.98
2026-10-01, 21:44:09, 88000000, 90500000, 19531.25, 15552, -17.02, -17.25, -16.68, -15.89, -15.03, -14.38, -14.34, -14.75, -15.86, -19.32, -24.62, -27.77, -28.66, -29.03, -29.23, -29.34, -29.38, -29.38, -29.39, -29.36, -29.25, -29.04, -28.47, -27.87, -27.42, -27.04, -26.95, -27.08, -27.32, -27.78, -28.08, -28.11, -27.96, -27.81, -27.60, -27.41, -27.20, -26.99, -26.76, -26.53, -26.25, -25.94, -25.62, -25.24, -24.87, -24.46, -24.11, -23.72, -23.34, -22.97, -22.49, -22.01, -21.42, -20.81, -20.10, -19.34, -18.48, -17.50, -16.37, -15.00, -13.18, -9.67, -3.24, 1.46, 5.55, 5.55, 6.43, 6.30, 5.72, 4.64, 1.81, -3.47, -9.96, -13.07, -14.91, -16.31, -17.45, -18.44, -19.30, -20.05, -20.77, -21.39, -21.97, -22.47, -22.94, -23.34, -23.75, -24.09, -24.46, -24.87, -25.21, -25.62, -25.95, -26.24, -26.52, -26.79, -27.01, -27.27, -27.43, -27.62, -27.83, -27.98, -28.14, -28.10, -27.81, -27.46, -27.21, -27.03, -27.23, -27.48, -27.84, -28.56, -29.16, -29.42, -29.48, -29.55, -29.55, -29.65, -29.62, -29.58, -29.47, -29.24, -28.61, -25.80, -21.42, -18.60, -17.42, -16.84, -16.84
2026-10-01, 21:44:10, 88000000, 90500000, 19531.25, 15552, -17.05, -17.00, -16.73, -15.90, -15.26, -14.43, -14.22, -14.69, -15.95, -18.87, -24.50, -27.77, -28.68, -29.06, -29.27, -29.37, -29.44, -29.44, -29.41, -29.37, -29.30, -29.02, -28.51, -27.91, -27.47, -27.12, -26.98, -27.10, -27.32, -27.74, -28.10, -28.13, -27.99, -27.83, -27.63, -27.42, -27.21, -26.99, -26.75, -26.50, -26.24, -25.95, -25.59, -25.27, -24.85, -24.47, -24.12, -23.73, -23.34, -22.95, -22.49, -22.01, -21.42, -20.81, -20.09, -19.33, -18.45, -17.48, -16.33, -14.95, -13.01, -9.43, -2.32, 1.45, 5.48, 5.48, 6.22, 6.36, 5.76, 4.62, 2.04, -3.10, -9.73, -13.03, -14.90, -16.27, -17.43, -18.41, -19.26, -20.03, -20.74, -21.36, -21.94, -22.44, -22.90, -23.31, -23.72, -24.07, -24.45, -24.82, -25.22, -25.59, -25.93, -26.21, -26.50, -26.76, -26.98, -27.22, -27.43, -27.61, -27.75, -27.94, -28.08, -27.98, -27.80, -27.45, -27.19, -27.12, -27.13, -27.46, -27.86, -28.50, -29.08, -29.38, -29.43, -29.52, -29.53, -29.59, -29.57, -29.52, -29.42, -29.14, -28.45, -25.41, -20.96, -18.75, -17.39, -17.13, -17.13
2026-10-01, 21:44:11, 88000000, 90500000, 19531.25, 15552, -17.19, -17.21, -16.49, -15.84, -15.16, -14.53, -14.38, -14.75, -15.88, -18.89, -24.84, -27.83, -28.72, -29.05, -29.29, -29.37, -29.46, -29.46, -29.42, -29.37, -29.32, -29.08, -28.43, -27.84, -27.45, -27.13, -27.11, -27.14, -27.39, -27.70, -28.13, -28.15, -28.01, -27.87, -27.65, -27.45, -27.24, -27.04, -26.79, -26.55, -26.27, -26.00, -25.64, -25.28, -24.92, -24.52, -24.14, -23.77, -23.39, -22.98, -22.53, -22.02, -21.46, -20.84, -20.14, -19.37, -18.52, -17.54, -16.39, -15.03, -13.23, -10.16, -3.21, 2.01, 5.54, 5.54, 6.25, 6.18, 5.75, 4.47, 2.29, -3.41, -10.08, -13.16, -14.96, -16.34, -17.50, -18.47, -19.34, -20.10, -20.80, -21.44, -22.00, -22.52, -22.97, -23.38, -23.77, -24.15, -24.49, -24.88, -25.26, -25.65, -25.99, -26.27, -26.57, -26.83, -27.05, -27.26, -27.47, -27.67, -27.85, -28.00, -28.14, -28.12, -27.74, -27.47, -27.20, -27.16, -27.22, -27.41, -27.92, -28.52, -29.22, -29.45, -29.53, -29.56, -29.61, -29.63, -29.67, -29.56, -29.48, -29.18, -28.63, -26.07, -21.16, -18.28, -17.39, -16.99, -16.99
2026-10-01, 21:44:12, 88000000, 90500000, 19531.25, 15552, -16.46, -17.22, -17.02, -16.09, -14.71, -13.76, -13.88, -14.88, -16.85, -20.25, -25.65, -28.09, -28.79, -29.13, -29.30, -29.43, -29.44, -29.46, -29.44, -29.40, -29.34, -29.16, -28.66, -27.92, -27.35, -26.89, -26.77, -27.09, -27.51, -27.90, -28.18, -28.16, -28.00, -27.86, -27.66, -27.44, -27.24, -27.02, -26.81, -26.55, -26.28, -25.98, -25.67, -25.32, -24.90, -24.51, -24.12, -23.76, -23.41, -23.01, -22.55, -22.06, -21.48, -20.87, -20.21, -19.45, -18.61, -17.68, -16.58, -15.29, -13.63, -11.06, -5.67, 0.50, 5.84, 5.84, 6.91, 7.04, 5.87, 3.89, 0.90, -4.81, -10.69, -13.47, -15.16, -16.49, -17.61, -18.55, -19.40, -20.16, -20.85, -21.47, -22.05, -22.55, -23.02, -23.40, -23.78, -24.10, -24.51, -24.89, -25.28, -25.65, -25.99, -26.27, -26.54, -26.82, -27.05, -27.26, -27.48, -27.63, -27.81, -28.01, -28.15, -28.19, -27.98, -27.54, -27.19, -26.83, -26.95, -27.43, -28.05, -28.73, -29.26, -29.44, -29.52, -29.58, -29.58, -29.67, -29.64, -29.57, -29.52, -29.32, -28.89, -27.17, -22.94, -19.11, -17.39, -16.51, -16.51
2026-10-01, 21:44:13, 88000000, 90500000, 19531.25, 15552, -16.99, -17.25, -16.65, -15.70, -14.82, -14.29, -14.25, -14.67, -16.10, -19.23, -25.42, -27.90, -28.68, -29.04, -29.22, -29.33, -29.39, -29.38, -29.39, -29.32, -29.23, -29.12, -28.44, -27.81, -27.24, -27.00, -27.04, -27.08, -27.36, -27.74, -28.08, -28.08, -27.94, -27.78, -27.59, -27.38, -27.18, -26.97, -26.72, -26.48, -26.20, -25.93, -25.63, -25.24, -24.82, -24.45, -24.04, -23.70, -23.34, -22.93, -22.47, -21.98, -21.42, -20.79, -20.11, -19.35, -18.47, -17.53, -16.41, -15.06, -13.31, -10.54, -4.68, 1.59, 5.91, 5.91, 6.58, 6.37, 5.81, 4.48, 1.89, -4.08, -10.45, -13.24, -15.00, -16.36, -17.49, -18.46, -19.32, -20.08, -20.76, -21.38, -21.97, -22.48, -22.93, -23.31, -23.72, -24.06, -24.47, -24.81, -25.21, -25.58, -25.93, -26.22, -26.48, -26.73, -26.97, -27.23, -27.42, -27.60, -27.77, -27.94, -28.07, -28.15, -27.76, -27.41, -27.11, -26.95, -27.07, -27.39, -27.86, -28.53, -29.16, -29.39, -29.44, -29.48, -29.53, -29.54, -29.59, -29.48, -29.41, -29.16, -28.64, -26.88, -21.66, -18.60, -17.08, -16.67, -16.67
2026-10-01, 21:44:14, 88000000, 90500000, 19531.25, 15424, -17.02, -16.89, -16.29, -15.70, -15.00, -14.37, -14.16, -14.71, -15.85, -18.57, -24.01, -27.64, -28.49, -28.87, -29.04, -29.15, -29.21, -29.23, -29.22, -29.18, -29.08, -28.80, -28.15, -27.67, -27.29, -26.96, -26.84, -26.99, -27.25, -27.49, -27.91, -27.94, -27.81, -27.63, -27.43, -27.23, -27.02, -26.81, -26.58, -26.33, -26.05, -25.77, -25.42, -25.05, -24.67, -24.31, -23.93, -23.56, -23.16, -22.74, -22.29, -21.79, -21.21, -20.60, -19.91, -19.15, -18.26, -17.29, -16.14, -14.73, -12.86, -9.81, -2.94, 2.44, 5.71, 5.71, 6.30, 6.44, 5.79, 4.55, 2.34, -2.69, -9.44, -12.86, -14.73, -16.11, -17.28, -18.26, -19.12, -19.90, -20.59, -21.23, -21.81, -22.32, -22.75, -23.16, -23.57, -23.94, -24.31, -24.68, -25.08, -25.44, -25.77, -26.08, -26.35, -26.59, -26.83, -27.06, -27.23, -27.48, -27.64, -27.81, -27.97, -27.94, -27.54, -27.26, -26.96, -26.95, -27.02, -27.29, -27.76, -28.34, -28.95, -29.21, -29.31, -29.37, -29.40, -29.45, -29.44, -29.37, -29.26, -29.01, -28.36, -25.89, -20.58, -17.97, -17.23, -16.91, -16.91
2026-10-01, 21:44:15, 88000000, 90500000, 19531.25, 15552, -17.31, -17.35, -16.45, -15.69, -14.98, -14.61, -14.50, -14.83, -15.90, -18.65, -24.27, -27.73, -28.65, -29.07, -29.24, -29.38, -29.44, -29.45, -29.42, -29.36, -29.32, -29.03, -28.47, -27.76, -27.35, -27.09, -27.08, -27.19, -27.36, -27.72, -28.07, -28.13, -27.99, -27.81, -27.61, -27.42, -27.21, -27.01, -26.75, -26.53, -26.25, -25.98, -25.65, -25.25, -24.86, -24.50, -24.13, -23.74, -23.36, -22.93, -22.51, -22.00, -21.42, -20.79, -20.11, -19.34, -18.46, -17.50, -16.36, -14.98, -13.22, -10.30, -3.88, 1.81, 5.75, 5.75, 6.27, 6.12, 5.57, 4.45, 2.30, -2.82, -9.60, -13.03, -14.89, -16.30, -17.45, -18.44, -19.31, -20.09, -20.78, -21.42, -21.99, -22.49, -22.94, -23.33, -23.72, -24.13, -24.49, -24.85, -25.23, -25.60, -25.95, -26.25, -26.51, -26.81, -27.02, -27.26, -27.46, -27.62, -27.78, -28.00, -28.12, -28.14, -27.73, -27.37, -27.17, -27.08, -27.20, -27.50, -27.91, -28.49, -29.10, -29.40, -29.50, -29.54, -29.57, -29.58, -29.60, -29.53, -29.42, -29.16, -28.64, -26.59, -21.42, -18.14, -17.15, -16.88, -16.88
2026-10-01, 21:44:16, 88000000, 90500000, 19531.25, 16256, -17.31, -17.23, -16.30, -15.51, -15.02, -14.68, -14.43, -14.84, -15.78, -18.32, -23.92, -27.59, -28.56, -28.95, -29.16, -29.26, -29.33, -29.34, -29.33, -29.29, -29.21, -28.99, -28.28, -27.62, -27.29, -27.11, -27.01, -27.18, -27.30, -27.62, -27.94, -28.03, -27.90, -27.73, -27.54, -27.34, -27.15, -26.91, -26.68, -26.40, -26.17, -25.86, -25.52, -25.13, -24.78, -24.44, -24.01, -23.63, -23.28, -22.87, -22.39, -21.89, -21.34, -20.71, -20.01, -19.26, -18.37, -17.41, -16.25, -14.89, -13.12, -10.27, -3.65, 2.28, 5.80, 5.80, 6.12, 6.12, 5.54, 4.58, 2.48, -2.40, -9.44, -12.88, -14.76, -16.17, -17.34, -18.34, -19.21, -19.97, -20.68, -21.32, -21.88, -22.39, -22.86, -23.24, -23.65, -24.05, -24.40, -24.76, -25.16, -25.52, -25.86, -26.15, -26.44, -26.71, -26.91, -27.16, -27.36, -27.53, -27.71, -27.88, -28.04, -28.01, -27.61, -27.25, -27.08, -27.08, -27.17, -27.47, -27.76, -28.35, -29.05, -29.34, -29.40, -29.43, -29.47, -29.52, -29.52, -29.43, -29.33, -29.08, -28.51, -26.41, -21.02, -17.89, -17.00, -16.94, -16.94
2026-10-01, 21:44:17, 88000000, 90500000, 19531.25, 15360, -17.37, -17.52, -16.70, -15.64, -15.06, -14.71, -14.50, -14.88, -15.84, -19.03, -24.68, -27.86, -28.77, -29.12, -29.34, -29.42, -29.47, -29.51, -29.47, -29.43, -29.35, -29.17, -28.61, -27.88, -27.40, -27.20, -27.18, -27.25, -27.43, -27.79, -28.17, -28.21, -28.04, -27.91, -27.72, -27.49, -27.31, -27.09, -26.86, -26.61, -26.31, -26.06, -25.74, -25.35, -24.91, -24.58, -24.22, -23.86, -23.43, -23.05, -22.61, -22.12, -21.56, -20.91, -20.23, -19.47, -18.62, -17.66, -16.54, -15.20, -13.46, -10.51, -4.64, 1.28, 5.82, 5.82, 6.17, 6.04, 5.54, 4.56, 2.08, -3.45, -9.83, -13.15, -14.97, -16.36, -17.53, -18.52, -19.38, -20.16, -20.84, -21.47, -22.05, -22.57, -23.01, -23.41, -23.79, -24.19, -24.57, -24.94, -25.30, -25.68, -26.04, -26.31, -26.61, -26.87, -27.06, -27.32, -27.49, -27.71, -27.88, -28.02, -28.20, -28.23, -27.87, -27.48, -27.19, -27.16, -27.32, -27.58, -27.92, -28.57, -29.27, -29.46, -29.58, -29.63, -29.67, -29.72, -29.71, -29.65, -29.57, -29.32, -28.84, -26.79, -22.21, -18.47, -17.09, -16.96, -16.96
2026-10-01, 21:44:18, 88000000, 90500000, 19531.25, 15552, -17.60, -17.61, -16.62, -15.97, -15.34, -14.93, -14.73, -15.10, -16.11, -18.61, -23.42, -27.65, -28.80, -29.25, -29.45, -29.61, -29.63, -29.68, -29.64, -29.62, -29.50, -29.28, -28.59, -28.02, -27.63, -27.43, -27.31, -27.42, -27.59, -27.94, -28.24, -28.35, -28.21, -28.09, -27.88, -27.65, -27.47, -27.25, -27.02, -26.75, -26.52, -26.19, -25.89, -25.52, -25.14, -24.74, -24.41, -24.01, -23.62, -23.22, -22.76, -22.28, -21.69, -21.08, -20.37, -19.62, -18.78, -17.79, -16.65, -15.28, -13.52, -10.68, -4.46, 1.96, 5.40, 5.40, 5.88, 5.84, 5.29, 4.29, 1.98, -1.84, -9.24, -13.07, -15.04, -16.47, -17.65, -18.63, -19.52, -20.29, -21.00, -21.63, -22.20, -22.72, -23.18, -23.58, -23.96, -24.36, -24.71, -25.10, -25.46, -25.84, -26.18, -26.49, -26.76, -27.02, -27.24, -27.49, -27.68, -27.88, -28.04, -28.20, -28.36, -28.36, -27.92, -27.63, -27.40, -27.40, -27.44, -27.73, -28.10, -28.72, -29.26, -29.63, -29.74, -29.74, -29.78, -29.82, -29.81, -29.78, -29.64, -29.39, -28.83, -26.74, -21.63, -18.27, -17.43, -17.27, -17.27
2026-10-01, 21:44:19, 88000000, 90500000, 19531.25, 15424, -16.81, -17.20, -16.95, -16.38, -15.11, -14.15, -14.19, -14.95, -16.65, -19.65, -25.12, -28.00, -28.84, -29.22, -29.37, -29.50, -29.54, -29.55, -29.55, -29.48, -29.42, -29.19, -28.54, -28.15, -27.60, -27.10, -26.97, -27.30, -27.57, -27.93, -28.21, -28.24, -28.09, -27.96, -27.77, -27.56, -27.38, -27.13, -26.91, -26.66, -26.39, -26.10, -25.78, -25.41, -25.03, -24.65, -24.24, -23.92, -23.51, -23.11, -22.69, -22.18, -21.61, -21.01, -20.30, -19.56, -18.71, -17.74, -16.63, -15.27, -13.54, -10.61, -4.19, 1.69, 5.41, 5.41, 6.54, 6.60, 5.67, 4.00, 1.29, -3.86, -10.20, -13.31, -15.14, -16.51, -17.64, -18.63, -19.47, -20.24, -20.93, -21.55, -22.12, -22.64, -23.10, -23.47, -23.89, -24.22, -24.62, -24.99, -25.36, -25.75, -26.09, -26.40, -26.63, -26.91, -27.14, -27.39, -27.58, -27.77, -27.93, -28.10, -28.26, -28.28, -27.92, -27.70, -27.33, -27.06, -27.11, -27.53, -28.12, -28.77, -29.34, -29.57, -29.60, -29.68, -29.71, -29.77, -29.78, -29.69, -29.60, -29.34, -28.79, -26.69, -21.47, -19.04, -17.77, -16.89, -16.89
2026-10-01, 21:44:20, 88000000, 90500000, 19531.25, 15616, -16.95, -17.53, -16.93, -15.82, -14.83, -14.23, -14.47, -15.19, -16.54, -19.12, -23.35, -27.70, -28.75, -29.14, -29.35, -29.45, -29.50, -29.52, -29.50, -29.46, -29.37, -29.18, -28.64, -27.91, -27.37, -27.04, -27.05, -27.26, -27.53, -27.91, -28.12, -28.17, -28.05, -27.88, -27.70, -27.48, -27.29, -27.06, -26.81, -26.57, -26.30, -26.00, -25.71, -25.33, -24.92, -24.53, -24.18, -23.82, -23.44, -23.04, -22.59, -22.07, -21.51, -20.89, -20.21, -19.43, -18.60, -17.63, -16.52, -15.16, -13.42, -10.51, -4.63, 1.06, 5.90, 5.90, 6.61, 6.29, 5.42, 3.92, 1.51, -2.30, -9.06, -13.03, -14.96, -16.38, -17.54, -18.52, -19.38, -20.14, -20.84, -21.48, -22.05, -22.56, -23.02, -23.42, -23.77, -24.17, -24.55, -24.95, -25.32, -25.67, -26.02, -26.31, -26.59, -26.84, -27.06, -27.32, -27.50, -27.70, -27.88, -28.03, -28.17, -28.20, -27.92, -27.42, -27.10, -27.00, -27.23, -27.56, -28.11, -28.61, -29.12, -29.47, -29.55, -29.61, -29.59, -29.63, -29.65, -29.59, -29.49, -29.28, -28.78, -26.53, -22.28, -18.67, -17.13, -16.69, -16.69
2026-10-01, 21:44:21, 88000000, 90500000, 19531.25, 15552, -16.75, -17.33, -16.98, -16.05, -14.88, -14.06, -14.13, -15.03, -16.60, -20.36, -25.60, -28.09, -28.87, -29.19, -29.36, -29.47, -29.49, -29.49, -29.48, -29.44, -29.36, -29.18, -28.66, -27.97, -27.38, -27.01, -26.93, -27.15, -27.56, -27.93, -28.23, -28.20, -28.05, -27.89, -27.69, -27.49, -27.29, -27.07, -26.84, -26.60, -26.32, -26.02, -25.71, -25.34, -24.94, -24.56, -24.15, -23.83, -23.45, -23.07, -22.62, -22.11, -21.54, -20.91, -20.22, -19.47, -18.64, -17.69, -16.58, -15.28, -13.61, -11.09, -4.96, 0.77, 5.83, 5.83, 6.70, 6.66, 5.61, 4.08, 0.97, -4.90, -10.59, -13.48, -15.21, -16.54, -17.66, -18.61, -19.46, -20.20, -20.91, -21.52, -22.09, -22.60, -23.05, -23.44, -23.80, -24.19, -24.55, -24.96, -25.34, -25.70, -26.03, -26.33, -26.62, -26.87, -27.08, -27.30, -27.51, -27.72, -27.86, -28.06, -28.20, -28.22, -27.98, -27.58, -27.15, -26.96, -27.10, -27.55, -28.07, -28.69, -29.29, -29.46, -29.57, -29.58, -29.62, -29.69, -29.68, -29.59, -29.56, -29.32, -28.87, -27.14, -22.50, -18.91, -17.37, -16.69, -16.69
2026-10-01, 21:44:22, 88000000, 90500000, 19531.25, 15552, -16.74, -17.31, -17.16, -16.30, -14.90, -14.04, -14.05, -14.96, -16.66, -20.36, -25.41, -28.18, -28.93, -29.27, -29.43, -29.54, -29.59, -29.62, -29.57, -29.50, -29.42, -29.24, -28.78, -28.19, -27.50, -27.06, -26.96, -27.21, -27.59, -28.00, -28.29, -28.31, -28.11, -27.98, -27.77, -27.57, -27.36, -27.13, -26.91, -26.64, -26.39, -26.11, -25.81, -25.44, -25.05, -24.63, -24.24, -23.90, -23.53, -23.14, -22.69, -22.20, -21.60, -20.99, -20.31, -19.57, -18.73, -17.76, -16.69, -15.36, -13.66, -11.01, -5.23, 0.70, 5.66, 5.66, 6.67, 6.76, 5.72, 3.95, 1.07, -4.86, -10.80, -13.55, -15.27, -16.60, -17.74, -18.68, -19.53, -20.27, -20.97, -21.59, -22.17, -22.68, -23.12, -23.50, -23.88, -24.26, -24.63, -25.02, -25.40, -25.76, -26.12, -26.40, -26.64, -26.93, -27.12, -27.39, -27.58, -27.77, -27.95, -28.10, -28.26, -28.30, -28.04, -27.71, -27.23, -27.02, -27.11, -27.55, -28.13, -28.79, -29.36, -29.53, -29.63, -29.70, -29.68, -29.77, -29.77, -29.68, -29.61, -29.42, -28.93, -27.13, -22.62, -19.27, -17.68, -16.67, -16.67
2026-10-01, 21:44:23, 88000000, 90500000, 19531.25, 15616, -16.75, -17.22, -17.21, -16.18, -14.84, -14.03, -14.07, -14.95, -16.71, -19.96, -25.33, -28.05, -28.86, -29.20, -29.40, -29.48, -29.50, -29.53, -29.52, -29.45, -29.40, -29.19, -28.68, -28.08, -27.49, -27.03, -26.99, -27.18, -27.59, -27.94, -28.27, -28.25, -28.10, -27.93, -27.77, -27.56, -27.35, -27.14, -26.91, -26.65, -26.39, -26.10, -25.78, -25.41, -25.00, -24.63, -24.26, -23.88, -23.53, -23.13, -22.67, -22.19, -21.61, -21.00, -20.32, -19.57, -18.73, -17.79, -16.68, -15.37, -13.73, -10.99, -5.08, 0.54, 5.64, 5.64, 6.77, 6.70, 5.81, 3.87, 1.22, -4.43, -10.59, -13.46, -15.20, -16.55, -17.67, -18.64, -19.50, -20.24, -20.92, -21.56, -22.12, -22.64, -23.09, -23.49, -23.84, -24.23, -24.58, -25.01, -25.39, -25.75, -26.09, -26.35, -26.65, -26.91, -27.12, -27.38, -27.58, -27.75, -27.91, -28.10, -28.26, -28.31, -28.04, -27.66, -27.25, -26.98, -27.09, -27.55, -28.11, -28.79, -29.32, -29.54, -29.64, -29.68, -29.71, -29.76, -29.74, -29.68, -29.62, -29.40, -28.94, -27.15, -22.48, -19.34, -17.56, -16.64, -16.64
2026-10-01, 21:44:24, 88000000, 90500000, 19531.25, 15488, -16.72, -17.14, -17.03, -16.28, -15.03, -14.05, -13.95, -14.95, -16.60, -20.15, -25.67, -28.16, -28.90, -29.21, -29.38, -29.48, -29.55, -29.54, -29.50, -29.45, -29.40, -29.14, -28.66, -28.02, -27.52, -27.06, -26.87, -27.15, -27.58, -27.96, -28.22, -28.23, -28.06, -27.94, -27.73, -27.51, -27.33, -27.12, -26.84, -26.61, -26.35, -26.05, -25.73, -25.36, -24.97, -24.58, -24.21, -23.84, -23.49, -23.09, -22.62, -22.12, -21.56, -20.95, -20.26, -19.48, -18.65, -17.69, -16.58, -15.23, -13.49, -10.71, -4.28, 0.86, 5.46, 5.46, 6.67, 6.80, 5.80, 3.97, 1.11, -4.71, -10.72, -13.46, -15.20, -16.52, -17.66, -18.60, -19.45, -20.21, -20.90, -21.53, -22.08, -22.59, -23.06, -23.45, -23.81, -24.19, -24.57, -24.95, -25.35, -25.71, -26.04, -26.35, -26.62, -26.88, -27.09, -27.33, -27.54, -27.70, -27.90, -28.08, -28.18, -28.26, -27.94, -27.61, -27.33, -27.02, -27.03, -27.51, -28.07, -28.74, -29.29, -29.51, -29.57, -29.63, -29.64, -29.70, -29.71, -29.62, -29.55, -29.32, -28.77, -26.67, -22.21, -19.05, -17.73, -16.78, -16.78
2026-10-01, 21:44:25, 88000000, 90500000, 19531.25, 15552, -16.70, -17.23, -17.12, -16.17, -14.84, -14.01, -13.95, -14.89, -16.85, -20.07, -25.61, -28.14, -28.86, -29.20, -29.36, -29.48, -29.49, -29.52, -29.47, -29.48, -29.42, -29.23, -28.78, -28.05, -27.45, -27.02, -26.86, -27.16, -27.61, -27.98, -28.26, -28.23, -28.07, -27.92, -27.74, -27.52, -27.33, -27.08, -26.87, -26.62, -26.36, -26.07, -25.75, -25.41, -25.00, -24.61, -24.22, -23.86, -23.50, -23.10, -22.66, -22.14, -21.59, -20.97, -20.28, -19.56, -18.70, -17.77, -16.68, -15.38, -13.74, -11.31, -5.55, 0.41, 5.71, 5.71, 6.71, 6.85, 5.89, 3.84, 0.99, -4.57, -10.57, -13.41, -15.17, -16.51, -17.63, -18.61, -19.45, -20.19, -20.89, -21.52, -22.07, -22.60, -23.06, -23.46, -23.81, -24.18, -24.54, -24.94, -25.34, -25.72, -26.05, -26.33, -26.62, -26.89, -27.10, -27.32, -27.53, -27.74, -27.89, -28.06, -28.23, -28.30, -28.01, -27.60, -27.21, -26.99, -27.01, -27.43, -28.13, -28.74, -29.30, -29.51, -29.58, -29.61, -29.67, -29.70, -29.73, -29.63, -29.57, -29.38, -28.94, -27.39, -22.86, -19.27, -17.51, -16.65, -16.65
2026-10-01, 21:44:26, 88000000, 90500000, 19531.25, 15552, -17.40, -17.26, -16.61, -15.86, -15.25, -14.76, -14.53, -14.88, -15.95, -18.63, -24.10, -27.79, -28.76, -29.11, -29.35, -29.47, -29.51, -29.54, -29.50, -29.47, -29.40, -29.16, -28.50, -27.94, -27.49, -27.27, -27.17, -27.23, -27.45, -27.77, -28.16, -28.22, -28.10, -27.93, -27.73, -27.52, -27.33, -27.11, -26.87, -26.64, -26.36, -26.07, -25.74, -25.36, -24.96, -24.59, -24.23, -23.85, -23.48, -23.06, -22.61, -22.11, -21.52, -20.91, -20.23, -19.46, -18.60, -17.61, -16.47, -15.07, -13.22, -10.04, -3.34, 1.92, 5.55, 5.55, 6.01, 6.00, 5.56, 4.45, 2.17, -2.51, -9.68, -13.04, -14.93, -16.33, -17.52, -18.51, -19.38, -20.17, -20.85, -21.48, -22.06, -22.58, -23.04, -23.42, -23.84, -24.18, -24.55, -24.93, -25.33, -25.70, -26.05, -26.34, -26.62, -26.87, -27.10, -27.33, -27.52, -27.71, -27.89, -28.06, -28.20, -28.19, -27.84, -27.51, -27.25, -27.22, -27.36, -27.54, -28.02, -28.55, -29.19, -29.47, -29.55, -29.60, -29.63, -29.70, -29.70, -29.63, -29.51, -29.26, -28.66, -26.27, -21.04, -18.41, -17.35, -17.15, -17.15
2026-10-01, 21:44:27, 88000000, 90500000, 19531.25, 15552, -17.01, -17.35, -16.89, -16.02, -14.98, -14.34, -14.27, -14.94, -16.38, -19.29, -25.07, -27.95, -28.82, -29.17, -29.36, -29.47, -29.50, -29.54, -29.49, -29.49, -29.38, -29.17, -28.62, -27.99, -27.49, -27.08, -27.01, -27.21, -27.48, -27.91, -28.22, -28.22, -28.07, -27.90, -27.72, -27.53, -27.33, -27.10, -26.89, -26.63, -26.37, -26.05, -25.75, -25.40, -25.00, -24.61, -24.23, -23.86, -23.50, -23.09, -22.64, -22.14, -21.57, -20.96, -20.26, -19.52, -18.66, -17.69, -16.59, -15.20, -13.41, -10.31, -4.30, 1.14, 5.67, 5.67, 6.44, 6.42, 5.66, 4.13, 1.67, -3.76, -10.26, -13.33, -15.12, -16.49, -17.61, -18.60, -19.45, -20.21, -20.91, -21.53, -22.10, -22.62, -23.09, -23.45, -23.85, -24.22, -24.62, -24.98, -25.37, -25.75, -26.10, -26.36, -26.65, -26.91, -27.10, -27.33, -27.57, -27.76, -27.94, -28.12, -28.24, -28.23, -27.99, -27.54, -27.23, -27.10, -27.23, -27.56, -28.10, -28.70, -29.29, -29.52, -29.64, -29.67, -29.66, -29.75, -29.77, -29.70, -29.58, -29.31, -28.80, -26.43, -22.11, -18.79, -17.44, -16.82, -16.82
2026-10-01, 21:44:28, 88000000, 90500000, 19531.25, 15488, -17.51, -17.26, -16.59, -15.72, -15.30, -14.94, -14.35, -14.68, -16.11, -19.56, -24.62, -27.91, -28.83, -29.22, -29.38, -29.51, -29.55, -29.57, -29.53, -29.50, -29.41, -29.18, -28.59, -27.91, -27.47, -27.31, -27.22, -27.24, -27.48, -27.89, -28.26, -28.23, -28.10, -27.98, -27.75, -27.55, -27.34, -27.12, -26.90, -26.66, -26.38, -26.10, -25.77, -25.38, -24.97, -24.62, -24.28, -23.89, -23.49, -23.07, -22.64, -22.13, -21.57, -20.93, -20.24, -19.47, -18.61, -17.63, -16.48, -15.10, -13.24, -9.59, -3.61, 1.47, 5.63, 5.63, 5.94, 6.06, 5.70, 4.53, 1.70, -3.76, -9.79, -13.23, -15.08, -16.45, -17.61, -18.59, -19.44, -20.23, -20.91, -21.53, -22.09, -22.63, -23.08, -23.45, -23.88, -24.25, -24.60, -24.98, -25.34, -25.74, -26.09, -26.37, -26.64, -26.89, -27.14, -27.36, -27.58, -27.76, -27.91, -28.07, -28.25, -28.23, -27.94, -27.47, -27.27, -27.29, -27.30, -27.61, -27.98, -28.63, -29.31, -29.52, -29.60, -29.64, -29.65, -29.73, -29.73, -29.65, -29.54, -29.27, -28.65, -25.99, -21.51, -18.45, -17.14, -17.15, -17.15
2026-10-01, 21:44:29, 88000000, 90500000, 19531.25, 15616, -17.35, -17.42, -16.62, -15.75, -15.15, -14.66, -14.58, -14.67, -15.75, -19.06, -25.15, -27.96, -28.77, -29.12, -29.32, -29.43, -29.50, -29.51, -29.47, -29.45, -29.36, -29.13, -28.53, -27.93, -27.46, -27.17, -27.16, -27.23, -27.39, -27.78, -28.19, -28.21, -28.04, -27.92, -27.70, -27.52, -27.31, -27.09, -26.85, -26.59, -26.33, -26.04, -25.71, -25.35, -24.96, -24.57, -24.21, -23.85, -23.43, -23.05, -22.59, -22.11, -21.53, -20.90, -20.22, -19.46, -18.61, -17.64, -16.50, -15.14, -13.35, -10.30, -3.86, 1.53, 5.62, 5.62, 6.12, 6.04, 5.64, 4.69, 2.18, -3.81, -10.25, -13.20, -15.01, -16.40, -17.56, -18.52, -19.38, -20.13, -20.84, -21.47, -22.05, -22.56, -23.00, -23.42, -23.80, -24.20, -24.55, -24.93, -25.29, -25.70, -26.01, -26.33, -26.59, -26.86, -27.07, -27.34, -27.49, -27.67, -27.89, -28.05, -28.20, -28.19, -27.89, -27.46, -27.23, -27.18, -27.32, -27.49, -27.89, -28.57, -29.22, -29.48, -29.55, -29.60, -29.63, -29.69, -29.69, -29.61, -29.51, -29.27, -28.69, -26.42, -21.45, -18.56, -17.28, -17.00, -17.00
2026-10-01, 21:44:30, 88000000, 90500000, 19531.25, 15680, -17.19, -17.26, -16.75, -16.05, -15.18, -14.55, -14.40, -15.00, -16.14, -18.71, -24.51, -27.90, -28.80, -29.20, -29.40, -29.48, -29.55, -29.57, -29.53, -29.49, -29.41, -29.13, -28.55, -28.00, -27.56, -27.20, -27.09, -27.25, -27.53, -27.79, -28.16, -28.23, -28.06, -27.94, -27.73, -27.53, -27.34, -27.13, -26.90, -26.61, -26.37, -26.06, -25.73, -25.39, -25.02, -24.59, -24.23, -23.87, -23.49, -23.08, -22.63, -22.13, -21.55, -20.92, -20.24, -19.46, -18.60, -17.63, -16.49, -15.10, -13.26, -9.93, -3.23, 1.67, 5.38, 5.38, 6.23, 6.23, 5.52, 4.21, 2.19, -3.00, -9.89, -13.15, -14.98, -16.41, -17.54, -18.53, -19.41, -20.16, -20.86, -21.49, -22.06, -22.58, -23.04, -23.44, -23.83, -24.19, -24.60, -24.93, -25.32, -25.69, -26.07, -26.35, -26.63, -26.87, -27.10, -27.34, -27.51, -27.71, -27.88, -28.06, -28.20, -28.17, -27.90, -27.52, -27.27, -27.17, -27.30, -27.61, -28.07, -28.58, -29.20, -29.48, -29.60, -29.61, -29.66, -29.68, -29.70, -29.59, -29.52, -29.30, -28.66, -26.02, -21.24, -18.49, -17.56, -17.05, -17.05
2026-10-01, 21:44:31, 88000000, 90500000, 19531.25, 15424, -17.13, -17.24, -16.85, -16.09, -15.24, -14.53, -14.30, -14.92, -16.16, -19.39, -24.58, -27.89, -28.83, -29.21, -29.42, -29.53, -29.58, -29.58, -29.55, -29.52, -29.43, -29.17, -28.70, -28.03, -27.52, -27.24, -27.15, -27.29, -27.52, -27.89, -28.25, -28.28, -28.11, -27.98, -27.80, -27.59, -27.38, -27.18, -26.93, -26.68, -26.43, -26.12, -25.78, -25.43, -25.05, -24.67, -24.28, -23.89, -23.54, -23.14, -22.68, -22.19, -21.62, -20.98, -20.29, -19.56, -18.67, -17.71, -16.57, -15.18, -13.31, -9.81, -3.17, 1.25, 5.46, 5.46, 6.16, 6.30, 5.67, 4.36, 1.68, -3.52, -9.90, -13.17, -15.07, -16.46, -17.62, -18.60, -19.47, -20.22, -20.91, -21.58, -22.13, -22.64, -23.11, -23.50, -23.88, -24.24, -24.64, -25.02, -25.40, -25.76, -26.13, -26.40, -26.67, -26.92, -27.14, -27.39, -27.60, -27.79, -27.95, -28.13, -28.28, -28.24, -27.99, -27.66, -27.34, -27.23, -27.29, -27.53, -28.07, -28.76, -29.30, -29.58, -29.60, -29.69, -29.71, -29.74, -29.79, -29.67, -29.59, -29.35, -28.68, -25.71, -21.58, -18.81, -17.56, -17.05, -17.05
2026-10-01, 21:44:32, 88000000, 90500000, 19531.25, 15744, -17.32, -17.39, -16.62, -16.04, -15.38, -14.76, -14.60, -14.81, -15.85, -19.01, -24.80, -27.92, -28.79, -29.18, -29.41, -29.51, -29.57, -29.60, -29.58, -29.55, -29.46, -29.17, -28.60, -28.03, -27.63, -27.36, -27.26, -27.30, -27.52, -27.89, -28.31, -28.33, -28.17, -28.02, -27.83, -27.63, -27.43, -27.22, -26.96, -26.72, -26.46, -26.14, -25.85, -25.45, -25.09, -24.70, -24.32, -23.97, -23.57, -23.14, -22.70, -22.21, -21.65, -21.01, -20.32, -19.55, -18.69, -17.69, -16.54, -15.13, -13.19, -9.54, -2.43, 1.52, 5.24, 5.24, 5.97, 6.05, 5.54, 4.60, 2.15, -3.48, -10.19, -13.32, -15.13, -16.52, -17.66, -18.65, -19.53, -20.30, -20.98, -21.62, -22.20, -22.68, -23.17, -23.55, -23.93, -24.33, -24.68, -25.06, -25.41, -25.80, -26.19, -26.44, -26.72, -26.99, -27.22, -27.47, -27.65, -27.83, -27.99, -28.19, -28.32, -28.25, -27.98, -27.63, -27.43, -27.32, -27.34, -27.65, -28.01, -28.66, -29.33, -29.57, -29.67, -29.71, -29.75, -29.76, -29.82, -29.69, -29.60, -29.32, -28.63, -25.09, -21.41, -18.44, -17.65, -17.25, -17.25
2026-10-01, 21:44:33, 88000000, 90500000, 19531.25, 15552, -17.06, -17.44, -16.75, -15.93, -15.11, -14.37, -14.33, -15.02, -16.25, -19.15, -25.10, -28.01, -28.81, -29.17, -29.38, -29.49, -29.50, -29.53, -29.52, -29.48, -29.39, -29.21, -28.61, -27.95, -27.48, -27.16, -27.12, -27.26, -27.53, -27.89, -28.21, -28.28, -28.09, -27.93, -27.76, -27.55, -27.33, -27.12, -26.88, -26.63, -26.37, -26.06, -25.76, -25.35, -24.99, -24.61, -24.24, -23.87, -23.50, -23.08, -22.63, -22.14, -21.55, -20.93, -20.25, -19.49, -18.65, -17.68, -16.55, -15.20, -13.43, -10.12, -5.03, 1.33, 5.56, 5.56, 6.36, 6.37, 5.60, 4.20, 1.85, -3.67, -10.37, -13.32, -15.10, -16.48, -17.61, -18.60, -19.43, -20.23, -20.89, -21.53, -22.09, -22.62, -23.06, -23.48, -23.86, -24.21, -24.59, -24.96, -25.38, -25.73, -26.07, -26.37, -26.63, -26.89, -27.10, -27.34, -27.56, -27.74, -27.90, -28.10, -28.26, -28.28, -27.94, -27.51, -27.31, -27.10, -27.23, -27.49, -28.04, -28.62, -29.25, -29.52, -29.57, -29.62, -29.61, -29.69, -29.71, -29.62, -29.54, -29.31, -28.76, -26.70, -22.28, -18.52, -17.37, -16.97, -16.97
2026-10-01, 21:44:34, 88000000, 90500000, 19531.25, 15488, -16.55, -17.02, -17.09, -16.35, -15.03, -13.87, -13.81, -14.79, -16.79, -20.50, -26.07, -28.11, -28.84, -29.14, -29.36, -29.42, -29.48, -29.50, -29.46, -29.42, -29.33, -29.16, -28.69, -28.07, -27.47, -26.99, -26.83, -27.07, -27.49, -27.94, -28.24, -28.20, -28.03, -27.88, -27.69, -27.48, -27.28, -27.06, -26.80, -26.56, -26.32, -26.04, -25.69, -25.33, -24.94, -24.57, -24.17, -23.79, -23.46, -23.07, -22.61, -22.11, -21.55, -20.91, -20.24, -19.49, -18.66, -17.68, -16.58, -15.27, -13.53, -10.41, -4.88, 0.79, 5.51, 5.51, 6.73, 6.98, 6.00, 4.05, 0.62, -5.17, -10.79, -13.51, -15.21, -16.54, -17.63, -18.60, -19.42, -20.19, -20.89, -21.51, -22.08, -22.59, -23.05, -23.42, -23.81, -24.15, -24.53, -24.94, -25.34, -25.69, -26.03, -26.33, -26.61, -26.85, -27.05, -27.32, -27.50, -27.70, -27.88, -28.02, -28.19, -28.20, -27.97, -27.66, -27.25, -26.92, -26.97, -27.42, -28.06, -28.82, -29.31, -29.49, -29.54, -29.61, -29.64, -29.70, -29.70, -29.64, -29.58, -29.36, -28.80, -26.86, -22.20, -19.32, -17.72, -16.79, -16.79
2026-10-01, 21:44:35, 88000000, 90500000, 19531.25, 15552, -17.02, -17.30, -16.87, -15.99, -14.95, -14.35, -14.16, -14.98, -16.44, -19.45, -24.69, -27.99, -28.80, -29.15, -29.34, -29.47, -29.50, -29.50, -29.50, -29.44, -29.36, -29.17, -28.64, -27.99, -27.43, -27.08, -27.00, -27.20, -27.61, -27.87, -28.17, -28.22, -28.06, -27.92, -27.70, -27.50, -27.30, -27.10, -26.84, -26.62, -26.32, -26.04, -25.71, -25.35, -24.96, -24.57, -24.22, -23.82, -23.46, -23.06, -22.61, -22.11, -21.55, -20.90, -20.23, -19.49, -18.64, -17.67, -16.56, -15.21, -13.54, -10.78, -4.71, 0.97, 5.69, 5.69, 6.42, 6.51, 5.75, 4.02, 1.51, -3.57, -10.02, -13.28, -15.08, -16.45, -17.57, -18.56, -19.41, -20.19, -20.87, -21.49, -22.08, -22.59, -23.03, -23.43, -23.81, -24.19, -24.54, -24.94, -25.32, -25.71, -26.05, -26.34, -26.61, -26.85, -27.10, -27.32, -27.52, -27.71, -27.87, -28.06, -28.21, -28.25, -27.95, -27.52, -27.21, -27.08, -27.12, -27.46, -28.09, -28.67, -29.26, -29.47, -29.57, -29.59, -29.65, -29.69, -29.68, -29.61, -29.54, -29.34, -28.86, -26.91, -22.27, -18.73, -17.38, -16.79, -16.79
2026-10-01, 21:44:36, 88000000, 90500000, 19531.25, 16192, -17.34, -17.40, -16.54, -15.95, -15.38, -14.75, -14.59, -14.82, -16.12, -18.87, -24.59, -27.89, -28.79, -29.18, -29.36, -29.46, -29.55, -29.54, -29.53, -29.48, -29.41, -29.11, -28.55, -27.92, -27.54, -27.32, -27.19, -27.28, -27.52, -27.87, -28.17, -28.27, -28.11, -27.96, -27.75, -27.54, -27.36, -27.11, -26.90, -26.65, -26.39, -26.08, -25.77, -25.37, -25.00, -24.62, -24.25, -23.86, -23.51, -23.10, -22.62, -22.12, -21.56, -20.93, -20.25, -19.46, -18.61, -17.62, -16.46, -15.07, -13.21, -9.89, -3.41, 1.77, 5.35, 5.35, 5.94, 6.04, 5.58, 4.37, 1.99, -3.03, -9.95, -13.20, -15.04, -16.44, -17.59, -18.58, -19.44, -20.21, -20.89, -21.54, -22.12, -22.61, -23.09, -23.47, -23.89, -24.27, -24.60, -25.01, -25.35, -25.74, -26.10, -26.37, -26.65, -26.90, -27.15, -27.37, -27.56, -27.77, -27.93, -28.12, -28.25, -28.26, -27.90, -27.49, -27.34, -27.26, -27.34, -27.60, -27.99, -28.65, -29.27, -29.55, -29.60, -29.69, -29.68, -29.73, -29.75, -29.64, -29.54, -29.30, -28.67, -25.99, -21.31, -18.29, -17.47, -17.30, -17.30
2026-10-01, 21:44:37, 88000000, 90500000, 19531.25, 17472, -17.68, -17.71, -16.75, -15.85, -15.37, -15.04, -14.92, -15.08, -15.98, -18.80, -24.45, -27.98, -28.90, -29.28, -29.48, -29.60, -29.63, -29.67, -29.64, -29.63, -29.54, -29.30, -28.71, -27.98, -27.61, -27.50, -27.40, -27.47, -27.60, -27.87, -28.34, -28.38, -28.22, -28.09, -27.87, -27.68, -27.48, -27.27, -27.02, -26.77, -26.52, -26.22, -25.88, -25.52, -25.14, -24.76, -24.38, -24.00, -23.62, -23.23, -22.77, -22.27, -21.70, -21.06, -20.38, -19.60, -18.75, -17.77, -16.65, -15.26, -13.48, -10.44, -4.01, 1.58, 5.43, 5.43, 5.79, 5.65, 5.23, 4.33, 2.16, -2.85, -9.98, -13.23, -15.11, -16.53, -17.69, -18.68, -19.55, -20.33, -21.02, -21.64, -22.22, -22.74, -23.18, -23.58, -23.99, -24.36, -24.74, -25.13, -25.49, -25.86, -26.22, -26.50, -26.77, -27.05, -27.25, -27.49, -27.70, -27.88, -28.06, -28.23, -28.38, -28.34, -28.04, -27.63, -27.42, -27.39, -27.55, -27.71, -28.13, -28.71, -29.37, -29.68, -29.75, -29.79, -29.80, -29.86, -29.89, -29.80, -29.70, -29.46, -28.93, -26.64, -21.59, -18.52, -17.36, -17.32, -17.32
2026-10-01, 21:44:38, 88000000, 90500000, 19531.25, 15488, -17.27, -17.59, -17.26, -16.23, -15.19, -14.63, -14.58, -15.24, -16.46, -19.35, -24.83, -28.10, -28.99, -29.42, -29.60, -29.73, -29.73, -29.74, -29.73, -29.68, -29.61, -29.37, -28.83, -28.22, -27.68, -27.35, -27.32, -27.47, -27.76, -28.11, -28.44, -28.47, -28.31, -28.16, -27.94, -27.77, -27.56, -27.34, -27.10, -26.86, -26.56, -26.32, -25.97, -25.61, -25.20, -24.82, -24.46, -24.09, -23.73, -23.30, -22.87, -22.38, -21.80, -21.17, -20.49, -19.74, -18.88, -17.93, -16.79, -15.45, -13.67, -10.60, -4.29, 0.79, 5.39, 5.39, 6.18, 6.13, 5.35, 3.95, 1.61, -3.47, -10.09, -13.44, -15.28, -16.66, -17.81, -18.79, -19.65, -20.42, -21.10, -21.75, -22.31, -22.82, -23.29, -23.67, -24.05, -24.42, -24.79, -25.19, -25.55, -25.94, -26.27, -26.55, -26.84, -27.10, -27.31, -27.55, -27.76, -27.93, -28.11, -28.29, -28.45, -28.44, -28.18, -27.82, -27.48, -27.32, -27.39, -27.73, -28.28, -28.86, -29.44, -29.71, -29.77, -29.84, -29.85, -29.93, -29.96, -29.85, -29.76, -29.54, -29.00, -26.56, -22.16, -19.18, -17.69, -17.03, -17.03
2026-10-01, 21:44:39, 88000000, 90500000, 19531.25, 15552, -17.82, -17.94, -16.82, -15.92, -15.29, -15.13, -15.18, -15.19, -16.04, -18.66, -23.77, -27.83, -28.89, -29.30, -29.54, -29.67, -29.71, -29.77, -29.72, -29.67, -29.61, -29.41, -28.81, -28.08, -27.65, -27.46, -27.47, -27.55, -27.68, -27.98, -28.36, -28.44, -28.29, -28.16, -27.96, -27.76, -27.55, -27.33, -27.12, -26.85, -26.58, -26.29, -25.98, -25.59, -25.18, -24.84, -24.49, -24.09, -23.69, -23.30, -22.86, -22.35, -21.79, -21.16, -20.47, -19.70, -18.85, -17.86, -16.73, -15.33, -13.56, -10.48, -3.94, 1.55, 5.53, 5.53, 5.74, 5.47, 5.05, 4.27, 2.15, -2.43, -9.55, -13.11, -15.11, -16.55, -17.73, -18.74, -19.62, -20.40, -21.10, -21.74, -22.31, -22.82, -23.26, -23.66, -24.07, -24.45, -24.84, -25.20, -25.57, -25.95, -26.30, -26.58, -26.86, -27.13, -27.34, -27.57, -27.81, -27.99, -28.14, -28.32, -28.46, -28.45, -28.08, -27.72, -27.48, -27.54, -27.71, -27.86, -28.20, -28.82, -29.40, -29.75, -29.80, -29.88, -29.90, -29.96, -29.98, -29.87, -29.79, -29.53, -28.94, -26.57, -21.72, -18.50, -17.39, -17.23, -17.23
2026-10-01, 21:44:40, 88000000, 90500000, 19531.25, 15616, -17.42, -17.56, -16.84, -16.20, -15.51, -14.75, -14.51, -15.07, -16.68, -19.61, -24.17, -27.98, -29.05, -29.43, -29.64, -29.74, -29.81, -29.83, -29.79, -29.77, -29.72, -29.53, -28.81, -28.25, -27.73, -27.53, -27.38, -27.50, -27.85, -28.21, -28.45, -28.55, -28.38, -28.24, -28.04, -27.85, -27.61, -27.43, -27.20, -26.92, -26.66, -26.40, -26.06, -25.71, -25.28, -24.94, -24.55, -24.17, -23.80, -23.40, -22.95, -22.46, -21.87, -21.27, -20.58, -19.82, -18.98, -18.02, -16.90, -15.53, -13.83, -11.10, -5.21, 1.55, 5.28, 5.28, 5.95, 6.12, 5.45, 4.01, 1.11, -2.97, -9.73, -13.41, -15.31, -16.72, -17.89, -18.87, -19.73, -20.51, -21.19, -21.84, -22.40, -22.92, -23.37, -23.74, -24.16, -24.53, -24.85, -25.29, -25.69, -26.03, -26.38, -26.66, -26.95, -27.21, -27.41, -27.66, -27.85, -28.03, -28.20, -28.38, -28.54, -28.55, -28.17, -27.84, -27.57, -27.41, -27.48, -27.82, -28.26, -29.02, -29.50, -29.80, -29.86, -29.93, -29.93, -30.01, -29.99, -29.92, -29.82, -29.56, -29.08, -27.31, -21.98, -18.72, -17.59, -17.37, -17.37
2026-10-01, 21:44:41, 88000000, 90500000, 19531.25, 15680, -17.41, -17.70, -17.09, -16.09, -15.20, -14.74, -14.74, -15.32, -16.54, -19.22, -24.24, -27.95, -28.97, -29.37, -29.58, -29.68, -29.75, -29.75, -29.70, -29.69, -29.61, -29.37, -28.78, -28.12, -27.71, -27.42, -27.38, -27.51, -27.78, -28.05, -28.42, -28.44, -28.31, -28.15, -27.96, -27.74, -27.56, -27.34, -27.09, -26.87, -26.59, -26.30, -25.96, -25.60, -25.17, -24.83, -24.47, -24.10, -23.73, -23.30, -22.86, -22.36, -21.80, -21.17, -20.48, -19.72, -18.88, -17.91, -16.77, -15.43, -13.66, -10.66, -4.35, 1.03, 5.53, 5.53, 6.13, 5.93, 5.19, 3.85, 1.58, -3.01, -9.63, -13.29, -15.25, -16.64, -17.80, -18.79, -19.66, -20.43, -21.12, -21.76, -22.33, -22.83, -23.28, -23.67, -24.06, -24.46, -24.85, -25.20, -25.58, -25.95, -26.28, -26.58, -26.86, -27.10, -27.33, -27.60, -27.80, -27.94, -28.10, -28.31, -28.45, -28.49, -28.20, -27.73, -27.44, -27.34, -27.52, -27.82, -28.32, -28.90, -29.44, -29.73, -29.82, -29.85, -29.85, -29.94, -29.96, -29.87, -29.80, -29.56, -28.99, -26.79, -22.08, -18.85, -17.46, -17.09, -17.09
2026-10-01, 21:44:42, 88000000, 90500000, 19531.25, 15616, -17.59, -17.66, -16.75, -16.15, -15.44, -14.89, -14.74, -15.24, -16.27, -18.91, -24.37, -28.04, -29.01, -29.44, -29.62, -29.74, -29.76, -29.77, -29.74, -29.78, -29.64, -29.45, -28.76, -28.13, -27.78, -27.48, -27.43, -27.52, -27.79, -28.07, -28.42, -28.49, -28.33, -28.19, -27.98, -27.78, -27.61, -27.37, -27.15, -26.90, -26.64, -26.34, -26.01, -25.62, -25.22, -24.87, -24.50, -24.14, -23.77, -23.35, -22.88, -22.41, -21.83, -21.20, -20.52, -19.75, -18.90, -17.93, -16.78, -15.46, -13.71, -11.00, -4.94, 1.67, 5.22, 5.22, 5.92, 5.90, 5.22, 4.13, 1.80, -2.86, -9.89, -13.35, -15.24, -16.66, -17.84, -18.81, -19.68, -20.44, -21.16, -21.76, -22.35, -22.87, -23.31, -23.71, -24.11, -24.50, -24.84, -25.22, -25.62, -25.98, -26.33, -26.62, -26.92, -27.16, -27.38, -27.61, -27.83, -28.00, -28.18, -28.34, -28.50, -28.52, -28.11, -27.76, -27.53, -27.41, -27.53, -27.86, -28.23, -28.84, -29.46, -29.78, -29.84, -29.89, -29.89, -29.98, -29.99, -29.89, -29.82, -29.55, -29.07, -27.34, -21.82, -18.37, -17.65, -17.34, -17.34
2026-10-01, 21:44:43, 88000000, 90500000, 19531.25, 15616, -17.45, -17.53, -16.83, -16.23, -15.46, -14.75, -14.62, -15.07, -16.37, -19.60, -25.28, -28.21, -29.04, -29.40, -29.61, -29.69, -29.73, -29.74, -29.71, -29.68, -29.61, -29.41, -28.80, -28.18, -27.72, -27.42, -27.40, -27.44, -27.68, -28.08, -28.44, -28.50, -28.29, -28.18, -27.97, -27.77, -27.60, -27.37, -27.13, -26.88, -26.58, -26.33, -25.99, -25.61, -25.22, -24.87, -24.49, -24.12, -23.74, -23.33, -22.89, -22.39, -21.83, -21.20, -20.49, -19.73, -18.90, -17.92, -16.79, -15.44, -13.67, -10.79, -4.29, 1.47, 5.28, 5.28, 5.99, 5.97, 5.42, 4.23, 1.43, -4.09, -10.65, -13.57, -15.34, -16.74, -17.87, -18.84, -19.69, -20.48, -21.15, -21.79, -22.37, -22.87, -23.31, -23.71, -24.11, -24.46, -24.83, -25.20, -25.62, -26.00, -26.33, -26.63, -26.87, -27.17, -27.37, -27.60, -27.81, -27.99, -28.15, -28.34, -28.50, -28.49, -28.10, -27.77, -27.53, -27.41, -27.48, -27.77, -28.27, -28.96, -29.55, -29.75, -29.87, -29.87, -29.91, -29.98, -29.95, -29.89, -29.82, -29.56, -28.99, -26.91, -21.76, -18.67, -17.70, -17.35, -17.35
2026-10-01, 21:44:44, 88000000, 90500000, 19531.25, 15616, -17.59, -17.50, -16.91, -16.29, -15.55, -14.93, -14.77, -15.06, -16.17, -18.92, -24.13, -27.95, -28.96, -29.39, -29.56, -29.72, -29.78, -29.78, -29.76, -29.76, -29.61, -29.34, -28.77, -28.26, -27.82, -27.50, -27.44, -27.47, -27.74, -28.04, -28.40, -28.50, -28.35, -28.21, -27.99, -27.79, -27.57, -27.36, -27.14, -26.88, -26.63, -26.32, -26.01, -25.64, -25.24, -24.89, -24.51, -24.15, -23.76, -23.35, -22.90, -22.40, -21.83, -21.23, -20.52, -19.77, -18.92, -17.94, -16.79, -15.41, -13.56, -10.10, -3.19, 1.58, 5.11, 5.11, 5.83, 5.78, 5.41, 4.19, 1.83, -2.52, -9.73, -13.22, -15.16, -16.57, -17.75, -18.74, -19.63, -20.39, -21.10, -21.74, -22.31, -22.83, -23.28, -23.68, -24.08, -24.45, -24.82, -25.19, -25.60, -25.93, -26.29, -26.59, -26.84, -27.13, -27.35, -27.59, -27.79, -27.98, -28.13, -28.31, -28.46, -28.42, -28.09, -27.79, -27.52, -27.46, -27.61, -27.78, -28.23, -28.89, -29.43, -29.73, -29.82, -29.87, -29.87, -29.93, -29.95, -29.89, -29.80, -29.51, -28.81, -25.97, -21.41, -18.82, -17.82, -17.44, -17.44
2026-10-01, 21:44:45, 88000000, 90500000, 19531.25, 15680, -13.42, -18.49, -19.39, -18.32, -16.45, -10.69, -14.81, -17.18, -19.25, -22.51, -26.47, -28.42, -28.91, -29.16, -29.25, -29.27, -29.28, -29.28, -29.24, -29.22, -29.11, -29.00, -28.66, -28.24, -27.72, -26.51, -25.72, -27.35, -27.67, -27.91, -27.93, -27.91, -27.72, -27.60, -27.40, -27.17, -26.99, -26.74, -26.52, -26.27, -26.02, -25.73, -25.42, -25.07, -24.72, -24.32, -23.61, -23.57, -23.23, -22.82, -22.35, -21.84, -21.28, -20.68, -20.04, -19.30, -18.51, -17.61, -16.59, -15.38, -13.91, -11.76, -7.04, -1.79, 3.84, 3.84, 7.82, 8.88, 4.22, 1.67, -1.68, -6.34, -11.38, -13.75, -15.26, -16.49, -17.52, -18.43, -19.24, -19.97, -20.62, -21.25, -21.79, -22.31, -22.77, -23.15, -23.55, -23.62, -24.29, -24.68, -25.06, -25.41, -25.72, -25.98, -26.26, -26.51, -26.74, -27.00, -27.16, -27.37, -27.55, -27.73, -27.90, -27.95, -27.90, -27.75, -27.42, -26.20, -26.09, -27.74, -28.30, -28.73, -29.06, -29.20, -29.30, -29.37, -29.39, -29.47, -29.48, -29.45, -29.42, -29.29, -28.99, -27.81, -24.52, -21.56, -19.65, -18.08, -18.08
2026-10-01, 21:44:46, 88000000, 90500000, 19531.25, 15616, -12.61, -17.98, -22.60, -21.91, -16.22, -9.83, -13.58, -20.75, -23.06, -25.38, -28.05, -28.95, -29.30, -29.49, -29.58, -29.64, -29.63, -29.64, -29.61, -29.58, -29.47, -29.43, -29.27, -29.00, -28.57, -26.08, -25.27, -28.00, -28.47, -28.46, -28.40, -28.31, -28.13, -28.01, -27.80, -27.59, -27.38, -27.19, -26.96, -26.69, -26.45, -26.19, -25.89, -25.56, -25.20, -24.73, -23.96, -23.96, -23.73, -23.32, -22.83, -22.33, -21.80, -21.22, -20.56, -19.86, -19.09, -18.21, -17.26, -16.16, -14.88, -13.22, -10.50, -5.99, 1.37, 1.37, 9.22, 10.17, 2.34, -2.59, -5.62, -9.26, -12.87, -14.63, -15.97, -17.10, -18.09, -18.97, -19.75, -20.46, -21.12, -21.70, -22.26, -22.78, -23.24, -23.67, -23.96, -23.91, -24.66, -25.15, -25.51, -25.84, -26.14, -26.42, -26.68, -26.94, -27.17, -27.39, -27.59, -27.79, -27.95, -28.13, -28.30, -28.44, -28.48, -28.53, -28.14, -25.77, -25.55, -28.43, -29.06, -29.33, -29.47, -29.60, -29.68, -29.74, -29.78, -29.83, -29.86, -29.81, -29.79, -29.67, -29.50, -29.06, -27.32, -25.15, -23.44, -17.37, -17.37
2026-10-01, 21:44:47, 88000000, 90500000, 19531.25, 15936, -16.03, -17.27, -17.87, -17.03, -15.11, -13.30, -13.74, -15.40, -17.73, -22.28, -26.58, -28.54, -29.14, -29.47, -29.62, -29.71, -29.77, -29.78, -29.73, -29.66, -29.62, -29.44, -29.05, -28.41, -27.81, -26.98, -26.78, -27.41, -27.83, -28.36, -28.55, -28.45, -28.26, -28.12, -27.94, -27.73, -27.53, -27.33, -27.10, -26.84, -26.58, -26.30, -25.99, -25.64, -25.22, -24.81, -24.38, -24.08, -23.73, -23.35, -22.90, -22.41, -21.86, -21.23, -20.56, -19.82, -18.99, -18.07, -16.97, -15.71, -14.08, -11.70, -6.15, -0.53, 5.05, 5.05, 7.17, 7.47, 5.53, 3.27, -0.64, -6.79, -11.64, -14.04, -15.66, -16.94, -18.00, -18.94, -19.76, -20.51, -21.20, -21.81, -22.35, -22.87, -23.32, -23.70, -24.06, -24.37, -24.77, -25.22, -25.60, -25.98, -26.28, -26.59, -26.86, -27.11, -27.33, -27.54, -27.76, -27.93, -28.11, -28.29, -28.46, -28.49, -28.35, -28.02, -27.57, -26.92, -26.91, -27.73, -28.43, -29.12, -29.57, -29.71, -29.78, -29.85, -29.88, -29.94, -29.94, -29.87, -29.80, -29.62, -29.21, -27.43, -23.80, -20.30, -18.34, -16.76, -16.76
2026-10-01, 21:44:48, 88000000, 90500000, 19531.25, 15616, -15.24, -17.17, -18.82, -17.41, -14.66, -12.46, -13.43, -16.13, -18.45, -21.70, -26.61, -28.44, -29.02, -29.29, -29.44, -29.52, -29.57, -29.52, -29.55, -29.50, -29.44, -29.32, -28.96, -28.51, -27.61, -26.57, -26.35, -27.28, -27.96, -28.18, -28.35, -28.31, -28.13, -27.95, -27.79, -27.58, -27.35, -27.14, -26.89, -26.67, -26.41, -26.14, -25.83, -25.49, -25.05, -24.64, -24.21, -23.91, -23.62, -23.22, -22.74, -22.25, -21.70, -21.09, -20.43, -19.69, -18.88, -17.97, -16.92, -15.68, -14.14, -11.87, -6.72, -2.06, 5.22, 5.22, 7.91, 8.11, 5.33, 2.18, -0.49, -6.81, -11.57, -13.96, -15.54, -16.81, -17.87, -18.80, -19.63, -20.38, -21.05, -21.65, -22.20, -22.72, -23.19, -23.58, -23.90, -24.17, -24.64, -25.11, -25.46, -25.84, -26.15, -26.43, -26.70, -26.97, -27.17, -27.39, -27.63, -27.81, -27.99, -28.11, -28.31, -28.39, -28.33, -28.05, -27.41, -26.54, -26.58, -27.74, -28.62, -29.00, -29.46, -29.62, -29.67, -29.74, -29.75, -29.84, -29.84, -29.79, -29.75, -29.55, -29.22, -28.08, -24.55, -21.50, -18.61, -16.26, -16.26
2026-10-01, 21:44:49, 88000000, 90500000, 19531.25, 15680, -16.44, -17.59, -17.24, -15.91, -14.91, -13.75, -14.35, -15.35, -16.23, -19.85, -24.63, -27.90, -28.79, -29.14, -29.33, -29.39, -29.45, -29.45, -29.47, -29.41, -29.34, -29.13, -28.66, -28.00, -27.40, -26.90, -26.88, -27.34, -27.50, -27.84, -28.17, -28.21, -27.99, -27.87, -27.68, -27.47, -27.25, -27.06, -26.82, -26.55, -26.30, -26.02, -25.70, -25.33, -24.92, -24.54, -24.15, -23.79, -23.44, -23.02, -22.59, -22.08, -21.52, -20.90, -20.21, -19.46, -18.61, -17.65, -16.58, -15.24, -13.49, -10.47, -5.15, 0.63, 5.72, 5.72, 6.82, 6.78, 5.23, 4.07, 1.58, -4.05, -9.87, -13.30, -15.11, -16.46, -17.58, -18.55, -19.41, -20.17, -20.85, -21.47, -22.04, -22.58, -23.02, -23.40, -23.78, -24.14, -24.53, -24.93, -25.33, -25.69, -26.01, -26.31, -26.59, -26.85, -27.03, -27.31, -27.47, -27.68, -27.87, -28.02, -28.17, -28.22, -27.99, -27.57, -27.21, -26.93, -27.03, -27.65, -28.04, -28.63, -29.24, -29.47, -29.55, -29.59, -29.62, -29.70, -29.70, -29.63, -29.56, -29.32, -28.87, -26.61, -22.76, -19.17, -17.36, -16.72, -16.72
2026-10-01, 21:44:50, 88000000, 90500000, 19531.25, 15616, -15.75, -17.03, -17.88, -16.89, -14.76, -12.96, -13.55, -15.53, -17.84, -20.61, -25.49, -28.13, -28.90, -29.20, -29.38, -29.47, -29.47, -29.51, -29.49, -29.45, -29.35, -29.20, -28.82, -28.24, -27.56, -26.70, -26.60, -27.13, -27.78, -28.07, -28.26, -28.22, -28.06, -27.93, -27.74, -27.52, -27.34, -27.10, -26.87, -26.61, -26.35, -26.05, -25.76, -25.41, -25.03, -24.57, -24.16, -23.83, -23.51, -23.13, -22.67, -22.17, -21.60, -21.00, -20.33, -19.59, -18.75, -17.83, -16.76, -15.49, -13.91, -11.44, -5.79, -0.42, 5.29, 5.29, 7.59, 7.59, 5.77, 2.85, 0.13, -4.86, -10.40, -13.57, -15.30, -16.61, -17.70, -18.64, -19.48, -20.25, -20.91, -21.54, -22.10, -22.63, -23.10, -23.47, -23.83, -24.13, -24.54, -24.99, -25.39, -25.71, -26.06, -26.35, -26.63, -26.89, -27.10, -27.34, -27.54, -27.73, -27.91, -28.06, -28.23, -28.27, -28.13, -27.80, -27.38, -26.58, -26.73, -27.55, -28.35, -28.86, -29.30, -29.48, -29.59, -29.61, -29.68, -29.73, -29.72, -29.66, -29.59, -29.40, -29.02, -27.48, -23.44, -20.18, -18.16, -16.43, -16.43
2026-10-01, 21:44:51, 88000000, 90500000, 19531.25, 15552, -16.26, -17.43, -17.51, -16.36, -14.76, -13.50, -13.98, -15.63, -17.62, -19.24, -22.91, -27.60, -28.73, -29.16, -29.38, -29.49, -29.52, -29.55, -29.51, -29.48, -29.45, -29.29, -28.82, -28.13, -27.45, -26.90, -26.81, -27.28, -27.80, -28.02, -28.12, -28.22, -28.11, -27.94, -27.78, -27.56, -27.35, -27.13, -26.91, -26.64, -26.38, -26.08, -25.81, -25.43, -25.04, -24.64, -24.22, -23.89, -23.54, -23.14, -22.69, -22.18, -21.63, -21.02, -20.35, -19.60, -18.76, -17.83, -16.74, -15.46, -13.86, -11.62, -6.67, 0.19, 5.67, 5.67, 7.07, 7.18, 5.27, 3.08, 0.76, -1.82, -8.96, -13.14, -15.09, -16.51, -17.63, -18.62, -19.49, -20.25, -20.94, -21.57, -22.14, -22.65, -23.10, -23.50, -23.88, -24.18, -24.62, -25.02, -25.39, -25.77, -26.07, -26.38, -26.65, -26.93, -27.13, -27.38, -27.58, -27.79, -27.94, -28.12, -28.27, -28.31, -28.09, -27.64, -27.26, -26.87, -26.87, -27.76, -28.31, -28.80, -29.22, -29.52, -29.65, -29.69, -29.71, -29.75, -29.81, -29.68, -29.65, -29.45, -29.07, -27.89, -23.34, -19.38, -17.59, -16.53, -16.53
2026-10-01, 21:44:52, 88000000, 90500000, 19531.25, 15552, -15.72, -17.16, -18.51, -16.77, -14.19, -12.94, -13.45, -15.88, -18.29, -20.60, -24.97, -28.05, -28.91, -29.22, -29.41, -29.44, -29.50, -29.54, -29.51, -29.48, -29.38, -29.24, -28.96, -28.29, -27.40, -26.59, -26.52, -27.21, -27.87, -28.10, -28.22, -28.21, -28.03, -27.92, -27.71, -27.50, -27.32, -27.11, -26.88, -26.61, -26.36, -26.06, -25.80, -25.42, -25.00, -24.53, -24.13, -23.83, -23.53, -23.14, -22.69, -22.17, -21.62, -21.00, -20.35, -19.61, -18.80, -17.89, -16.86, -15.61, -14.10, -11.97, -6.91, -2.28, 5.93, 5.93, 7.77, 7.77, 5.53, 2.42, -0.20, -4.07, -10.54, -13.53, -15.30, -16.62, -17.73, -18.66, -19.50, -20.25, -20.91, -21.55, -22.11, -22.62, -23.08, -23.47, -23.77, -24.07, -24.54, -25.00, -25.37, -25.72, -26.07, -26.33, -26.62, -26.87, -27.08, -27.32, -27.51, -27.70, -27.89, -28.04, -28.19, -28.29, -28.22, -27.82, -27.11, -26.53, -26.64, -27.58, -28.43, -28.86, -29.25, -29.50, -29.57, -29.63, -29.65, -29.71, -29.71, -29.65, -29.61, -29.40, -29.07, -27.83, -24.97, -20.95, -17.89, -15.88, -15.88
2026-10-01, 21:44:53, 88000000, 90500000, 19531.25, 15552, -16.40, -17.59, -17.88, -16.07, -14.16, -13.64, -14.06, -15.42, -17.35, -20.03, -23.85, -27.76, -28.77, -29.17, -29.33, -29.41, -29.46, -29.44, -29.45, -29.43, -29.32, -29.18, -28.86, -28.11, -27.22, -26.78, -26.88, -27.20, -27.68, -27.93, -28.12, -28.17, -28.00, -27.85, -27.68, -27.47, -27.25, -27.03, -26.84, -26.57, -26.32, -26.03, -25.71, -25.35, -24.94, -24.51, -24.14, -23.80, -23.46, -23.06, -22.60, -22.10, -21.55, -20.92, -20.25, -19.51, -18.67, -17.74, -16.65, -15.36, -13.74, -10.87, -6.09, -1.39, 6.36, 6.36, 7.30, 6.89, 5.50, 3.31, 0.56, -2.98, -9.70, -13.22, -15.09, -16.49, -17.60, -18.56, -19.42, -20.18, -20.86, -21.47, -22.06, -22.58, -23.03, -23.40, -23.75, -24.12, -24.52, -24.92, -25.33, -25.68, -25.99, -26.29, -26.57, -26.81, -27.05, -27.27, -27.45, -27.65, -27.86, -27.99, -28.19, -28.24, -28.14, -27.63, -26.96, -26.72, -26.95, -27.58, -28.18, -28.76, -29.16, -29.45, -29.53, -29.60, -29.61, -29.65, -29.65, -29.56, -29.53, -29.33, -28.88, -26.88, -24.46, -20.19, -17.20, -15.95, -15.95
2026-10-01, 21:44:54, 88000000, 90500000, 19531.25, 15616, -15.19, -17.01, -18.81, -17.46, -14.27, -12.41, -13.27, -16.10, -18.79, -21.67, -25.83, -28.34, -28.98, -29.23, -29.39, -29.47, -29.52, -29.52, -29.49, -29.47, -29.37, -29.22, -28.95, -28.45, -27.49, -26.47, -26.30, -27.26, -27.89, -28.15, -28.24, -28.19, -28.03, -27.91, -27.72, -27.50, -27.32, -27.08, -26.86, -26.59, -26.33, -26.05, -25.76, -25.41, -25.00, -24.56, -24.10, -23.83, -23.51, -23.12, -22.66, -22.17, -21.59, -21.00, -20.33, -19.60, -18.78, -17.88, -16.83, -15.59, -14.03, -11.63, -6.50, -1.93, 5.58, 5.58, 8.15, 8.19, 5.37, 2.14, -1.10, -5.36, -11.06, -13.83, -15.43, -16.70, -17.78, -18.70, -19.51, -20.26, -20.94, -21.55, -22.11, -22.62, -23.07, -23.47, -23.77, -24.06, -24.51, -24.98, -25.36, -25.72, -26.01, -26.32, -26.56, -26.83, -27.05, -27.29, -27.49, -27.65, -27.85, -28.01, -28.21, -28.25, -28.19, -27.98, -27.17, -26.35, -26.45, -27.61, -28.42, -28.92, -29.28, -29.46, -29.53, -29.58, -29.63, -29.65, -29.68, -29.60, -29.53, -29.37, -29.00, -27.38, -24.34, -21.55, -18.54, -15.85, -15.85
2026-10-01, 21:44:55, 88000000, 90500000, 19531.25, 15552, -16.15, -17.35, -17.47, -16.29, -14.92, -13.43, -14.13, -15.26, -16.93, -20.16, -25.44, -28.19, -28.87, -29.21, -29.40, -29.54, -29.55, -29.57, -29.55, -29.51, -29.45, -29.25, -28.73, -28.10, -27.55, -26.91, -26.85, -27.26, -27.70, -27.96, -28.31, -28.30, -28.12, -27.98, -27.79, -27.57, -27.39, -27.15, -26.90, -26.68, -26.41, -26.11, -25.81, -25.47, -25.05, -24.64, -24.21, -23.92, -23.57, -23.16, -22.72, -22.21, -21.65, -21.03, -20.35, -19.60, -18.76, -17.81, -16.71, -15.41, -13.76, -11.04, -4.94, 0.35, 5.48, 5.48, 7.12, 7.07, 5.51, 3.59, 1.06, -4.83, -10.80, -13.55, -15.28, -16.62, -17.73, -18.69, -19.53, -20.30, -20.96, -21.59, -22.15, -22.67, -23.12, -23.51, -23.87, -24.21, -24.64, -25.05, -25.41, -25.78, -26.12, -26.41, -26.68, -26.95, -27.13, -27.37, -27.58, -27.78, -27.95, -28.12, -28.26, -28.28, -28.14, -27.72, -27.33, -26.85, -26.98, -27.61, -28.22, -28.79, -29.33, -29.58, -29.66, -29.67, -29.70, -29.74, -29.77, -29.68, -29.60, -29.36, -28.84, -26.96, -22.59, -19.57, -17.69, -16.67, -16.67
2026-10-01, 21:44:56, 88000000, 90500000, 19531.25, 15552, -15.39, -16.69, -18.40, -17.75, -14.73, -12.65, -13.24, -15.95, -18.03, -21.13, -24.92, -27.96, -28.91, -29.22, -29.43, -29.50, -29.52, -29.57, -29.52, -29.51, -29.40, -29.19, -28.82, -28.47, -27.75, -26.60, -26.42, -27.26, -27.86, -28.12, -28.29, -28.27, -28.10, -27.97, -27.78, -27.58, -27.37, -27.14, -26.93, -26.65, -26.39, -26.12, -25.79, -25.48, -25.10, -24.66, -24.17, -23.90, -23.59, -23.18, -22.72, -22.22, -21.66, -21.06, -20.38, -19.64, -18.82, -17.88, -16.81, -15.51, -13.84, -10.67, -4.23, -0.28, 4.87, 4.87, 7.80, 8.04, 5.53, 2.64, -0.33, -4.70, -9.99, -13.49, -15.36, -16.67, -17.77, -18.72, -19.55, -20.30, -20.99, -21.61, -22.15, -22.69, -23.14, -23.54, -23.87, -24.15, -24.59, -25.02, -25.45, -25.80, -26.10, -26.38, -26.67, -26.94, -27.16, -27.37, -27.58, -27.76, -27.95, -28.11, -28.27, -28.29, -28.13, -28.05, -27.50, -26.56, -26.57, -27.61, -28.40, -29.00, -29.32, -29.55, -29.64, -29.68, -29.70, -29.78, -29.78, -29.70, -29.66, -29.44, -28.90, -26.58, -22.42, -20.92, -19.12, -16.33, -16.33
2026-10-01, 21:44:57, 88000000, 90500000, 19531.25, 15616, -17.10, -17.40, -17.15, -16.40, -15.03, -14.42, -14.40, -15.12, -16.63, -19.78, -24.62, -28.04, -28.94, -29.31, -29.52, -29.64, -29.69, -29.66, -29.65, -29.62, -29.55, -29.28, -28.82, -28.21, -27.63, -27.22, -27.18, -27.39, -27.73, -28.07, -28.38, -28.38, -28.22, -28.09, -27.88, -27.70, -27.50, -27.31, -27.07, -26.80, -26.53, -26.23, -25.94, -25.56, -25.14, -24.76, -24.39, -24.02, -23.67, -23.26, -22.83, -22.30, -21.74, -21.12, -20.43, -19.69, -18.83, -17.87, -16.74, -15.37, -13.62, -10.55, -3.56, 0.95, 5.45, 5.45, 6.45, 6.28, 5.52, 3.91, 1.21, -3.77, -9.83, -13.37, -15.25, -16.62, -17.78, -18.74, -19.59, -20.37, -21.07, -21.69, -22.25, -22.76, -23.23, -23.61, -23.99, -24.36, -24.74, -25.15, -25.54, -25.90, -26.22, -26.53, -26.79, -27.05, -27.28, -27.53, -27.72, -27.90, -28.08, -28.24, -28.39, -28.35, -28.10, -27.81, -27.43, -27.20, -27.33, -27.69, -28.24, -28.88, -29.42, -29.64, -29.76, -29.75, -29.82, -29.89, -29.92, -29.82, -29.72, -29.48, -28.84, -26.24, -21.85, -19.15, -17.79, -16.85, -16.85
2026-10-01, 21:44:58, 88000000, 90500000, 19531.25, 15616, -16.18, -17.50, -17.92, -16.84, -15.07, -13.43, -14.04, -15.89, -17.49, -20.67, -25.39, -28.30, -29.11, -29.43, -29.61, -29.71, -29.74, -29.77, -29.76, -29.72, -29.65, -29.50, -29.00, -28.42, -27.79, -27.04, -26.90, -27.57, -27.97, -28.25, -28.49, -28.51, -28.34, -28.19, -27.99, -27.78, -27.60, -27.39, -27.15, -26.89, -26.62, -26.36, -26.03, -25.65, -25.30, -24.87, -24.46, -24.12, -23.79, -23.40, -22.95, -22.43, -21.88, -21.27, -20.59, -19.86, -19.04, -18.10, -17.01, -15.74, -14.11, -11.62, -6.29, -0.13, 5.17, 5.17, 7.07, 7.20, 5.11, 3.02, 0.35, -4.57, -11.01, -13.85, -15.57, -16.88, -17.98, -18.96, -19.77, -20.55, -21.23, -21.85, -22.40, -22.92, -23.36, -23.74, -24.10, -24.41, -24.84, -25.29, -25.66, -26.02, -26.33, -26.63, -26.91, -27.18, -27.38, -27.64, -27.83, -27.99, -28.20, -28.34, -28.51, -28.58, -28.35, -28.01, -27.51, -27.02, -27.07, -27.89, -28.55, -29.07, -29.56, -29.79, -29.87, -29.90, -29.95, -30.02, -30.01, -29.94, -29.89, -29.64, -29.27, -27.74, -23.48, -19.93, -18.19, -16.77, -16.77
2026-10-01, 21:44:59, 88000000, 90500000, 19531.25, 15488, -16.76, -17.39, -17.69, -16.64, -14.98, -14.03, -14.17, -15.44, -17.06, -20.27, -26.04, -28.42, -29.15, -29.49, -29.66, -29.76, -29.79, -29.80, -29.77, -29.76, -29.62, -29.46, -29.01, -28.45, -27.70, -27.17, -27.13, -27.46, -27.89, -28.21, -28.48, -28.49, -28.34, -28.18, -28.01, -27.78, -27.59, -27.38, -27.15, -26.90, -26.62, -26.34, -26.03, -25.66, -25.27, -24.87, -24.46, -24.15, -23.77, -23.39, -22.93, -22.44, -21.87, -21.25, -20.58, -19.83, -19.00, -18.05, -16.96, -15.65, -13.93, -11.20, -4.85, 0.13, 5.48, 5.48, 6.73, 6.67, 5.42, 3.49, 0.88, -5.00, -11.05, -13.78, -15.47, -16.81, -17.92, -18.88, -19.72, -20.47, -21.18, -21.79, -22.37, -22.88, -23.32, -23.72, -24.07, -24.44, -24.82, -25.24, -25.62, -25.98, -26.33, -26.60, -26.91, -27.15, -27.37, -27.59, -27.77, -27.96, -28.15, -28.32, -28.47, -28.52, -28.26, -27.96, -27.44, -27.11, -27.20, -27.78, -28.40, -29.01, -29.56, -29.76, -29.81, -29.88, -29.88, -29.93, -29.96, -29.87, -29.81, -29.59, -29.06, -27.12, -22.70, -19.82, -18.00, -16.74, -16.74
2026-10-01, 21:45:00, 88000000, 90500000, 19531.25, 15616, -16.35, -17.21, -18.15, -16.92, -14.79, -13.60, -13.74, -15.53, -18.27, -21.57, -25.60, -28.44, -29.15, -29.44, -29.62, -29.71, -29.74, -29.77, -29.74, -29.68, -29.61, -29.47, -29.09, -28.52, -27.68, -26.99, -26.88, -27.39, -28.00, -28.35, -28.48, -28.47, -28.31, -28.15, -27.96, -27.75, -27.57, -27.33, -27.12, -26.87, -26.61, -26.33, -26.00, -25.66, -25.24, -24.83, -24.44, -24.07, -23.76, -23.37, -22.91, -22.42, -21.85, -21.24, -20.57, -19.82, -19.00, -18.07, -16.99, -15.72, -14.08, -11.17, -5.61, -1.01, 5.60, 5.60, 7.10, 7.19, 5.62, 2.88, -0.95, -5.29, -10.85, -13.91, -15.63, -16.93, -18.02, -18.96, -19.80, -20.54, -21.23, -21.85, -22.40, -22.92, -23.37, -23.71, -24.12, -24.41, -24.81, -25.25, -25.63, -26.02, -26.34, -26.61, -26.89, -27.14, -27.36, -27.60, -27.80, -27.97, -28.16, -28.33, -28.47, -28.53, -28.41, -28.03, -27.40, -26.95, -27.06, -27.75, -28.58, -29.20, -29.58, -29.76, -29.84, -29.88, -29.92, -29.98, -29.97, -29.89, -29.84, -29.64, -29.15, -27.36, -23.59, -20.66, -18.01, -16.49, -16.49
2026-10-01, 21:45:01, 88000000, 90500000, 19531.25, 15616, -17.25, -17.75, -17.29, -16.14, -15.02, -14.52, -14.68, -15.42, -16.94, -19.28, -24.02, -27.79, -28.96, -29.40, -29.60, -29.71, -29.77, -29.77, -29.73, -29.69, -29.63, -29.44, -28.92, -28.21, -27.63, -27.35, -27.30, -27.52, -27.78, -28.17, -28.38, -28.46, -28.31, -28.13, -27.97, -27.73, -27.54, -27.35, -27.11, -26.84, -26.61, -26.30, -25.99, -25.61, -25.20, -24.83, -24.45, -24.11, -23.71, -23.30, -22.87, -22.36, -21.81, -21.17, -20.48, -19.72, -18.88, -17.93, -16.80, -15.47, -13.77, -11.10, -5.40, 0.72, 5.62, 5.62, 6.30, 6.15, 5.23, 3.58, 1.32, -2.78, -9.53, -13.40, -15.33, -16.71, -17.85, -18.83, -19.68, -20.45, -21.14, -21.78, -22.34, -22.85, -23.31, -23.68, -24.08, -24.43, -24.84, -25.21, -25.61, -25.93, -26.28, -26.59, -26.86, -27.11, -27.34, -27.55, -27.79, -27.96, -28.10, -28.31, -28.45, -28.49, -28.20, -27.71, -27.39, -27.25, -27.43, -27.83, -28.40, -28.91, -29.42, -29.71, -29.80, -29.87, -29.88, -29.93, -29.92, -29.85, -29.76, -29.56, -29.09, -27.43, -22.46, -19.12, -17.47, -16.87, -16.87
2026-10-01, 21:45:02, 88000000, 90500000, 19531.25, 15552, -15.68, -17.51, -18.56, -17.24, -14.96, -12.90, -13.91, -16.34, -18.61, -20.45, -24.90, -28.37, -29.17, -29.48, -29.68, -29.75, -29.79, -29.81, -29.79, -29.75, -29.69, -29.53, -29.13, -28.55, -27.85, -26.91, -26.75, -27.64, -28.19, -28.41, -28.50, -28.55, -28.36, -28.22, -28.04, -27.84, -27.65, -27.43, -27.21, -26.94, -26.67, -26.40, -26.10, -25.77, -25.31, -24.93, -24.46, -24.19, -23.87, -23.46, -23.01, -22.50, -21.96, -21.33, -20.64, -19.93, -19.10, -18.20, -17.10, -15.85, -14.19, -11.57, -6.56, -1.14, 5.06, 5.06, 7.54, 7.59, 4.93, 2.13, -0.34, -3.87, -10.49, -13.88, -15.61, -16.93, -18.05, -18.99, -19.83, -20.59, -21.27, -21.88, -22.45, -22.95, -23.44, -23.79, -24.17, -24.43, -24.89, -25.33, -25.70, -26.06, -26.40, -26.65, -26.92, -27.18, -27.42, -27.66, -27.86, -28.05, -28.20, -28.37, -28.56, -28.59, -28.49, -28.16, -27.64, -26.77, -26.92, -27.96, -28.74, -29.19, -29.56, -29.78, -29.89, -29.92, -29.96, -30.02, -30.02, -29.97, -29.90, -29.71, -29.27, -27.50, -24.14, -20.67, -18.42, -16.63, -16.63
2026-10-01, 21:45:03, 88000000, 90500000, 19531.25, 15616, -16.68, -17.54, -17.77, -16.53, -14.99, -13.91, -14.15, -15.61, -17.75, -19.92, -24.25, -28.14, -29.09, -29.48, -29.65, -29.76, -29.80, -29.81, -29.77, -29.75, -29.67, -29.50, -29.03, -28.29, -27.76, -27.14, -27.07, -27.52, -27.96, -28.26, -28.43, -28.50, -28.33, -28.18, -27.99, -27.80, -27.59, -27.39, -27.15, -26.89, -26.65, -26.33, -26.04, -25.68, -25.28, -24.86, -24.48, -24.13, -23.80, -23.39, -22.92, -22.44, -21.87, -21.26, -20.60, -19.86, -19.02, -18.08, -17.00, -15.73, -14.10, -11.67, -6.11, -0.21, 5.47, 5.47, 6.72, 6.84, 5.31, 2.98, 0.36, -2.98, -10.02, -13.54, -15.39, -16.76, -17.90, -18.86, -19.72, -20.49, -21.18, -21.81, -22.35, -22.89, -23.34, -23.71, -24.08, -24.43, -24.82, -25.22, -25.63, -25.99, -26.32, -26.59, -26.85, -27.12, -27.37, -27.60, -27.79, -27.99, -28.15, -28.28, -28.51, -28.55, -28.31, -27.85, -27.43, -27.12, -27.15, -27.82, -28.55, -29.08, -29.44, -29.74, -29.83, -29.86, -29.87, -29.95, -29.97, -29.90, -29.83, -29.60, -29.15, -27.65, -23.37, -19.79, -17.73, -16.81, -16.81
2026-10-01, 21:45:04, 88000000, 90500000, 19531.25, 15552, -16.37, -17.46, -18.01, -16.81, -14.88, -13.62, -13.87, -15.41, -18.00, -21.49, -26.21, -28.57, -29.18, -29.50, -29.62, -29.71, -29.79, -29.77, -29.76, -29.72, -29.62, -29.50, -29.14, -28.43, -27.70, -27.04, -26.95, -27.39, -27.93, -28.31, -28.50, -28.45, -28.32, -28.16, -27.94, -27.77, -27.54, -27.33, -27.10, -26.85, -26.58, -26.30, -26.02, -25.63, -25.21, -24.81, -24.45, -24.07, -23.75, -23.36, -22.91, -22.41, -21.87, -21.25, -20.57, -19.84, -19.01, -18.09, -17.03, -15.78, -14.15, -11.54, -7.17, -1.32, 5.47, 5.47, 7.04, 7.05, 5.65, 3.03, -0.43, -5.59, -11.38, -13.93, -15.58, -16.86, -17.96, -18.90, -19.73, -20.48, -21.17, -21.77, -22.35, -22.86, -23.33, -23.68, -24.06, -24.37, -24.77, -25.20, -25.59, -25.97, -26.28, -26.59, -26.84, -27.10, -27.30, -27.57, -27.76, -27.95, -28.12, -28.27, -28.43, -28.51, -28.35, -27.96, -27.41, -27.00, -27.01, -27.69, -28.47, -29.11, -29.53, -29.74, -29.79, -29.88, -29.88, -29.92, -29.95, -29.88, -29.80, -29.62, -29.25, -27.80, -24.72, -20.45, -18.02, -16.56, -16.56
2026-10-01, 21:45:05, 88000000, 90500000, 19531.25, 17152, -16.77, -17.67, -17.50, -16.48, -15.05, -14.05, -14.34, -15.54, -17.34, -19.73, -24.70, -28.11, -29.01, -29.40, -29.61, -29.68, -29.73, -29.72, -29.69, -29.70, -29.62, -29.42, -28.95, -28.29, -27.67, -27.20, -27.14, -27.48, -27.87, -28.16, -28.43, -28.45, -28.28, -28.14, -27.94, -27.75, -27.55, -27.33, -27.13, -26.86, -26.60, -26.30, -26.01, -25.60, -25.20, -24.82, -24.43, -24.10, -23.74, -23.34, -22.90, -22.39, -21.80, -21.19, -20.51, -19.75, -18.94, -17.96, -16.87, -15.54, -13.86, -11.09, -5.54, 0.27, 5.45, 5.45, 6.64, 6.62, 5.28, 3.26, 0.90, -3.59, -10.27, -13.55, -15.39, -16.78, -17.88, -18.87, -19.72, -20.47, -21.16, -21.79, -22.34, -22.88, -23.33, -23.68, -24.07, -24.44, -24.84, -25.24, -25.61, -25.98, -26.30, -26.60, -26.87, -27.16, -27.35, -27.58, -27.77, -27.97, -28.15, -28.29, -28.44, -28.51, -28.24, -27.87, -27.50, -27.13, -27.23, -27.84, -28.45, -28.99, -29.47, -29.72, -29.82, -29.89, -29.89, -29.96, -29.98, -29.88, -29.84, -29.61, -29.14, -27.16, -23.26, -19.40, -17.74, -16.86, -16.86
2026-10-01, 21:45:06, 88000000, 90500000, 19531.25, 15552, -17.46, -17.77, -16.93, -16.17, -15.27, -14.75, -14.88, -15.32, -16.43, -18.90, -25.16, -28.16, -29.03, -29.41, -29.61, -29.72, -29.77, -29.80, -29.75, -29.75, -29.65, -29.45, -28.83, -28.21, -27.70, -27.43, -27.39, -27.58, -27.78, -28.07, -28.45, -28.53, -28.35, -28.19, -28.02, -27.79, -27.60, -27.41, -27.14, -26.90, -26.63, -26.37, -26.03, -25.64, -25.24, -24.89, -24.51, -24.14, -23.76, -23.36, -22.92, -22.41, -21.81, -21.22, -20.53, -19.75, -18.92, -17.93, -16.79, -15.46, -13.67, -10.60, -4.69, 1.49, 5.46, 5.46, 6.01, 5.85, 5.20, 3.96, 1.96, -3.71, -10.43, -13.55, -15.37, -16.76, -17.90, -18.87, -19.74, -20.52, -21.20, -21.83, -22.40, -22.91, -23.35, -23.74, -24.15, -24.51, -24.90, -25.27, -25.64, -26.02, -26.37, -26.67, -26.94, -27.22, -27.41, -27.65, -27.84, -28.04, -28.21, -28.36, -28.50, -28.53, -28.12, -27.81, -27.52, -27.43, -27.58, -27.87, -28.30, -28.87, -29.54, -29.81, -29.92, -29.91, -29.90, -30.02, -30.00, -29.89, -29.86, -29.60, -29.06, -26.85, -21.92, -18.64, -17.59, -17.18, -17.18
2026-10-01, 21:45:07, 88000000, 90500000, 19531.25, 15680, -14.45, -16.45, -21.51, -19.90, -14.57, -11.72, -12.29, -17.85, -24.12, -27.16, -28.50, -29.12, -29.45, -29.66, -29.75, -29.81, -29.88, -29.87, -29.79, -29.81, -29.72, -29.63, -29.50, -29.16, -28.09, -26.46, -25.94, -27.44, -28.65, -28.76, -28.66, -28.55, -28.40, -28.24, -28.05, -27.86, -27.64, -27.44, -27.18, -26.96, -26.68, -26.41, -26.11, -25.81, -25.41, -24.92, -24.41, -24.10, -23.95, -23.57, -23.09, -22.60, -22.05, -21.45, -20.81, -20.11, -19.32, -18.46, -17.48, -16.37, -15.07, -13.49, -11.39, -7.94, 4.48, 4.48, 8.43, 9.33, 5.36, -2.17, -7.61, -11.14, -13.27, -14.89, -16.23, -17.35, -18.34, -19.21, -19.99, -20.72, -21.38, -21.96, -22.51, -23.03, -23.50, -23.87, -24.15, -24.37, -24.79, -25.38, -25.79, -26.09, -26.37, -26.65, -26.93, -27.21, -27.42, -27.64, -27.82, -28.02, -28.18, -28.40, -28.53, -28.68, -28.77, -28.62, -27.72, -26.42, -26.06, -27.85, -29.25, -29.59, -29.74, -29.78, -29.89, -29.95, -29.97, -30.01, -30.04, -30.00, -29.95, -29.86, -29.60, -29.25, -28.38, -25.59, -20.63, -16.03, -16.03
2026-10-01, 21:45:08, 88000000, 90500000, 19531.25, 15552, -17.99, -17.57, -16.59, -16.22, -15.79, -15.51, -15.19, -15.12, -15.94, -18.06, -23.68, -27.72, -28.89, -29.35, -29.56, -29.68, -29.77, -29.79, -29.75, -29.70, -29.63, -29.28, -28.62, -28.15, -27.88, -27.69, -27.64, -27.61, -27.68, -27.97, -28.36, -28.49, -28.32, -28.18, -27.98, -27.76, -27.58, -27.35, -27.13, -26.85, -26.60, -26.30, -25.99, -25.61, -25.22, -24.85, -24.51, -24.11, -23.71, -23.29, -22.83, -22.35, -21.76, -21.13, -20.43, -19.65, -18.77, -17.78, -16.57, -15.11, -13.05, -8.93, -1.67, 2.34, 4.82, 4.82, 5.23, 5.29, 5.08, 4.35, 2.62, -2.01, -9.14, -12.99, -15.05, -16.52, -17.72, -18.72, -19.60, -20.39, -21.11, -21.74, -22.30, -22.83, -23.27, -23.69, -24.12, -24.51, -24.86, -25.22, -25.57, -25.94, -26.33, -26.61, -26.88, -27.14, -27.34, -27.62, -27.77, -27.98, -28.16, -28.32, -28.49, -28.34, -28.00, -27.72, -27.66, -27.65, -27.71, -27.86, -28.18, -28.70, -29.41, -29.77, -29.86, -29.88, -29.90, -29.95, -29.96, -29.87, -29.73, -29.42, -28.50, -24.69, -20.46, -18.22, -17.88, -17.77, -17.77
2026-10-01, 21:45:09, 88000000, 90500000, 19531.25, 15488, -17.98, -17.70, -16.66, -16.00, -15.61, -15.36, -15.15, -15.24, -15.85, -18.34, -24.30, -27.99, -28.99, -29.42, -29.64, -29.75, -29.79, -29.80, -29.80, -29.74, -29.69, -29.42, -28.67, -28.18, -27.81, -27.64, -27.60, -27.63, -27.76, -27.97, -28.41, -28.50, -28.35, -28.21, -28.03, -27.82, -27.61, -27.41, -27.17, -26.94, -26.66, -26.36, -26.05, -25.62, -25.25, -24.90, -24.53, -24.17, -23.76, -23.34, -22.91, -22.40, -21.83, -21.20, -20.51, -19.74, -18.87, -17.89, -16.72, -15.36, -13.50, -10.21, -3.53, 2.26, 5.17, 5.17, 5.46, 5.39, 5.10, 4.26, 2.53, -2.63, -9.64, -13.20, -15.13, -16.59, -17.75, -18.77, -19.64, -20.43, -21.13, -21.77, -22.34, -22.86, -23.28, -23.72, -24.14, -24.52, -24.86, -25.25, -25.59, -25.98, -26.34, -26.63, -26.91, -27.16, -27.38, -27.64, -27.84, -28.02, -28.20, -28.33, -28.51, -28.51, -28.00, -27.72, -27.58, -27.57, -27.72, -27.89, -28.23, -28.70, -29.46, -29.74, -29.82, -29.89, -29.91, -29.96, -29.99, -29.88, -29.77, -29.50, -28.85, -26.28, -20.98, -18.27, -17.62, -17.57, -17.57
2026-10-01, 21:45:10, 88000000, 90500000, 19531.25, 15552, -17.51, -17.64, -16.97, -16.20, -15.53, -14.84, -14.84, -15.20, -16.21, -19.02, -24.45, -28.02, -29.02, -29.38, -29.58, -29.72, -29.78, -29.74, -29.74, -29.71, -29.64, -29.40, -28.76, -28.27, -27.79, -27.47, -27.48, -27.44, -27.71, -28.05, -28.43, -28.47, -28.33, -28.19, -27.98, -27.78, -27.55, -27.36, -27.12, -26.86, -26.64, -26.30, -26.01, -25.62, -25.21, -24.86, -24.49, -24.10, -23.75, -23.31, -22.88, -22.37, -21.82, -21.19, -20.49, -19.73, -18.87, -17.90, -16.75, -15.35, -13.50, -10.37, -3.72, 1.48, 5.16, 5.16, 5.90, 5.74, 5.30, 4.14, 1.87, -3.18, -9.51, -13.28, -15.19, -16.61, -17.74, -18.76, -19.61, -20.40, -21.10, -21.72, -22.30, -22.80, -23.26, -23.67, -24.05, -24.43, -24.81, -25.18, -25.56, -25.92, -26.29, -26.57, -26.85, -27.15, -27.31, -27.58, -27.75, -27.96, -28.14, -28.32, -28.43, -28.45, -28.13, -27.74, -27.54, -27.46, -27.58, -27.77, -28.25, -28.86, -29.44, -29.70, -29.83, -29.83, -29.86, -29.93, -29.93, -29.89, -29.76, -29.50, -28.87, -26.25, -21.57, -18.77, -17.75, -17.39, -17.39
2026-10-01, 21:45:11, 88000000, 90500000, 19531.25, 15488, -17.70, -17.52, -16.90, -16.17, -15.58, -15.12, -14.95, -15.37, -16.17, -18.41, -23.64, -27.82, -28.94, -29.37, -29.61, -29.71, -29.71, -29.80, -29.75, -29.73, -29.61, -29.36, -28.68, -28.15, -27.86, -27.53, -27.47, -27.54, -27.80, -28.00, -28.37, -28.49, -28.32, -28.17, -27.99, -27.81, -27.60, -27.37, -27.13, -26.90, -26.60, -26.33, -25.97, -25.62, -25.25, -24.91, -24.50, -24.13, -23.76, -23.30, -22.87, -22.37, -21.79, -21.18, -20.46, -19.71, -18.83, -17.84, -16.68, -15.26, -13.37, -10.05, -2.78, 1.94, 5.04, 5.04, 5.66, 5.66, 5.15, 3.97, 2.14, -2.05, -9.35, -13.10, -15.10, -16.55, -17.75, -18.76, -19.63, -20.41, -21.13, -21.74, -22.32, -22.84, -23.30, -23.70, -24.11, -24.49, -24.85, -25.20, -25.59, -25.97, -26.31, -26.63, -26.89, -27.14, -27.37, -27.60, -27.79, -28.00, -28.14, -28.35, -28.45, -28.42, -28.07, -27.75, -27.61, -27.50, -27.61, -27.89, -28.30, -28.85, -29.42, -29.74, -29.85, -29.91, -29.90, -29.96, -29.97, -29.88, -29.79, -29.51, -28.85, -26.02, -20.83, -18.55, -17.72, -17.50, -17.50
2026-10-01, 21:45:12, 88000000, 90500000, 19531.25, 15424, -17.51, -17.49, -16.81, -16.16, -15.69, -14.95, -14.79, -14.95, -16.13, -19.73, -25.22, -28.23, -29.06, -29.40, -29.62, -29.73, -29.77, -29.79, -29.75, -29.73, -29.60, -29.30, -28.77, -28.20, -27.80, -27.54, -27.41, -27.47, -27.67, -28.08, -28.45, -28.47, -28.33, -28.19, -28.01, -27.77, -27.56, -27.37, -27.13, -26.86, -26.61, -26.32, -25.98, -25.63, -25.22, -24.88, -24.49, -24.12, -23.73, -23.31, -22.88, -22.37, -21.81, -21.15, -20.47, -19.70, -18.85, -17.85, -16.68, -15.26, -13.35, -9.61, -2.96, 1.47, 5.07, 5.07, 5.72, 5.77, 5.38, 4.42, 1.52, -3.94, -10.49, -13.53, -15.34, -16.70, -17.86, -18.83, -19.69, -20.47, -21.16, -21.80, -22.35, -22.86, -23.32, -23.70, -24.11, -24.50, -24.83, -25.24, -25.65, -25.99, -26.35, -26.63, -26.90, -27.18, -27.39, -27.62, -27.82, -27.99, -28.17, -28.35, -28.48, -28.45, -28.15, -27.70, -27.59, -27.53, -27.64, -27.79, -28.19, -28.92, -29.55, -29.78, -29.87, -29.92, -29.94, -29.97, -29.99, -29.89, -29.80, -29.54, -28.78, -25.58, -21.31, -18.62, -17.70, -17.53, -17.53
2026-10-01, 21:45:13, 88000000, 90500000, 19531.25, 15552, -17.44, -17.53, -16.94, -16.32, -15.52, -14.83, -14.67, -15.21, -16.31, -19.20, -25.11, -28.17, -29.08, -29.42, -29.62, -29.73, -29.75, -29.80, -29.79, -29.74, -29.62, -29.39, -28.83, -28.26, -27.77, -27.49, -27.37, -27.50, -27.79, -28.10, -28.47, -28.54, -28.38, -28.21, -28.03, -27.82, -27.62, -27.40, -27.16, -26.91, -26.65, -26.35, -26.03, -25.64, -25.29, -24.93, -24.52, -24.15, -23.77, -23.37, -22.92, -22.43, -21.85, -21.23, -20.53, -19.75, -18.90, -17.93, -16.77, -15.41, -13.54, -10.21, -3.58, 1.49, 5.09, 5.09, 5.93, 6.01, 5.29, 3.96, 1.88, -3.66, -10.29, -13.46, -15.30, -16.68, -17.85, -18.84, -19.69, -20.46, -21.16, -21.79, -22.37, -22.88, -23.33, -23.71, -24.12, -24.48, -24.83, -25.24, -25.60, -26.01, -26.35, -26.63, -26.91, -27.16, -27.38, -27.63, -27.83, -28.03, -28.19, -28.34, -28.48, -28.46, -28.16, -27.79, -27.63, -27.43, -27.49, -27.84, -28.39, -28.84, -29.53, -29.74, -29.85, -29.91, -29.91, -30.00, -29.98, -29.90, -29.81, -29.57, -28.90, -26.35, -21.52, -18.76, -17.83, -17.36, -17.36
2026-10-01, 21:45:14, 88000000, 90500000, 19531.25, 15552, -17.34, -17.50, -17.06, -16.40, -15.44, -14.70, -14.59, -15.12, -16.28, -19.55, -25.22, -28.17, -29.02, -29.41, -29.61, -29.74, -29.77, -29.80, -29.74, -29.73, -29.66, -29.34, -28.86, -28.24, -27.80, -27.44, -27.40, -27.45, -27.74, -28.11, -28.45, -28.51, -28.35, -28.20, -28.02, -27.80, -27.59, -27.40, -27.16, -26.88, -26.62, -26.33, -25.98, -25.64, -25.27, -24.89, -24.50, -24.14, -23.76, -23.34, -22.89, -22.42, -21.83, -21.21, -20.53, -19.76, -18.90, -17.94, -16.78, -15.40, -13.54, -10.32, -3.17, 1.14, 5.12, 5.12, 6.06, 6.07, 5.39, 4.10, 1.61, -3.80, -10.42, -13.48, -15.33, -16.69, -17.86, -18.82, -19.69, -20.47, -21.16, -21.79, -22.35, -22.88, -23.31, -23.71, -24.11, -24.47, -24.84, -25.23, -25.61, -25.97, -26.32, -26.62, -26.88, -27.15, -27.37, -27.63, -27.79, -27.99, -28.20, -28.34, -28.47, -28.42, -28.17, -27.88, -27.56, -27.39, -27.49, -27.78, -28.26, -28.88, -29.51, -29.78, -29.84, -29.89, -29.89, -29.97, -29.98, -29.88, -29.79, -29.56, -28.84, -25.96, -21.65, -18.99, -17.94, -17.25, -17.25
2026-10-01, 21:45:15, 88000000, 90500000, 19531.25, 15552, -17.57, -17.27, -16.72, -16.24, -15.99, -15.08, -14.56, -14.93, -16.00, -19.44, -25.43, -28.20, -29.06, -29.44, -29.66, -29.72, -29.78, -29.84, -29.77, -29.73, -29.66, -29.32, -28.77, -28.18, -27.87, -27.61, -27.40, -27.43, -27.66, -28.10, -28.51, -28.54, -28.36, -28.23, -27.99, -27.80, -27.62, -27.41, -27.16, -26.92, -26.63, -26.34, -26.02, -25.64, -25.26, -24.90, -24.53, -24.12, -23.77, -23.36, -22.90, -22.39, -21.83, -21.21, -20.49, -19.73, -18.85, -17.86, -16.71, -15.26, -13.27, -9.36, -2.24, 1.71, 4.85, 4.85, 5.46, 5.90, 5.57, 4.42, 1.81, -4.08, -10.46, -13.47, -15.27, -16.69, -17.82, -18.81, -19.69, -20.44, -21.15, -21.79, -22.35, -22.86, -23.32, -23.71, -24.16, -24.50, -24.85, -25.24, -25.60, -25.99, -26.34, -26.63, -26.91, -27.17, -27.37, -27.61, -27.83, -28.05, -28.17, -28.37, -28.48, -28.42, -28.05, -27.79, -27.69, -27.68, -27.54, -27.76, -28.18, -28.88, -29.50, -29.74, -29.83, -29.89, -29.88, -29.98, -29.95, -29.86, -29.74, -29.47, -28.65, -24.97, -21.04, -18.55, -17.86, -17.87, -17.87
2026-10-01, 21:45:16, 88000000, 90500000, 19531.25, 15552, -17.14, -17.53, -17.19, -16.32, -15.31, -14.46, -14.34, -15.21, -16.66, -20.05, -25.53, -28.33, -29.09, -29.42, -29.59, -29.70, -29.76, -29.77, -29.73, -29.68, -29.61, -29.41, -28.89, -28.24, -27.70, -27.29, -27.27, -27.46, -27.80, -28.17, -28.50, -28.47, -28.34, -28.16, -27.97, -27.77, -27.56, -27.37, -27.12, -26.87, -26.61, -26.32, -26.02, -25.62, -25.21, -24.88, -24.48, -24.10, -23.73, -23.35, -22.87, -22.39, -21.83, -21.20, -20.54, -19.78, -18.93, -17.98, -16.89, -15.57, -13.86, -10.93, -5.04, 0.66, 5.34, 5.34, 6.25, 6.36, 5.49, 3.85, 1.19, -4.42, -10.76, -13.59, -15.37, -16.73, -17.86, -18.82, -19.69, -20.44, -21.14, -21.77, -22.34, -22.85, -23.30, -23.68, -24.07, -24.42, -24.84, -25.21, -25.60, -25.96, -26.29, -26.60, -26.86, -27.13, -27.35, -27.58, -27.78, -27.96, -28.15, -28.33, -28.45, -28.49, -28.25, -27.79, -27.53, -27.32, -27.33, -27.72, -28.30, -28.94, -29.51, -29.73, -29.80, -29.85, -29.86, -29.93, -29.96, -29.88, -29.80, -29.59, -29.08, -26.94, -22.70, -19.12, -17.75, -17.13, -17.13
2026-10-01, 21:45:17, 88000000, 90500000, 19531.25, 15488, -16.68, -17.27, -17.60, -16.68, -15.15, -13.97, -13.89, -15.12, -17.56, -21.98, -26.07, -28.49, -29.18, -29.50, -29.65, -29.75, -29.79, -29.80, -29.79, -29.77, -29.67, -29.52, -29.07, -28.44, -27.69, -27.23, -27.08, -27.37, -27.88, -28.36, -28.54, -28.50, -28.34, -28.22, -28.01, -27.79, -27.59, -27.39, -27.14, -26.89, -26.64, -26.35, -26.06, -25.69, -25.26, -24.90, -24.47, -24.11, -23.78, -23.40, -22.94, -22.43, -21.90, -21.27, -20.61, -19.85, -19.03, -18.10, -17.02, -15.73, -14.11, -11.71, -5.92, -0.31, 5.38, 5.38, 6.69, 6.87, 5.85, 3.41, -0.56, -6.01, -11.01, -13.86, -15.61, -16.93, -18.02, -18.97, -19.78, -20.54, -21.23, -21.83, -22.40, -22.92, -23.37, -23.76, -24.13, -24.47, -24.81, -25.27, -25.67, -26.02, -26.37, -26.63, -26.89, -27.16, -27.35, -27.63, -27.80, -27.99, -28.16, -28.35, -28.50, -28.56, -28.30, -27.93, -27.52, -27.13, -27.16, -27.67, -28.38, -29.20, -29.57, -29.82, -29.87, -29.90, -29.93, -29.98, -29.99, -29.92, -29.86, -29.65, -29.23, -27.64, -23.40, -19.94, -17.96, -16.84, -16.84
2026-10-01, 21:45:18, 88000000, 90500000, 19531.25, 15744, -17.19, -17.54, -17.23, -16.34, -15.26, -14.50, -14.46, -15.31, -16.81, -19.64, -25.32, -28.25, -29.09, -29.44, -29.65, -29.73, -29.80, -29.82, -29.76, -29.73, -29.63, -29.46, -28.82, -28.29, -27.78, -27.35, -27.28, -27.55, -27.80, -28.14, -28.50, -28.51, -28.33, -28.18, -28.00, -27.79, -27.58, -27.37, -27.14, -26.88, -26.64, -26.36, -26.03, -25.65, -25.25, -24.88, -24.49, -24.12, -23.75, -23.35, -22.91, -22.42, -21.84, -21.21, -20.54, -19.79, -18.93, -17.95, -16.85, -15.51, -13.76, -10.97, -4.79, 0.93, 5.30, 5.30, 6.29, 6.27, 5.31, 3.75, 1.29, -4.06, -10.60, -13.62, -15.42, -16.77, -17.91, -18.89, -19.72, -20.49, -21.19, -21.80, -22.38, -22.89, -23.33, -23.74, -24.12, -24.48, -24.85, -25.23, -25.64, -25.99, -26.34, -26.61, -26.90, -27.14, -27.37, -27.61, -27.83, -28.02, -28.18, -28.37, -28.51, -28.51, -28.24, -27.84, -27.53, -27.28, -27.39, -27.81, -28.36, -28.93, -29.53, -29.75, -29.86, -29.87, -29.91, -29.96, -29.99, -29.90, -29.81, -29.58, -29.08, -27.19, -22.09, -19.11, -17.73, -17.09, -17.09
2026-10-01, 21:45:19, 88000000, 90500000, 19531.25, 15552, -17.63, -17.75, -16.83, -16.01, -15.47, -14.97, -15.02, -15.33, -16.06, -18.84, -24.84, -28.05, -29.01, -29.40, -29.61, -29.75, -29.76, -29.77, -29.76, -29.75, -29.63, -29.42, -28.72, -28.18, -27.78, -27.53, -27.51, -27.61, -27.76, -28.07, -28.44, -28.51, -28.36, -28.22, -27.98, -27.78, -27.62, -27.39, -27.16, -26.91, -26.63, -26.36, -26.01, -25.63, -25.26, -24.89, -24.52, -24.13, -23.76, -23.34, -22.89, -22.39, -21.81, -21.20, -20.51, -19.73, -18.87, -17.89, -16.73, -15.35, -13.52, -10.44, -4.10, 1.87, 5.32, 5.32, 5.82, 5.72, 5.05, 4.19, 2.10, -3.28, -10.08, -13.38, -15.28, -16.70, -17.86, -18.84, -19.71, -20.47, -21.18, -21.81, -22.38, -22.88, -23.34, -23.73, -24.14, -24.53, -24.89, -25.29, -25.61, -26.01, -26.37, -26.65, -26.92, -27.19, -27.42, -27.65, -27.81, -28.03, -28.17, -28.39, -28.53, -28.50, -28.09, -27.79, -27.54, -27.49, -27.58, -27.89, -28.25, -28.76, -29.53, -29.81, -29.88, -29.90, -29.92, -29.97, -29.99, -29.87, -29.78, -29.52, -28.95, -26.77, -21.27, -18.49, -17.52, -17.35, -17.35
2026-10-01, 21:45:20, 88000000, 90500000, 19531.25, 15616, -17.68, -17.61, -16.77, -16.10, -15.52, -15.04, -14.78, -15.06, -16.19, -19.00, -24.66, -28.05, -28.95, -29.39, -29.59, -29.69, -29.77, -29.78, -29.71, -29.68, -29.61, -29.43, -28.76, -28.13, -27.72, -27.49, -27.40, -27.55, -27.66, -28.04, -28.45, -28.46, -28.31, -28.17, -27.98, -27.77, -27.55, -27.31, -27.09, -26.85, -26.57, -26.29, -25.96, -25.61, -25.21, -24.88, -24.50, -24.10, -23.72, -23.32, -22.85, -22.36, -21.79, -21.16, -20.47, -19.71, -18.85, -17.87, -16.75, -15.37, -13.60, -10.56, -4.23, 1.67, 5.20, 5.20, 5.70, 5.83, 5.27, 4.24, 1.99, -3.46, -9.69, -13.33, -15.23, -16.62, -17.78, -18.78, -19.65, -20.42, -21.12, -21.75, -22.33, -22.82, -23.29, -23.68, -24.12, -24.45, -24.81, -25.18, -25.56, -25.94, -26.32, -26.57, -26.85, -27.13, -27.33, -27.59, -27.79, -27.96, -28.15, -28.29, -28.48, -28.47, -28.07, -27.71, -27.53, -27.50, -27.54, -27.80, -28.21, -28.87, -29.47, -29.72, -29.82, -29.89, -29.89, -29.95, -29.97, -29.87, -29.80, -29.55, -29.03, -26.71, -21.60, -18.54, -17.57, -17.46, -17.46
2026-10-01, 21:45:21, 88000000, 90500000, 19531.25, 15616, -17.54, -17.61, -16.98, -16.14, -15.33, -14.89, -14.68, -15.28, -16.31, -19.10, -24.87, -28.14, -29.02, -29.40, -29.58, -29.70, -29.72, -29.78, -29.73, -29.72, -29.64, -29.41, -28.79, -28.16, -27.72, -27.43, -27.41, -27.54, -27.73, -28.07, -28.38, -28.47, -28.28, -28.15, -27.98, -27.75, -27.52, -27.34, -27.09, -26.88, -26.61, -26.31, -25.98, -25.59, -25.21, -24.81, -24.49, -24.11, -23.72, -23.30, -22.88, -22.37, -21.78, -21.17, -20.46, -19.71, -18.86, -17.90, -16.76, -15.37, -13.59, -10.80, -4.67, 1.55, 5.33, 5.33, 5.95, 5.94, 5.23, 4.03, 1.75, -3.23, -10.11, -13.40, -15.24, -16.63, -17.79, -18.77, -19.63, -20.41, -21.10, -21.74, -22.32, -22.83, -23.27, -23.68, -24.07, -24.42, -24.80, -25.21, -25.55, -25.95, -26.29, -26.59, -26.85, -27.14, -27.31, -27.59, -27.77, -27.93, -28.13, -28.29, -28.48, -28.48, -28.07, -27.73, -27.48, -27.42, -27.47, -27.81, -28.26, -28.84, -29.48, -29.73, -29.80, -29.85, -29.83, -29.93, -29.93, -29.85, -29.77, -29.52, -29.00, -26.94, -21.74, -18.72, -17.62, -17.21, -17.21
2026-10-01, 21:45:22, 88000000, 90500000, 19531.25, 15488, -17.78, -17.92, -16.79, -15.88, -15.34, -15.11, -15.10, -15.30, -16.26, -18.67, -24.14, -27.89, -28.96, -29.38, -29.60, -29.71, -29.73, -29.78, -29.74, -29.71, -29.65, -29.40, -28.80, -28.09, -27.63, -27.46, -27.56, -27.56, -27.76, -28.11, -28.40, -28.46, -28.32, -28.17, -27.98, -27.78, -27.59, -27.38, -27.11, -26.90, -26.60, -26.34, -26.01, -25.61, -25.21, -24.87, -24.51, -24.11, -23.74, -23.30, -22.88, -22.36, -21.79, -21.17, -20.46, -19.70, -18.86, -17.86, -16.72, -15.34, -13.46, -10.30, -4.46, 1.60, 5.53, 5.53, 5.77, 5.48, 5.09, 4.06, 2.10, -2.79, -9.62, -13.28, -15.23, -16.66, -17.82, -18.82, -19.68, -20.46, -21.16, -21.79, -22.36, -22.86, -23.31, -23.69, -24.11, -24.52, -24.88, -25.21, -25.61, -25.99, -26.32, -26.64, -26.89, -27.16, -27.36, -27.63, -27.79, -27.99, -28.16, -28.33, -28.48, -28.49, -28.12, -27.68, -27.51, -27.49, -27.71, -27.89, -28.26, -28.80, -29.46, -29.73, -29.84, -29.89, -29.89, -29.98, -29.97, -29.86, -29.80, -29.55, -28.97, -26.52, -21.87, -18.38, -17.32, -17.27, -17.27
2026-10-01, 21:45:23, 88000000, 90500000, 19531.25, 16320, -17.47, -17.51, -16.94, -16.22, -15.52, -14.79, -14.49, -15.24, -16.47, -19.49, -24.07, -28.02, -29.03, -29.45, -29.64, -29.73, -29.79, -29.80, -29.79, -29.75, -29.67, -29.50, -28.82, -28.19, -27.84, -27.56, -27.35, -27.48, -27.77, -28.16, -28.44, -28.52, -28.39, -28.21, -28.02, -27.83, -27.65, -27.41, -27.20, -26.91, -26.67, -26.38, -26.05, -25.67, -25.26, -24.91, -24.55, -24.16, -23.79, -23.40, -22.93, -22.45, -21.88, -21.26, -20.57, -19.81, -18.97, -17.99, -16.87, -15.55, -13.80, -11.09, -5.04, 1.40, 5.20, 5.20, 5.94, 6.06, 5.38, 4.06, 1.31, -2.94, -9.71, -13.38, -15.27, -16.69, -17.85, -18.83, -19.70, -20.46, -21.16, -21.78, -22.37, -22.89, -23.31, -23.71, -24.12, -24.50, -24.86, -25.25, -25.62, -26.00, -26.33, -26.64, -26.91, -27.16, -27.36, -27.64, -27.85, -28.00, -28.17, -28.36, -28.51, -28.53, -28.16, -27.80, -27.54, -27.41, -27.48, -27.83, -28.29, -28.97, -29.46, -29.75, -29.86, -29.92, -29.94, -29.97, -30.00, -29.90, -29.82, -29.58, -29.09, -27.27, -22.02, -18.72, -17.67, -17.40, -17.40
2026-10-01, 21:45:24, 88000000, 90500000, 19531.25, 17344, -17.47, -17.80, -17.13, -16.05, -15.18, -14.76, -14.74, -15.39, -16.56, -18.95, -24.27, -28.00, -29.01, -29.41, -29.61, -29.74, -29.78, -29.79, -29.74, -29.72, -29.62, -29.44, -28.87, -28.18, -27.69, -27.42, -27.40, -27.56, -27.80, -28.06, -28.40, -28.46, -28.33, -28.17, -27.98, -27.78, -27.58, -27.37, -27.14, -26.86, -26.63, -26.33, -25.98, -25.63, -25.20, -24.86, -24.48, -24.12, -23.76, -23.34, -22.89, -22.40, -21.82, -21.20, -20.50, -19.76, -18.90, -17.93, -16.83, -15.48, -13.76, -10.99, -5.06, 0.94, 5.53, 5.53, 6.13, 5.93, 5.18, 3.75, 1.79, -2.79, -9.75, -13.27, -15.19, -16.62, -17.78, -18.77, -19.63, -20.43, -21.11, -21.74, -22.31, -22.82, -23.27, -23.66, -24.07, -24.45, -24.81, -25.24, -25.57, -25.97, -26.31, -26.58, -26.85, -27.11, -27.34, -27.57, -27.78, -27.96, -28.14, -28.29, -28.44, -28.50, -28.18, -27.72, -27.44, -27.32, -27.47, -27.88, -28.29, -28.85, -29.39, -29.72, -29.80, -29.81, -29.84, -29.94, -29.92, -29.84, -29.77, -29.53, -29.04, -27.27, -22.39, -18.90, -17.44, -17.07, -17.07
2026-10-01, 21:45:25, 88000000, 90500000, 19531.25, 15616, -17.32, -17.54, -17.13, -16.23, -15.25, -14.64, -14.54, -15.31, -16.71, -19.59, -24.58, -28.08, -29.01, -29.41, -29.56, -29.74, -29.72, -29.76, -29.75, -29.69, -29.62, -29.45, -28.82, -28.17, -27.73, -27.39, -27.30, -27.48, -27.77, -28.15, -28.39, -28.48, -28.32, -28.16, -27.97, -27.78, -27.58, -27.35, -27.12, -26.86, -26.61, -26.31, -26.01, -25.62, -25.20, -24.83, -24.48, -24.10, -23.73, -23.31, -22.87, -22.40, -21.80, -21.19, -20.50, -19.73, -18.88, -17.92, -16.79, -15.42, -13.69, -10.76, -4.78, 1.23, 5.40, 5.40, 6.14, 6.17, 5.31, 3.83, 1.22, -3.33, -10.13, -13.53, -15.35, -16.74, -17.87, -18.84, -19.70, -20.47, -21.15, -21.79, -22.35, -22.86, -23.31, -23.72, -24.11, -24.45, -24.84, -25.22, -25.61, -25.97, -26.33, -26.61, -26.88, -27.12, -27.36, -27.59, -27.76, -27.98, -28.17, -28.35, -28.50, -28.52, -28.15, -27.79, -27.45, -27.37, -27.38, -27.85, -28.31, -28.96, -29.52, -29.73, -29.88, -29.90, -29.90, -29.93, -29.98, -29.88, -29.80, -29.52, -29.03, -27.21, -22.01, -18.95, -17.60, -17.10, -17.10
2026-10-01, 21:45:26, 88000000, 90500000, 19531.25, 15680, -16.93, -17.39, -17.33, -16.60, -15.14, -14.22, -14.14, -15.10, -17.04, -20.94, -25.96, -28.39, -29.13, -29.42, -29.64, -29.73, -29.75, -29.76, -29.73, -29.71, -29.60, -29.45, -28.93, -28.38, -27.71, -27.22, -27.14, -27.36, -27.77, -28.24, -28.49, -28.47, -28.32, -28.17, -27.97, -27.75, -27.54, -27.35, -27.11, -26.85, -26.59, -26.29, -25.98, -25.62, -25.24, -24.84, -24.46, -24.06, -23.73, -23.34, -22.89, -22.39, -21.82, -21.21, -20.54, -19.78, -18.94, -18.01, -16.91, -15.62, -13.95, -11.33, -5.38, 0.47, 5.39, 5.39, 6.51, 6.57, 5.67, 3.74, 0.46, -5.46, -11.04, -13.80, -15.48, -16.82, -17.92, -18.87, -19.71, -20.48, -21.15, -21.78, -22.35, -22.85, -23.31, -23.71, -24.06, -24.40, -24.80, -25.21, -25.62, -25.97, -26.30, -26.56, -26.84, -27.13, -27.31, -27.58, -27.77, -27.95, -28.12, -28.28, -28.45, -28.47, -28.19, -27.89, -27.46, -27.21, -27.28, -27.70, -28.34, -29.04, -29.55, -29.74, -29.81, -29.88, -29.88, -29.95, -29.96, -29.84, -29.82, -29.56, -29.16, -27.34, -22.81, -19.49, -17.98, -16.89, -16.89
2026-10-01, 21:45:27, 88000000, 90500000, 19531.25, 15744, -17.15, -17.42, -17.12, -16.36, -15.35, -14.49, -14.31, -15.08, -16.72, -20.22, -25.65, -28.32, -29.09, -29.38, -29.62, -29.70, -29.72, -29.73, -29.74, -29.68, -29.60, -29.39, -28.87, -28.23, -27.74, -27.39, -27.23, -27.39, -27.74, -28.15, -28.47, -28.45, -28.28, -28.16, -27.95, -27.76, -27.57, -27.33, -27.11, -26.83, -26.59, -26.30, -25.99, -25.61, -25.20, -24.84, -24.44, -24.09, -23.75, -23.33, -22.88, -22.39, -21.80, -21.18, -20.50, -19.75, -18.88, -17.93, -16.82, -15.45, -13.72, -10.73, -4.84, 0.95, 5.27, 5.27, 6.22, 6.41, 5.53, 3.94, 1.03, -4.85, -10.87, -13.69, -15.42, -16.77, -17.89, -18.85, -19.70, -20.47, -21.16, -21.77, -22.35, -22.85, -23.31, -23.72, -24.08, -24.47, -24.81, -25.22, -25.59, -25.99, -26.31, -26.60, -26.86, -27.11, -27.36, -27.57, -27.78, -27.98, -28.18, -28.34, -28.46, -28.48, -28.20, -27.82, -27.52, -27.31, -27.34, -27.79, -28.30, -28.97, -29.53, -29.74, -29.81, -29.88, -29.91, -29.96, -29.98, -29.90, -29.81, -29.59, -29.07, -26.94, -22.26, -19.17, -17.77, -17.15, -17.15
2026-10-01, 21:45:28, 88000000, 90500000, 19531.25, 18112, -17.20, -17.59, -17.21, -16.32, -15.17, -14.49, -14.43, -15.29, -16.61, -19.82, -25.68, -28.35, -29.11, -29.46, -29.63, -29.70, -29.77, -29.77, -29.79, -29.71, -29.63, -29.48, -28.90, -28.28, -27.69, -27.31, -27.25, -27.47, -27.82, -28.15, -28.50, -28.50, -28.36, -28.19, -28.00, -27.79, -27.58, -27.38, -27.15, -26.90, -26.63, -26.34, -26.02, -25.65, -25.26, -24.89, -24.48, -24.11, -23.75, -23.38, -22.93, -22.43, -21.85, -21.23, -20.56, -19.83, -18.98, -18.02, -16.93, -15.62, -13.91, -10.98, -5.35, 0.76, 5.41, 5.41, 6.34, 6.24, 5.39, 3.80, 1.35, -4.40, -10.69, -13.59, -15.38, -16.72, -17.85, -18.82, -19.69, -20.43, -21.13, -21.74, -22.34, -22.87, -23.31, -23.69, -24.06, -24.46, -24.81, -25.21, -25.59, -25.96, -26.30, -26.61, -26.84, -27.13, -27.35, -27.58, -27.78, -27.94, -28.14, -28.29, -28.44, -28.49, -28.16, -27.78, -27.42, -27.29, -27.39, -27.74, -28.32, -28.88, -29.48, -29.74, -29.81, -29.85, -29.86, -29.96, -29.93, -29.87, -29.80, -29.57, -29.11, -27.20, -22.54, -19.11, -17.77, -16.99, -16.99
2026-10-01, 21:45:29, 88000000, 90500000, 19531.25, 18176, -16.94, -17.58, -17.42, -16.38, -15.12, -14.24, -14.30, -15.30, -16.95, -20.26, -25.74, -28.38, -29.09, -29.44, -29.59, -29.73, -29.76, -29.77, -29.74, -29.73, -29.64, -29.44, -28.95, -28.29, -27.68, -27.25, -27.22, -27.48, -27.79, -28.19, -28.45, -28.49, -28.31, -28.13, -27.96, -27.76, -27.57, -27.34, -27.12, -26.86, -26.59, -26.31, -25.98, -25.64, -25.20, -24.83, -24.46, -24.10, -23.75, -23.33, -22.91, -22.38, -21.82, -21.20, -20.52, -19.77, -18.94, -18.00, -16.88, -15.57, -13.90, -11.18, -5.43, 0.29, 5.46, 5.46, 6.48, 6.49, 5.42, 3.74, 0.85, -4.66, -10.94, -13.70, -15.46, -16.78, -17.90, -18.85, -19.69, -20.46, -21.14, -21.77, -22.34, -22.85, -23.32, -23.67, -24.06, -24.44, -24.78, -25.21, -25.59, -25.96, -26.29, -26.55, -26.84, -27.11, -27.32, -27.56, -27.76, -27.94, -28.12, -28.28, -28.43, -28.46, -28.20, -27.84, -27.40, -27.17, -27.26, -27.77, -28.30, -28.97, -29.55, -29.72, -29.81, -29.88, -29.85, -29.93, -29.93, -29.86, -29.78, -29.57, -29.10, -27.29, -22.91, -19.50, -17.73, -16.89, -16.89
2026-10-01, 21:45:30, 88000000, 90500000, 19531.25, 16768, -17.35, -17.47, -17.04, -16.31, -15.40, -14.66, -14.56, -15.16, -16.36, -19.41, -25.54, -28.22, -29.01, -29.40, -29.60, -29.70, -29.76, -29.74, -29.77, -29.69, -29.64, -29.41, -28.76, -28.23, -27.79, -27.40, -27.29, -27.49, -27.73, -28.10, -28.45, -28.48, -28.32, -28.19, -27.99, -27.75, -27.56, -27.35, -27.12, -26.88, -26.60, -26.30, -25.98, -25.62, -25.22, -24.86, -24.46, -24.11, -23.76, -23.34, -22.88, -22.40, -21.81, -21.20, -20.52, -19.77, -18.90, -17.94, -16.82, -15.47, -13.74, -10.91, -4.48, 1.45, 5.15, 5.15, 6.09, 6.11, 5.37, 4.10, 1.59, -3.93, -10.48, -13.48, -15.30, -16.67, -17.80, -18.79, -19.64, -20.41, -21.11, -21.73, -22.30, -22.83, -23.28, -23.68, -24.07, -24.42, -24.81, -25.19, -25.54, -25.95, -26.29, -26.57, -26.84, -27.11, -27.33, -27.56, -27.79, -27.93, -28.14, -28.30, -28.45, -28.43, -28.08, -27.80, -27.55, -27.35, -27.43, -27.85, -28.24, -28.86, -29.48, -29.72, -29.78, -29.83, -29.85, -29.93, -29.95, -29.85, -29.80, -29.50, -29.01, -27.08, -21.60, -18.98, -17.84, -17.24, -17.24
2026-10-01, 21:45:31, 88000000, 90500000, 19531.25, 15488, -17.63, -17.75, -16.90, -16.03, -15.34, -14.96, -14.94, -15.29, -16.15, -18.75, -24.67, -28.10, -29.00, -29.36, -29.61, -29.71, -29.76, -29.80, -29.75, -29.71, -29.62, -29.39, -28.74, -28.16, -27.70, -27.47, -27.49, -27.55, -27.69, -28.02, -28.40, -28.48, -28.31, -28.18, -27.98, -27.79, -27.58, -27.36, -27.10, -26.86, -26.61, -26.32, -26.00, -25.61, -25.21, -24.87, -24.49, -24.13, -23.74, -23.34, -22.86, -22.37, -21.80, -21.17, -20.50, -19.73, -18.87, -17.88, -16.74, -15.38, -13.59, -10.62, -4.09, 1.61, 5.40, 5.40, 5.85, 5.72, 5.09, 4.15, 2.08, -2.98, -10.06, -13.35, -15.24, -16.63, -17.79, -18.79, -19.65, -20.42, -21.12, -21.76, -22.32, -22.84, -23.29, -23.69, -24.08, -24.49, -24.85, -25.20, -25.57, -25.94, -26.33, -26.58, -26.88, -27.14, -27.36, -27.59, -27.78, -27.99, -28.12, -28.33, -28.48, -28.46, -28.13, -27.74, -27.50, -27.45, -27.60, -27.86, -28.20, -28.80, -29.45, -29.78, -29.81, -29.86, -29.90, -29.93, -29.97, -29.88, -29.80, -29.51, -28.98, -26.80, -21.60, -18.61, -17.56, -17.26, -17.26
2026-10-01, 21:45:32, 88000000, 90500000, 19531.25, 14976, -17.33, -17.50, -17.03, -16.20, -15.34, -14.67, -14.45, -15.17, -16.69, -19.71, -25.49, -28.24, -29.02, -29.41, -29.56, -29.69, -29.72, -29.74, -29.74, -29.67, -29.62, -29.39, -28.82, -28.17, -27.70, -27.38, -27.26, -27.47, -27.81, -28.10, -28.45, -28.47, -28.30, -28.14, -27.96, -27.77, -27.56, -27.34, -27.09, -26.87, -26.59, -26.29, -25.96, -25.61, -25.22, -24.85, -24.45, -24.09, -23.71, -23.31, -22.87, -22.37, -21.81, -21.17, -20.50, -19.72, -18.87, -17.91, -16.78, -15.42, -13.64, -10.76, -4.47, 1.11, 5.39, 5.39, 6.08, 6.21, 5.42, 3.83, 1.34, -4.33, -10.49, -13.52, -15.35, -16.75, -17.86, -18.85, -19.71, -20.47, -21.15, -21.78, -22.36, -22.88, -23.34, -23.71, -24.10, -24.43, -24.87, -25.20, -25.63, -25.97, -26.33, -26.60, -26.90, -27.14, -27.35, -27.59, -27.81, -27.98, -28.17, -28.32, -28.50, -28.52, -28.16, -27.78, -27.48, -27.34, -27.42, -27.77, -28.31, -28.92, -29.53, -29.77, -29.82, -29.84, -29.89, -29.97, -30.01, -29.91, -29.84, -29.58, -29.06, -26.97, -22.04, -18.90, -17.60, -17.19, -17.19
2026-10-01, 21:45:33, 88000000, 90500000, 19531.25, 15616, -17.68, -17.71, -16.92, -15.96, -15.41, -15.06, -14.75, -15.03, -16.11, -19.56, -24.75, -28.12, -29.02, -29.42, -29.61, -29.72, -29.74, -29.74, -29.73, -29.70, -29.63, -29.43, -28.88, -28.10, -27.68, -27.54, -27.42, -27.44, -27.67, -28.06, -28.42, -28.48, -28.31, -28.16, -27.96, -27.77, -27.55, -27.33, -27.09, -26.84, -26.58, -26.31, -25.98, -25.60, -25.21, -24.82, -24.49, -24.10, -23.71, -23.29, -22.86, -22.37, -21.80, -21.16, -20.47, -19.70, -18.86, -17.88, -16.75, -15.37, -13.54, -10.48, -4.09, 0.98, 5.45, 5.45, 5.73, 5.82, 5.38, 4.26, 1.71, -3.57, -10.09, -13.40, -15.26, -16.66, -17.80, -18.80, -19.65, -20.42, -21.11, -21.75, -22.30, -22.82, -23.28, -23.66, -24.06, -24.45, -24.82, -25.19, -25.58, -25.96, -26.27, -26.59, -26.86, -27.12, -27.33, -27.57, -27.76, -27.96, -28.11, -28.27, -28.44, -28.41, -28.16, -27.69, -27.51, -27.48, -27.51, -27.78, -28.18, -28.84, -29.54, -29.75, -29.81, -29.86, -29.89, -29.93, -29.94, -29.86, -29.76, -29.53, -28.92, -26.57, -22.11, -18.78, -17.46, -17.32, -17.32
2026-10-01, 21:45:34, 88000000, 90500000, 19531.25, 15488, -17.85, -17.67, -16.73, -15.98, -15.51, -15.18, -14.79, -14.93, -15.98, -19.62, -25.42, -28.25, -29.06, -29.41, -29.62, -29.71, -29.77, -29.79, -29.74, -29.67, -29.64, -29.43, -28.76, -28.11, -27.71, -27.54, -27.50, -27.49, -27.67, -28.09, -28.47, -28.46, -28.32, -28.20, -27.98, -27.81, -27.57, -27.36, -27.14, -26.88, -26.61, -26.33, -25.99, -25.62, -25.21, -24.87, -24.51, -24.13, -23.74, -23.34, -22.87, -22.37, -21.81, -21.19, -20.48, -19.75, -18.87, -17.89, -16.78, -15.41, -13.65, -10.74, -4.59, 1.60, 5.36, 5.36, 5.66, 5.66, 5.43, 4.56, 1.57, -4.13, -10.51, -13.51, -15.31, -16.69, -17.87, -18.82, -19.69, -20.47, -21.14, -21.78, -22.34, -22.86, -23.30, -23.70, -24.10, -24.49, -24.86, -25.21, -25.61, -25.97, -26.34, -26.61, -26.89, -27.15, -27.34, -27.60, -27.78, -27.98, -28.15, -28.30, -28.44, -28.51, -28.10, -27.71, -27.53, -27.53, -27.61, -27.75, -28.14, -28.85, -29.50, -29.75, -29.81, -29.84, -29.89, -29.95, -29.97, -29.87, -29.78, -29.54, -29.01, -27.03, -21.71, -18.58, -17.51, -17.39, -17.39
2026-10-01, 21:45:35, 88000000, 90500000, 19531.25, 16128, -17.55, -17.61, -16.95, -16.20, -15.41, -14.88, -14.68, -15.15, -16.14, -19.47, -24.71, -28.08, -29.01, -29.40, -29.61, -29.73, -29.78, -29.82, -29.78, -29.74, -29.66, -29.44, -28.89, -28.17, -27.79, -27.48, -27.43, -27.51, -27.71, -28.12, -28.46, -28.51, -28.35, -28.20, -28.02, -27.79, -27.62, -27.39, -27.15, -26.91, -26.63, -26.34, -26.03, -25.65, -25.26, -24.89, -24.55, -24.15, -23.78, -23.36, -22.93, -22.41, -21.85, -21.24, -20.54, -19.78, -18.93, -17.95, -16.82, -15.45, -13.63, -10.24, -4.17, 1.12, 5.24, 5.24, 5.94, 5.94, 5.30, 4.24, 1.63, -3.63, -9.88, -13.39, -15.29, -16.69, -17.83, -18.82, -19.70, -20.46, -21.14, -21.80, -22.35, -22.88, -23.32, -23.73, -24.11, -24.48, -24.88, -25.26, -25.61, -26.00, -26.33, -26.63, -26.89, -27.17, -27.36, -27.63, -27.81, -27.98, -28.21, -28.36, -28.47, -28.48, -28.17, -27.81, -27.55, -27.43, -27.56, -27.87, -28.26, -28.92, -29.56, -29.77, -29.83, -29.95, -29.93, -29.98, -29.99, -29.93, -29.82, -29.55, -28.97, -26.51, -22.00, -18.70, -17.77, -17.24, -17.24
2026-10-01, 21:45:36, 88000000, 90500000, 19531.25, 15552, -17.45, -17.54, -16.93, -16.30, -15.55, -14.84, -14.71, -15.25, -16.17, -19.12, -24.87, -28.14, -29.03, -29.41, -29.60, -29.72, -29.75, -29.78, -29.76, -29.70, -29.63, -29.37, -28.81, -28.28, -27.81, -27.55, -27.36, -27.57, -27.73, -28.09, -28.46, -28.50, -28.36, -28.22, -27.99, -27.80, -27.61, -27.39, -27.15, -26.91, -26.64, -26.34, -26.01, -25.63, -25.25, -24.89, -24.52, -24.16, -23.76, -23.36, -22.90, -22.41, -21.85, -21.21, -20.53, -19.76, -18.91, -17.91, -16.78, -15.38, -13.54, -10.26, -3.18, 1.52, 5.15, 5.15, 5.87, 5.93, 5.23, 4.17, 1.87, -3.45, -10.21, -13.44, -15.27, -16.67, -17.82, -18.83, -19.67, -20.46, -21.16, -21.77, -22.37, -22.87, -23.32, -23.72, -24.12, -24.50, -24.85, -25.24, -25.61, -25.98, -26.32, -26.63, -26.90, -27.16, -27.37, -27.62, -27.81, -28.00, -28.17, -28.36, -28.52, -28.46, -28.09, -27.84, -27.59, -27.43, -27.53, -27.86, -28.20, -28.84, -29.51, -29.80, -29.87, -29.88, -29.91, -29.99, -29.97, -29.88, -29.79, -29.47, -28.82, -25.94, -21.54, -18.70, -17.83, -17.41, -17.41
2026-10-01, 21:45:37, 88000000, 90500000, 19531.25, 15552, -17.64, -17.53, -16.81, -16.19, -15.67, -15.04, -14.76, -15.08, -15.97, -19.29, -24.78, -28.11, -29.02, -29.44, -29.61, -29.73, -29.79, -29.79, -29.77, -29.74, -29.64, -29.35, -28.78, -28.24, -27.87, -27.59, -27.47, -27.52, -27.68, -28.07, -28.43, -28.51, -28.32, -28.22, -28.00, -27.80, -27.58, -27.37, -27.16, -26.88, -26.66, -26.30, -25.99, -25.65, -25.22, -24.93, -24.51, -24.13, -23.76, -23.35, -22.90, -22.40, -21.82, -21.19, -20.50, -19.73, -18.86, -17.88, -16.71, -15.30, -13.39, -9.59, -3.14, 1.69, 5.07, 5.07, 5.70, 5.82, 5.29, 4.35, 1.95, -3.63, -10.03, -13.43, -15.27, -16.67, -17.83, -18.80, -19.67, -20.45, -21.16, -21.78, -22.36, -22.87, -23.33, -23.71, -24.10, -24.51, -24.84, -25.23, -25.61, -26.01, -26.35, -26.63, -26.90, -27.16, -27.38, -27.61, -27.82, -28.01, -28.17, -28.33, -28.49, -28.47, -28.09, -27.76, -27.60, -27.52, -27.58, -27.83, -28.21, -28.84, -29.55, -29.79, -29.90, -29.90, -29.90, -29.99, -29.98, -29.90, -29.79, -29.53, -28.81, -25.66, -21.35, -18.59, -17.79, -17.55, -17.55
2026-10-01, 21:45:38, 88000000, 90500000, 19531.25, 15680, -16.94, -17.57, -17.36, -16.41, -15.14, -14.18, -14.14, -15.25, -16.99, -20.77, -26.34, -28.46, -29.12, -29.50, -29.68, -29.73, -29.78, -29.83, -29.81, -29.76, -29.70, -29.55, -29.06, -28.30, -27.72, -27.27, -27.18, -27.43, -27.84, -28.32, -28.52, -28.55, -28.35, -28.21, -28.02, -27.79, -27.64, -27.40, -27.15, -26.92, -26.67, -26.38, -26.05, -25.66, -25.27, -24.87, -24.52, -24.14, -23.80, -23.41, -22.97, -22.47, -21.92, -21.28, -20.61, -19.86, -19.03, -18.11, -17.03, -15.75, -14.16, -11.90, -7.25, -0.19, 5.46, 5.46, 6.53, 6.60, 5.62, 3.68, 0.54, -5.44, -11.33, -13.90, -15.57, -16.88, -17.99, -18.94, -19.80, -20.54, -21.21, -21.84, -22.40, -22.92, -23.38, -23.75, -24.15, -24.48, -24.85, -25.29, -25.64, -26.03, -26.36, -26.64, -26.91, -27.18, -27.37, -27.63, -27.82, -28.01, -28.19, -28.34, -28.49, -28.60, -28.32, -27.84, -27.48, -27.16, -27.30, -27.77, -28.35, -29.03, -29.58, -29.79, -29.85, -29.87, -29.97, -29.97, -30.00, -29.91, -29.85, -29.67, -29.28, -28.17, -23.98, -19.36, -17.75, -16.89, -16.89
2026-10-01, 21:45:39, 88000000, 90500000, 19531.25, 15616, -17.19, -17.48, -17.26, -16.40, -15.14, -14.50, -14.39, -15.28, -16.85, -19.78, -25.28, -28.27, -29.05, -29.43, -29.61, -29.70, -29.76, -29.77, -29.75, -29.68, -29.64, -29.43, -28.87, -28.28, -27.73, -27.36, -27.26, -27.45, -27.77, -28.13, -28.48, -28.48, -28.31, -28.19, -27.97, -27.77, -27.56, -27.34, -27.10, -26.86, -26.61, -26.30, -25.99, -25.62, -25.23, -24.84, -24.47, -24.12, -23.74, -23.34, -22.89, -22.39, -21.80, -21.22, -20.49, -19.76, -18.92, -17.95, -16.85, -15.52, -13.82, -11.11, -4.96, 0.84, 5.45, 5.45, 6.28, 6.30, 5.41, 3.74, 1.16, -4.00, -10.65, -13.62, -15.38, -16.75, -17.88, -18.85, -19.71, -20.47, -21.15, -21.78, -22.36, -22.88, -23.31, -23.72, -24.07, -24.45, -24.82, -25.25, -25.61, -25.97, -26.30, -26.61, -26.87, -27.14, -27.33, -27.60, -27.79, -27.98, -28.13, -28.32, -28.47, -28.49, -28.22, -27.88, -27.44, -27.25, -27.38, -27.81, -28.35, -28.96, -29.54, -29.77, -29.87, -29.85, -29.87, -29.98, -29.99, -29.87, -29.80, -29.59, -29.09, -27.34, -22.22, -19.25, -17.78, -16.96, -16.96
2026-10-01, 21:45:40, 88000000, 90500000, 19531.25, 15680, -17.23, -17.46, -17.10, -16.49, -15.31, -14.55, -14.44, -15.26, -16.66, -19.54, -25.41, -28.30, -29.09, -29.47, -29.62, -29.76, -29.79, -29.81, -29.81, -29.79, -29.68, -29.41, -28.89, -28.31, -27.79, -27.37, -27.31, -27.55, -27.81, -28.17, -28.49, -28.52, -28.37, -28.19, -28.04, -27.79, -27.60, -27.40, -27.17, -26.91, -26.64, -26.37, -26.05, -25.66, -25.28, -24.89, -24.52, -24.14, -23.80, -23.35, -22.93, -22.41, -21.87, -21.22, -20.54, -19.78, -18.94, -17.98, -16.85, -15.48, -13.73, -10.80, -4.22, 1.10, 5.21, 5.21, 6.21, 6.29, 5.36, 3.90, 1.36, -4.08, -10.63, -13.62, -15.40, -16.77, -17.91, -18.87, -19.73, -20.51, -21.19, -21.82, -22.38, -22.89, -23.36, -23.76, -24.11, -24.49, -24.86, -25.27, -25.66, -26.02, -26.35, -26.64, -26.91, -27.16, -27.37, -27.61, -27.84, -28.01, -28.18, -28.36, -28.50, -28.53, -28.13, -27.89, -27.54, -27.37, -27.38, -27.83, -28.33, -28.92, -29.58, -29.81, -29.85, -29.87, -29.95, -29.96, -29.99, -29.89, -29.81, -29.59, -29.06, -26.73, -22.01, -18.99, -17.95, -17.13, -17.13
2026-10-01, 21:45:41, 88000000, 90500000, 19531.25, 16384, -17.67, -17.51, -16.81, -16.29, -15.61, -15.03, -14.82, -15.16, -16.15, -18.75, -24.60, -28.10, -28.98, -29.39, -29.58, -29.73, -29.76, -29.78, -29.76, -29.71, -29.64, -29.36, -28.69, -28.24, -27.85, -27.56, -27.42, -27.54, -27.73, -28.00, -28.40, -28.49, -28.32, -28.14, -27.99, -27.79, -27.58, -27.35, -27.16, -26.87, -26.62, -26.32, -25.99, -25.60, -25.27, -24.88, -24.49, -24.12, -23.75, -23.35, -22.88, -22.35, -21.80, -21.17, -20.49, -19.70, -18.82, -17.85, -16.69, -15.31, -13.36, -9.65, -3.46, 2.09, 4.99, 4.99, 5.67, 5.82, 5.23, 4.21, 2.05, -2.97, -9.97, -13.31, -15.21, -16.60, -17.77, -18.76, -19.64, -20.42, -21.11, -21.77, -22.33, -22.84, -23.29, -23.70, -24.11, -24.48, -24.82, -25.20, -25.58, -25.95, -26.33, -26.60, -26.88, -27.11, -27.34, -27.57, -27.76, -27.97, -28.14, -28.31, -28.43, -28.43, -28.01, -27.81, -27.62, -27.52, -27.49, -27.85, -28.21, -28.85, -29.46, -29.77, -29.83, -29.85, -29.88, -29.95, -29.97, -29.84, -29.74, -29.45, -28.66, -26.29, -20.98, -18.58, -17.84, -17.50, -17.50
2026-10-01, 21:45:42, 88000000, 90500000, 19531.25, 15616, -17.24, -17.65, -17.19, -16.25, -15.19, -14.54, -14.60, -15.27, -16.74, -19.74, -25.05, -28.17, -29.05, -29.41, -29.60, -29.68, -29.74, -29.75, -29.74, -29.68, -29.66, -29.39, -28.87, -28.17, -27.66, -27.29, -27.31, -27.54, -27.78, -28.11, -28.43, -28.45, -28.29, -28.17, -27.96, -27.74, -27.56, -27.32, -27.13, -26.86, -26.57, -26.31, -25.99, -25.60, -25.22, -24.84, -24.47, -24.10, -23.72, -23.32, -22.87, -22.38, -21.82, -21.17, -20.49, -19.74, -18.90, -17.93, -16.80, -15.47, -13.76, -10.96, -4.72, 0.88, 5.47, 5.47, 6.27, 6.16, 5.27, 3.84, 1.16, -3.88, -10.40, -13.53, -15.34, -16.73, -17.85, -18.83, -19.70, -20.46, -21.16, -21.78, -22.34, -22.84, -23.32, -23.68, -24.10, -24.45, -24.84, -25.21, -25.62, -25.98, -26.30, -26.61, -26.88, -27.14, -27.36, -27.60, -27.78, -27.97, -28.13, -28.28, -28.46, -28.48, -28.20, -27.82, -27.47, -27.33, -27.39, -27.79, -28.36, -28.93, -29.53, -29.77, -29.84, -29.88, -29.92, -29.95, -29.95, -29.88, -29.82, -29.61, -29.08, -27.10, -22.32, -19.10, -17.61, -17.04, -17.04
2026-10-01, 21:45:43, 88000000, 90500000, 19531.25, 15680, -17.43, -17.48, -17.01, -16.30, -15.36, -14.80, -14.67, -15.20, -16.34, -19.34, -24.70, -28.13, -29.04, -29.42, -29.60, -29.71, -29.77, -29.77, -29.75, -29.71, -29.64, -29.39, -28.78, -28.22, -27.75, -27.45, -27.33, -27.55, -27.75, -28.04, -28.40, -28.47, -28.32, -28.15, -27.98, -27.77, -27.54, -27.35, -27.12, -26.88, -26.61, -26.32, -25.98, -25.63, -25.21, -24.85, -24.47, -24.12, -23.73, -23.31, -22.89, -22.37, -21.81, -21.19, -20.47, -19.73, -18.87, -17.88, -16.75, -15.38, -13.55, -10.48, -3.53, 1.40, 5.21, 5.21, 5.99, 5.99, 5.29, 4.04, 1.81, -3.61, -10.08, -13.41, -15.27, -16.68, -17.83, -18.81, -19.66, -20.43, -21.11, -21.77, -22.33, -22.85, -23.30, -23.68, -24.07, -24.49, -24.81, -25.20, -25.57, -25.96, -26.31, -26.60, -26.86, -27.15, -27.34, -27.60, -27.77, -27.97, -28.14, -28.31, -28.45, -28.45, -28.17, -27.81, -27.57, -27.39, -27.47, -27.79, -28.20, -28.85, -29.50, -29.76, -29.82, -29.87, -29.88, -29.94, -29.95, -29.84, -29.80, -29.55, -28.92, -26.40, -21.44, -18.83, -17.80, -17.25, -17.25
2026-10-01, 21:45:44, 88000000, 90500000, 19531.25, 15552, -17.47, -17.54, -17.04, -16.36, -15.45, -14.84, -14.68, -15.35, -16.42, -19.28, -24.81, -28.08, -29.07, -29.41, -29.62, -29.74, -29.79, -29.80, -29.79, -29.76, -29.65, -29.44, -28.79, -28.26, -27.81, -27.44, -27.44, -27.52, -27.79, -28.12, -28.45, -28.50, -28.35, -28.21, -28.03, -27.81, -27.61, -27.38, -27.18, -26.92, -26.63, -26.35, -26.03, -25.65, -25.27, -24.89, -24.54, -24.14, -23.77, -23.37, -22.91, -22.44, -21.84, -21.23, -20.54, -19.77, -18.91, -17.94, -16.80, -15.42, -13.65, -10.48, -3.73, 1.47, 5.20, 5.20, 5.94, 5.94, 5.20, 3.90, 1.73, -3.52, -10.02, -13.38, -15.27, -16.69, -17.84, -18.83, -19.69, -20.47, -21.15, -21.79, -22.36, -22.87, -23.34, -23.73, -24.16, -24.48, -24.86, -25.24, -25.65, -26.00, -26.34, -26.64, -26.90, -27.17, -27.39, -27.62, -27.82, -28.00, -28.18, -28.36, -28.51, -28.47, -28.13, -27.85, -27.59, -27.46, -27.54, -27.88, -28.37, -28.85, -29.50, -29.81, -29.85, -29.92, -29.93, -29.95, -29.98, -29.90, -29.82, -29.55, -28.90, -26.45, -21.54, -18.79, -17.85, -17.31, -17.31
2026-10-01, 21:45:45, 88000000, 90500000, 19531.25, 15616, -17.31, -17.64, -16.93, -16.22, -15.37, -14.64, -14.70, -15.23, -16.56, -19.60, -24.71, -28.05, -29.03, -29.40, -29.60, -29.71, -29.75, -29.74, -29.73, -29.68, -29.63, -29.42, -28.76, -28.20, -27.68, -27.40, -27.34, -27.47, -27.75, -28.15, -28.46, -28.48, -28.31, -28.14, -27.99, -27.77, -27.56, -27.36, -27.13, -26.87, -26.60, -26.30, -25.99, -25.61, -25.20, -24.85, -24.46, -24.11, -23.74, -23.33, -22.88, -22.36, -21.80, -21.18, -20.50, -19.73, -18.88, -17.91, -16.79, -15.43, -13.69, -10.88, -4.65, 1.55, 5.35, 5.35, 6.08, 6.03, 5.27, 3.95, 1.28, -3.37, -10.12, -13.47, -15.31, -16.71, -17.85, -18.84, -19.70, -20.47, -21.16, -21.77, -22.36, -22.86, -23.32, -23.70, -24.11, -24.45, -24.85, -25.24, -25.61, -25.96, -26.32, -26.63, -26.89, -27.15, -27.34, -27.59, -27.79, -27.96, -28.17, -28.31, -28.48, -28.50, -28.06, -27.75, -27.50, -27.39, -27.50, -27.87, -28.28, -28.90, -29.49, -29.75, -29.84, -29.86, -29.85, -29.97, -29.95, -29.88, -29.78, -29.53, -29.00, -26.93, -21.85, -18.69, -17.66, -17.23, -17.23
2026-10-01, 21:45:46, 88000000, 90500000, 19531.25, 15552, -16.76, -17.39, -17.38, -16.43, -14.98, -14.04, -14.11, -15.22, -16.98, -19.91, -25.11, -28.15, -28.98, -29.31, -29.54, -29.60, -29.70, -29.70, -29.67, -29.66, -29.55, -29.35, -28.87, -28.26, -27.62, -27.18, -27.01, -27.37, -27.78, -28.13, -28.38, -28.38, -28.26, -28.10, -27.89, -27.72, -27.50, -27.30, -27.05, -26.80, -26.55, -26.26, -25.94, -25.57, -25.17, -24.77, -24.39, -24.03, -23.68, -23.29, -22.83, -22.34, -21.78, -21.17, -20.47, -19.73, -18.89, -17.95, -16.86, -15.56, -13.91, -11.41, -5.42, 0.46, 5.51, 5.51, 6.65, 6.75, 5.54, 3.68, 0.94, -4.01, -10.37, -13.54, -15.34, -16.70, -17.81, -18.78, -19.63, -20.40, -21.10, -21.72, -22.28, -22.80, -23.26, -23.64, -24.02, -24.38, -24.73, -25.16, -25.53, -25.91, -26.23, -26.54, -26.77, -27.04, -27.27, -27.55, -27.72, -27.89, -28.09, -28.26, -28.43, -28.45, -28.17, -27.83, -27.45, -27.09, -27.17, -27.73, -28.28, -28.94, -29.42, -29.68, -29.80, -29.81, -29.82, -29.89, -29.91, -29.83, -29.75, -29.55, -29.09, -27.42, -22.75, -19.49, -17.75, -16.80, -16.80
2026-10-01, 21:45:47, 88000000, 90500000, 19531.25, 15616, -17.09, -17.54, -17.09, -16.10, -15.05, -14.39, -14.48, -15.11, -16.57, -19.49, -24.54, -28.00, -28.93, -29.29, -29.49, -29.60, -29.66, -29.64, -29.66, -29.61, -29.50, -29.31, -28.79, -28.11, -27.58, -27.23, -27.12, -27.39, -27.71, -28.00, -28.30, -28.37, -28.19, -28.06, -27.89, -27.64, -27.45, -27.23, -27.00, -26.76, -26.47, -26.18, -25.88, -25.51, -25.12, -24.74, -24.37, -23.99, -23.66, -23.22, -22.76, -22.27, -21.71, -21.08, -20.41, -19.63, -18.81, -17.84, -16.73, -15.39, -13.71, -10.85, -4.66, 0.83, 5.64, 5.64, 6.39, 6.30, 5.39, 3.98, 1.39, -3.26, -10.11, -13.34, -15.18, -16.57, -17.72, -18.69, -19.54, -20.32, -21.02, -21.63, -22.21, -22.74, -23.17, -23.56, -23.97, -24.33, -24.71, -25.10, -25.46, -25.81, -26.21, -26.45, -26.75, -27.00, -27.23, -27.48, -27.66, -27.86, -28.02, -28.20, -28.34, -28.38, -28.08, -27.67, -27.29, -27.16, -27.32, -27.71, -28.19, -28.80, -29.42, -29.66, -29.73, -29.75, -29.76, -29.81, -29.84, -29.74, -29.68, -29.43, -28.91, -27.01, -22.20, -19.03, -17.47, -16.89, -16.89
2026-10-01, 21:45:48, 88000000, 90500000, 19531.25, 15616, -16.76, -17.37, -17.43, -16.36, -14.99, -14.04, -14.10, -15.15, -17.19, -20.05, -24.84, -28.16, -29.00, -29.36, -29.52, -29.60, -29.69, -29.67, -29.63, -29.60, -29.53, -29.32, -28.89, -28.29, -27.59, -27.15, -27.06, -27.29, -27.79, -28.14, -28.32, -28.39, -28.24, -28.09, -27.85, -27.67, -27.46, -27.26, -27.02, -26.76, -26.50, -26.20, -25.91, -25.52, -25.11, -24.73, -24.35, -23.99, -23.64, -23.27, -22.80, -22.31, -21.74, -21.14, -20.45, -19.71, -18.87, -17.92, -16.84, -15.52, -13.80, -10.86, -5.32, 0.21, 5.62, 5.62, 6.71, 6.68, 5.64, 3.54, 0.76, -3.94, -10.26, -13.55, -15.32, -16.65, -17.78, -18.76, -19.60, -20.36, -21.04, -21.67, -22.25, -22.76, -23.21, -23.56, -23.96, -24.31, -24.69, -25.13, -25.49, -25.86, -26.19, -26.47, -26.75, -27.03, -27.24, -27.47, -27.67, -27.86, -28.04, -28.20, -28.35, -28.42, -28.19, -27.78, -27.33, -27.05, -27.11, -27.67, -28.30, -28.88, -29.44, -29.67, -29.72, -29.77, -29.80, -29.87, -29.87, -29.81, -29.72, -29.51, -29.01, -27.11, -22.85, -19.67, -17.63, -16.77, -16.77
2026-10-01, 21:45:49, 88000000, 90500000, 19531.25, 15552, -17.29, -17.48, -16.94, -16.14, -15.22, -14.62, -14.56, -15.25, -16.39, -19.01, -24.21, -27.85, -28.88, -29.26, -29.47, -29.59, -29.66, -29.67, -29.65, -29.61, -29.52, -29.34, -28.72, -28.08, -27.61, -27.36, -27.25, -27.45, -27.69, -27.99, -28.28, -28.37, -28.25, -28.07, -27.87, -27.67, -27.48, -27.24, -27.04, -26.77, -26.50, -26.23, -25.88, -25.51, -25.10, -24.78, -24.39, -24.01, -23.64, -23.22, -22.76, -22.26, -21.71, -21.09, -20.39, -19.62, -18.76, -17.81, -16.66, -15.29, -13.52, -10.59, -4.22, 1.42, 5.45, 5.45, 6.11, 6.16, 5.33, 3.95, 1.87, -2.99, -9.55, -13.28, -15.16, -16.58, -17.72, -18.72, -19.57, -20.35, -21.04, -21.67, -22.25, -22.76, -23.21, -23.58, -24.00, -24.38, -24.75, -25.14, -25.49, -25.86, -26.21, -26.50, -26.77, -27.06, -27.24, -27.50, -27.69, -27.88, -28.07, -28.25, -28.36, -28.37, -28.07, -27.74, -27.38, -27.30, -27.39, -27.76, -28.17, -28.76, -29.41, -29.64, -29.74, -29.76, -29.79, -29.85, -29.85, -29.79, -29.71, -29.45, -28.95, -26.86, -21.65, -18.73, -17.60, -17.09, -17.09
2026-10-01, 21:45:50, 88000000, 90500000, 19531.25, 15488, -16.99, -17.46, -17.34, -16.48, -15.18, -14.27, -14.30, -15.20, -16.91, -20.41, -25.02, -28.24, -29.12, -29.44, -29.60, -29.74, -29.75, -29.77, -29.76, -29.68, -29.62, -29.48, -28.95, -28.25, -27.76, -27.24, -27.14, -27.49, -27.79, -28.21, -28.48, -28.49, -28.32, -28.17, -27.98, -27.78, -27.56, -27.34, -27.15, -26.87, -26.60, -26.33, -25.98, -25.65, -25.21, -24.87, -24.48, -24.11, -23.76, -23.35, -22.92, -22.39, -21.84, -21.22, -20.53, -19.78, -18.93, -18.01, -16.87, -15.58, -13.85, -11.03, -5.20, 0.43, 5.27, 5.27, 6.53, 6.50, 5.45, 3.75, 0.65, -3.91, -10.54, -13.63, -15.38, -16.75, -17.88, -18.83, -19.69, -20.46, -21.15, -21.77, -22.34, -22.85, -23.32, -23.70, -24.05, -24.44, -24.81, -25.18, -25.59, -25.95, -26.32, -26.59, -26.85, -27.11, -27.35, -27.59, -27.77, -27.95, -28.13, -28.32, -28.47, -28.47, -28.29, -27.88, -27.52, -27.25, -27.28, -27.72, -28.31, -29.01, -29.47, -29.73, -29.82, -29.83, -29.89, -29.95, -29.98, -29.89, -29.79, -29.59, -29.10, -27.51, -22.52, -19.39, -17.85, -16.94, -16.94
2026-10-01, 21:45:51, 88000000, 90500000, 19531.25, 16960, -17.36, -17.77, -17.30, -16.24, -15.29, -14.64, -14.66, -15.50, -16.71, -19.60, -24.75, -28.16, -29.10, -29.49, -29.67, -29.78, -29.83, -29.84, -29.82, -29.79, -29.70, -29.51, -28.97, -28.30, -27.75, -27.50, -27.37, -27.57, -27.85, -28.23, -28.50, -28.52, -28.40, -28.25, -28.04, -27.86, -27.65, -27.43, -27.21, -26.94, -26.70, -26.37, -26.07, -25.70, -25.31, -24.92, -24.55, -24.18, -23.82, -23.42, -22.97, -22.47, -21.88, -21.29, -20.60, -19.83, -18.99, -18.03, -16.92, -15.59, -13.85, -11.07, -5.16, 0.81, 5.44, 5.44, 6.09, 6.11, 5.11, 3.73, 1.20, -3.52, -9.95, -13.48, -15.35, -16.77, -17.91, -18.89, -19.75, -20.52, -21.23, -21.84, -22.42, -22.95, -23.37, -23.78, -24.16, -24.53, -24.90, -25.31, -25.65, -26.04, -26.37, -26.69, -26.94, -27.20, -27.44, -27.67, -27.88, -28.04, -28.23, -28.36, -28.54, -28.56, -28.25, -27.83, -27.49, -27.39, -27.54, -27.95, -28.37, -29.01, -29.56, -29.81, -29.91, -29.95, -29.96, -30.01, -30.04, -29.95, -29.87, -29.63, -29.11, -27.29, -22.55, -19.06, -17.63, -17.16, -17.16
2026-10-01, 21:45:52, 88000000, 90500000, 19531.25, 18176, -16.82, -17.40, -17.54, -16.47, -14.98, -14.10, -14.15, -15.38, -17.27, -20.22, -25.08, -28.15, -29.02, -29.38, -29.55, -29.66, -29.68, -29.71, -29.69, -29.65, -29.59, -29.42, -28.89, -28.31, -27.65, -27.19, -27.09, -27.41, -27.87, -28.18, -28.39, -28.44, -28.28, -28.12, -27.93, -27.71, -27.51, -27.30, -27.07, -26.83, -26.56, -26.26, -25.97, -25.59, -25.18, -24.80, -24.40, -24.03, -23.71, -23.31, -22.85, -22.36, -21.76, -21.15, -20.47, -19.73, -18.91, -17.95, -16.83, -15.53, -13.88, -11.18, -5.46, 0.21, 5.44, 5.44, 6.70, 6.65, 5.51, 3.40, 0.59, -4.12, -10.22, -13.65, -15.42, -16.76, -17.87, -18.85, -19.69, -20.46, -21.11, -21.76, -22.31, -22.83, -23.29, -23.67, -24.04, -24.41, -24.77, -25.22, -25.57, -25.91, -26.28, -26.55, -26.83, -27.09, -27.32, -27.54, -27.75, -27.93, -28.09, -28.22, -28.40, -28.42, -28.21, -27.82, -27.40, -27.10, -27.16, -27.70, -28.42, -28.97, -29.48, -29.69, -29.77, -29.83, -29.85, -29.90, -29.92, -29.87, -29.75, -29.55, -29.10, -27.45, -22.77, -19.65, -17.77, -16.74, -16.74
2026-10-01, 21:45:53, 88000000, 90500000, 19531.25, 18240, -17.21, -17.49, -16.94, -16.09, -15.21, -14.50, -14.46, -15.13, -16.55, -19.30, -24.13, -27.97, -28.89, -29.26, -29.47, -29.57, -29.64, -29.63, -29.62, -29.60, -29.48, -29.27, -28.67, -28.08, -27.64, -27.27, -27.20, -27.38, -27.68, -28.01, -28.28, -28.39, -28.21, -28.05, -27.86, -27.64, -27.43, -27.22, -27.01, -26.75, -26.50, -26.21, -25.86, -25.48, -25.11, -24.72, -24.36, -23.97, -23.60, -23.21, -22.76, -22.25, -21.69, -21.05, -20.38, -19.60, -18.78, -17.80, -16.68, -15.33, -13.59, -10.82, -4.43, 1.33, 5.41, 5.41, 6.29, 6.24, 5.41, 4.00, 1.52, -3.06, -9.85, -13.29, -15.16, -16.58, -17.72, -18.68, -19.57, -20.33, -21.01, -21.65, -22.22, -22.74, -23.18, -23.59, -23.96, -24.34, -24.72, -25.08, -25.46, -25.84, -26.22, -26.50, -26.75, -27.03, -27.22, -27.47, -27.67, -27.87, -28.00, -28.20, -28.35, -28.34, -28.02, -27.65, -27.41, -27.14, -27.30, -27.72, -28.22, -28.81, -29.35, -29.65, -29.73, -29.75, -29.82, -29.85, -29.87, -29.78, -29.68, -29.44, -28.92, -26.93, -21.90, -18.78, -17.50, -17.02, -17.02
2026-10-01, 21:45:54, 88000000, 90500000, 19531.25, 16832, -17.21, -17.60, -17.13, -16.09, -14.96, -14.50, -14.49, -15.17, -16.40, -19.60, -24.93, -28.12, -28.96, -29.32, -29.53, -29.59, -29.67, -29.69, -29.67, -29.58, -29.55, -29.34, -28.77, -28.10, -27.58, -27.25, -27.19, -27.36, -27.66, -27.99, -28.35, -28.37, -28.20, -28.05, -27.88, -27.66, -27.45, -27.26, -27.01, -26.76, -26.48, -26.19, -25.87, -25.50, -25.11, -24.73, -24.34, -23.99, -23.63, -23.22, -22.76, -22.27, -21.70, -21.06, -20.39, -19.63, -18.78, -17.82, -16.70, -15.36, -13.65, -11.02, -5.16, 0.75, 5.64, 5.64, 6.36, 6.25, 5.39, 4.00, 1.57, -3.81, -10.40, -13.43, -15.24, -16.59, -17.74, -18.71, -19.56, -20.34, -21.02, -21.65, -22.23, -22.73, -23.18, -23.58, -23.94, -24.33, -24.71, -25.10, -25.48, -25.83, -26.18, -26.49, -26.74, -27.00, -27.23, -27.45, -27.65, -27.85, -28.01, -28.19, -28.30, -28.36, -28.07, -27.69, -27.31, -27.15, -27.32, -27.71, -28.17, -28.77, -29.37, -29.60, -29.71, -29.74, -29.79, -29.81, -29.83, -29.76, -29.70, -29.44, -29.02, -27.18, -22.45, -18.97, -17.54, -16.78, -16.78
2026-10-01, 21:45:55, 88000000, 90500000, 19531.25, 15552, -17.09, -17.55, -17.14, -16.22, -15.13, -14.41, -14.47, -15.38, -16.82, -19.23, -24.40, -27.96, -28.98, -29.37, -29.56, -29.65, -29.70, -29.71, -29.66, -29.65, -29.57, -29.36, -28.76, -28.25, -27.69, -27.27, -27.16, -27.40, -27.77, -28.10, -28.35, -28.41, -28.25, -28.13, -27.90, -27.70, -27.52, -27.28, -27.06, -26.81, -26.52, -26.25, -25.95, -25.54, -25.16, -24.77, -24.40, -24.05, -23.68, -23.27, -22.82, -22.31, -21.75, -21.12, -20.43, -19.68, -18.85, -17.87, -16.77, -15.43, -13.74, -11.02, -4.90, 1.18, 5.46, 5.46, 6.33, 6.35, 5.30, 3.70, 1.32, -2.98, -9.79, -13.30, -15.22, -16.63, -17.77, -18.74, -19.61, -20.39, -21.07, -21.70, -22.27, -22.79, -23.22, -23.64, -23.99, -24.36, -24.76, -25.16, -25.54, -25.88, -26.24, -26.52, -26.80, -27.05, -27.27, -27.52, -27.72, -27.90, -28.08, -28.22, -28.41, -28.41, -28.09, -27.69, -27.42, -27.20, -27.34, -27.79, -28.29, -28.85, -29.34, -29.66, -29.74, -29.80, -29.83, -29.88, -29.87, -29.80, -29.70, -29.46, -28.99, -27.13, -22.14, -18.94, -17.55, -16.98, -16.98
2026-10-01, 21:45:56, 88000000, 90500000, 19531.25, 14976, -16.87, -17.37, -17.25, -16.44, -15.13, -14.15, -14.10, -15.09, -17.08, -20.43, -25.20, -28.26, -29.06, -29.41, -29.60, -29.70, -29.75, -29.73, -29.73, -29.68, -29.61, -29.43, -28.94, -28.32, -27.69, -27.27, -27.11, -27.32, -27.82, -28.23, -28.46, -28.47, -28.31, -28.15, -27.92, -27.76, -27.55, -27.35, -27.11, -26.85, -26.60, -26.30, -26.00, -25.63, -25.22, -24.85, -24.45, -24.08, -23.71, -23.32, -22.87, -22.38, -21.80, -21.21, -20.53, -19.77, -18.93, -17.99, -16.87, -15.57, -13.90, -11.30, -5.85, 0.54, 5.45, 5.45, 6.50, 6.71, 5.70, 3.68, 0.53, -4.26, -10.65, -13.59, -15.39, -16.77, -17.89, -18.86, -19.70, -20.48, -21.14, -21.78, -22.33, -22.85, -23.31, -23.68, -24.10, -24.44, -24.81, -25.21, -25.59, -25.94, -26.28, -26.56, -26.87, -27.11, -27.34, -27.57, -27.73, -27.95, -28.12, -28.29, -28.46, -28.50, -28.20, -27.85, -27.44, -27.22, -27.19, -27.64, -28.34, -29.05, -29.52, -29.71, -29.80, -29.85, -29.89, -29.95, -29.96, -29.89, -29.78, -29.56, -29.13, -27.60, -22.82, -19.34, -17.80, -16.89, -16.89
2026-10-01, 21:45:57, 88000000, 90500000, 19531.25, 15488, -17.25, -17.71, -17.06, -16.09, -15.12, -14.51, -14.62, -15.30, -16.50, -19.19, -23.90, -27.83, -28.91, -29.33, -29.52, -29.60, -29.67, -29.70, -29.69, -29.66, -29.60, -29.42, -28.78, -28.15, -27.64, -27.29, -27.23, -27.47, -27.75, -28.09, -28.33, -28.42, -28.27, -28.13, -27.92, -27.75, -27.53, -27.30, -27.07, -26.82, -26.57, -26.28, -25.93, -25.57, -25.18, -24.79, -24.42, -24.07, -23.70, -23.28, -22.84, -22.33, -21.77, -21.17, -20.46, -19.70, -18.87, -17.89, -16.81, -15.46, -13.79, -11.10, -5.49, 1.12, 5.54, 5.54, 6.27, 6.17, 5.30, 3.89, 1.53, -2.66, -9.32, -13.27, -15.21, -16.61, -17.77, -18.75, -19.63, -20.40, -21.07, -21.70, -22.28, -22.80, -23.25, -23.63, -24.03, -24.38, -24.79, -25.18, -25.53, -25.90, -26.23, -26.55, -26.81, -27.08, -27.31, -27.52, -27.76, -27.93, -28.10, -28.25, -28.44, -28.44, -28.15, -27.73, -27.38, -27.31, -27.44, -27.78, -28.26, -28.86, -29.40, -29.69, -29.78, -29.82, -29.85, -29.88, -29.90, -29.85, -29.76, -29.52, -29.06, -27.38, -22.35, -18.87, -17.48, -16.97, -16.97
2026-10-01, 21:45:58, 88000000, 90500000, 19531.25, 15552, -17.13, -17.52, -17.23, -16.18, -15.10, -14.42, -14.36, -15.11, -16.78, -19.56, -24.96, -28.11, -29.02, -29.40, -29.61, -29.68, -29.75, -29.74, -29.72, -29.68, -29.59, -29.40, -28.92, -28.18, -27.63, -27.26, -27.25, -27.37, -27.82, -28.14, -28.44, -28.48, -28.29, -28.18, -27.96, -27.77, -27.57, -27.36, -27.14, -26.85, -26.60, -26.30, -26.00, -25.63, -25.24, -24.84, -24.47, -24.11, -23.74, -23.35, -22.90, -22.38, -21.82, -21.22, -20.52, -19.78, -18.93, -17.98, -16.87, -15.54, -13.76, -10.77, -5.03, 0.48, 5.52, 5.52, 6.41, 6.31, 5.56, 3.85, 1.11, -3.55, -10.22, -13.52, -15.32, -16.71, -17.83, -18.80, -19.66, -20.43, -21.11, -21.74, -22.32, -22.84, -23.29, -23.69, -24.08, -24.43, -24.79, -25.19, -25.59, -25.93, -26.28, -26.56, -26.84, -27.12, -27.32, -27.59, -27.75, -27.95, -28.13, -28.27, -28.45, -28.48, -28.23, -27.75, -27.45, -27.19, -27.38, -27.76, -28.27, -28.98, -29.46, -29.75, -29.80, -29.89, -29.89, -29.97, -29.93, -29.86, -29.77, -29.55, -29.04, -26.89, -22.59, -19.26, -17.54, -16.91, -16.91
2026-10-01, 21:45:59, 88000000, 90500000, 19531.25, 15680, -16.88, -17.47, -17.21, -16.35, -15.13, -14.20, -14.24, -15.13, -16.88, -20.22, -25.16, -28.18, -29.01, -29.34, -29.55, -29.66, -29.73, -29.72, -29.67, -29.63, -29.56, -29.39, -28.86, -28.29, -27.63, -27.25, -27.09, -27.42, -27.73, -28.12, -28.39, -28.42, -28.27, -28.13, -27.94, -27.73, -27.52, -27.31, -27.07, -26.81, -26.57, -26.27, -25.96, -25.58, -25.19, -24.80, -24.40, -24.06, -23.68, -23.30, -22.86, -22.33, -21.78, -21.15, -20.49, -19.74, -18.89, -17.93, -16.83, -15.50, -13.81, -10.85, -4.97, 0.42, 5.50, 5.50, 6.48, 6.57, 5.55, 3.79, 0.88, -4.17, -10.65, -13.65, -15.37, -16.73, -17.85, -18.81, -19.67, -20.43, -21.11, -21.73, -22.29, -22.82, -23.25, -23.65, -24.04, -24.40, -24.77, -25.17, -25.54, -25.93, -26.25, -26.52, -26.82, -27.08, -27.31, -27.53, -27.73, -27.92, -28.07, -28.29, -28.39, -28.43, -28.21, -27.78, -27.40, -27.18, -27.27, -27.72, -28.33, -28.98, -29.50, -29.71, -29.79, -29.80, -29.88, -29.88, -29.90, -29.86, -29.77, -29.50, -29.00, -27.07, -22.72, -19.25, -17.71, -16.94, -16.94
2026-10-01, 21:46:00, 88000000, 90500000, 19531.25, 15552, -17.04, -17.52, -17.11, -16.29, -15.28, -14.41, -14.37, -15.16, -16.37, -19.71, -25.18, -28.13, -28.99, -29.37, -29.57, -29.66, -29.70, -29.73, -29.69, -29.66, -29.57, -29.39, -28.83, -28.19, -27.76, -27.40, -27.18, -27.38, -27.70, -28.06, -28.43, -28.44, -28.29, -28.14, -27.94, -27.72, -27.53, -27.31, -27.08, -26.82, -26.59, -26.28, -25.95, -25.59, -25.18, -24.80, -24.44, -24.06, -23.70, -23.30, -22.86, -22.36, -21.78, -21.15, -20.48, -19.73, -18.88, -17.92, -16.80, -15.46, -13.72, -10.48, -4.12, 0.69, 5.33, 5.33, 6.25, 6.38, 5.47, 4.05, 1.54, -4.03, -10.35, -13.55, -15.30, -16.67, -17.80, -18.78, -19.63, -20.39, -21.09, -21.71, -22.28, -22.79, -23.27, -23.65, -24.03, -24.40, -24.78, -25.14, -25.57, -25.90, -26.28, -26.56, -26.80, -27.09, -27.29, -27.51, -27.72, -27.91, -28.09, -28.24, -28.39, -28.39, -28.16, -27.84, -27.46, -27.21, -27.30, -27.76, -28.26, -28.82, -29.43, -29.64, -29.77, -29.81, -29.85, -29.89, -29.90, -29.81, -29.73, -29.54, -28.93, -26.27, -22.47, -19.10, -17.74, -17.09, -17.09
2026-10-01, 21:46:01, 88000000, 90500000, 19531.25, 15488, -17.06, -17.29, -17.09, -16.37, -15.42, -14.43, -14.26, -15.00, -16.52, -20.05, -25.12, -28.23, -29.04, -29.41, -29.60, -29.68, -29.76, -29.71, -29.75, -29.69, -29.58, -29.33, -28.82, -28.22, -27.78, -27.36, -27.21, -27.36, -27.76, -28.14, -28.42, -28.43, -28.27, -28.15, -27.99, -27.75, -27.54, -27.33, -27.08, -26.85, -26.59, -26.27, -25.96, -25.62, -25.21, -24.82, -24.44, -24.10, -23.70, -23.30, -22.85, -22.34, -21.78, -21.16, -20.46, -19.72, -18.88, -17.89, -16.77, -15.38, -13.51, -9.86, -3.77, 1.01, 5.20, 5.20, 6.23, 6.40, 5.63, 4.03, 1.16, -3.95, -10.54, -13.54, -15.33, -16.68, -17.82, -18.79, -19.64, -20.42, -21.09, -21.71, -22.30, -22.81, -23.25, -23.65, -24.03, -24.39, -24.76, -25.16, -25.55, -25.94, -26.26, -26.55, -26.80, -27.09, -27.29, -27.53, -27.75, -27.92, -28.10, -28.29, -28.40, -28.41, -28.15, -27.82, -27.47, -27.27, -27.30, -27.63, -28.25, -28.89, -29.44, -29.70, -29.76, -29.84, -29.84, -29.90, -29.89, -29.82, -29.73, -29.43, -28.81, -26.03, -21.91, -19.10, -17.84, -17.23, -17.23
2026-10-01, 21:46:02, 88000000, 90500000, 19531.25, 15616, -16.24, -17.28, -17.98, -16.95, -14.77, -13.52, -13.71, -15.51, -18.01, -21.15, -25.98, -28.40, -29.11, -29.44, -29.59, -29.65, -29.73, -29.73, -29.69, -29.66, -29.60, -29.45, -29.04, -28.44, -27.62, -27.02, -26.83, -27.34, -27.92, -28.29, -28.47, -28.42, -28.28, -28.14, -27.89, -27.74, -27.51, -27.32, -27.08, -26.82, -26.57, -26.26, -25.97, -25.63, -25.19, -24.76, -24.38, -24.04, -23.71, -23.33, -22.88, -22.37, -21.82, -21.22, -20.52, -19.78, -18.95, -18.03, -16.95, -15.69, -14.04, -11.24, -6.37, -0.88, 5.53, 5.53, 7.12, 7.28, 5.65, 2.94, -0.33, -5.38, -11.18, -13.89, -15.57, -16.86, -17.96, -18.89, -19.74, -20.47, -21.15, -21.77, -22.34, -22.87, -23.31, -23.71, -24.03, -24.37, -24.76, -25.20, -25.60, -25.94, -26.27, -26.54, -26.81, -27.11, -27.30, -27.54, -27.74, -27.95, -28.09, -28.25, -28.43, -28.48, -28.34, -27.99, -27.38, -26.95, -26.93, -27.66, -28.50, -29.13, -29.55, -29.69, -29.78, -29.85, -29.87, -29.93, -29.93, -29.87, -29.79, -29.59, -29.16, -27.35, -24.15, -20.37, -18.11, -16.49, -16.49
2026-10-01, 21:46:03, 88000000, 90500000, 19531.25, 15488, -16.91, -17.17, -17.19, -16.61, -15.23, -14.23, -13.91, -14.93, -17.25, -20.97, -26.15, -28.36, -29.06, -29.40, -29.59, -29.68, -29.73, -29.72, -29.72, -29.65, -29.57, -29.38, -28.88, -28.30, -27.69, -27.19, -27.11, -27.28, -27.80, -28.19, -28.43, -28.44, -28.28, -28.08, -27.93, -27.74, -27.53, -27.31, -27.09, -26.82, -26.56, -26.29, -25.94, -25.56, -25.21, -24.84, -24.44, -24.03, -23.71, -23.31, -22.86, -22.35, -21.81, -21.15, -20.50, -19.75, -18.90, -17.95, -16.86, -15.54, -13.89, -11.33, -5.75, 0.70, 5.29, 5.29, 6.48, 6.74, 5.92, 3.69, 0.13, -5.26, -11.08, -13.77, -15.47, -16.79, -17.88, -18.85, -19.69, -20.45, -21.14, -21.75, -22.31, -22.83, -23.26, -23.68, -24.07, -24.39, -24.76, -25.17, -25.59, -25.95, -26.26, -26.57, -26.81, -27.10, -27.29, -27.53, -27.72, -27.92, -28.09, -28.28, -28.42, -28.47, -28.15, -27.85, -27.48, -27.18, -27.16, -27.61, -28.30, -29.10, -29.54, -29.72, -29.77, -29.86, -29.87, -29.93, -29.96, -29.88, -29.78, -29.58, -29.14, -27.70, -22.62, -19.39, -17.90, -16.98, -16.98
2026-10-01, 21:46:04, 88000000, 90500000, 19531.25, 15616, -17.79, -17.15, -16.66, -16.36, -15.73, -15.17, -14.79, -14.74, -15.57, -19.08, -25.34, -28.17, -28.94, -29.34, -29.55, -29.66, -29.74, -29.73, -29.69, -29.68, -29.57, -29.26, -28.58, -28.31, -27.85, -27.55, -27.44, -27.40, -27.51, -27.95, -28.42, -28.44, -28.29, -28.15, -27.96, -27.74, -27.53, -27.31, -27.07, -26.82, -26.58, -26.28, -25.92, -25.57, -25.21, -24.85, -24.45, -24.09, -23.68, -23.25, -22.82, -22.31, -21.74, -21.10, -20.39, -19.64, -18.77, -17.77, -16.59, -15.16, -13.27, -9.91, -2.35, 2.39, 4.98, 4.98, 5.63, 5.64, 5.50, 4.75, 2.33, -3.82, -10.55, -13.40, -15.20, -16.60, -17.74, -18.73, -19.62, -20.39, -21.09, -21.71, -22.29, -22.79, -23.25, -23.68, -24.06, -24.44, -24.82, -25.19, -25.51, -25.94, -26.27, -26.56, -26.83, -27.10, -27.32, -27.55, -27.75, -27.96, -28.10, -28.29, -28.42, -28.33, -27.93, -27.86, -27.53, -27.45, -27.58, -27.77, -28.05, -28.73, -29.47, -29.70, -29.82, -29.83, -29.87, -29.93, -29.89, -29.83, -29.74, -29.43, -28.81, -26.07, -20.02, -18.74, -18.06, -17.61, -17.61
2026-10-01, 21:46:05, 88000000, 90500000, 19531.25, 15424, -17.22, -17.38, -16.94, -16.39, -15.30, -14.55, -14.34, -14.94, -16.64, -19.85, -25.65, -28.26, -29.02, -29.37, -29.54, -29.67, -29.69, -29.69, -29.68, -29.63, -29.58, -29.34, -28.75, -28.19, -27.70, -27.34, -27.24, -27.29, -27.74, -28.11, -28.39, -28.41, -28.28, -28.13, -27.91, -27.71, -27.51, -27.31, -27.08, -26.80, -26.56, -26.26, -25.94, -25.57, -25.20, -24.84, -24.43, -24.06, -23.68, -23.31, -22.86, -22.35, -21.78, -21.17, -20.46, -19.71, -18.88, -17.92, -16.79, -15.46, -13.73, -10.97, -4.83, 1.46, 5.27, 5.27, 6.12, 6.30, 5.72, 3.98, 1.15, -4.29, -10.78, -13.64, -15.35, -16.70, -17.82, -18.79, -19.64, -20.41, -21.09, -21.72, -22.28, -22.80, -23.27, -23.65, -24.06, -24.41, -24.79, -25.16, -25.53, -25.90, -26.28, -26.55, -26.82, -27.08, -27.30, -27.55, -27.74, -27.93, -28.08, -28.28, -28.43, -28.43, -28.09, -27.80, -27.49, -27.33, -27.35, -27.68, -28.23, -28.92, -29.52, -29.72, -29.79, -29.82, -29.87, -29.91, -29.92, -29.85, -29.78, -29.54, -29.06, -27.05, -21.92, -18.93, -17.83, -17.15, -17.15
2026-10-01, 21:46:06, 88000000, 90500000, 19531.25, 15680, -17.43, -17.49, -16.92, -16.06, -15.37, -14.73, -14.43, -14.84, -16.54, -19.91, -25.18, -28.14, -29.03, -29.35, -29.57, -29.65, -29.73, -29.74, -29.73, -29.69, -29.59, -29.43, -28.84, -28.16, -27.73, -27.38, -27.30, -27.40, -27.66, -28.12, -28.43, -28.45, -28.30, -28.17, -27.96, -27.75, -27.57, -27.33, -27.09, -26.85, -26.60, -26.29, -25.96, -25.61, -25.21, -24.81, -24.49, -24.10, -23.70, -23.34, -22.88, -22.38, -21.82, -21.20, -20.52, -19.74, -18.90, -17.94, -16.84, -15.50, -13.80, -11.20, -5.34, 0.95, 5.36, 5.36, 6.06, 6.14, 5.68, 4.19, 1.19, -4.21, -10.38, -13.56, -15.36, -16.73, -17.85, -18.83, -19.68, -20.44, -21.14, -21.76, -22.34, -22.83, -23.27, -23.68, -24.09, -24.42, -24.81, -25.19, -25.59, -25.95, -26.30, -26.58, -26.87, -27.13, -27.35, -27.60, -27.79, -27.97, -28.16, -28.29, -28.47, -28.52, -28.18, -27.75, -27.51, -27.39, -27.45, -27.71, -28.21, -28.95, -29.52, -29.75, -29.83, -29.84, -29.89, -29.97, -29.97, -29.90, -29.81, -29.57, -29.11, -27.46, -22.33, -18.94, -17.49, -17.20, -17.20
2026-10-01, 21:46:07, 88000000, 90500000, 19531.25, 15552, -17.20, -17.25, -16.99, -16.37, -15.49, -14.54, -14.28, -14.70, -16.34, -20.58, -26.26, -28.43, -29.10, -29.42, -29.60, -29.70, -29.73, -29.78, -29.75, -29.67, -29.61, -29.37, -28.82, -28.28, -27.80, -27.36, -27.22, -27.37, -27.65, -28.13, -28.49, -28.46, -28.27, -28.16, -27.98, -27.75, -27.57, -27.35, -27.11, -26.85, -26.56, -26.29, -25.97, -25.61, -25.23, -24.84, -24.46, -24.07, -23.70, -23.31, -22.86, -22.36, -21.79, -21.18, -20.48, -19.72, -18.88, -17.91, -16.78, -15.44, -13.65, -10.64, -4.16, 1.03, 5.14, 5.14, 6.12, 6.34, 5.78, 4.37, 1.13, -5.67, -11.14, -13.68, -15.40, -16.73, -17.85, -18.81, -19.66, -20.41, -21.10, -21.74, -22.31, -22.80, -23.28, -23.67, -24.02, -24.42, -24.79, -25.15, -25.54, -25.91, -26.28, -26.54, -26.83, -27.08, -27.26, -27.52, -27.75, -27.92, -28.11, -28.26, -28.44, -28.43, -28.13, -27.78, -27.54, -27.35, -27.35, -27.62, -28.13, -28.90, -29.52, -29.69, -29.80, -29.82, -29.83, -29.89, -29.89, -29.81, -29.71, -29.47, -28.95, -26.89, -21.65, -19.23, -17.91, -17.27, -17.27
2026-10-01, 21:46:08, 88000000, 90500000, 19531.25, 15488, -17.60, -17.79, -16.75, -15.87, -15.23, -14.91, -14.70, -14.91, -16.16, -19.97, -25.54, -28.27, -29.01, -29.38, -29.57, -29.71, -29.71, -29.73, -29.71, -29.71, -29.56, -29.46, -28.80, -28.10, -27.64, -27.39, -27.38, -27.45, -27.65, -28.09, -28.46, -28.47, -28.29, -28.14, -27.97, -27.74, -27.53, -27.35, -27.10, -26.85, -26.59, -26.32, -25.98, -25.57, -25.17, -24.85, -24.48, -24.08, -23.70, -23.30, -22.87, -22.36, -21.80, -21.17, -20.49, -19.74, -18.89, -17.93, -16.82, -15.48, -13.80, -11.21, -5.65, 1.06, 5.62, 5.62, 5.98, 5.92, 5.40, 4.40, 1.41, -4.48, -10.68, -13.57, -15.35, -16.70, -17.85, -18.81, -19.68, -20.45, -21.12, -21.75, -22.32, -22.84, -23.27, -23.68, -24.09, -24.44, -24.85, -25.17, -25.60, -25.97, -26.29, -26.59, -26.88, -27.12, -27.35, -27.57, -27.75, -27.96, -28.13, -28.31, -28.46, -28.51, -28.15, -27.64, -27.40, -27.41, -27.51, -27.75, -28.18, -28.89, -29.52, -29.74, -29.83, -29.85, -29.89, -29.96, -29.96, -29.88, -29.79, -29.56, -29.10, -27.50, -22.57, -18.60, -17.29, -17.07, -17.07
2026-10-01, 21:46:09, 88000000, 90500000, 19531.25, 15552, -17.75, -17.88, -16.83, -15.77, -15.27, -15.07, -14.86, -15.11, -16.11, -19.29, -25.17, -28.12, -28.97, -29.37, -29.55, -29.65, -29.69, -29.73, -29.71, -29.65, -29.55, -29.40, -28.81, -28.08, -27.56, -27.42, -27.43, -27.53, -27.74, -28.00, -28.39, -28.43, -28.26, -28.13, -27.93, -27.73, -27.52, -27.32, -27.08, -26.82, -26.57, -26.28, -25.95, -25.58, -25.17, -24.83, -24.42, -24.06, -23.69, -23.28, -22.82, -22.33, -21.74, -21.14, -20.45, -19.68, -18.84, -17.88, -16.76, -15.44, -13.72, -11.13, -5.42, 1.27, 5.68, 5.68, 5.81, 5.73, 5.27, 4.18, 1.98, -3.84, -10.37, -13.45, -15.27, -16.65, -17.79, -18.78, -19.64, -20.38, -21.10, -21.73, -22.31, -22.81, -23.27, -23.64, -24.07, -24.44, -24.79, -25.17, -25.55, -25.94, -26.29, -26.55, -26.82, -27.10, -27.33, -27.56, -27.77, -27.95, -28.11, -28.31, -28.46, -28.47, -28.09, -27.64, -27.36, -27.46, -27.57, -27.78, -28.15, -28.75, -29.48, -29.69, -29.79, -29.84, -29.85, -29.92, -29.94, -29.85, -29.76, -29.54, -29.09, -27.41, -22.45, -18.54, -17.16, -17.20, -17.20
2026-10-01, 21:46:10, 88000000, 90500000, 19531.25, 15616, -17.73, -17.67, -16.91, -16.05, -15.30, -15.04, -15.11, -15.25, -16.10, -18.64, -23.72, -27.80, -28.88, -29.32, -29.55, -29.64, -29.71, -29.75, -29.68, -29.69, -29.54, -29.35, -28.67, -28.14, -27.66, -27.51, -27.53, -27.58, -27.62, -27.98, -28.32, -28.44, -28.28, -28.10, -27.93, -27.74, -27.52, -27.31, -27.09, -26.83, -26.56, -26.27, -25.94, -25.56, -25.19, -24.80, -24.43, -24.08, -23.69, -23.27, -22.80, -22.31, -21.74, -21.11, -20.43, -19.65, -18.79, -17.81, -16.65, -15.26, -13.45, -10.40, -3.61, 1.91, 5.38, 5.38, 5.85, 5.54, 5.01, 4.25, 2.06, -2.15, -9.40, -13.14, -15.11, -16.55, -17.72, -18.74, -19.60, -20.38, -21.07, -21.73, -22.28, -22.79, -23.27, -23.64, -24.04, -24.45, -24.81, -25.18, -25.53, -25.93, -26.26, -26.57, -26.84, -27.10, -27.30, -27.57, -27.77, -27.94, -28.11, -28.26, -28.42, -28.39, -28.05, -27.74, -27.47, -27.36, -27.62, -27.87, -28.19, -28.80, -29.35, -29.69, -29.83, -29.82, -29.86, -29.93, -29.90, -29.81, -29.72, -29.48, -28.92, -26.74, -21.00, -18.68, -17.57, -17.23, -17.23
2026-10-01, 21:46:11, 88000000, 90500000, 19531.25, 15616, -16.72, -17.41, -17.76, -16.65, -14.77, -13.99, -14.02, -15.23, -17.60, -21.25, -26.02, -28.44, -29.16, -29.48, -29.64, -29.76, -29.77, -29.80, -29.76, -29.75, -29.65, -29.50, -29.06, -28.38, -27.62, -27.12, -27.14, -27.34, -27.92, -28.34, -28.54, -28.53, -28.35, -28.21, -28.01, -27.81, -27.56, -27.39, -27.15, -26.92, -26.64, -26.35, -26.04, -25.68, -25.26, -24.88, -24.49, -24.13, -23.79, -23.40, -22.96, -22.45, -21.88, -21.30, -20.60, -19.85, -19.04, -18.10, -17.01, -15.72, -14.10, -11.40, -6.10, -0.56, 5.68, 5.68, 6.88, 6.74, 5.74, 3.33, -0.19, -5.55, -10.97, -13.93, -15.61, -16.89, -18.00, -18.95, -19.78, -20.53, -21.22, -21.84, -22.40, -22.93, -23.38, -23.76, -24.09, -24.45, -24.85, -25.27, -25.66, -26.03, -26.36, -26.64, -26.92, -27.16, -27.36, -27.61, -27.81, -28.02, -28.17, -28.35, -28.50, -28.56, -28.35, -27.97, -27.42, -27.08, -27.22, -27.75, -28.43, -29.14, -29.60, -29.77, -29.83, -29.89, -29.92, -29.99, -30.00, -29.88, -29.84, -29.65, -29.15, -27.39, -23.67, -20.15, -17.85, -16.48, -16.48
2026-10-01, 21:46:12, 88000000, 90500000, 19531.25, 15424, -17.14, -17.44, -17.24, -16.44, -15.30, -14.47, -14.31, -15.15, -16.69, -19.82, -24.90, -27.91, -29.01, -29.36, -29.58, -29.70, -29.71, -29.74, -29.74, -29.68, -29.60, -29.44, -28.95, -28.23, -27.76, -27.39, -27.28, -27.41, -27.80, -28.14, -28.49, -28.46, -28.33, -28.20, -27.98, -27.78, -27.60, -27.34, -27.17, -26.90, -26.62, -26.34, -26.01, -25.63, -25.29, -24.87, -24.50, -24.10, -23.75, -23.39, -22.92, -22.43, -21.86, -21.24, -20.56, -19.79, -18.94, -17.98, -16.87, -15.50, -13.70, -10.42, -4.39, 0.64, 5.21, 5.21, 6.24, 6.37, 5.56, 3.81, 1.32, -4.09, -9.74, -13.38, -15.34, -16.72, -17.86, -18.83, -19.71, -20.47, -21.16, -21.79, -22.37, -22.89, -23.31, -23.75, -24.12, -24.48, -24.83, -25.26, -25.63, -26.00, -26.36, -26.62, -26.89, -27.17, -27.37, -27.61, -27.80, -28.00, -28.16, -28.31, -28.48, -28.50, -28.23, -27.89, -27.56, -27.30, -27.42, -27.73, -28.36, -28.98, -29.55, -29.80, -29.86, -29.90, -29.95, -29.99, -30.01, -29.91, -29.83, -29.60, -29.04, -26.70, -22.35, -19.24, -17.92, -17.11, -17.11
2026-10-01, 21:46:13, 88000000, 90500000, 19531.25, 15552, -17.22, -17.61, -17.25, -16.07, -15.21, -14.53, -14.38, -15.35, -16.78, -19.73, -25.06, -28.15, -29.03, -29.42, -29.61, -29.74, -29.72, -29.76, -29.77, -29.71, -29.63, -29.47, -28.92, -28.18, -27.63, -27.39, -27.29, -27.48, -27.82, -28.13, -28.50, -28.49, -28.31, -28.21, -27.97, -27.81, -27.58, -27.38, -27.13, -26.87, -26.63, -26.35, -25.99, -25.65, -25.24, -24.86, -24.51, -24.13, -23.76, -23.36, -22.91, -22.39, -21.84, -21.21, -20.54, -19.77, -18.94, -18.00, -16.88, -15.56, -13.82, -11.12, -5.64, 0.54, 5.58, 5.58, 6.19, 6.31, 5.38, 3.74, 1.23, -4.09, -10.12, -13.48, -15.35, -16.76, -17.88, -18.86, -19.72, -20.48, -21.15, -21.80, -22.39, -22.88, -23.32, -23.72, -24.12, -24.48, -24.85, -25.25, -25.62, -26.00, -26.33, -26.60, -26.89, -27.15, -27.37, -27.62, -27.78, -27.99, -28.14, -28.38, -28.49, -28.54, -28.25, -27.80, -27.44, -27.34, -27.40, -27.75, -28.34, -28.95, -29.51, -29.73, -29.85, -29.87, -29.88, -29.97, -29.99, -29.90, -29.83, -29.60, -29.09, -27.40, -22.86, -19.11, -17.40, -17.07, -17.07
2026-10-01, 21:46:14, 88000000, 90500000, 19531.25, 15616, -16.84, -17.39, -17.65, -16.37, -14.96, -14.10, -13.91, -15.18, -17.47, -21.73, -26.49, -28.51, -29.16, -29.48, -29.62, -29.73, -29.74, -29.75, -29.74, -29.70, -29.61, -29.44, -29.06, -28.33, -27.60, -27.18, -27.05, -27.31, -27.83, -28.29, -28.52, -28.47, -28.29, -28.12, -27.95, -27.73, -27.56, -27.34, -27.10, -26.84, -26.60, -26.29, -25.99, -25.60, -25.20, -24.80, -24.45, -24.07, -23.72, -23.34, -22.90, -22.39, -21.83, -21.21, -20.54, -19.79, -18.97, -18.03, -16.97, -15.67, -14.10, -11.78, -6.79, -0.78, 5.67, 5.67, 6.65, 6.77, 5.75, 3.56, -0.26, -6.32, -11.43, -13.95, -15.61, -16.90, -17.98, -18.93, -19.77, -20.50, -21.19, -21.80, -22.36, -22.87, -23.33, -23.71, -24.07, -24.42, -24.78, -25.20, -25.63, -25.96, -26.30, -26.58, -26.83, -27.13, -27.33, -27.56, -27.75, -27.97, -28.13, -28.31, -28.44, -28.54, -28.38, -27.81, -27.37, -27.15, -27.22, -27.69, -28.35, -29.11, -29.55, -29.75, -29.80, -29.86, -29.88, -29.93, -29.95, -29.87, -29.81, -29.63, -29.27, -28.00, -24.00, -19.99, -17.58, -16.71, -16.71
2026-10-01, 21:46:15, 88000000, 90500000, 19531.25, 15616, -15.66, -17.41, -18.51, -17.22, -14.84, -12.87, -13.65, -15.73, -18.69, -22.97, -27.38, -28.74, -29.23, -29.51, -29.65, -29.70, -29.75, -29.75, -29.74, -29.70, -29.65, -29.51, -29.19, -28.52, -27.69, -26.86, -26.66, -27.44, -28.01, -28.43, -28.59, -28.49, -28.32, -28.14, -27.96, -27.78, -27.56, -27.36, -27.11, -26.88, -26.61, -26.33, -26.01, -25.69, -25.27, -24.82, -24.38, -24.10, -23.78, -23.41, -22.96, -22.42, -21.90, -21.29, -20.62, -19.90, -19.08, -18.18, -17.15, -15.93, -14.47, -12.51, -8.98, -2.42, 5.38, 5.38, 7.55, 7.69, 5.49, 2.55, -1.59, -7.86, -12.20, -14.28, -15.80, -17.04, -18.07, -19.00, -19.82, -20.55, -21.23, -21.84, -22.39, -22.92, -23.38, -23.75, -24.07, -24.35, -24.79, -25.25, -25.65, -25.99, -26.32, -26.62, -26.87, -27.12, -27.33, -27.59, -27.77, -27.96, -28.16, -28.29, -28.48, -28.58, -28.53, -28.12, -27.50, -26.76, -26.83, -27.75, -28.62, -29.26, -29.63, -29.74, -29.84, -29.86, -29.94, -29.98, -29.99, -29.91, -29.86, -29.68, -29.41, -28.63, -25.75, -21.21, -18.31, -16.47, -16.47
2026-10-01, 21:46:16, 88000000, 90500000, 19531.25, 15552, -13.26, -17.52, -21.85, -20.61, -15.41, -10.48, -13.25, -18.41, -23.47, -27.14, -28.46, -29.05, -29.37, -29.53, -29.66, -29.70, -29.72, -29.71, -29.69, -29.61, -29.55, -29.45, -29.37, -29.08, -28.23, -26.23, -25.60, -27.70, -28.48, -28.62, -28.51, -28.39, -28.21, -28.06, -27.91, -27.70, -27.48, -27.28, -27.03, -26.77, -26.52, -26.24, -25.95, -25.65, -25.28, -24.78, -24.12, -24.00, -23.77, -23.39, -22.91, -22.41, -21.86, -21.29, -20.63, -19.94, -19.15, -18.30, -17.34, -16.22, -14.95, -13.39, -11.38, -7.98, 3.32, 3.32, 8.93, 9.71, 4.09, -1.53, -7.29, -11.04, -13.19, -14.77, -16.08, -17.21, -18.19, -19.06, -19.84, -20.55, -21.20, -21.79, -22.36, -22.85, -23.34, -23.72, -24.04, -24.06, -24.72, -25.22, -25.60, -25.92, -26.23, -26.48, -26.77, -27.00, -27.25, -27.46, -27.66, -27.84, -28.02, -28.19, -28.36, -28.46, -28.56, -28.54, -27.84, -25.99, -25.86, -28.13, -29.02, -29.42, -29.56, -29.64, -29.72, -29.77, -29.80, -29.89, -29.86, -29.85, -29.81, -29.72, -29.52, -29.15, -28.35, -25.82, -21.54, -16.71, -16.71
2026-10-01, 21:46:17, 88000000, 90500000, 19531.25, 15616, -10.84, -21.15, -25.92, -25.23, -19.21, -8.14, -16.42, -24.04, -26.63, -27.65, -28.08, -28.35, -28.45, -28.50, -28.51, -28.49, -28.48, -28.45, -28.38, -28.33, -28.21, -28.11, -28.01, -27.84, -27.49, -25.65, -24.16, -27.02, -27.24, -27.17, -27.03, -26.91, -26.71, -26.57, -26.36, -26.16, -25.96, -25.74, -25.50, -25.27, -24.98, -24.69, -24.40, -24.09, -23.77, -23.38, -22.46, -22.60, -22.25, -21.82, -21.34, -20.85, -20.30, -19.71, -19.08, -18.38, -17.62, -16.78, -15.83, -14.75, -13.53, -12.10, -10.36, -8.16, 0.00, 0.00, 8.84, 10.90, 1.16, -4.65, -7.82, -10.12, -11.90, -13.38, -14.62, -15.70, -16.66, -17.52, -18.29, -18.99, -19.64, -20.24, -20.78, -21.29, -21.78, -22.21, -22.59, -22.39, -23.33, -23.73, -24.08, -24.37, -24.67, -24.96, -25.21, -25.49, -25.71, -25.97, -26.17, -26.34, -26.53, -26.70, -26.88, -27.05, -27.16, -27.24, -27.10, -25.14, -24.65, -27.40, -27.86, -28.03, -28.17, -28.25, -28.36, -28.46, -28.52, -28.61, -28.66, -28.67, -28.71, -28.69, -28.67, -28.55, -28.41, -28.00, -26.85, -20.76, -20.76
2026-10-01, 21:46:18, 88000000, 90500000, 19531.25, 15616, -14.61, -16.95, -20.45, -19.00, -14.56, -11.78, -12.91, -16.72, -22.01, -26.49, -28.29, -28.95, -29.35, -29.56, -29.69, -29.75, -29.75, -29.78, -29.76, -29.71, -29.65, -29.55, -29.45, -28.96, -27.95, -26.36, -26.24, -27.36, -28.41, -28.68, -28.60, -28.49, -28.32, -28.17, -27.98, -27.77, -27.57, -27.39, -27.15, -26.91, -26.65, -26.34, -26.08, -25.74, -25.36, -24.86, -24.32, -24.10, -23.86, -23.48, -23.02, -22.51, -21.98, -21.39, -20.75, -20.03, -19.25, -18.37, -17.39, -16.26, -14.93, -13.30, -11.17, -6.99, 4.74, 4.74, 8.59, 8.65, 5.58, 0.16, -6.19, -10.66, -13.04, -14.72, -16.08, -17.23, -18.24, -19.12, -19.92, -20.64, -21.30, -21.89, -22.45, -22.97, -23.44, -23.80, -24.08, -24.32, -24.77, -25.31, -25.72, -26.03, -26.34, -26.62, -26.86, -27.15, -27.37, -27.61, -27.77, -27.98, -28.13, -28.33, -28.48, -28.65, -28.70, -28.50, -27.61, -26.31, -26.39, -27.77, -28.99, -29.51, -29.70, -29.79, -29.85, -29.92, -29.96, -30.00, -30.03, -29.96, -29.95, -29.79, -29.59, -29.18, -28.17, -24.62, -19.83, -16.01, -16.01
2026-10-01, 21:46:19, 88000000, 90500000, 19531.25, 15552, -17.27, -17.73, -17.15, -16.17, -15.33, -14.62, -14.86, -15.60, -16.56, -18.63, -23.21, -27.21, -28.86, -29.31, -29.58, -29.66, -29.74, -29.74, -29.74, -29.69, -29.59, -29.34, -28.80, -28.16, -27.77, -27.37, -27.35, -27.57, -27.81, -28.07, -28.29, -28.43, -28.31, -28.15, -27.93, -27.75, -27.52, -27.34, -27.12, -26.84, -26.61, -26.30, -25.96, -25.57, -25.22, -24.85, -24.46, -24.07, -23.72, -23.30, -22.83, -22.34, -21.78, -21.15, -20.45, -19.69, -18.83, -17.85, -16.72, -15.32, -13.45, -10.01, -3.83, 1.26, 5.27, 5.27, 6.12, 5.97, 5.03, 3.59, 1.82, -2.10, -7.84, -12.71, -15.06, -16.53, -17.72, -18.72, -19.61, -20.38, -21.10, -21.72, -22.30, -22.81, -23.26, -23.67, -24.07, -24.44, -24.79, -25.20, -25.58, -25.92, -26.28, -26.56, -26.84, -27.10, -27.34, -27.59, -27.77, -27.94, -28.12, -28.30, -28.45, -28.44, -28.10, -27.74, -27.46, -27.38, -27.44, -27.92, -28.38, -28.78, -29.42, -29.70, -29.80, -29.85, -29.90, -29.94, -29.92, -29.86, -29.79, -29.53, -28.94, -26.07, -21.79, -18.75, -17.61, -17.25, -17.25
2026-10-01, 21:46:20, 88000000, 90500000, 19531.25, 15616, -16.73, -17.85, -17.53, -16.37, -14.96, -14.01, -14.51, -15.41, -17.05, -20.01, -25.24, -28.16, -29.08, -29.43, -29.64, -29.74, -29.77, -29.80, -29.78, -29.72, -29.65, -29.43, -29.08, -28.36, -27.66, -27.17, -27.26, -27.50, -27.86, -28.16, -28.49, -28.49, -28.32, -28.18, -28.00, -27.78, -27.59, -27.40, -27.15, -26.89, -26.63, -26.35, -26.05, -25.67, -25.25, -24.86, -24.48, -24.14, -23.78, -23.38, -22.93, -22.42, -21.88, -21.24, -20.57, -19.82, -18.98, -18.03, -16.94, -15.62, -13.83, -10.73, -5.55, -0.53, 5.60, 5.60, 6.75, 6.48, 5.29, 3.43, 0.95, -3.98, -10.25, -13.62, -15.44, -16.79, -17.93, -18.90, -19.74, -20.49, -21.19, -21.81, -22.39, -22.90, -23.34, -23.71, -24.09, -24.46, -24.84, -25.25, -25.62, -26.01, -26.34, -26.62, -26.88, -27.16, -27.38, -27.61, -27.80, -28.00, -28.15, -28.33, -28.49, -28.53, -28.35, -27.88, -27.44, -27.08, -27.28, -27.84, -28.49, -29.02, -29.50, -29.77, -29.85, -29.90, -29.92, -29.99, -29.98, -29.91, -29.85, -29.61, -29.17, -26.95, -23.95, -19.52, -17.67, -16.77, -16.77
2026-10-01, 21:46:21, 88000000, 90500000, 19531.25, 15616, -15.76, -17.25, -18.41, -17.38, -14.96, -13.01, -13.57, -15.76, -18.67, -22.13, -26.48, -28.60, -29.22, -29.46, -29.63, -29.71, -29.74, -29.77, -29.72, -29.68, -29.61, -29.47, -29.15, -28.56, -27.74, -26.87, -26.66, -27.37, -28.09, -28.42, -28.50, -28.46, -28.30, -28.12, -27.95, -27.74, -27.53, -27.36, -27.13, -26.85, -26.59, -26.30, -26.00, -25.65, -25.26, -24.82, -24.39, -24.06, -23.76, -23.36, -22.93, -22.42, -21.87, -21.26, -20.59, -19.87, -19.03, -18.14, -17.07, -15.85, -14.28, -11.36, -7.24, -1.54, 5.10, 5.10, 7.43, 7.68, 5.60, 2.42, -1.42, -5.93, -11.63, -14.05, -15.67, -16.94, -18.01, -18.94, -19.77, -20.52, -21.17, -21.81, -22.36, -22.87, -23.35, -23.71, -24.06, -24.36, -24.77, -25.22, -25.63, -25.96, -26.28, -26.59, -26.84, -27.11, -27.31, -27.57, -27.75, -27.96, -28.13, -28.29, -28.45, -28.52, -28.38, -28.08, -27.58, -26.85, -26.81, -27.70, -28.60, -29.21, -29.57, -29.71, -29.81, -29.89, -29.91, -29.97, -29.94, -29.93, -29.84, -29.68, -29.25, -27.80, -24.73, -20.94, -18.54, -16.57, -16.57
2026-10-01, 21:46:22, 88000000, 90500000, 19531.25, 15616, -17.00, -17.79, -17.80, -16.15, -14.63, -14.24, -14.37, -15.16, -17.14, -21.26, -26.22, -28.46, -29.14, -29.45, -29.62, -29.70, -29.74, -29.73, -29.75, -29.71, -29.61, -29.45, -29.14, -28.32, -27.46, -27.09, -27.28, -27.39, -27.82, -28.25, -28.48, -28.47, -28.29, -28.15, -27.96, -27.75, -27.53, -27.32, -27.11, -26.84, -26.57, -26.30, -26.02, -25.64, -25.21, -24.79, -24.44, -24.08, -23.73, -23.34, -22.90, -22.39, -21.82, -21.20, -20.54, -19.80, -18.96, -18.02, -16.93, -15.65, -13.97, -11.33, -6.52, -1.23, 6.13, 6.13, 6.81, 6.31, 5.54, 3.61, 0.36, -5.79, -11.11, -13.91, -15.55, -16.86, -17.95, -18.88, -19.73, -20.49, -21.15, -21.78, -22.36, -22.86, -23.32, -23.68, -24.04, -24.43, -24.80, -25.20, -25.59, -25.97, -26.28, -26.57, -26.85, -27.11, -27.29, -27.57, -27.74, -27.94, -28.14, -28.28, -28.45, -28.53, -28.34, -27.89, -27.19, -27.11, -27.36, -27.70, -28.35, -29.00, -29.57, -29.73, -29.78, -29.84, -29.89, -29.95, -29.96, -29.90, -29.82, -29.62, -29.19, -27.41, -24.34, -20.33, -17.35, -16.38, -16.38
2026-10-01, 21:46:23, 88000000, 90500000, 19531.25, 16256, -16.66, -17.61, -17.97, -16.52, -14.85, -13.93, -14.27, -15.61, -17.63, -20.20, -24.62, -28.23, -29.12, -29.44, -29.62, -29.70, -29.76, -29.77, -29.77, -29.71, -29.62, -29.45, -29.06, -28.35, -27.61, -27.11, -27.08, -27.50, -27.96, -28.23, -28.43, -28.48, -28.31, -28.18, -28.00, -27.77, -27.55, -27.37, -27.12, -26.87, -26.62, -26.32, -26.01, -25.66, -25.25, -24.85, -24.44, -24.10, -23.74, -23.38, -22.91, -22.40, -21.83, -21.23, -20.54, -19.80, -18.96, -18.01, -16.90, -15.57, -13.68, -10.35, -5.44, -0.57, 5.63, 5.63, 6.84, 6.68, 5.36, 3.02, 0.41, -3.95, -9.85, -13.59, -15.41, -16.79, -17.91, -18.88, -19.72, -20.49, -21.18, -21.79, -22.36, -22.89, -23.33, -23.70, -24.08, -24.42, -24.81, -25.25, -25.62, -25.96, -26.30, -26.60, -26.85, -27.15, -27.32, -27.59, -27.76, -27.98, -28.14, -28.29, -28.44, -28.50, -28.31, -27.94, -27.37, -27.16, -27.29, -27.74, -28.51, -29.03, -29.53, -29.76, -29.81, -29.88, -29.90, -29.98, -29.96, -29.91, -29.82, -29.59, -28.83, -26.96, -23.35, -20.17, -17.75, -16.58, -16.58
2026-10-01, 21:46:24, 88000000, 90500000, 19531.25, 18240, -16.44, -17.03, -17.82, -17.29, -15.26, -13.82, -13.85, -15.30, -17.70, -20.81, -25.27, -28.25, -29.09, -29.42, -29.64, -29.72, -29.76, -29.77, -29.74, -29.71, -29.60, -29.36, -28.91, -28.56, -27.90, -27.16, -26.96, -27.32, -27.86, -28.31, -28.48, -28.47, -28.31, -28.19, -27.98, -27.77, -27.57, -27.37, -27.12, -26.86, -26.61, -26.30, -25.99, -25.66, -25.28, -24.85, -24.45, -24.08, -23.72, -23.35, -22.90, -22.39, -21.84, -21.22, -20.51, -19.75, -18.92, -17.96, -16.82, -15.40, -13.42, -9.24, -3.33, 0.26, 4.79, 4.79, 6.78, 7.01, 5.72, 3.22, -0.09, -4.46, -10.65, -13.70, -15.48, -16.83, -17.93, -18.90, -19.75, -20.51, -21.17, -21.80, -22.37, -22.89, -23.33, -23.75, -24.08, -24.42, -24.79, -25.23, -25.62, -25.98, -26.30, -26.61, -26.89, -27.15, -27.35, -27.60, -27.79, -27.97, -28.15, -28.29, -28.42, -28.39, -28.22, -28.08, -27.60, -27.14, -27.14, -27.66, -28.52, -29.12, -29.51, -29.74, -29.82, -29.87, -29.94, -29.97, -29.97, -29.89, -29.80, -29.54, -28.79, -25.30, -22.12, -20.27, -18.65, -16.94, -16.94
2026-10-01, 21:46:25, 88000000, 90500000, 19531.25, 17280, -16.26, -17.39, -18.20, -16.84, -14.84, -13.55, -13.86, -15.68, -17.85, -21.34, -26.13, -28.49, -29.20, -29.50, -29.65, -29.73, -29.80, -29.77, -29.75, -29.74, -29.65, -29.49, -29.07, -28.49, -27.62, -27.10, -26.89, -27.47, -27.99, -28.32, -28.53, -28.47, -28.36, -28.18, -28.00, -27.79, -27.56, -27.37, -27.15, -26.90, -26.63, -26.33, -26.03, -25.68, -25.28, -24.87, -24.45, -24.12, -23.80, -23.39, -22.95, -22.45, -21.87, -21.27, -20.59, -19.86, -19.03, -18.10, -17.04, -15.75, -14.04, -11.32, -6.42, -1.05, 5.56, 5.56, 7.03, 7.28, 5.37, 2.90, -0.21, -5.72, -10.96, -13.90, -15.61, -16.91, -18.02, -18.95, -19.79, -20.54, -21.21, -21.84, -22.39, -22.91, -23.38, -23.75, -24.08, -24.43, -24.84, -25.26, -25.65, -25.98, -26.34, -26.62, -26.89, -27.16, -27.37, -27.58, -27.78, -27.98, -28.18, -28.30, -28.46, -28.53, -28.45, -28.04, -27.41, -27.01, -27.00, -27.79, -28.52, -29.12, -29.60, -29.75, -29.83, -29.90, -29.95, -29.96, -29.98, -29.91, -29.85, -29.63, -29.02, -27.72, -23.98, -20.66, -18.03, -16.56, -16.56
2026-10-01, 21:46:26, 88000000, 90500000, 19531.25, 15488, -16.05, -17.82, -18.35, -16.46, -15.14, -13.29, -14.36, -16.02, -16.88, -21.09, -25.81, -28.45, -29.18, -29.48, -29.67, -29.77, -29.80, -29.81, -29.78, -29.72, -29.67, -29.54, -29.18, -28.37, -27.83, -27.06, -26.95, -27.61, -27.89, -28.29, -28.57, -28.56, -28.36, -28.24, -28.02, -27.84, -27.64, -27.41, -27.18, -26.96, -26.69, -26.39, -26.10, -25.74, -25.30, -24.91, -24.47, -24.19, -23.84, -23.43, -22.98, -22.49, -21.94, -21.31, -20.65, -19.90, -19.07, -18.14, -17.07, -15.79, -14.19, -11.52, -6.27, -1.27, 5.26, 5.26, 7.16, 7.13, 4.81, 3.50, 0.41, -5.51, -11.09, -13.88, -15.60, -16.92, -18.02, -18.97, -19.81, -20.58, -21.25, -21.86, -22.44, -22.93, -23.42, -23.79, -24.17, -24.46, -24.90, -25.34, -25.66, -26.06, -26.38, -26.67, -26.93, -27.21, -27.41, -27.66, -27.84, -28.04, -28.21, -28.38, -28.54, -28.62, -28.45, -28.02, -27.57, -26.91, -27.13, -28.05, -28.45, -29.09, -29.64, -29.78, -29.88, -29.92, -29.97, -30.03, -30.03, -29.96, -29.89, -29.71, -29.27, -27.75, -23.79, -20.62, -17.86, -16.83, -16.83
2026-10-01, 21:46:27, 88000000, 90500000, 19531.25, 15552, -15.93, -17.40, -18.89, -17.29, -14.55, -13.14, -13.80, -16.13, -18.24, -21.99, -25.84, -28.52, -29.22, -29.53, -29.67, -29.76, -29.78, -29.79, -29.79, -29.75, -29.63, -29.47, -29.20, -28.68, -27.71, -26.84, -26.80, -27.53, -28.06, -28.39, -28.52, -28.51, -28.33, -28.19, -28.02, -27.81, -27.57, -27.38, -27.14, -26.92, -26.62, -26.34, -26.05, -25.73, -25.31, -24.85, -24.42, -24.13, -23.81, -23.41, -22.96, -22.44, -21.91, -21.29, -20.62, -19.87, -19.08, -18.13, -17.11, -15.81, -14.15, -10.72, -6.05, -2.21, 5.46, 5.46, 7.58, 7.42, 5.21, 2.46, -0.83, -5.69, -11.16, -13.95, -15.67, -16.95, -18.06, -18.98, -19.81, -20.56, -21.24, -21.86, -22.41, -22.93, -23.38, -23.76, -24.10, -24.41, -24.83, -25.26, -25.68, -26.02, -26.33, -26.63, -26.91, -27.16, -27.37, -27.60, -27.80, -28.00, -28.13, -28.33, -28.46, -28.54, -28.48, -28.18, -27.44, -26.79, -27.00, -27.84, -28.58, -29.22, -29.61, -29.79, -29.86, -29.91, -29.96, -30.00, -29.99, -29.93, -29.91, -29.66, -29.05, -27.23, -24.47, -21.67, -18.46, -16.18, -16.18
2026-10-01, 21:46:28, 88000000, 90500000, 19531.25, 15552, -16.90, -17.20, -17.29, -16.81, -15.45, -14.25, -13.97, -14.88, -17.27, -21.26, -25.69, -28.44, -29.19, -29.51, -29.71, -29.81, -29.81, -29.84, -29.82, -29.76, -29.69, -29.50, -29.02, -28.45, -27.82, -27.34, -27.14, -27.41, -27.85, -28.34, -28.56, -28.54, -28.40, -28.25, -28.04, -27.85, -27.64, -27.41, -27.18, -26.95, -26.69, -26.40, -26.07, -25.72, -25.34, -24.91, -24.55, -24.16, -23.81, -23.42, -23.00, -22.48, -21.91, -21.29, -20.62, -19.86, -19.03, -18.06, -16.96, -15.62, -13.84, -10.64, -4.68, 0.36, 5.13, 5.13, 6.24, 6.77, 5.87, 3.81, -0.11, -5.08, -10.91, -13.86, -15.56, -16.88, -17.98, -18.95, -19.79, -20.55, -21.22, -21.87, -22.42, -22.93, -23.38, -23.79, -24.14, -24.49, -24.85, -25.26, -25.67, -26.05, -26.39, -26.67, -26.93, -27.22, -27.41, -27.66, -27.84, -28.03, -28.19, -28.35, -28.52, -28.52, -28.28, -27.96, -27.64, -27.35, -27.28, -27.65, -28.38, -29.13, -29.64, -29.81, -29.89, -29.92, -29.95, -29.99, -30.00, -29.93, -29.84, -29.62, -29.08, -26.67, -22.56, -19.60, -18.18, -17.22, -17.22
2026-10-01, 21:46:29, 88000000, 90500000, 19531.25, 15616, -15.91, -17.32, -18.39, -17.42, -15.01, -13.17, -13.82, -15.76, -18.14, -21.40, -26.47, -28.61, -29.23, -29.53, -29.69, -29.80, -29.82, -29.81, -29.81, -29.74, -29.64, -29.49, -29.15, -28.63, -27.88, -26.96, -26.89, -27.49, -28.04, -28.40, -28.57, -28.55, -28.38, -28.24, -28.03, -27.83, -27.63, -27.40, -27.19, -26.94, -26.67, -26.37, -26.07, -25.76, -25.33, -24.93, -24.45, -24.18, -23.84, -23.45, -22.97, -22.49, -21.93, -21.32, -20.64, -19.91, -19.06, -18.14, -17.06, -15.76, -14.07, -10.66, -5.22, -1.22, 4.97, 4.97, 7.36, 7.41, 5.49, 2.63, -0.51, -5.81, -11.49, -14.05, -15.70, -16.99, -18.09, -19.02, -19.84, -20.59, -21.27, -21.89, -22.44, -22.95, -23.44, -23.80, -24.16, -24.46, -24.84, -25.28, -25.68, -26.04, -26.38, -26.68, -26.95, -27.20, -27.39, -27.63, -27.84, -28.03, -28.18, -28.38, -28.54, -28.55, -28.49, -28.17, -27.65, -26.86, -26.97, -27.79, -28.67, -29.18, -29.64, -29.82, -29.88, -29.95, -29.98, -29.98, -29.99, -29.96, -29.86, -29.69, -29.11, -26.95, -23.66, -20.99, -18.69, -16.63, -16.63
2026-10-01, 21:46:30, 88000000, 90500000, 19531.25, 15616, -16.52, -17.50, -17.89, -16.80, -14.97, -13.76, -14.09, -15.49, -17.41, -21.40, -25.80, -28.50, -29.21, -29.50, -29.66, -29.73, -29.81, -29.82, -29.78, -29.74, -29.69, -29.48, -29.07, -28.48, -27.78, -27.08, -27.06, -27.51, -27.90, -28.33, -28.56, -28.56, -28.35, -28.22, -28.01, -27.82, -27.61, -27.41, -27.18, -26.91, -26.64, -26.36, -26.04, -25.70, -25.30, -24.89, -24.50, -24.15, -23.82, -23.42, -22.98, -22.46, -21.92, -21.29, -20.62, -19.88, -19.06, -18.12, -17.04, -15.76, -14.15, -11.50, -5.98, -0.63, 5.37, 5.37, 7.05, 6.85, 5.38, 3.32, -0.06, -5.30, -11.05, -13.94, -15.60, -16.93, -18.02, -18.97, -19.79, -20.55, -21.24, -21.84, -22.43, -22.94, -23.38, -23.76, -24.13, -24.46, -24.86, -25.27, -25.69, -26.04, -26.38, -26.65, -26.91, -27.17, -27.38, -27.64, -27.85, -28.03, -28.21, -28.39, -28.53, -28.59, -28.45, -27.99, -27.51, -27.02, -27.17, -27.86, -28.49, -29.14, -29.60, -29.81, -29.89, -29.92, -29.99, -30.03, -30.03, -29.96, -29.92, -29.71, -29.31, -27.53, -23.66, -20.21, -18.11, -16.67, -16.67
2026-10-01, 21:46:31, 88000000, 90500000, 19531.25, 15616, -15.86, -17.68, -18.99, -17.19, -14.41, -13.07, -14.07, -16.00, -18.31, -21.25, -26.55, -28.57, -29.20, -29.51, -29.69, -29.75, -29.79, -29.82, -29.79, -29.76, -29.64, -29.56, -29.28, -28.69, -27.67, -26.82, -26.86, -27.57, -28.06, -28.34, -28.56, -28.51, -28.34, -28.19, -27.98, -27.80, -27.61, -27.38, -27.14, -26.90, -26.63, -26.35, -26.05, -25.70, -25.29, -24.85, -24.43, -24.12, -23.81, -23.43, -22.95, -22.46, -21.91, -21.30, -20.62, -19.90, -19.10, -18.17, -17.11, -15.86, -14.37, -11.70, -7.33, -2.73, 5.76, 5.76, 7.62, 7.32, 5.15, 2.49, -0.37, -5.77, -11.53, -14.09, -15.70, -16.98, -18.05, -18.99, -19.82, -20.55, -21.24, -21.85, -22.40, -22.93, -23.38, -23.76, -24.07, -24.39, -24.82, -25.26, -25.65, -26.00, -26.35, -26.63, -26.90, -27.15, -27.37, -27.60, -27.79, -27.99, -28.16, -28.34, -28.48, -28.57, -28.50, -28.21, -27.33, -26.72, -26.99, -27.92, -28.63, -29.13, -29.60, -29.77, -29.86, -29.88, -29.92, -29.98, -29.99, -29.97, -29.88, -29.70, -29.38, -28.03, -24.97, -21.98, -18.30, -16.12, -16.12
2026-10-01, 21:46:32, 88000000, 90500000, 19531.25, 15616, -16.38, -17.05, -17.83, -17.32, -15.20, -13.67, -13.69, -15.16, -18.25, -21.79, -25.81, -28.50, -29.21, -29.56, -29.71, -29.77, -29.82, -29.84, -29.82, -29.78, -29.69, -29.47, -29.09, -28.56, -27.90, -27.16, -27.02, -27.31, -27.98, -28.41, -28.59, -28.55, -28.40, -28.22, -28.03, -27.87, -27.63, -27.41, -27.16, -26.93, -26.69, -26.40, -26.09, -25.75, -25.32, -24.91, -24.53, -24.15, -23.83, -23.47, -23.01, -22.50, -21.94, -21.33, -20.66, -19.91, -19.07, -18.14, -17.04, -15.76, -14.01, -10.66, -5.16, -0.32, 5.00, 5.00, 6.90, 7.13, 5.94, 3.14, -1.10, -5.57, -10.74, -13.89, -15.64, -16.93, -18.04, -18.99, -19.83, -20.59, -21.26, -21.87, -22.43, -22.96, -23.41, -23.81, -24.16, -24.49, -24.85, -25.28, -25.72, -26.07, -26.39, -26.66, -26.95, -27.20, -27.43, -27.65, -27.83, -28.04, -28.22, -28.36, -28.53, -28.58, -28.39, -28.13, -27.64, -27.07, -27.04, -27.63, -28.52, -29.30, -29.61, -29.83, -29.90, -29.97, -29.96, -30.05, -30.06, -29.95, -29.91, -29.71, -29.21, -27.02, -23.00, -20.39, -18.57, -16.86, -16.86
2026-10-01, 21:46:33, 88000000, 90500000, 19531.25, 15616, -16.72, -17.47, -17.60, -16.78, -15.18, -14.06, -14.28, -15.35, -17.06, -20.68, -25.60, -28.39, -29.14, -29.46, -29.65, -29.75, -29.81, -29.82, -29.81, -29.72, -29.67, -29.47, -28.99, -28.50, -27.78, -27.17, -27.11, -27.51, -27.91, -28.26, -28.52, -28.52, -28.35, -28.24, -28.01, -27.82, -27.62, -27.43, -27.17, -26.92, -26.67, -26.36, -26.02, -25.69, -25.28, -24.89, -24.50, -24.14, -23.80, -23.38, -22.96, -22.45, -21.88, -21.26, -20.58, -19.83, -18.98, -18.03, -16.90, -15.55, -13.69, -9.83, -4.47, 0.62, 5.22, 5.22, 6.64, 6.67, 5.32, 3.54, 0.55, -4.76, -10.64, -13.72, -15.49, -16.84, -17.94, -18.92, -19.77, -20.52, -21.21, -21.82, -22.40, -22.90, -23.37, -23.76, -24.14, -24.46, -24.89, -25.28, -25.67, -26.02, -26.37, -26.65, -26.93, -27.21, -27.40, -27.64, -27.82, -28.02, -28.20, -28.35, -28.49, -28.52, -28.26, -28.03, -27.54, -27.25, -27.31, -27.88, -28.42, -29.07, -29.58, -29.79, -29.91, -29.91, -29.97, -30.00, -30.04, -29.92, -29.86, -29.62, -29.00, -26.26, -22.30, -19.89, -18.18, -16.90, -16.90
2026-10-01, 21:46:34, 88000000, 90500000, 19531.25, 15488, -17.32, -17.00, -16.80, -16.69, -15.84, -14.77, -14.22, -14.65, -16.54, -20.39, -25.39, -28.29, -29.09, -29.39, -29.60, -29.68, -29.75, -29.75, -29.74, -29.68, -29.62, -29.30, -28.74, -28.29, -27.87, -27.46, -27.29, -27.35, -27.67, -28.16, -28.43, -28.47, -28.30, -28.19, -27.97, -27.76, -27.54, -27.35, -27.12, -26.86, -26.59, -26.30, -25.95, -25.61, -25.23, -24.85, -24.48, -24.08, -23.69, -23.31, -22.88, -22.37, -21.78, -21.16, -20.46, -19.69, -18.83, -17.83, -16.69, -15.24, -13.31, -9.65, -2.67, 1.74, 4.75, 4.75, 5.77, 6.26, 5.92, 4.31, 0.81, -4.47, -10.66, -13.64, -15.39, -16.73, -17.87, -18.84, -19.70, -20.46, -21.15, -21.78, -22.35, -22.84, -23.33, -23.69, -24.11, -24.49, -24.79, -25.19, -25.61, -25.97, -26.33, -26.61, -26.88, -27.11, -27.36, -27.61, -27.79, -27.97, -28.15, -28.29, -28.47, -28.37, -28.08, -27.93, -27.71, -27.51, -27.33, -27.54, -28.21, -29.00, -29.53, -29.76, -29.82, -29.88, -29.91, -29.95, -29.94, -29.84, -29.77, -29.48, -28.77, -25.72, -20.85, -18.96, -18.24, -17.64, -17.64
2026-10-01, 21:46:35, 88000000, 90500000, 19531.25, 15616, -16.01, -17.17, -17.81, -17.09, -14.74, -13.24, -13.56, -15.34, -17.86, -21.94, -27.01, -28.54, -29.12, -29.39, -29.55, -29.65, -29.68, -29.71, -29.65, -29.65, -29.55, -29.43, -28.98, -28.46, -27.62, -26.90, -26.69, -27.28, -27.88, -28.21, -28.49, -28.37, -28.23, -28.08, -27.87, -27.68, -27.49, -27.27, -27.03, -26.78, -26.54, -26.24, -25.96, -25.57, -25.19, -24.73, -24.34, -24.00, -23.70, -23.31, -22.86, -22.36, -21.80, -21.19, -20.52, -19.79, -18.96, -18.05, -17.00, -15.77, -14.25, -12.19, -8.00, -0.62, 5.47, 5.47, 7.31, 7.49, 5.79, 3.13, -0.41, -7.28, -11.77, -14.04, -15.61, -16.88, -17.94, -18.87, -19.69, -20.44, -21.11, -21.74, -22.29, -22.80, -23.27, -23.66, -23.96, -24.29, -24.70, -25.12, -25.54, -25.90, -26.22, -26.51, -26.78, -27.04, -27.25, -27.50, -27.70, -27.89, -28.07, -28.19, -28.39, -28.48, -28.25, -27.98, -27.37, -26.83, -26.88, -27.60, -28.40, -29.08, -29.53, -29.65, -29.74, -29.80, -29.86, -29.89, -29.90, -29.81, -29.76, -29.58, -29.24, -28.32, -24.33, -20.23, -18.31, -16.39, -16.39
2026-10-01, 21:46:36, 88000000, 90500000, 19531.25, 16576, -16.57, -17.39, -17.20, -16.11, -14.87, -13.87, -14.01, -15.30, -16.86, -19.57, -24.59, -27.70, -28.82, -29.21, -29.37, -29.48, -29.53, -29.55, -29.52, -29.49, -29.40, -29.24, -28.73, -27.95, -27.42, -27.06, -26.89, -27.27, -27.63, -27.96, -28.21, -28.21, -28.08, -27.94, -27.73, -27.51, -27.32, -27.11, -26.87, -26.63, -26.36, -26.07, -25.77, -25.38, -24.98, -24.59, -24.23, -23.86, -23.49, -23.10, -22.65, -22.14, -21.57, -20.96, -20.27, -19.53, -18.68, -17.73, -16.64, -15.34, -13.69, -10.96, -5.87, 0.49, 5.73, 5.73, 6.75, 6.87, 5.55, 3.66, 1.36, -3.78, -9.63, -13.10, -15.14, -16.50, -17.64, -18.60, -19.46, -20.23, -20.90, -21.53, -22.10, -22.63, -23.08, -23.45, -23.82, -24.18, -24.56, -24.99, -25.35, -25.71, -26.06, -26.34, -26.61, -26.89, -27.10, -27.33, -27.54, -27.71, -27.88, -28.03, -28.21, -28.26, -27.99, -27.66, -27.22, -26.95, -27.00, -27.56, -28.18, -28.67, -29.26, -29.46, -29.58, -29.61, -29.65, -29.71, -29.72, -29.63, -29.57, -29.35, -28.91, -27.09, -23.24, -19.07, -17.40, -16.69, -16.69
2026-10-01, 21:46:37, 88000000, 90500000, 19531.25, 16384, -16.44, -17.41, -17.25, -16.00, -14.69, -13.73, -14.29, -15.54, -16.84, -18.42, -23.23, -27.27, -28.62, -29.04, -29.26, -29.36, -29.44, -29.44, -29.42, -29.38, -29.31, -29.08, -28.58, -27.96, -27.36, -26.87, -26.90, -27.33, -27.64, -27.79, -28.03, -28.14, -27.99, -27.83, -27.64, -27.44, -27.24, -27.00, -26.81, -26.57, -26.28, -26.00, -25.67, -25.30, -24.92, -24.49, -24.13, -23.78, -23.43, -23.03, -22.56, -22.05, -21.49, -20.86, -20.16, -19.42, -18.56, -17.61, -16.49, -15.13, -13.31, -10.09, -3.98, 0.95, 5.82, 5.82, 7.00, 6.82, 5.21, 3.42, 1.87, -2.10, -8.03, -12.85, -14.86, -16.32, -17.48, -18.47, -19.33, -20.12, -20.80, -21.44, -22.01, -22.52, -22.97, -23.37, -23.75, -24.11, -24.50, -24.93, -25.31, -25.62, -26.01, -26.27, -26.53, -26.82, -27.03, -27.27, -27.43, -27.65, -27.82, -27.96, -28.13, -28.18, -27.87, -27.54, -27.15, -26.78, -26.98, -27.59, -28.14, -28.58, -29.13, -29.39, -29.50, -29.55, -29.58, -29.63, -29.62, -29.55, -29.44, -29.23, -28.70, -26.14, -22.05, -18.96, -17.27, -16.53, -16.53
2026-10-01, 21:46:38, 88000000, 90500000, 19531.25, 15616, -15.54, -16.97, -18.19, -16.40, -14.02, -12.79, -13.32, -15.42, -17.70, -20.68, -25.47, -28.00, -28.72, -29.03, -29.16, -29.25, -29.30, -29.30, -29.28, -29.26, -29.17, -29.04, -28.72, -28.08, -27.15, -26.47, -26.26, -26.98, -27.55, -27.89, -28.02, -28.01, -27.84, -27.69, -27.49, -27.28, -27.10, -26.90, -26.65, -26.41, -26.13, -25.85, -25.56, -25.22, -24.78, -24.34, -23.94, -23.62, -23.30, -22.89, -22.46, -21.95, -21.39, -20.79, -20.11, -19.38, -18.56, -17.67, -16.60, -15.37, -13.81, -11.61, -6.61, -1.74, 6.27, 6.27, 7.84, 7.92, 5.79, 3.10, 0.01, -4.60, -10.45, -13.46, -15.11, -16.41, -17.49, -18.44, -19.27, -20.01, -20.69, -21.31, -21.89, -22.38, -22.86, -23.21, -23.54, -23.87, -24.31, -24.75, -25.15, -25.48, -25.83, -26.10, -26.35, -26.64, -26.85, -27.07, -27.29, -27.47, -27.64, -27.83, -27.98, -28.07, -28.00, -27.60, -26.85, -26.36, -26.50, -27.32, -28.12, -28.63, -29.08, -29.24, -29.34, -29.40, -29.42, -29.45, -29.48, -29.42, -29.33, -29.19, -28.78, -27.32, -24.40, -20.90, -17.49, -15.75, -15.75
2026-10-01, 21:46:39, 88000000, 90500000, 19531.25, 15616, -15.42, -17.24, -18.46, -16.57, -14.26, -12.63, -13.54, -15.59, -17.79, -21.29, -25.19, -28.09, -28.78, -29.10, -29.28, -29.37, -29.41, -29.43, -29.39, -29.39, -29.29, -29.18, -28.89, -28.27, -27.31, -26.45, -26.39, -27.23, -27.68, -28.06, -28.18, -28.15, -27.99, -27.85, -27.63, -27.45, -27.24, -27.02, -26.79, -26.50, -26.28, -25.99, -25.70, -25.37, -24.94, -24.49, -24.07, -23.78, -23.47, -23.06, -22.60, -22.13, -21.55, -20.98, -20.27, -19.55, -18.73, -17.84, -16.79, -15.55, -14.02, -11.74, -6.60, -2.56, 6.02, 6.02, 8.00, 7.89, 5.44, 3.10, -0.39, -5.40, -9.99, -13.41, -15.25, -16.54, -17.64, -18.57, -19.40, -20.17, -20.83, -21.45, -22.02, -22.54, -23.01, -23.37, -23.72, -24.01, -24.46, -24.90, -25.29, -25.65, -25.97, -26.27, -26.54, -26.81, -27.02, -27.25, -27.45, -27.63, -27.81, -28.00, -28.15, -28.22, -28.23, -27.79, -27.01, -26.50, -26.52, -27.53, -28.23, -28.84, -29.24, -29.41, -29.52, -29.55, -29.56, -29.65, -29.63, -29.61, -29.53, -29.35, -28.98, -27.59, -24.85, -21.37, -17.67, -15.93, -15.93
2026-10-01, 21:46:40, 88000000, 90500000, 19531.25, 16896, -16.17, -17.38, -18.16, -17.10, -14.41, -13.37, -14.01, -15.51, -17.96, -20.42, -25.56, -28.36, -29.04, -29.37, -29.55, -29.62, -29.67, -29.66, -29.67, -29.64, -29.55, -29.38, -29.02, -28.41, -27.64, -26.72, -26.92, -27.35, -27.90, -28.27, -28.40, -28.41, -28.25, -28.09, -27.91, -27.69, -27.47, -27.28, -27.06, -26.80, -26.53, -26.22, -25.93, -25.62, -25.18, -24.75, -24.32, -24.04, -23.69, -23.32, -22.84, -22.36, -21.80, -21.17, -20.51, -19.76, -18.93, -18.01, -16.93, -15.64, -13.97, -11.01, -5.60, -0.99, 5.50, 5.50, 7.58, 7.01, 5.53, 2.98, -0.02, -4.45, -10.94, -13.74, -15.42, -16.75, -17.86, -18.81, -19.66, -20.40, -21.08, -21.71, -22.28, -22.80, -23.27, -23.65, -23.95, -24.32, -24.71, -25.17, -25.53, -25.88, -26.25, -26.51, -26.76, -27.04, -27.25, -27.50, -27.70, -27.87, -28.04, -28.23, -28.38, -28.41, -28.32, -28.00, -27.37, -26.76, -27.00, -27.69, -28.43, -29.00, -29.44, -29.68, -29.71, -29.80, -29.82, -29.86, -29.89, -29.84, -29.74, -29.50, -29.05, -27.19, -23.39, -20.68, -18.33, -16.07, -16.07
2026-10-01, 21:46:41, 88000000, 90500000, 19531.25, 15808, -16.21, -17.40, -17.48, -16.60, -15.15, -13.56, -14.22, -15.52, -16.99, -19.56, -24.68, -28.15, -28.97, -29.35, -29.52, -29.60, -29.66, -29.68, -29.69, -29.61, -29.53, -29.29, -28.85, -28.26, -27.79, -27.04, -26.85, -27.54, -27.74, -28.07, -28.33, -28.37, -28.20, -28.04, -27.88, -27.68, -27.47, -27.24, -27.02, -26.74, -26.52, -26.21, -25.90, -25.52, -25.13, -24.73, -24.32, -24.02, -23.65, -23.26, -22.77, -22.28, -21.70, -21.10, -20.41, -19.64, -18.79, -17.83, -16.68, -15.32, -13.37, -9.78, -3.50, 0.52, 5.21, 5.21, 6.90, 7.06, 5.10, 3.56, 1.19, -3.49, -10.27, -13.45, -15.27, -16.66, -17.77, -18.74, -19.61, -20.34, -21.04, -21.68, -22.24, -22.75, -23.21, -23.59, -23.98, -24.30, -24.71, -25.13, -25.50, -25.86, -26.20, -26.48, -26.78, -27.04, -27.23, -27.46, -27.70, -27.86, -28.04, -28.23, -28.35, -28.32, -28.14, -27.85, -27.43, -27.01, -27.02, -27.75, -28.33, -28.85, -29.37, -29.63, -29.72, -29.74, -29.80, -29.84, -29.84, -29.77, -29.69, -29.39, -28.75, -25.31, -22.23, -19.47, -18.00, -16.92, -16.92
2026-10-01, 21:46:42, 88000000, 90500000, 19531.25, 15616, -16.26, -16.71, -18.36, -17.13, -14.42, -13.54, -13.22, -15.44, -18.57, -21.47, -25.97, -28.35, -29.06, -29.34, -29.52, -29.60, -29.65, -29.64, -29.58, -29.58, -29.50, -29.33, -28.98, -28.49, -27.54, -26.84, -26.80, -27.04, -27.96, -28.27, -28.41, -28.34, -28.18, -28.05, -27.86, -27.64, -27.44, -27.23, -27.01, -26.74, -26.47, -26.20, -25.89, -25.55, -25.13, -24.67, -24.31, -23.95, -23.65, -23.25, -22.81, -22.30, -21.75, -21.14, -20.44, -19.71, -18.90, -17.97, -16.91, -15.65, -14.02, -11.39, -5.61, -1.11, 5.82, 5.82, 7.20, 7.44, 6.27, 2.37, -0.69, -5.75, -11.17, -13.95, -15.57, -16.85, -17.94, -18.85, -19.67, -20.41, -21.10, -21.72, -22.25, -22.78, -23.22, -23.63, -23.98, -24.30, -24.67, -25.16, -25.55, -25.89, -26.21, -26.52, -26.75, -27.02, -27.23, -27.48, -27.67, -27.86, -28.03, -28.21, -28.35, -28.41, -28.31, -28.05, -27.25, -26.89, -26.83, -27.44, -28.52, -29.05, -29.48, -29.63, -29.71, -29.76, -29.79, -29.87, -29.85, -29.81, -29.72, -29.52, -29.10, -27.28, -23.46, -21.14, -18.18, -16.15, -16.15
2026-10-01, 21:46:43, 88000000, 90500000, 19531.25, 15616, -15.22, -17.99, -17.78, -16.45, -15.56, -12.53, -14.56, -15.94, -16.52, -21.13, -25.43, -28.19, -28.92, -29.20, -29.36, -29.44, -29.47, -29.46, -29.44, -29.35, -29.30, -29.13, -28.76, -27.98, -27.65, -26.84, -26.55, -27.31, -27.51, -27.92, -28.12, -28.12, -27.96, -27.79, -27.59, -27.41, -27.19, -26.98, -26.73, -26.50, -26.23, -25.94, -25.63, -25.26, -24.89, -24.51, -23.99, -23.77, -23.38, -22.95, -22.54, -22.03, -21.47, -20.84, -20.18, -19.43, -18.60, -17.66, -16.58, -15.29, -13.60, -10.27, -5.39, -0.56, 4.85, 4.85, 7.14, 7.55, 4.86, 3.67, 0.48, -4.43, -10.73, -13.41, -15.10, -16.42, -17.53, -18.47, -19.31, -20.06, -20.75, -21.38, -21.93, -22.45, -22.92, -23.30, -23.69, -23.95, -24.46, -24.83, -25.18, -25.56, -25.91, -26.19, -26.45, -26.70, -26.93, -27.19, -27.35, -27.56, -27.75, -27.92, -28.09, -28.14, -28.02, -27.49, -27.31, -26.71, -26.64, -27.70, -28.04, -28.74, -29.14, -29.35, -29.45, -29.54, -29.54, -29.58, -29.61, -29.54, -29.48, -29.28, -28.80, -26.47, -23.67, -19.52, -18.01, -17.24, -17.24
2026-10-01, 21:46:44, 88000000, 90500000, 19531.25, 15744, -15.75, -17.47, -18.08, -16.57, -14.94, -13.01, -14.07, -15.80, -17.44, -20.53, -24.98, -28.09, -28.93, -29.26, -29.39, -29.52, -29.57, -29.59, -29.56, -29.53, -29.46, -29.28, -28.91, -28.23, -27.59, -26.84, -26.68, -27.41, -27.87, -28.10, -28.31, -28.30, -28.16, -27.99, -27.78, -27.60, -27.41, -27.17, -26.97, -26.67, -26.43, -26.15, -25.83, -25.49, -25.09, -24.67, -24.21, -23.93, -23.61, -23.20, -22.74, -22.26, -21.67, -21.06, -20.39, -19.64, -18.81, -17.87, -16.79, -15.50, -13.84, -11.15, -5.38, -0.61, 5.40, 5.40, 7.33, 7.42, 5.16, 3.08, 0.46, -4.31, -10.16, -13.66, -15.37, -16.68, -17.78, -18.74, -19.58, -20.33, -21.02, -21.64, -22.20, -22.72, -23.18, -23.54, -23.92, -24.25, -24.64, -25.09, -25.46, -25.82, -26.13, -26.43, -26.71, -26.97, -27.16, -27.40, -27.62, -27.81, -27.98, -28.16, -28.30, -28.31, -28.24, -27.86, -27.34, -26.76, -26.84, -27.78, -28.39, -28.85, -29.38, -29.57, -29.70, -29.76, -29.74, -29.80, -29.80, -29.75, -29.69, -29.45, -29.01, -27.31, -23.28, -20.23, -17.85, -16.64, -16.64
2026-10-01, 21:46:45, 88000000, 90500000, 19531.25, 15744, -15.29, -17.38, -17.85, -17.73, -14.94, -12.54, -13.99, -15.32, -17.66, -22.14, -26.12, -28.42, -29.04, -29.34, -29.48, -29.57, -29.61, -29.62, -29.59, -29.55, -29.44, -29.32, -28.92, -28.49, -27.78, -26.70, -26.57, -27.33, -27.71, -28.26, -28.36, -28.33, -28.16, -28.02, -27.80, -27.61, -27.41, -27.21, -26.98, -26.71, -26.43, -26.16, -25.85, -25.51, -25.13, -24.71, -24.21, -23.94, -23.61, -23.22, -22.77, -22.26, -21.72, -21.09, -20.44, -19.69, -18.86, -17.95, -16.84, -15.53, -13.75, -10.26, -5.37, -0.32, 4.81, 4.81, 7.80, 7.70, 5.43, 3.30, -0.59, -6.08, -11.36, -13.86, -15.46, -16.75, -17.83, -18.75, -19.59, -20.33, -21.01, -21.63, -22.19, -22.71, -23.18, -23.58, -23.91, -24.16, -24.64, -25.06, -25.48, -25.81, -26.13, -26.40, -26.69, -26.94, -27.17, -27.42, -27.61, -27.79, -27.97, -28.17, -28.32, -28.38, -28.15, -28.01, -27.47, -26.53, -26.78, -27.60, -28.35, -29.00, -29.44, -29.58, -29.67, -29.72, -29.75, -29.79, -29.82, -29.77, -29.66, -29.44, -28.83, -26.97, -23.02, -20.42, -19.19, -16.53, -16.53
2026-10-01, 21:46:46, 88000000, 90500000, 19531.25, 15616, -16.78, -16.93, -17.12, -16.62, -15.33, -14.18, -13.91, -14.90, -16.76, -20.13, -24.97, -28.17, -28.98, -29.33, -29.51, -29.57, -29.64, -29.66, -29.63, -29.61, -29.49, -29.20, -28.74, -28.21, -27.73, -27.20, -27.02, -27.19, -27.66, -28.04, -28.36, -28.35, -28.17, -28.05, -27.84, -27.64, -27.44, -27.22, -26.97, -26.72, -26.48, -26.20, -25.85, -25.50, -25.11, -24.74, -24.34, -23.95, -23.60, -23.21, -22.75, -22.25, -21.68, -21.06, -20.36, -19.61, -18.75, -17.77, -16.65, -15.24, -13.35, -9.19, -2.87, 0.97, 5.08, 5.08, 6.44, 6.73, 5.88, 3.93, 1.04, -4.15, -10.34, -13.51, -15.26, -16.59, -17.73, -18.70, -19.54, -20.32, -21.00, -21.63, -22.20, -22.70, -23.14, -23.54, -23.96, -24.28, -24.66, -25.08, -25.46, -25.83, -26.19, -26.45, -26.73, -26.99, -27.21, -27.42, -27.66, -27.84, -28.01, -28.19, -28.29, -28.25, -28.07, -27.81, -27.43, -27.17, -27.11, -27.57, -28.14, -28.84, -29.37, -29.59, -29.69, -29.73, -29.74, -29.84, -29.80, -29.74, -29.63, -29.35, -28.56, -25.36, -21.55, -19.31, -18.08, -17.09, -17.09
2026-10-01, 21:46:47, 88000000, 90500000, 19531.25, 15680, -15.42, -17.04, -18.68, -17.68, -14.53, -12.63, -13.30, -15.73, -19.05, -22.91, -26.47, -28.63, -29.17, -29.43, -29.60, -29.65, -29.68, -29.69, -29.66, -29.60, -29.54, -29.42, -29.13, -28.60, -27.78, -26.60, -26.53, -27.20, -28.01, -28.42, -28.46, -28.40, -28.25, -28.10, -27.92, -27.68, -27.48, -27.27, -27.04, -26.82, -26.54, -26.25, -25.95, -25.62, -25.21, -24.75, -24.30, -24.03, -23.71, -23.32, -22.88, -22.38, -21.83, -21.22, -20.55, -19.82, -19.02, -18.10, -17.08, -15.86, -14.33, -12.06, -7.56, -2.51, 5.18, 5.18, 7.95, 7.97, 5.78, 2.34, -2.33, -6.56, -11.49, -14.00, -15.64, -16.90, -17.96, -18.87, -19.71, -20.45, -21.11, -21.72, -22.30, -22.79, -23.28, -23.64, -23.97, -24.25, -24.68, -25.14, -25.54, -25.89, -26.20, -26.50, -26.78, -27.01, -27.24, -27.47, -27.67, -27.85, -28.05, -28.18, -28.37, -28.50, -28.40, -28.12, -27.43, -26.59, -26.63, -27.61, -28.54, -29.23, -29.47, -29.63, -29.73, -29.76, -29.80, -29.85, -29.87, -29.82, -29.75, -29.59, -29.27, -27.82, -25.15, -21.58, -18.79, -16.09, -16.09
2026-10-01, 21:46:48, 88000000, 90500000, 19531.25, 15552, -15.51, -17.46, -18.07, -16.72, -15.04, -12.84, -13.94, -15.69, -17.02, -20.59, -26.29, -28.33, -28.96, -29.24, -29.42, -29.54, -29.58, -29.59, -29.57, -29.53, -29.44, -29.27, -28.95, -28.37, -27.58, -26.85, -26.48, -27.42, -27.73, -28.01, -28.30, -28.30, -28.15, -27.99, -27.80, -27.59, -27.41, -27.18, -26.96, -26.69, -26.44, -26.16, -25.86, -25.49, -25.09, -24.68, -24.23, -23.92, -23.61, -23.20, -22.75, -22.26, -21.69, -21.08, -20.40, -19.68, -18.84, -17.91, -16.83, -15.52, -13.82, -10.86, -4.95, -0.93, 5.14, 5.14, 7.36, 7.80, 5.07, 3.38, 0.74, -5.62, -11.12, -13.69, -15.33, -16.63, -17.76, -18.70, -19.55, -20.30, -20.97, -21.60, -22.16, -22.69, -23.14, -23.51, -23.88, -24.18, -24.62, -25.07, -25.42, -25.82, -26.14, -26.42, -26.69, -26.95, -27.16, -27.40, -27.60, -27.79, -27.96, -28.15, -28.31, -28.31, -28.19, -27.80, -27.50, -26.77, -26.65, -27.80, -28.30, -28.87, -29.45, -29.63, -29.66, -29.72, -29.76, -29.79, -29.80, -29.74, -29.69, -29.47, -28.95, -26.66, -23.52, -20.38, -18.14, -16.72, -16.72
2026-10-01, 21:46:49, 88000000, 90500000, 19531.25, 15744, -16.14, -17.10, -17.25, -16.70, -15.18, -13.41, -13.68, -14.76, -17.56, -21.42, -25.94, -28.32, -28.98, -29.27, -29.47, -29.56, -29.62, -29.61, -29.58, -29.57, -29.44, -29.29, -28.80, -28.20, -27.67, -26.99, -26.72, -27.11, -27.74, -28.22, -28.36, -28.35, -28.13, -28.02, -27.79, -27.60, -27.41, -27.17, -26.95, -26.70, -26.45, -26.16, -25.84, -25.47, -25.07, -24.69, -24.28, -23.94, -23.58, -23.21, -22.76, -22.25, -21.70, -21.06, -20.41, -19.67, -18.83, -17.90, -16.80, -15.54, -13.90, -10.86, -5.31, 0.04, 5.22, 5.22, 7.04, 7.34, 6.07, 3.65, -0.36, -5.54, -11.08, -13.76, -15.40, -16.69, -17.78, -18.74, -19.58, -20.31, -21.00, -21.62, -22.19, -22.71, -23.15, -23.55, -23.93, -24.23, -24.62, -25.04, -25.44, -25.82, -26.13, -26.43, -26.69, -26.96, -27.17, -27.41, -27.60, -27.79, -27.98, -28.15, -28.31, -28.35, -28.12, -27.83, -27.37, -26.87, -26.89, -27.46, -28.20, -28.97, -29.39, -29.57, -29.65, -29.69, -29.75, -29.77, -29.77, -29.73, -29.64, -29.42, -28.92, -26.78, -23.24, -19.66, -17.98, -16.85, -16.85
2026-10-01, 21:46:50, 88000000, 90500000, 19531.25, 15616, -16.01, -17.35, -17.60, -16.71, -15.07, -13.30, -14.05, -15.55, -17.54, -20.42, -24.12, -27.93, -28.90, -29.30, -29.49, -29.52, -29.60, -29.63, -29.58, -29.59, -29.48, -29.31, -28.81, -28.20, -27.65, -26.99, -26.76, -27.40, -27.79, -28.18, -28.29, -28.31, -28.14, -28.02, -27.81, -27.59, -27.42, -27.16, -26.94, -26.71, -26.45, -26.15, -25.80, -25.47, -25.07, -24.69, -24.25, -23.94, -23.58, -23.19, -22.73, -22.22, -21.66, -21.04, -20.36, -19.62, -18.75, -17.83, -16.72, -15.38, -13.71, -10.87, -4.80, 0.27, 5.22, 5.22, 7.04, 7.30, 5.26, 3.28, 0.32, -3.73, -9.46, -13.41, -15.30, -16.67, -17.78, -18.73, -19.59, -20.33, -21.03, -21.66, -22.20, -22.73, -23.19, -23.57, -23.94, -24.24, -24.69, -25.08, -25.49, -25.84, -26.16, -26.46, -26.72, -26.97, -27.19, -27.43, -27.65, -27.84, -28.03, -28.15, -28.31, -28.32, -28.12, -27.81, -27.45, -26.90, -26.88, -27.67, -28.33, -28.94, -29.36, -29.61, -29.70, -29.74, -29.76, -29.83, -29.83, -29.76, -29.67, -29.43, -28.96, -26.91, -22.61, -19.60, -18.00, -16.82, -16.82
2026-10-01, 21:46:51, 88000000, 90500000, 19531.25, 16896, -16.31, -16.91, -17.42, -16.89, -15.44, -13.64, -13.79, -15.11, -17.17, -20.67, -25.09, -28.14, -28.97, -29.32, -29.49, -29.57, -29.62, -29.62, -29.62, -29.58, -29.49, -29.24, -28.78, -28.34, -27.80, -27.06, -26.82, -27.20, -27.71, -28.14, -28.24, -28.33, -28.15, -28.01, -27.80, -27.59, -27.40, -27.19, -26.96, -26.69, -26.45, -26.17, -25.82, -25.47, -25.10, -24.72, -24.27, -23.95, -23.56, -23.20, -22.73, -22.23, -21.67, -21.06, -20.37, -19.62, -18.78, -17.81, -16.72, -15.36, -13.57, -10.46, -3.34, 0.70, 4.85, 4.85, 6.73, 7.15, 5.80, 3.63, 0.36, -4.25, -10.68, -13.58, -15.31, -16.65, -17.74, -18.71, -19.56, -20.32, -20.99, -21.61, -22.19, -22.69, -23.16, -23.54, -23.95, -24.25, -24.64, -25.04, -25.45, -25.81, -26.16, -26.43, -26.71, -26.97, -27.17, -27.42, -27.61, -27.80, -27.99, -28.14, -28.27, -28.23, -28.01, -27.83, -27.49, -27.02, -26.96, -27.53, -28.25, -28.94, -29.37, -29.59, -29.69, -29.72, -29.76, -29.81, -29.79, -29.76, -29.64, -29.40, -28.83, -26.12, -21.79, -19.68, -18.34, -17.13, -17.13
2026-10-01, 21:46:52, 88000000, 90500000, 19531.25, 18048, -15.35, -16.94, -18.46, -17.39, -14.59, -12.60, -13.29, -16.05, -17.93, -21.70, -26.85, -28.44, -29.03, -29.30, -29.45, -29.52, -29.56, -29.56, -29.52, -29.49, -29.43, -29.30, -28.94, -28.48, -27.70, -26.65, -26.31, -27.23, -27.84, -28.11, -28.31, -28.24, -28.09, -27.94, -27.73, -27.55, -27.34, -27.11, -26.87, -26.63, -26.37, -26.09, -25.79, -25.44, -25.06, -24.60, -24.14, -23.88, -23.55, -23.16, -22.72, -22.19, -21.65, -21.04, -20.39, -19.64, -18.83, -17.92, -16.85, -15.62, -14.08, -11.77, -6.56, -1.17, 5.19, 5.19, 7.87, 8.05, 5.53, 2.41, 0.01, -7.00, -11.63, -13.88, -15.46, -16.71, -17.80, -18.72, -19.54, -20.28, -20.95, -21.58, -22.12, -22.65, -23.11, -23.48, -23.79, -24.11, -24.55, -25.01, -25.41, -25.76, -26.07, -26.35, -26.62, -26.89, -27.10, -27.33, -27.52, -27.71, -27.87, -28.06, -28.17, -28.25, -28.18, -27.86, -27.29, -26.48, -26.57, -27.62, -28.45, -28.87, -29.39, -29.51, -29.58, -29.64, -29.66, -29.72, -29.75, -29.69, -29.63, -29.44, -29.05, -27.68, -23.93, -20.84, -18.73, -16.19, -16.19
2026-10-01, 21:46:53, 88000000, 90500000, 19531.25, 18240, -17.20, -17.04, -16.43, -16.19, -15.49, -14.52, -14.29, -14.73, -16.21, -18.97, -23.87, -27.81, -28.78, -29.13, -29.37, -29.46, -29.51, -29.52, -29.48, -29.48, -29.38, -29.11, -28.41, -27.99, -27.61, -27.25, -27.14, -27.16, -27.47, -27.83, -28.13, -28.19, -28.04, -27.90, -27.72, -27.48, -27.30, -27.08, -26.82, -26.59, -26.33, -26.05, -25.70, -25.33, -24.96, -24.58, -24.18, -23.81, -23.43, -23.03, -22.57, -22.08, -21.50, -20.88, -20.18, -19.42, -18.56, -17.57, -16.42, -15.03, -13.19, -10.15, -3.30, 2.25, 5.09, 5.09, 6.11, 6.25, 5.82, 4.34, 1.80, -2.66, -9.58, -13.01, -14.92, -16.34, -17.50, -18.49, -19.35, -20.12, -20.83, -21.45, -22.03, -22.55, -23.00, -23.40, -23.81, -24.15, -24.54, -24.91, -25.30, -25.67, -26.00, -26.32, -26.60, -26.86, -27.05, -27.29, -27.51, -27.69, -27.85, -28.03, -28.16, -28.12, -27.73, -27.49, -27.39, -27.15, -27.20, -27.49, -28.00, -28.63, -29.18, -29.46, -29.54, -29.56, -29.62, -29.67, -29.66, -29.58, -29.50, -29.22, -28.66, -26.35, -20.83, -18.23, -17.73, -17.37, -17.37
2026-10-01, 21:46:54, 88000000, 90500000, 19531.25, 16768, -16.94, -17.38, -17.11, -15.96, -14.98, -14.30, -14.39, -15.29, -16.56, -18.96, -22.94, -27.46, -28.78, -29.19, -29.41, -29.53, -29.61, -29.60, -29.56, -29.52, -29.41, -29.20, -28.68, -28.00, -27.48, -27.14, -27.10, -27.34, -27.66, -27.96, -28.19, -28.27, -28.14, -27.98, -27.77, -27.59, -27.36, -27.15, -26.93, -26.69, -26.43, -26.10, -25.78, -25.44, -25.03, -24.63, -24.27, -23.94, -23.53, -23.13, -22.65, -22.17, -21.60, -20.96, -20.29, -19.50, -18.65, -17.68, -16.51, -15.12, -13.18, -8.95, -3.63, 1.07, 5.67, 5.67, 6.47, 6.43, 5.36, 3.83, 1.58, -2.17, -8.31, -12.89, -14.96, -16.41, -17.60, -18.57, -19.45, -20.22, -20.91, -21.56, -22.13, -22.64, -23.10, -23.48, -23.88, -24.25, -24.64, -25.03, -25.39, -25.76, -26.08, -26.40, -26.65, -26.93, -27.13, -27.42, -27.57, -27.78, -27.95, -28.11, -28.24, -28.26, -27.94, -27.59, -27.29, -27.11, -27.21, -27.67, -28.16, -28.72, -29.21, -29.54, -29.62, -29.69, -29.67, -29.72, -29.75, -29.68, -29.54, -29.27, -28.61, -25.55, -21.85, -18.88, -17.30, -16.86, -16.86
2026-10-01, 21:46:55, 88000000, 90500000, 19531.25, 15552, -16.32, -17.34, -17.69, -16.31, -14.62, -13.60, -14.05, -15.37, -17.27, -19.98, -25.01, -28.09, -28.93, -29.22, -29.41, -29.52, -29.55, -29.56, -29.55, -29.50, -29.44, -29.26, -28.82, -28.17, -27.45, -26.84, -26.87, -27.22, -27.72, -28.06, -28.25, -28.26, -28.10, -27.95, -27.77, -27.54, -27.38, -27.14, -26.89, -26.66, -26.39, -26.11, -25.76, -25.44, -25.01, -24.60, -24.21, -23.88, -23.53, -23.14, -22.66, -22.18, -21.61, -21.00, -20.32, -19.58, -18.73, -17.78, -16.70, -15.38, -13.61, -10.36, -4.89, -0.34, 5.86, 5.86, 7.15, 6.94, 5.55, 3.37, 0.63, -3.88, -10.15, -13.41, -15.22, -16.55, -17.68, -18.63, -19.50, -20.25, -20.93, -21.54, -22.12, -22.63, -23.10, -23.48, -23.83, -24.18, -24.57, -25.00, -25.37, -25.75, -26.07, -26.38, -26.64, -26.89, -27.13, -27.36, -27.58, -27.74, -27.94, -28.11, -28.25, -28.29, -28.12, -27.71, -27.18, -26.85, -27.05, -27.58, -28.24, -28.79, -29.29, -29.53, -29.60, -29.66, -29.70, -29.74, -29.76, -29.69, -29.59, -29.38, -28.79, -26.73, -23.04, -19.88, -17.52, -16.39, -16.39
2026-10-01, 21:46:56, 88000000, 90500000, 19531.25, 15616, -15.79, -17.04, -17.78, -16.84, -14.95, -13.08, -13.51, -15.43, -17.61, -21.46, -25.99, -28.33, -28.93, -29.26, -29.41, -29.52, -29.55, -29.57, -29.54, -29.52, -29.42, -29.28, -28.87, -28.27, -27.57, -26.83, -26.58, -27.25, -27.73, -28.10, -28.33, -28.27, -28.08, -27.97, -27.74, -27.57, -27.36, -27.12, -26.91, -26.65, -26.40, -26.11, -25.79, -25.44, -25.04, -24.62, -24.20, -23.88, -23.56, -23.15, -22.70, -22.19, -21.64, -21.03, -20.34, -19.60, -18.78, -17.83, -16.75, -15.45, -13.76, -10.58, -5.65, -0.31, 5.31, 5.31, 7.34, 7.70, 5.58, 3.30, -0.18, -5.91, -11.10, -13.78, -15.44, -16.72, -17.81, -18.74, -19.57, -20.31, -21.00, -21.60, -22.17, -22.68, -23.15, -23.53, -23.90, -24.15, -24.60, -25.05, -25.44, -25.80, -26.12, -26.38, -26.67, -26.93, -27.15, -27.37, -27.58, -27.77, -27.93, -28.11, -28.26, -28.32, -28.14, -27.84, -27.41, -26.73, -26.68, -27.59, -28.28, -28.97, -29.42, -29.55, -29.65, -29.69, -29.71, -29.78, -29.81, -29.72, -29.66, -29.44, -28.88, -27.13, -23.20, -20.16, -18.12, -16.61, -16.61
2026-10-01, 21:46:57, 88000000, 90500000, 19531.25, 15616, -15.49, -18.15, -18.07, -16.38, -14.73, -12.73, -14.52, -15.69, -17.51, -20.26, -25.73, -28.27, -28.97, -29.31, -29.50, -29.56, -29.64, -29.62, -29.63, -29.59, -29.52, -29.36, -29.12, -28.24, -27.50, -26.85, -26.66, -27.55, -27.75, -28.13, -28.37, -28.33, -28.18, -28.02, -27.86, -27.63, -27.43, -27.22, -26.99, -26.72, -26.46, -26.18, -25.86, -25.51, -25.08, -24.70, -24.25, -23.99, -23.62, -23.23, -22.78, -22.27, -21.71, -21.11, -20.44, -19.70, -18.86, -17.96, -16.90, -15.63, -14.10, -11.60, -6.81, -1.95, 5.77, 5.77, 7.51, 7.51, 4.70, 3.33, 0.41, -4.61, -10.93, -13.72, -15.41, -16.72, -17.82, -18.77, -19.62, -20.36, -21.04, -21.65, -22.22, -22.75, -23.18, -23.58, -23.94, -24.19, -24.70, -25.10, -25.49, -25.83, -26.15, -26.46, -26.71, -26.98, -27.19, -27.45, -27.62, -27.82, -27.99, -28.15, -28.31, -28.39, -28.34, -27.78, -27.27, -26.65, -26.89, -27.87, -28.31, -28.95, -29.40, -29.62, -29.66, -29.73, -29.76, -29.82, -29.80, -29.76, -29.67, -29.53, -29.11, -27.73, -24.77, -20.34, -17.59, -16.47, -16.47
2026-10-01, 21:46:58, 88000000, 90500000, 19531.25, 15488, -16.73, -17.39, -17.19, -16.27, -15.07, -14.12, -14.33, -15.07, -16.47, -19.55, -24.64, -27.90, -28.88, -29.26, -29.44, -29.57, -29.61, -29.65, -29.60, -29.56, -29.47, -29.24, -28.82, -28.15, -27.54, -27.12, -27.08, -27.31, -27.62, -27.96, -28.32, -28.34, -28.17, -28.02, -27.84, -27.63, -27.44, -27.21, -26.99, -26.73, -26.45, -26.15, -25.86, -25.47, -25.08, -24.71, -24.32, -23.96, -23.61, -23.18, -22.75, -22.24, -21.67, -21.03, -20.35, -19.59, -18.72, -17.76, -16.63, -15.24, -13.28, -9.28, -3.57, 0.72, 5.46, 5.46, 6.59, 6.54, 5.50, 4.05, 1.40, -3.66, -9.63, -13.29, -15.15, -16.53, -17.66, -18.66, -19.50, -20.28, -20.98, -21.61, -22.17, -22.70, -23.13, -23.54, -23.92, -24.27, -24.66, -25.07, -25.43, -25.82, -26.17, -26.42, -26.72, -26.96, -27.19, -27.43, -27.64, -27.82, -27.96, -28.15, -28.26, -28.28, -28.04, -27.73, -27.40, -27.11, -27.22, -27.64, -28.17, -28.80, -29.36, -29.59, -29.67, -29.72, -29.74, -29.82, -29.80, -29.74, -29.62, -29.39, -28.59, -25.54, -22.04, -19.25, -17.68, -16.88, -16.88
2026-10-01, 21:46:59, 88000000, 90500000, 19531.25, 15680, -16.55, -17.03, -17.02, -16.20, -15.07, -13.93, -14.12, -14.96, -16.60, -19.45, -23.64, -27.38, -28.60, -29.04, -29.26, -29.35, -29.42, -29.45, -29.42, -29.40, -29.24, -29.03, -28.52, -27.97, -27.50, -26.96, -26.84, -27.22, -27.46, -27.85, -28.06, -28.11, -27.96, -27.80, -27.63, -27.43, -27.20, -26.98, -26.77, -26.52, -26.26, -25.95, -25.63, -25.26, -24.84, -24.50, -24.07, -23.73, -23.36, -22.96, -22.50, -22.00, -21.44, -20.80, -20.11, -19.35, -18.47, -17.52, -16.38, -14.95, -13.06, -8.93, -2.64, 1.23, 5.35, 5.35, 6.70, 6.83, 5.55, 4.19, 1.23, -2.99, -8.35, -12.82, -14.89, -16.31, -17.47, -18.45, -19.32, -20.07, -20.78, -21.41, -21.97, -22.48, -22.95, -23.34, -23.73, -24.09, -24.43, -24.87, -25.24, -25.60, -25.93, -26.23, -26.50, -26.78, -26.98, -27.22, -27.43, -27.61, -27.80, -27.95, -28.11, -28.05, -27.85, -27.56, -27.26, -26.91, -27.01, -27.44, -27.93, -28.63, -29.12, -29.35, -29.47, -29.50, -29.54, -29.57, -29.58, -29.52, -29.41, -29.17, -28.35, -25.33, -21.19, -19.08, -17.60, -16.87, -16.87
2026-10-01, 21:47:00, 88000000, 90500000, 19531.25, 15616, -15.83, -17.08, -17.66, -16.63, -14.78, -13.09, -13.70, -15.17, -17.10, -20.82, -25.82, -28.09, -28.81, -29.13, -29.29, -29.40, -29.42, -29.44, -29.44, -29.38, -29.32, -29.09, -28.68, -28.13, -27.48, -26.73, -26.57, -27.15, -27.55, -27.96, -28.18, -28.17, -27.99, -27.85, -27.64, -27.46, -27.26, -27.02, -26.79, -26.54, -26.29, -25.99, -25.70, -25.32, -24.92, -24.51, -24.09, -23.78, -23.44, -23.05, -22.60, -22.07, -21.53, -20.91, -20.24, -19.48, -18.67, -17.70, -16.63, -15.29, -13.51, -10.43, -4.98, -0.16, 5.39, 5.39, 7.39, 7.46, 5.73, 3.73, 0.29, -5.17, -10.72, -13.55, -15.23, -16.53, -17.63, -18.58, -19.42, -20.18, -20.84, -21.49, -22.05, -22.56, -23.01, -23.40, -23.77, -24.08, -24.49, -24.89, -25.31, -25.66, -26.00, -26.28, -26.55, -26.80, -27.02, -27.24, -27.48, -27.66, -27.83, -28.00, -28.16, -28.20, -28.06, -27.71, -27.28, -26.70, -26.74, -27.43, -28.11, -28.83, -29.25, -29.44, -29.52, -29.58, -29.62, -29.67, -29.67, -29.60, -29.52, -29.28, -28.76, -26.58, -22.79, -20.11, -17.98, -16.48, -16.48
2026-10-01, 21:47:01, 88000000, 90500000, 19531.25, 15488, -16.00, -17.50, -17.53, -16.58, -15.04, -13.26, -14.27, -15.78, -16.85, -19.55, -24.96, -28.10, -28.88, -29.25, -29.43, -29.51, -29.54, -29.57, -29.57, -29.53, -29.41, -29.21, -28.79, -28.17, -27.61, -26.81, -26.76, -27.42, -27.75, -27.98, -28.28, -28.26, -28.12, -27.98, -27.79, -27.58, -27.38, -27.16, -26.91, -26.67, -26.41, -26.12, -25.79, -25.40, -25.08, -24.65, -24.22, -23.92, -23.56, -23.15, -22.69, -22.18, -21.61, -21.00, -20.33, -19.57, -18.73, -17.78, -16.65, -15.34, -13.52, -10.24, -3.91, 0.41, 5.25, 5.25, 7.22, 7.07, 4.96, 3.56, 1.29, -3.91, -10.34, -13.49, -15.25, -16.60, -17.73, -18.68, -19.54, -20.30, -20.98, -21.60, -22.18, -22.70, -23.14, -23.56, -23.91, -24.20, -24.65, -25.07, -25.43, -25.80, -26.12, -26.42, -26.68, -26.95, -27.15, -27.40, -27.63, -27.81, -27.98, -28.14, -28.27, -28.29, -28.06, -27.76, -27.39, -26.86, -27.04, -27.82, -28.24, -28.77, -29.34, -29.57, -29.66, -29.70, -29.74, -29.78, -29.82, -29.68, -29.65, -29.39, -28.82, -26.11, -22.48, -19.38, -18.04, -16.74, -16.74
2026-10-01, 21:47:02, 88000000, 90500000, 19531.25, 15616, -17.01, -17.00, -16.40, -15.89, -15.24, -14.41, -14.05, -14.54, -16.05, -19.37, -24.10, -27.53, -28.62, -28.97, -29.21, -29.33, -29.37, -29.42, -29.35, -29.36, -29.25, -28.99, -28.36, -27.77, -27.45, -27.11, -26.90, -27.01, -27.44, -27.81, -28.09, -28.13, -27.96, -27.83, -27.64, -27.41, -27.22, -27.01, -26.78, -26.51, -26.24, -25.95, -25.63, -25.24, -24.86, -24.49, -24.14, -23.76, -23.35, -22.96, -22.51, -21.99, -21.43, -20.79, -20.10, -19.35, -18.48, -17.50, -16.33, -14.92, -12.92, -9.09, -3.58, 1.99, 5.49, 5.49, 6.18, 6.52, 6.04, 4.48, 1.86, -3.45, -9.40, -13.02, -14.91, -16.32, -17.47, -18.44, -19.31, -20.08, -20.77, -21.40, -21.98, -22.48, -22.94, -23.33, -23.75, -24.11, -24.49, -24.85, -25.23, -25.62, -25.95, -26.24, -26.54, -26.79, -27.02, -27.25, -27.46, -27.66, -27.80, -28.00, -28.12, -28.11, -27.83, -27.45, -27.27, -27.15, -27.11, -27.36, -27.85, -28.49, -29.17, -29.41, -29.47, -29.52, -29.57, -29.62, -29.61, -29.55, -29.43, -29.16, -28.28, -25.63, -21.37, -18.21, -17.39, -17.11, -17.11
2026-10-01, 21:47:03, 88000000, 90500000, 19531.25, 15680, -16.67, -16.83, -16.97, -16.49, -15.18, -14.04, -13.62, -14.54, -17.02, -20.90, -25.76, -28.15, -28.89, -29.18, -29.37, -29.48, -29.55, -29.59, -29.51, -29.51, -29.39, -29.18, -28.75, -28.14, -27.61, -27.08, -26.89, -27.06, -27.54, -28.01, -28.28, -28.25, -28.06, -27.94, -27.73, -27.55, -27.30, -27.11, -26.86, -26.65, -26.38, -26.08, -25.77, -25.37, -25.01, -24.63, -24.23, -23.82, -23.49, -23.10, -22.67, -22.15, -21.57, -20.97, -20.29, -19.51, -18.68, -17.73, -16.60, -15.25, -13.47, -10.13, -4.16, 0.59, 5.36, 5.36, 6.63, 6.96, 6.27, 4.04, 0.41, -5.46, -10.82, -13.63, -15.31, -16.62, -17.72, -18.68, -19.50, -20.26, -20.97, -21.59, -22.13, -22.66, -23.11, -23.52, -23.87, -24.21, -24.56, -24.97, -25.41, -25.76, -26.08, -26.38, -26.66, -26.91, -27.13, -27.36, -27.56, -27.77, -27.92, -28.08, -28.24, -28.25, -28.06, -27.76, -27.27, -27.01, -26.97, -27.31, -28.11, -28.87, -29.36, -29.55, -29.60, -29.65, -29.69, -29.78, -29.76, -29.70, -29.63, -29.40, -28.84, -26.27, -22.35, -19.31, -17.82, -16.93, -16.93
2026-10-01, 21:47:04, 88000000, 90500000, 19531.25, 15616, -16.71, -17.04, -17.20, -16.66, -15.25, -14.12, -13.91, -14.97, -16.97, -19.84, -25.37, -28.21, -29.01, -29.34, -29.54, -29.64, -29.69, -29.71, -29.68, -29.63, -29.54, -29.28, -28.90, -28.31, -27.74, -27.27, -26.97, -27.25, -27.68, -28.14, -28.36, -28.36, -28.25, -28.09, -27.86, -27.66, -27.49, -27.25, -27.03, -26.80, -26.50, -26.21, -25.89, -25.51, -25.12, -24.75, -24.34, -24.01, -23.62, -23.25, -22.78, -22.27, -21.71, -21.09, -20.41, -19.64, -18.78, -17.83, -16.68, -15.28, -13.28, -8.91, -3.47, 0.84, 5.19, 5.19, 6.38, 6.90, 5.79, 3.92, 0.80, -4.04, -10.50, -13.46, -15.25, -16.64, -17.76, -18.71, -19.58, -20.34, -21.02, -21.64, -22.22, -22.72, -23.19, -23.60, -23.94, -24.30, -24.70, -25.09, -25.49, -25.84, -26.19, -26.48, -26.73, -27.02, -27.22, -27.46, -27.63, -27.85, -28.01, -28.17, -28.32, -28.32, -28.03, -27.79, -27.45, -27.14, -27.08, -27.56, -28.24, -28.87, -29.38, -29.65, -29.71, -29.73, -29.76, -29.81, -29.83, -29.70, -29.64, -29.37, -28.56, -25.15, -22.01, -19.37, -18.06, -17.03, -17.03
2026-10-01, 21:47:05, 88000000, 90500000, 19531.25, 15616, -15.91, -17.41, -18.21, -16.96, -14.84, -13.15, -14.08, -16.05, -17.62, -20.05, -24.27, -28.09, -29.00, -29.33, -29.52, -29.62, -29.65, -29.68, -29.69, -29.61, -29.52, -29.32, -28.94, -28.41, -27.76, -26.86, -26.77, -27.48, -27.96, -28.17, -28.32, -28.38, -28.24, -28.08, -27.89, -27.69, -27.48, -27.25, -27.05, -26.78, -26.52, -26.22, -25.92, -25.56, -25.16, -24.75, -24.31, -24.02, -23.68, -23.27, -22.82, -22.32, -21.75, -21.14, -20.45, -19.71, -18.87, -17.93, -16.84, -15.54, -13.85, -10.60, -5.03, -0.28, 5.13, 5.13, 7.47, 7.32, 4.99, 2.73, 0.52, -3.31, -10.08, -13.50, -15.35, -16.70, -17.83, -18.79, -19.64, -20.39, -21.06, -21.70, -22.27, -22.78, -23.24, -23.64, -23.99, -24.30, -24.73, -25.16, -25.53, -25.87, -26.21, -26.49, -26.77, -27.05, -27.25, -27.51, -27.72, -27.89, -28.06, -28.24, -28.38, -28.39, -28.26, -27.99, -27.49, -26.72, -26.97, -27.90, -28.50, -28.96, -29.39, -29.66, -29.77, -29.81, -29.83, -29.86, -29.89, -29.85, -29.76, -29.52, -29.04, -26.99, -22.83, -20.34, -18.32, -16.53, -16.53
2026-10-01, 21:47:06, 88000000, 90500000, 19531.25, 15680, -15.94, -17.58, -17.96, -16.49, -14.86, -13.21, -13.96, -15.77, -17.53, -20.58, -25.73, -28.31, -29.06, -29.41, -29.57, -29.68, -29.72, -29.72, -29.69, -29.66, -29.57, -29.44, -29.06, -28.34, -27.56, -27.02, -26.75, -27.46, -27.90, -28.21, -28.46, -28.45, -28.25, -28.12, -27.94, -27.74, -27.53, -27.34, -27.08, -26.81, -26.57, -26.25, -25.99, -25.62, -25.19, -24.80, -24.39, -24.07, -23.75, -23.34, -22.89, -22.38, -21.83, -21.22, -20.56, -19.81, -18.99, -18.06, -17.01, -15.75, -14.18, -11.99, -7.38, -0.82, 5.66, 5.66, 7.16, 7.40, 5.28, 3.14, 0.36, -5.19, -11.05, -13.87, -15.56, -16.88, -17.96, -18.91, -19.74, -20.49, -21.16, -21.79, -22.34, -22.86, -23.32, -23.67, -24.04, -24.35, -24.77, -25.22, -25.58, -25.96, -26.27, -26.55, -26.84, -27.10, -27.31, -27.55, -27.75, -27.93, -28.08, -28.31, -28.43, -28.53, -28.33, -27.87, -27.36, -26.89, -26.94, -27.79, -28.44, -29.01, -29.54, -29.72, -29.77, -29.80, -29.86, -29.91, -29.93, -29.82, -29.77, -29.56, -29.16, -27.93, -24.31, -20.09, -17.72, -16.60, -16.60
2026-10-01, 21:47:07, 88000000, 90500000, 19531.25, 15488, -17.20, -17.35, -16.82, -16.26, -15.42, -14.63, -14.47, -14.73, -16.34, -19.25, -24.86, -27.96, -28.92, -29.31, -29.52, -29.64, -29.70, -29.66, -29.67, -29.59, -29.51, -29.28, -28.72, -28.15, -27.71, -27.31, -27.27, -27.35, -27.62, -28.00, -28.35, -28.36, -28.24, -28.06, -27.88, -27.65, -27.47, -27.24, -27.03, -26.77, -26.51, -26.22, -25.89, -25.50, -25.16, -24.75, -24.37, -24.00, -23.60, -23.21, -22.75, -22.25, -21.68, -21.04, -20.37, -19.58, -18.73, -17.74, -16.60, -15.13, -13.18, -8.85, -3.16, 1.27, 5.15, 5.15, 6.04, 6.17, 5.73, 4.28, 1.64, -3.63, -9.89, -13.29, -15.17, -16.56, -17.70, -18.70, -19.55, -20.34, -21.02, -21.64, -22.22, -22.75, -23.20, -23.59, -23.98, -24.35, -24.72, -25.08, -25.47, -25.84, -26.20, -26.48, -26.76, -27.02, -27.24, -27.50, -27.67, -27.84, -28.05, -28.20, -28.30, -28.31, -28.05, -27.70, -27.49, -27.33, -27.34, -27.55, -28.12, -28.80, -29.36, -29.62, -29.69, -29.73, -29.76, -29.82, -29.85, -29.75, -29.65, -29.38, -28.48, -25.28, -21.57, -18.86, -17.81, -17.26, -17.26
2026-10-01, 21:47:08, 88000000, 90500000, 19531.25, 15616, -16.70, -17.16, -17.27, -16.50, -15.31, -14.07, -14.04, -15.05, -16.62, -20.37, -24.75, -28.10, -29.00, -29.37, -29.54, -29.65, -29.68, -29.70, -29.69, -29.63, -29.54, -29.27, -28.86, -28.29, -27.76, -27.22, -27.05, -27.30, -27.73, -28.10, -28.44, -28.39, -28.26, -28.09, -27.91, -27.71, -27.51, -27.28, -27.02, -26.80, -26.53, -26.26, -25.94, -25.55, -25.17, -24.78, -24.39, -24.01, -23.69, -23.25, -22.82, -22.30, -21.72, -21.11, -20.44, -19.69, -18.83, -17.86, -16.75, -15.36, -13.49, -9.01, -3.60, 0.65, 5.17, 5.17, 6.52, 6.75, 5.72, 3.96, 0.90, -4.14, -10.06, -13.42, -15.26, -16.64, -17.77, -18.73, -19.60, -20.35, -21.05, -21.67, -22.23, -22.75, -23.20, -23.59, -23.99, -24.32, -24.68, -25.11, -25.52, -25.85, -26.21, -26.50, -26.77, -27.02, -27.25, -27.50, -27.68, -27.87, -28.06, -28.20, -28.33, -28.33, -28.12, -27.83, -27.44, -27.13, -27.12, -27.62, -28.17, -28.91, -29.42, -29.61, -29.71, -29.75, -29.78, -29.83, -29.83, -29.73, -29.64, -29.37, -28.51, -25.58, -22.12, -19.43, -17.97, -17.08, -17.08
2026-10-01, 21:47:09, 88000000, 90500000, 19531.25, 15616, -14.97, -18.69, -17.88, -16.87, -15.31, -12.24, -15.45, -16.40, -16.63, -19.76, -25.58, -28.14, -28.85, -29.16, -29.30, -29.40, -29.45, -29.45, -29.43, -29.37, -29.26, -29.13, -28.68, -28.11, -27.62, -26.79, -26.54, -27.52, -27.67, -27.70, -28.10, -28.08, -27.92, -27.76, -27.57, -27.39, -27.18, -26.94, -26.71, -26.47, -26.20, -25.91, -25.60, -25.23, -24.86, -24.46, -23.95, -23.75, -23.38, -22.93, -22.48, -22.00, -21.44, -20.81, -20.14, -19.40, -18.57, -17.62, -16.55, -15.27, -13.60, -10.49, -5.22, -0.05, 4.90, 4.90, 7.27, 7.45, 4.21, 3.11, 1.78, -4.69, -10.66, -13.39, -15.11, -16.43, -17.54, -18.50, -19.32, -20.08, -20.76, -21.40, -21.97, -22.47, -22.92, -23.34, -23.70, -23.93, -24.51, -24.87, -25.21, -25.56, -25.90, -26.20, -26.44, -26.73, -26.94, -27.17, -27.39, -27.60, -27.77, -27.92, -28.07, -28.14, -27.94, -27.63, -27.31, -26.66, -26.71, -27.80, -28.16, -28.57, -29.21, -29.38, -29.48, -29.51, -29.56, -29.62, -29.64, -29.57, -29.50, -29.35, -28.86, -26.89, -23.42, -19.44, -18.48, -17.06, -17.06
2026-10-01, 21:47:10, 88000000, 90500000, 19531.25, 15616, -14.47, -17.73, -19.54, -17.64, -14.97, -11.72, -13.79, -16.07, -19.70, -24.96, -27.80, -28.72, -29.13, -29.32, -29.46, -29.49, -29.53, -29.54, -29.50, -29.44, -29.38, -29.27, -29.09, -28.53, -27.50, -26.60, -26.12, -27.24, -27.87, -28.25, -28.28, -28.17, -28.03, -27.84, -27.65, -27.46, -27.26, -27.03, -26.78, -26.55, -26.29, -26.00, -25.72, -25.41, -24.96, -24.53, -24.00, -23.81, -23.48, -23.12, -22.64, -22.14, -21.60, -20.98, -20.32, -19.62, -18.83, -17.93, -16.94, -15.78, -14.41, -12.69, -10.20, -5.25, 5.48, 5.48, 7.73, 8.48, 5.34, 2.04, -3.43, -9.36, -12.37, -14.21, -15.63, -16.81, -17.83, -18.72, -19.53, -20.26, -20.91, -21.51, -22.08, -22.58, -23.06, -23.43, -23.77, -23.97, -24.51, -24.94, -25.34, -25.67, -25.98, -26.29, -26.52, -26.78, -27.01, -27.22, -27.45, -27.63, -27.80, -28.01, -28.16, -28.28, -28.30, -27.99, -27.21, -26.45, -26.35, -27.60, -28.48, -29.09, -29.34, -29.45, -29.55, -29.58, -29.63, -29.68, -29.70, -29.65, -29.63, -29.52, -29.27, -28.84, -27.40, -23.10, -18.56, -16.64, -16.64
2026-10-01, 21:47:11, 88000000, 90500000, 19531.25, 16576, -16.67, -17.55, -17.51, -16.54, -14.99, -13.96, -14.25, -15.59, -17.57, -19.76, -23.55, -27.87, -29.01, -29.39, -29.60, -29.73, -29.77, -29.78, -29.79, -29.74, -29.62, -29.49, -29.00, -28.32, -27.69, -27.16, -27.07, -27.48, -27.96, -28.28, -28.41, -28.50, -28.33, -28.19, -28.01, -27.78, -27.60, -27.36, -27.14, -26.89, -26.63, -26.33, -26.01, -25.64, -25.23, -24.88, -24.49, -24.12, -23.77, -23.37, -22.91, -22.41, -21.85, -21.24, -20.56, -19.80, -18.96, -18.04, -16.93, -15.61, -13.93, -11.03, -5.50, 0.26, 5.42, 5.42, 6.73, 6.74, 5.28, 3.09, 0.58, -2.67, -9.23, -13.19, -15.24, -16.71, -17.85, -18.83, -19.69, -20.46, -21.13, -21.79, -22.35, -22.86, -23.32, -23.71, -24.08, -24.43, -24.81, -25.25, -25.62, -25.97, -26.30, -26.58, -26.86, -27.14, -27.35, -27.59, -27.78, -27.97, -28.16, -28.28, -28.46, -28.50, -28.22, -27.83, -27.52, -27.09, -27.29, -27.86, -28.51, -29.01, -29.41, -29.72, -29.80, -29.86, -29.91, -29.96, -29.95, -29.87, -29.78, -29.56, -29.09, -27.27, -22.97, -19.40, -17.81, -16.79, -16.79
2026-10-01, 21:47:12, 88000000, 90500000, 19531.25, 18176, -17.12, -17.98, -17.47, -15.94, -14.84, -14.34, -14.75, -15.40, -16.64, -19.87, -24.34, -27.13, -28.89, -29.37, -29.56, -29.64, -29.70, -29.71, -29.70, -29.66, -29.61, -29.42, -28.97, -28.16, -27.57, -27.17, -27.22, -27.51, -27.79, -28.17, -28.36, -28.41, -28.27, -28.13, -27.95, -27.74, -27.52, -27.32, -27.09, -26.81, -26.55, -26.27, -25.95, -25.60, -25.17, -24.80, -24.43, -24.09, -23.72, -23.30, -22.85, -22.35, -21.79, -21.18, -20.49, -19.74, -18.90, -17.95, -16.87, -15.57, -13.91, -11.11, -6.00, -0.04, 5.84, 5.84, 6.57, 6.17, 5.14, 3.82, 1.01, -3.60, -8.41, -12.89, -15.11, -16.60, -17.74, -18.74, -19.61, -20.39, -21.07, -21.70, -22.28, -22.79, -23.25, -23.63, -24.02, -24.38, -24.80, -25.16, -25.54, -25.91, -26.27, -26.52, -26.80, -27.09, -27.28, -27.51, -27.74, -27.92, -28.06, -28.22, -28.37, -28.44, -28.29, -27.69, -27.25, -27.20, -27.41, -27.79, -28.27, -28.93, -29.43, -29.66, -29.77, -29.81, -29.86, -29.91, -29.89, -29.83, -29.75, -29.55, -29.09, -27.42, -23.31, -19.43, -17.25, -16.67, -16.67
2026-10-01, 21:47:13, 88000000, 90500000, 19531.25, 18176, -15.97, -17.21, -18.23, -17.09, -14.93, -13.19, -13.60, -15.48, -18.39, -22.14, -26.03, -28.52, -29.19, -29.49, -29.65, -29.74, -29.80, -29.74, -29.75, -29.72, -29.65, -29.52, -29.14, -28.50, -27.74, -26.94, -26.80, -27.37, -27.96, -28.38, -28.55, -28.50, -28.30, -28.18, -27.96, -27.78, -27.56, -27.35, -27.12, -26.86, -26.61, -26.32, -26.03, -25.66, -25.27, -24.82, -24.40, -24.07, -23.78, -23.37, -22.95, -22.43, -21.87, -21.26, -20.60, -19.86, -19.03, -18.13, -17.08, -15.84, -14.29, -12.00, -7.00, -1.54, 5.29, 5.29, 7.29, 7.50, 5.70, 2.81, -1.10, -6.06, -11.01, -13.95, -15.64, -16.92, -18.00, -18.94, -19.76, -20.51, -21.20, -21.80, -22.36, -22.87, -23.33, -23.70, -24.05, -24.37, -24.78, -25.23, -25.63, -25.97, -26.28, -26.58, -26.85, -27.11, -27.31, -27.55, -27.74, -27.91, -28.09, -28.24, -28.42, -28.49, -28.36, -28.00, -27.50, -26.84, -26.85, -27.68, -28.53, -29.16, -29.53, -29.69, -29.79, -29.83, -29.89, -29.93, -29.91, -29.85, -29.78, -29.59, -29.21, -28.05, -24.31, -20.84, -18.23, -16.57, -16.57
2026-10-01, 21:47:14, 88000000, 90500000, 19531.25, 18176, -16.04, -17.34, -18.09, -17.13, -14.86, -13.27, -13.86, -15.61, -17.69, -21.40, -26.67, -28.52, -29.13, -29.45, -29.62, -29.70, -29.75, -29.76, -29.72, -29.68, -29.66, -29.42, -29.08, -28.51, -27.84, -26.86, -26.86, -27.38, -27.91, -28.27, -28.51, -28.47, -28.30, -28.15, -27.97, -27.76, -27.55, -27.34, -27.12, -26.88, -26.60, -26.31, -26.02, -25.65, -25.26, -24.84, -24.39, -24.09, -23.77, -23.37, -22.92, -22.41, -21.85, -21.24, -20.57, -19.84, -19.01, -18.07, -17.02, -15.74, -14.11, -11.31, -5.59, -1.06, 5.08, 5.08, 7.47, 7.25, 5.50, 3.09, -0.16, -6.34, -11.55, -14.05, -15.64, -16.92, -18.00, -18.94, -19.77, -20.51, -21.19, -21.83, -22.38, -22.88, -23.35, -23.74, -24.06, -24.40, -24.81, -25.22, -25.63, -25.98, -26.31, -26.59, -26.88, -27.12, -27.33, -27.58, -27.76, -27.96, -28.13, -28.31, -28.42, -28.48, -28.33, -28.04, -27.51, -26.82, -27.00, -27.81, -28.53, -29.12, -29.61, -29.76, -29.82, -29.86, -29.91, -29.97, -29.97, -29.92, -29.84, -29.62, -29.23, -27.12, -23.80, -20.55, -18.50, -16.45, -16.45
2026-10-01, 21:47:15, 88000000, 90500000, 19531.25, 18176, -16.81, -17.76, -17.82, -16.29, -14.57, -14.12, -14.39, -15.23, -17.00, -20.77, -25.11, -28.01, -29.05, -29.40, -29.60, -29.70, -29.74, -29.73, -29.72, -29.68, -29.59, -29.42, -29.09, -28.37, -27.51, -27.10, -27.13, -27.48, -27.78, -28.21, -28.45, -28.44, -28.26, -28.15, -27.93, -27.72, -27.53, -27.29, -27.09, -26.83, -26.58, -26.27, -25.97, -25.60, -25.19, -24.78, -24.42, -24.07, -23.71, -23.31, -22.86, -22.37, -21.81, -21.18, -20.51, -19.79, -18.94, -18.00, -16.93, -15.63, -13.94, -10.86, -5.29, -0.94, 6.05, 6.05, 6.78, 6.50, 5.38, 3.80, 0.38, -4.84, -9.57, -13.69, -15.42, -16.75, -17.88, -18.84, -19.68, -20.45, -21.11, -21.74, -22.31, -22.82, -23.27, -23.67, -24.01, -24.39, -24.77, -25.15, -25.56, -25.94, -26.27, -26.53, -26.80, -27.08, -27.28, -27.53, -27.72, -27.91, -28.09, -28.21, -28.35, -28.42, -28.34, -27.86, -27.20, -27.06, -27.30, -27.74, -28.28, -29.01, -29.52, -29.67, -29.77, -29.83, -29.86, -29.91, -29.90, -29.86, -29.76, -29.55, -29.01, -26.69, -23.74, -20.35, -17.51, -16.38, -16.38
2026-10-01, 21:47:16, 88000000, 90500000, 19531.25, 18048, -17.00, -17.57, -17.38, -16.18, -15.12, -14.33, -14.30, -15.25, -17.35, -19.88, -23.90, -27.96, -28.99, -29.37, -29.53, -29.66, -29.69, -29.69, -29.70, -29.65, -29.56, -29.39, -28.98, -28.21, -27.60, -27.25, -27.16, -27.43, -27.78, -28.23, -28.39, -28.41, -28.27, -28.12, -27.95, -27.72, -27.53, -27.33, -27.06, -26.83, -26.56, -26.28, -25.98, -25.57, -25.15, -24.79, -24.44, -24.06, -23.68, -23.32, -22.84, -22.34, -21.78, -21.15, -20.47, -19.72, -18.90, -17.93, -16.81, -15.49, -13.75, -10.77, -5.13, 0.10, 5.58, 5.58, 6.35, 6.50, 5.49, 3.52, 0.50, -3.09, -9.41, -13.48, -15.32, -16.71, -17.85, -18.80, -19.68, -20.43, -21.12, -21.75, -22.32, -22.83, -23.29, -23.68, -24.06, -24.40, -24.80, -25.20, -25.58, -25.93, -26.28, -26.57, -26.82, -27.10, -27.31, -27.54, -27.76, -27.95, -28.10, -28.25, -28.41, -28.45, -28.22, -27.74, -27.40, -27.25, -27.29, -27.72, -28.39, -29.06, -29.39, -29.71, -29.78, -29.86, -29.90, -29.92, -29.94, -29.86, -29.79, -29.58, -29.04, -26.99, -23.01, -19.37, -17.41, -16.95, -16.95
2026-10-01, 21:47:17, 88000000, 90500000, 19531.25, 18176, -16.71, -17.14, -17.88, -16.71, -14.82, -14.01, -13.73, -14.82, -18.07, -22.38, -26.38, -28.50, -29.14, -29.46, -29.62, -29.73, -29.76, -29.74, -29.73, -29.69, -29.61, -29.43, -29.13, -28.48, -27.59, -27.12, -27.06, -27.15, -27.86, -28.37, -28.51, -28.46, -28.29, -28.12, -27.97, -27.74, -27.54, -27.32, -27.09, -26.86, -26.60, -26.28, -25.97, -25.63, -25.22, -24.81, -24.42, -24.06, -23.72, -23.35, -22.91, -22.40, -21.86, -21.22, -20.57, -19.82, -19.00, -18.06, -16.99, -15.70, -13.98, -10.81, -5.33, -1.29, 5.79, 5.79, 6.83, 6.74, 6.21, 3.48, -1.44, -6.16, -11.48, -13.99, -15.60, -16.89, -17.98, -18.92, -19.74, -20.48, -21.17, -21.78, -22.34, -22.87, -23.33, -23.69, -24.04, -24.40, -24.77, -25.21, -25.60, -25.97, -26.29, -26.58, -26.84, -27.08, -27.32, -27.55, -27.75, -27.93, -28.12, -28.27, -28.40, -28.47, -28.34, -28.01, -27.28, -27.03, -27.22, -27.54, -28.33, -29.28, -29.56, -29.73, -29.80, -29.83, -29.92, -29.92, -29.96, -29.87, -29.82, -29.60, -29.10, -26.75, -23.77, -20.87, -17.77, -16.55, -16.55
2026-10-01, 21:47:18, 88000000, 90500000, 19531.25, 16512, -15.70, -17.85, -17.84, -16.72, -15.48, -12.97, -14.44, -15.79, -16.94, -21.14, -26.16, -28.44, -29.11, -29.39, -29.57, -29.66, -29.68, -29.69, -29.69, -29.67, -29.58, -29.39, -28.97, -28.31, -27.79, -27.06, -26.77, -27.47, -27.82, -28.13, -28.47, -28.39, -28.25, -28.08, -27.88, -27.69, -27.48, -27.27, -27.06, -26.78, -26.54, -26.23, -25.92, -25.55, -25.20, -24.77, -24.30, -24.03, -23.71, -23.29, -22.82, -22.33, -21.77, -21.16, -20.48, -19.74, -18.91, -17.98, -16.90, -15.60, -13.94, -11.28, -5.93, -0.56, 4.95, 4.95, 7.02, 7.32, 5.06, 3.28, 0.56, -5.91, -11.18, -13.77, -15.44, -16.76, -17.85, -18.82, -19.65, -20.41, -21.09, -21.71, -22.28, -22.80, -23.25, -23.63, -24.01, -24.27, -24.75, -25.15, -25.51, -25.91, -26.23, -26.50, -26.79, -27.04, -27.25, -27.50, -27.67, -27.88, -28.04, -28.22, -28.35, -28.43, -28.23, -27.83, -27.51, -26.92, -26.94, -27.92, -28.43, -28.96, -29.52, -29.69, -29.74, -29.84, -29.82, -29.91, -29.92, -29.84, -29.77, -29.56, -29.13, -27.36, -23.65, -19.79, -18.18, -17.18, -17.18
2026-10-01, 21:47:19, 88000000, 90500000, 19531.25, 15040, -16.87, -17.72, -17.85, -16.32, -14.56, -14.13, -14.24, -15.39, -16.90, -21.06, -26.23, -28.50, -29.15, -29.45, -29.63, -29.69, -29.77, -29.76, -29.75, -29.69, -29.66, -29.49, -29.09, -28.39, -27.48, -27.17, -27.08, -27.45, -27.86, -28.21, -28.52, -28.51, -28.31, -28.17, -27.97, -27.79, -27.58, -27.37, -27.12, -26.87, -26.62, -26.34, -26.03, -25.67, -25.24, -24.84, -24.50, -24.11, -23.78, -23.37, -22.94, -22.45, -21.87, -21.28, -20.60, -19.85, -19.04, -18.11, -17.03, -15.80, -14.21, -11.90, -7.40, -1.10, 6.14, 6.14, 6.80, 6.62, 5.43, 3.52, 0.59, -5.65, -11.23, -13.81, -15.52, -16.83, -17.95, -18.89, -19.74, -20.48, -21.18, -21.79, -22.37, -22.89, -23.34, -23.70, -24.09, -24.43, -24.79, -25.23, -25.60, -25.98, -26.31, -26.58, -26.88, -27.12, -27.34, -27.60, -27.77, -27.96, -28.13, -28.32, -28.47, -28.58, -28.41, -28.02, -27.18, -27.11, -27.28, -27.81, -28.38, -29.04, -29.56, -29.74, -29.81, -29.84, -29.91, -29.98, -29.98, -29.91, -29.85, -29.64, -29.28, -28.14, -24.45, -20.20, -17.57, -16.34, -16.34
2026-10-01, 21:47:20, 88000000, 90500000, 19531.25, 15680, -16.98, -17.32, -17.43, -16.56, -15.21, -14.35, -14.16, -14.97, -16.90, -20.30, -24.68, -28.00, -29.04, -29.39, -29.59, -29.72, -29.74, -29.78, -29.73, -29.71, -29.60, -29.37, -28.98, -28.37, -27.65, -27.30, -27.19, -27.36, -27.73, -28.23, -28.44, -28.45, -28.32, -28.16, -27.98, -27.77, -27.58, -27.35, -27.11, -26.87, -26.59, -26.32, -26.01, -25.65, -25.26, -24.86, -24.48, -24.09, -23.74, -23.34, -22.91, -22.40, -21.83, -21.20, -20.53, -19.78, -18.92, -17.96, -16.83, -15.44, -13.48, -9.25, -3.83, 0.17, 5.34, 5.34, 6.35, 6.48, 5.72, 3.98, 0.59, -3.95, -9.79, -13.42, -15.33, -16.70, -17.85, -18.82, -19.67, -20.44, -21.13, -21.76, -22.32, -22.85, -23.31, -23.71, -24.08, -24.42, -24.80, -25.19, -25.60, -25.97, -26.30, -26.60, -26.85, -27.12, -27.32, -27.59, -27.75, -27.95, -28.14, -28.30, -28.45, -28.43, -28.27, -27.90, -27.49, -27.30, -27.28, -27.71, -28.25, -29.03, -29.51, -29.75, -29.85, -29.84, -29.92, -29.96, -29.95, -29.88, -29.79, -29.52, -28.77, -25.77, -22.32, -19.81, -17.93, -17.00, -17.00
2026-10-01, 21:47:21, 88000000, 90500000, 19531.25, 15488, -16.93, -17.08, -17.25, -16.64, -15.35, -14.26, -13.91, -14.80, -17.28, -21.45, -26.28, -28.39, -29.12, -29.44, -29.62, -29.70, -29.76, -29.76, -29.74, -29.71, -29.61, -29.44, -28.91, -28.33, -27.79, -27.24, -27.09, -27.23, -27.78, -28.30, -28.53, -28.50, -28.32, -28.18, -27.98, -27.76, -27.58, -27.35, -27.09, -26.85, -26.60, -26.31, -25.99, -25.63, -25.24, -24.84, -24.47, -24.07, -23.72, -23.34, -22.91, -22.39, -21.82, -21.20, -20.52, -19.76, -18.92, -17.96, -16.86, -15.52, -13.78, -10.61, -4.83, 0.57, 5.19, 5.19, 6.39, 6.70, 6.04, 3.76, 0.03, -6.04, -11.25, -13.90, -15.57, -16.87, -17.98, -18.92, -19.76, -20.52, -21.19, -21.82, -22.39, -22.89, -23.34, -23.74, -24.10, -24.46, -24.84, -25.17, -25.64, -25.98, -26.32, -26.61, -26.88, -27.14, -27.35, -27.59, -27.78, -27.98, -28.15, -28.32, -28.45, -28.47, -28.21, -27.92, -27.53, -27.24, -27.27, -27.60, -28.32, -29.12, -29.57, -29.72, -29.80, -29.87, -29.92, -29.95, -29.96, -29.91, -29.80, -29.57, -29.00, -26.84, -22.38, -19.59, -17.98, -17.08, -17.08
2026-10-01, 21:47:22, 88000000, 90500000, 19531.25, 15616, -16.19, -17.38, -18.25, -16.99, -14.65, -13.46, -13.90, -15.49, -17.92, -21.56, -26.47, -28.55, -29.20, -29.50, -29.67, -29.74, -29.77, -29.80, -29.75, -29.76, -29.65, -29.49, -29.09, -28.54, -27.67, -27.01, -26.88, -27.44, -27.96, -28.37, -28.53, -28.49, -28.32, -28.19, -28.01, -27.77, -27.59, -27.36, -27.14, -26.87, -26.62, -26.32, -26.00, -25.67, -25.26, -24.83, -24.43, -24.11, -23.78, -23.39, -22.95, -22.42, -21.88, -21.26, -20.59, -19.84, -19.03, -18.11, -17.02, -15.79, -14.17, -11.56, -5.63, -1.56, 5.65, 5.65, 7.16, 7.21, 5.54, 3.11, -0.58, -5.86, -11.55, -14.03, -15.64, -16.94, -18.02, -18.96, -19.80, -20.54, -21.19, -21.83, -22.38, -22.90, -23.36, -23.74, -24.08, -24.41, -24.83, -25.25, -25.64, -25.99, -26.33, -26.59, -26.88, -27.14, -27.35, -27.58, -27.79, -28.00, -28.15, -28.29, -28.48, -28.52, -28.51, -28.03, -27.39, -26.91, -27.05, -27.71, -28.47, -29.13, -29.56, -29.72, -29.82, -29.87, -29.91, -29.95, -29.95, -29.88, -29.83, -29.61, -29.18, -27.47, -23.85, -20.92, -18.16, -16.35, -16.35
2026-10-01, 21:47:23, 88000000, 90500000, 19531.25, 15936, -16.01, -18.02, -18.64, -16.31, -14.70, -13.24, -14.41, -16.44, -17.45, -19.79, -25.41, -28.40, -29.11, -29.44, -29.59, -29.70, -29.76, -29.76, -29.71, -29.68, -29.60, -29.46, -29.14, -28.40, -27.46, -26.91, -26.92, -27.67, -27.97, -28.16, -28.44, -28.43, -28.28, -28.14, -27.95, -27.73, -27.54, -27.31, -27.09, -26.83, -26.59, -26.27, -25.98, -25.61, -25.19, -24.78, -24.37, -24.08, -23.74, -23.34, -22.88, -22.36, -21.82, -21.21, -20.53, -19.78, -18.95, -18.04, -16.96, -15.70, -14.07, -11.40, -6.64, -1.90, 5.85, 5.85, 7.26, 7.12, 4.54, 2.66, 1.04, -4.32, -10.84, -13.73, -15.46, -16.80, -17.90, -18.87, -19.72, -20.49, -21.15, -21.76, -22.34, -22.86, -23.30, -23.68, -24.03, -24.36, -24.80, -25.23, -25.58, -25.92, -26.29, -26.56, -26.84, -27.09, -27.30, -27.55, -27.76, -27.94, -28.11, -28.28, -28.42, -28.53, -28.43, -27.86, -27.36, -26.93, -27.02, -28.03, -28.57, -28.90, -29.52, -29.73, -29.80, -29.84, -29.85, -29.91, -29.93, -29.88, -29.85, -29.62, -29.25, -27.53, -24.72, -20.71, -17.51, -16.49, -16.49
2026-10-01, 21:47:24, 88000000, 90500000, 19531.25, 15552, -16.63, -17.07, -17.31, -16.66, -15.07, -13.92, -13.78, -14.75, -17.46, -21.99, -25.83, -28.30, -29.06, -29.38, -29.54, -29.63, -29.68, -29.67, -29.65, -29.62, -29.56, -29.35, -28.95, -28.29, -27.55, -27.20, -26.92, -27.17, -27.71, -28.26, -28.42, -28.37, -28.21, -28.08, -27.88, -27.69, -27.46, -27.25, -27.02, -26.76, -26.50, -26.20, -25.90, -25.55, -25.14, -24.73, -24.32, -23.98, -23.65, -23.25, -22.79, -22.28, -21.73, -21.10, -20.44, -19.68, -18.85, -17.90, -16.80, -15.49, -13.82, -10.96, -5.47, 0.17, 5.51, 5.51, 6.62, 7.00, 6.09, 3.74, -0.52, -5.92, -10.53, -13.79, -15.47, -16.78, -17.85, -18.81, -19.65, -20.38, -21.07, -21.70, -22.27, -22.78, -23.22, -23.62, -23.98, -24.32, -24.68, -25.12, -25.51, -25.89, -26.22, -26.48, -26.75, -27.00, -27.23, -27.46, -27.66, -27.85, -28.02, -28.22, -28.34, -28.41, -28.14, -27.94, -27.33, -27.12, -27.01, -27.45, -28.28, -29.04, -29.49, -29.61, -29.72, -29.76, -29.77, -29.83, -29.84, -29.78, -29.71, -29.49, -29.06, -27.15, -22.90, -19.76, -17.88, -16.81, -16.81
2026-10-01, 21:47:25, 88000000, 90500000, 19531.25, 15616, -16.98, -17.20, -17.07, -16.37, -15.21, -14.32, -14.09, -14.67, -16.66, -20.72, -25.46, -28.27, -29.01, -29.34, -29.52, -29.59, -29.66, -29.70, -29.65, -29.61, -29.50, -29.27, -28.80, -28.19, -27.67, -27.21, -27.10, -27.23, -27.63, -28.13, -28.39, -28.37, -28.20, -28.08, -27.88, -27.67, -27.50, -27.26, -27.03, -26.76, -26.50, -26.23, -25.92, -25.52, -25.13, -24.74, -24.37, -24.01, -23.63, -23.25, -22.79, -22.30, -21.74, -21.10, -20.42, -19.66, -18.83, -17.86, -16.74, -15.40, -13.57, -10.28, -3.95, 0.59, 5.31, 5.31, 6.45, 6.52, 5.90, 4.26, 0.58, -4.83, -10.63, -13.56, -15.32, -16.68, -17.79, -18.76, -19.59, -20.37, -21.05, -21.67, -22.23, -22.75, -23.21, -23.61, -24.00, -24.34, -24.70, -25.09, -25.50, -25.89, -26.20, -26.51, -26.79, -27.01, -27.26, -27.50, -27.69, -27.88, -28.04, -28.23, -28.39, -28.38, -28.13, -27.81, -27.46, -27.16, -27.28, -27.55, -28.12, -28.97, -29.47, -29.68, -29.72, -29.80, -29.81, -29.87, -29.86, -29.79, -29.73, -29.45, -28.87, -26.43, -22.09, -19.40, -17.76, -16.97, -16.97
2026-10-01, 21:47:26, 88000000, 90500000, 19531.25, 15424, -16.65, -17.46, -17.11, -16.46, -14.92, -13.96, -14.19, -14.72, -16.93, -20.69, -25.70, -28.24, -28.98, -29.32, -29.48, -29.57, -29.61, -29.63, -29.60, -29.55, -29.48, -29.31, -28.84, -28.13, -27.64, -27.09, -26.99, -27.22, -27.59, -28.05, -28.34, -28.29, -28.16, -27.99, -27.81, -27.61, -27.40, -27.18, -26.96, -26.70, -26.42, -26.14, -25.83, -25.48, -25.08, -24.68, -24.28, -23.96, -23.57, -23.18, -22.73, -22.23, -21.67, -21.04, -20.36, -19.61, -18.77, -17.83, -16.71, -15.39, -13.66, -10.74, -5.27, 0.15, 5.35, 5.35, 6.93, 6.65, 5.83, 4.03, 0.61, -5.32, -10.71, -13.63, -15.34, -16.65, -17.76, -18.72, -19.56, -20.32, -20.99, -21.62, -22.19, -22.70, -23.15, -23.55, -23.92, -24.26, -24.66, -25.03, -25.41, -25.81, -26.13, -26.44, -26.70, -26.95, -27.16, -27.40, -27.62, -27.80, -27.98, -28.13, -28.29, -28.34, -28.10, -27.77, -27.34, -26.88, -27.16, -27.56, -28.21, -28.87, -29.41, -29.58, -29.65, -29.71, -29.74, -29.77, -29.77, -29.73, -29.66, -29.44, -28.95, -26.75, -23.05, -19.40, -17.85, -16.61, -16.61
2026-10-01, 21:47:27, 88000000, 90500000, 19531.25, 15680, -16.32, -16.68, -17.19, -17.10, -15.22, -13.63, -13.20, -14.60, -18.13, -23.11, -27.27, -28.53, -29.08, -29.36, -29.49, -29.56, -29.65, -29.60, -29.63, -29.59, -29.50, -29.32, -28.77, -28.27, -27.75, -27.10, -26.70, -27.05, -27.70, -28.32, -28.44, -28.36, -28.15, -28.03, -27.86, -27.62, -27.42, -27.20, -26.98, -26.73, -26.46, -26.19, -25.84, -25.50, -25.11, -24.71, -24.31, -23.92, -23.59, -23.24, -22.78, -22.29, -21.71, -21.10, -20.43, -19.70, -18.85, -17.92, -16.84, -15.56, -13.94, -11.53, -6.33, 0.26, 5.03, 5.03, 6.88, 7.53, 6.37, 3.57, -1.45, -8.12, -11.92, -14.03, -15.57, -16.82, -17.90, -18.83, -19.65, -20.40, -21.07, -21.69, -22.24, -22.74, -23.20, -23.60, -23.97, -24.27, -24.60, -25.06, -25.51, -25.86, -26.17, -26.47, -26.72, -27.00, -27.20, -27.44, -27.66, -27.85, -28.03, -28.17, -28.34, -28.39, -28.19, -27.88, -27.47, -26.93, -26.82, -27.36, -28.29, -29.13, -29.50, -29.62, -29.70, -29.74, -29.78, -29.82, -29.84, -29.74, -29.68, -29.52, -29.10, -27.82, -23.10, -19.68, -18.32, -16.87, -16.87
2026-10-01, 21:47:28, 88000000, 90500000, 19531.25, 15680, -16.96, -17.35, -17.09, -16.08, -15.11, -14.28, -14.36, -14.95, -16.47, -19.34, -24.87, -28.00, -28.94, -29.26, -29.46, -29.60, -29.62, -29.61, -29.60, -29.58, -29.48, -29.24, -28.74, -28.13, -27.52, -27.20, -27.13, -27.27, -27.65, -28.00, -28.30, -28.29, -28.14, -28.03, -27.82, -27.64, -27.42, -27.19, -26.98, -26.71, -26.44, -26.19, -25.82, -25.48, -25.07, -24.69, -24.30, -23.98, -23.60, -23.16, -22.72, -22.24, -21.66, -21.04, -20.36, -19.60, -18.75, -17.79, -16.68, -15.34, -13.61, -10.57, -3.69, 0.92, 5.54, 5.54, 6.42, 6.40, 5.60, 4.13, 1.51, -3.69, -9.83, -13.22, -15.08, -16.49, -17.63, -18.62, -19.48, -20.26, -20.95, -21.58, -22.14, -22.67, -23.13, -23.52, -23.87, -24.24, -24.62, -25.03, -25.40, -25.78, -26.12, -26.42, -26.68, -26.92, -27.15, -27.41, -27.61, -27.79, -27.97, -28.11, -28.29, -28.29, -28.03, -27.63, -27.37, -27.18, -27.17, -27.61, -28.05, -28.73, -29.33, -29.61, -29.65, -29.69, -29.72, -29.77, -29.76, -29.68, -29.58, -29.32, -28.78, -26.43, -21.87, -19.16, -17.46, -16.96, -16.96
2026-10-01, 21:47:29, 88000000, 90500000, 19531.25, 15424, -17.10, -17.66, -16.96, -16.02, -14.87, -14.36, -14.50, -15.10, -16.84, -19.46, -23.56, -27.53, -28.78, -29.22, -29.40, -29.53, -29.61, -29.60, -29.59, -29.55, -29.49, -29.32, -28.70, -28.03, -27.47, -27.15, -27.15, -27.34, -27.62, -28.06, -28.24, -28.32, -28.16, -28.04, -27.79, -27.62, -27.39, -27.18, -26.96, -26.71, -26.44, -26.14, -25.85, -25.45, -25.08, -24.68, -24.31, -23.96, -23.56, -23.16, -22.72, -22.20, -21.66, -21.04, -20.35, -19.59, -18.75, -17.79, -16.68, -15.35, -13.67, -11.07, -5.72, 0.92, 5.82, 5.82, 6.53, 6.20, 5.48, 3.93, 1.01, -2.62, -8.94, -13.05, -15.11, -16.54, -17.69, -18.67, -19.53, -20.31, -20.99, -21.63, -22.19, -22.71, -23.17, -23.55, -23.93, -24.31, -24.67, -25.06, -25.45, -25.80, -26.16, -26.45, -26.70, -27.00, -27.20, -27.44, -27.63, -27.83, -28.00, -28.17, -28.31, -28.37, -28.08, -27.65, -27.24, -27.12, -27.34, -27.67, -28.18, -28.87, -29.31, -29.60, -29.69, -29.72, -29.77, -29.82, -29.84, -29.77, -29.66, -29.43, -28.97, -27.34, -22.68, -18.84, -17.32, -16.73, -16.73
2026-10-01, 21:47:30, 88000000, 90500000, 19531.25, 15232, -16.03, -17.58, -18.25, -16.71, -14.60, -13.26, -13.94, -15.78, -17.97, -21.15, -25.55, -28.35, -29.13, -29.42, -29.60, -29.67, -29.75, -29.75, -29.70, -29.68, -29.61, -29.45, -29.10, -28.41, -27.65, -26.85, -26.81, -27.47, -27.94, -28.28, -28.45, -28.43, -28.26, -28.12, -27.92, -27.72, -27.47, -27.30, -27.07, -26.79, -26.55, -26.29, -25.97, -25.61, -25.20, -24.74, -24.32, -24.05, -23.72, -23.31, -22.87, -22.38, -21.81, -21.20, -20.54, -19.79, -19.00, -18.08, -17.03, -15.79, -14.27, -11.83, -7.06, -1.88, 5.70, 5.70, 7.43, 7.29, 5.26, 2.93, -0.33, -4.82, -10.95, -13.81, -15.52, -16.81, -17.92, -18.86, -19.70, -20.44, -21.11, -21.73, -22.29, -22.82, -23.27, -23.65, -24.00, -24.32, -24.75, -25.17, -25.53, -25.91, -26.25, -26.54, -26.78, -27.05, -27.26, -27.50, -27.67, -27.88, -28.06, -28.23, -28.41, -28.49, -28.39, -27.94, -27.28, -26.79, -27.00, -27.73, -28.46, -29.09, -29.47, -29.62, -29.73, -29.76, -29.81, -29.86, -29.86, -29.82, -29.78, -29.54, -29.20, -27.69, -25.11, -20.61, -17.87, -16.28, -16.28
2026-10-01, 21:47:31, 88000000, 90500000, 19531.25, 15168, -16.60, -17.30, -17.06, -16.01, -14.75, -13.89, -13.91, -15.01, -16.94, -20.49, -25.03, -27.97, -28.81, -29.17, -29.36, -29.43, -29.49, -29.49, -29.46, -29.43, -29.32, -29.21, -28.65, -27.97, -27.41, -26.98, -26.83, -27.11, -27.57, -27.95, -28.19, -28.18, -28.03, -27.89, -27.70, -27.48, -27.26, -27.06, -26.84, -26.59, -26.31, -26.04, -25.73, -25.34, -24.93, -24.55, -24.15, -23.82, -23.46, -23.06, -22.61, -22.09, -21.54, -20.92, -20.24, -19.50, -18.66, -17.69, -16.62, -15.30, -13.67, -11.16, -6.03, 0.51, 5.84, 5.84, 6.89, 6.92, 5.75, 3.82, 0.63, -4.39, -10.38, -13.43, -15.22, -16.57, -17.66, -18.63, -19.48, -20.22, -20.90, -21.52, -22.08, -22.61, -23.05, -23.43, -23.79, -24.16, -24.55, -24.94, -25.36, -25.70, -26.04, -26.33, -26.59, -26.86, -27.07, -27.31, -27.53, -27.70, -27.88, -28.03, -28.21, -28.28, -28.02, -27.54, -27.13, -26.86, -27.02, -27.50, -28.13, -28.85, -29.26, -29.48, -29.55, -29.59, -29.65, -29.72, -29.68, -29.62, -29.55, -29.33, -28.88, -27.44, -23.16, -19.02, -17.31, -16.48, -16.48
2026-10-01, 21:47:32, 88000000, 90500000, 19531.25, 15424, -16.32, -17.33, -17.44, -15.96, -14.30, -13.55, -13.93, -14.85, -16.71, -20.66, -25.84, -28.03, -28.76, -29.08, -29.26, -29.35, -29.35, -29.40, -29.40, -29.34, -29.27, -29.12, -28.71, -27.98, -27.22, -26.69, -26.71, -27.10, -27.46, -27.88, -28.17, -28.12, -27.97, -27.82, -27.59, -27.41, -27.21, -26.98, -26.78, -26.51, -26.24, -25.95, -25.64, -25.29, -24.86, -24.49, -24.07, -23.76, -23.37, -23.00, -22.56, -22.04, -21.48, -20.89, -20.21, -19.46, -18.63, -17.70, -16.62, -15.35, -13.76, -11.41, -6.18, -0.57, 6.25, 6.25, 7.30, 7.02, 5.81, 4.10, 0.68, -5.29, -10.81, -13.44, -15.15, -16.46, -17.58, -18.52, -19.37, -20.11, -20.80, -21.42, -22.00, -22.49, -22.97, -23.34, -23.68, -24.05, -24.43, -24.84, -25.24, -25.61, -25.94, -26.24, -26.50, -26.77, -26.98, -27.22, -27.42, -27.63, -27.80, -27.93, -28.13, -28.20, -28.05, -27.53, -26.95, -26.73, -26.91, -27.40, -27.96, -28.66, -29.22, -29.39, -29.47, -29.51, -29.56, -29.60, -29.61, -29.54, -29.49, -29.30, -28.91, -27.53, -23.45, -19.94, -17.19, -16.04, -16.04
2026-10-01, 21:47:33, 88000000, 90500000, 19531.25, 15616, -16.28, -16.86, -16.97, -16.07, -14.61, -13.62, -13.73, -14.77, -16.75, -19.89, -23.95, -27.49, -28.51, -28.90, -29.04, -29.19, -29.23, -29.22, -29.22, -29.16, -29.06, -28.86, -28.41, -27.83, -27.17, -26.78, -26.61, -26.85, -27.32, -27.71, -27.87, -27.95, -27.78, -27.64, -27.43, -27.24, -27.02, -26.81, -26.59, -26.33, -26.07, -25.77, -25.45, -25.09, -24.70, -24.26, -23.91, -23.56, -23.21, -22.80, -22.34, -21.83, -21.27, -20.65, -19.96, -19.20, -18.36, -17.39, -16.26, -14.92, -13.07, -9.32, -3.55, 0.79, 5.97, 5.97, 7.01, 7.12, 6.03, 3.98, 1.00, -3.35, -9.13, -12.91, -14.81, -16.20, -17.34, -18.32, -19.15, -19.93, -20.60, -21.25, -21.82, -22.32, -22.80, -23.17, -23.55, -23.90, -24.27, -24.68, -25.10, -25.44, -25.79, -26.08, -26.35, -26.61, -26.82, -27.05, -27.27, -27.45, -27.61, -27.81, -27.93, -27.93, -27.73, -27.45, -26.92, -26.67, -26.73, -27.30, -27.89, -28.50, -29.00, -29.22, -29.29, -29.37, -29.41, -29.43, -29.44, -29.37, -29.27, -29.06, -28.39, -25.68, -21.92, -19.12, -17.35, -16.40, -16.40
2026-10-01, 21:47:34, 88000000, 90500000, 19531.25, 15552, -16.70, -16.92, -16.75, -15.93, -14.91, -14.05, -13.97, -14.67, -16.19, -19.35, -24.68, -27.74, -28.61, -29.00, -29.18, -29.28, -29.33, -29.36, -29.31, -29.28, -29.21, -28.95, -28.41, -27.86, -27.37, -26.96, -26.81, -26.97, -27.36, -27.71, -28.03, -28.05, -27.90, -27.76, -27.55, -27.34, -27.16, -26.93, -26.69, -26.43, -26.18, -25.87, -25.54, -25.18, -24.76, -24.40, -24.05, -23.66, -23.30, -22.87, -22.44, -21.94, -21.36, -20.74, -20.04, -19.30, -18.43, -17.47, -16.34, -14.97, -13.10, -9.87, -3.34, 1.52, 5.69, 5.69, 6.62, 6.76, 6.01, 4.27, 1.76, -3.60, -10.12, -13.14, -14.92, -16.28, -17.43, -18.38, -19.24, -20.02, -20.69, -21.34, -21.91, -22.41, -22.88, -23.27, -23.64, -24.00, -24.39, -24.77, -25.16, -25.52, -25.88, -26.15, -26.44, -26.70, -26.91, -27.17, -27.34, -27.56, -27.70, -27.88, -28.01, -28.03, -27.76, -27.40, -27.10, -26.88, -26.96, -27.31, -27.93, -28.49, -29.08, -29.35, -29.39, -29.45, -29.49, -29.53, -29.51, -29.47, -29.36, -29.10, -28.46, -26.03, -21.24, -18.77, -17.36, -16.72, -16.72
2026-10-01, 21:47:35, 88000000, 90500000, 19531.25, 15616, -16.83, -17.34, -17.51, -16.21, -14.82, -14.13, -14.07, -15.14, -16.81, -20.33, -25.44, -28.16, -28.99, -29.32, -29.50, -29.61, -29.68, -29.70, -29.62, -29.60, -29.50, -29.28, -28.89, -28.20, -27.54, -27.06, -27.08, -27.31, -27.70, -28.17, -28.36, -28.37, -28.20, -28.05, -27.85, -27.69, -27.45, -27.24, -27.00, -26.77, -26.49, -26.19, -25.89, -25.53, -25.12, -24.71, -24.33, -23.96, -23.62, -23.22, -22.79, -22.27, -21.71, -21.09, -20.43, -19.68, -18.83, -17.87, -16.80, -15.48, -13.83, -10.57, -4.97, -0.16, 5.75, 5.75, 6.71, 6.61, 5.67, 3.91, 0.72, -4.35, -10.70, -13.62, -15.32, -16.67, -17.78, -18.73, -19.58, -20.34, -21.02, -21.66, -22.21, -22.74, -23.18, -23.57, -23.95, -24.31, -24.67, -25.08, -25.47, -25.83, -26.17, -26.46, -26.74, -27.02, -27.24, -27.44, -27.65, -27.84, -28.01, -28.22, -28.35, -28.40, -28.21, -27.76, -27.28, -27.06, -27.17, -27.60, -28.17, -28.87, -29.38, -29.62, -29.67, -29.75, -29.79, -29.82, -29.82, -29.75, -29.67, -29.45, -28.95, -26.67, -22.94, -19.74, -17.52, -16.61, -16.61
2026-10-01, 21:47:36, 88000000, 90500000, 19531.25, 15680, -16.36, -17.56, -17.92, -16.22, -14.38, -13.58, -14.13, -15.80, -16.83, -19.95, -25.39, -28.04, -28.88, -29.24, -29.38, -29.50, -29.57, -29.55, -29.57, -29.50, -29.46, -29.31, -28.91, -28.21, -27.35, -26.88, -26.87, -27.35, -27.75, -27.98, -28.27, -28.27, -28.12, -27.94, -27.79, -27.57, -27.35, -27.16, -26.92, -26.65, -26.41, -26.10, -25.80, -25.46, -25.03, -24.60, -24.22, -23.91, -23.54, -23.15, -22.70, -22.21, -21.64, -21.00, -20.34, -19.60, -18.77, -17.83, -16.77, -15.48, -13.85, -11.23, -6.30, -0.46, 6.03, 6.03, 7.33, 6.95, 5.11, 3.39, 1.24, -4.41, -10.40, -13.54, -15.29, -16.62, -17.73, -18.69, -19.53, -20.28, -20.97, -21.58, -22.17, -22.68, -23.14, -23.51, -23.83, -24.19, -24.62, -25.06, -25.40, -25.77, -26.11, -26.40, -26.65, -26.93, -27.15, -27.40, -27.57, -27.77, -27.98, -28.11, -28.28, -28.36, -28.14, -27.77, -27.14, -26.74, -27.01, -27.75, -28.29, -28.75, -29.35, -29.54, -29.63, -29.70, -29.73, -29.78, -29.78, -29.72, -29.65, -29.44, -29.10, -27.47, -23.57, -20.02, -17.51, -16.13, -16.13
2026-10-01, 21:47:37, 88000000, 90500000, 19531.25, 15616, -16.55, -17.11, -17.27, -16.58, -14.98, -13.90, -13.96, -14.98, -16.91, -20.51, -25.29, -28.09, -28.97, -29.30, -29.47, -29.56, -29.64, -29.60, -29.58, -29.56, -29.46, -29.22, -28.76, -28.22, -27.59, -27.12, -27.03, -27.22, -27.66, -28.12, -28.34, -28.34, -28.17, -27.99, -27.86, -27.64, -27.43, -27.21, -27.00, -26.71, -26.48, -26.18, -25.86, -25.46, -25.12, -24.70, -24.31, -23.94, -23.62, -23.19, -22.75, -22.26, -21.68, -21.08, -20.38, -19.63, -18.78, -17.82, -16.70, -15.32, -13.39, -8.98, -3.95, 0.69, 5.43, 5.43, 6.79, 6.83, 5.80, 3.82, 0.78, -4.67, -10.36, -13.52, -15.28, -16.63, -17.76, -18.72, -19.57, -20.32, -21.01, -21.62, -22.20, -22.70, -23.18, -23.56, -23.93, -24.27, -24.66, -25.05, -25.47, -25.85, -26.17, -26.45, -26.72, -26.98, -27.22, -27.44, -27.64, -27.84, -28.00, -28.16, -28.31, -28.34, -28.11, -27.83, -27.37, -27.00, -27.04, -27.58, -28.26, -28.90, -29.42, -29.62, -29.68, -29.74, -29.76, -29.81, -29.84, -29.72, -29.65, -29.36, -28.60, -25.71, -22.11, -19.56, -17.92, -16.72, -16.72
2026-10-01, 21:47:38, 88000000, 90500000, 19531.25, 15616, -17.03, -17.15, -16.87, -16.24, -15.20, -14.43, -14.15, -14.54, -16.40, -20.36, -25.51, -28.25, -28.92, -29.31, -29.45, -29.56, -29.60, -29.57, -29.57, -29.57, -29.46, -29.18, -28.74, -28.07, -27.55, -27.19, -27.07, -27.19, -27.53, -28.00, -28.29, -28.29, -28.14, -27.99, -27.77, -27.59, -27.38, -27.15, -26.94, -26.66, -26.42, -26.12, -25.77, -25.45, -25.04, -24.62, -24.29, -23.90, -23.52, -23.11, -22.69, -22.18, -21.60, -20.98, -20.29, -19.53, -18.67, -17.70, -16.57, -15.20, -13.35, -9.22, -3.15, 0.92, 5.44, 5.44, 6.33, 6.44, 5.95, 4.42, 1.02, -4.64, -10.65, -13.50, -15.20, -16.55, -17.67, -18.64, -19.49, -20.24, -20.93, -21.57, -22.13, -22.63, -23.11, -23.51, -23.88, -24.24, -24.59, -24.96, -25.39, -25.78, -26.09, -26.39, -26.66, -26.92, -27.14, -27.37, -27.55, -27.74, -27.93, -28.11, -28.26, -28.20, -28.00, -27.71, -27.38, -27.19, -27.17, -27.43, -27.98, -28.78, -29.33, -29.52, -29.60, -29.64, -29.69, -29.73, -29.72, -29.66, -29.54, -29.31, -28.62, -25.43, -21.77, -19.12, -17.71, -16.97, -16.97
2026-10-01, 21:47:39, 88000000, 90500000, 19531.25, 15616, -16.37, -16.94, -17.39, -16.77, -14.88, -13.68, -13.58, -15.01, -17.55, -21.18, -26.07, -28.36, -28.99, -29.31, -29.44, -29.59, -29.58, -29.61, -29.55, -29.53, -29.48, -29.26, -28.86, -28.25, -27.49, -27.00, -26.82, -27.17, -27.75, -28.21, -28.37, -28.34, -28.14, -28.03, -27.81, -27.63, -27.42, -27.20, -26.95, -26.73, -26.45, -26.16, -25.86, -25.49, -25.11, -24.68, -24.27, -23.94, -23.59, -23.24, -22.75, -22.25, -21.69, -21.07, -20.42, -19.66, -18.84, -17.90, -16.80, -15.48, -13.86, -10.66, -4.90, 0.18, 5.51, 5.51, 6.95, 7.19, 6.02, 3.49, -0.11, -5.69, -10.97, -13.66, -15.39, -16.70, -17.81, -18.75, -19.58, -20.34, -21.02, -21.65, -22.20, -22.72, -23.18, -23.58, -23.95, -24.26, -24.65, -25.05, -25.47, -25.84, -26.17, -26.45, -26.73, -26.96, -27.18, -27.45, -27.63, -27.82, -28.00, -28.17, -28.32, -28.38, -28.16, -27.81, -27.39, -26.98, -26.95, -27.44, -28.28, -28.95, -29.44, -29.62, -29.67, -29.72, -29.77, -29.80, -29.80, -29.74, -29.69, -29.47, -28.91, -26.59, -22.94, -19.69, -18.00, -16.62, -16.62
2026-10-01, 21:47:40, 88000000, 90500000, 19531.25, 15616, -16.48, -17.27, -17.53, -16.58, -14.76, -13.73, -13.90, -15.15, -17.27, -20.70, -25.83, -28.29, -28.98, -29.33, -29.45, -29.55, -29.61, -29.64, -29.61, -29.56, -29.47, -29.32, -28.88, -28.27, -27.52, -26.94, -26.90, -27.29, -27.76, -28.12, -28.32, -28.31, -28.18, -28.01, -27.82, -27.61, -27.41, -27.21, -26.98, -26.71, -26.46, -26.16, -25.84, -25.51, -25.09, -24.65, -24.27, -23.95, -23.59, -23.20, -22.75, -22.26, -21.69, -21.07, -20.39, -19.66, -18.82, -17.89, -16.82, -15.51, -13.87, -11.15, -5.67, -0.12, 5.64, 5.64, 7.03, 6.94, 5.72, 3.57, 0.29, -4.73, -10.87, -13.65, -15.34, -16.66, -17.76, -18.72, -19.55, -20.31, -20.99, -21.61, -22.20, -22.69, -23.15, -23.56, -23.89, -24.23, -24.66, -25.04, -25.43, -25.82, -26.12, -26.42, -26.71, -26.97, -27.16, -27.42, -27.62, -27.80, -27.97, -28.14, -28.30, -28.38, -28.14, -27.81, -27.27, -26.97, -27.00, -27.54, -28.23, -28.94, -29.39, -29.56, -29.63, -29.70, -29.76, -29.79, -29.77, -29.71, -29.65, -29.47, -29.00, -27.20, -23.26, -19.84, -17.82, -16.49, -16.49
2026-10-01, 21:47:41, 88000000, 90500000, 19531.25, 15616, -16.32, -17.77, -18.13, -16.33, -14.18, -13.53, -14.22, -15.44, -17.28, -21.08, -25.49, -28.25, -28.98, -29.33, -29.51, -29.58, -29.60, -29.62, -29.62, -29.57, -29.48, -29.37, -29.05, -28.34, -27.36, -26.82, -26.88, -27.40, -27.75, -28.13, -28.36, -28.34, -28.17, -28.03, -27.83, -27.68, -27.40, -27.20, -26.96, -26.71, -26.45, -26.17, -25.86, -25.52, -25.09, -24.67, -24.28, -23.95, -23.63, -23.20, -22.77, -22.27, -21.71, -21.10, -20.43, -19.69, -18.85, -17.93, -16.87, -15.61, -13.96, -11.21, -7.20, -1.66, 6.22, 6.22, 7.46, 6.91, 5.31, 3.43, 0.16, -4.80, -10.95, -13.76, -15.41, -16.73, -17.83, -18.76, -19.61, -20.34, -21.01, -21.67, -22.20, -22.74, -23.19, -23.56, -23.89, -24.27, -24.65, -25.07, -25.47, -25.86, -26.16, -26.45, -26.72, -26.94, -27.22, -27.44, -27.62, -27.83, -27.97, -28.15, -28.30, -28.43, -28.31, -27.88, -27.08, -26.71, -27.03, -27.74, -28.33, -28.93, -29.36, -29.58, -29.68, -29.70, -29.74, -29.80, -29.83, -29.74, -29.66, -29.46, -29.08, -27.61, -24.77, -20.71, -17.51, -15.89, -15.89
2026-10-01, 21:47:42, 88000000, 90500000, 19531.25, 15552, -16.89, -16.87, -17.10, -16.28, -15.25, -14.27, -13.64, -14.50, -17.18, -21.24, -25.85, -28.25, -28.97, -29.33, -29.50, -29.57, -29.61, -29.64, -29.59, -29.56, -29.51, -29.26, -28.83, -28.16, -27.55, -27.28, -26.96, -27.01, -27.57, -28.19, -28.35, -28.32, -28.13, -28.01, -27.79, -27.60, -27.40, -27.19, -26.96, -26.70, -26.44, -26.13, -25.85, -25.47, -25.05, -24.69, -24.28, -23.89, -23.55, -23.19, -22.72, -22.22, -21.64, -21.04, -20.35, -19.61, -18.75, -17.81, -16.69, -15.34, -13.57, -10.53, -4.43, 0.49, 5.53, 5.53, 6.20, 6.90, 6.32, 4.00, -0.07, -5.31, -10.80, -13.65, -15.36, -16.68, -17.76, -18.71, -19.55, -20.33, -21.00, -21.62, -22.16, -22.69, -23.15, -23.54, -23.92, -24.26, -24.63, -25.03, -25.44, -25.82, -26.14, -26.41, -26.67, -26.97, -27.17, -27.42, -27.61, -27.79, -27.98, -28.16, -28.32, -28.31, -28.08, -27.71, -27.31, -27.20, -26.99, -27.36, -28.22, -28.95, -29.39, -29.60, -29.65, -29.70, -29.74, -29.78, -29.79, -29.72, -29.63, -29.41, -28.85, -26.52, -22.42, -19.54, -17.54, -17.05, -17.05
2026-10-01, 21:47:43, 88000000, 90500000, 19531.25, 16064, -16.45, -16.83, -17.45, -16.74, -15.15, -13.86, -13.72, -15.01, -17.04, -20.79, -25.56, -28.11, -28.92, -29.28, -29.43, -29.55, -29.58, -29.56, -29.57, -29.54, -29.44, -29.19, -28.69, -28.33, -27.63, -27.12, -26.81, -27.18, -27.66, -28.10, -28.35, -28.32, -28.13, -27.99, -27.80, -27.58, -27.39, -27.18, -26.95, -26.68, -26.43, -26.13, -25.82, -25.45, -25.08, -24.65, -24.25, -23.89, -23.56, -23.18, -22.69, -22.21, -21.65, -21.03, -20.34, -19.57, -18.74, -17.77, -16.64, -15.26, -13.30, -9.58, -2.93, 0.60, 5.29, 5.29, 6.64, 7.15, 5.80, 3.82, 0.47, -5.03, -10.49, -13.60, -15.32, -16.64, -17.77, -18.70, -19.55, -20.31, -20.98, -21.61, -22.17, -22.68, -23.15, -23.55, -23.90, -24.24, -24.62, -25.03, -25.45, -25.81, -26.12, -26.42, -26.70, -26.93, -27.17, -27.44, -27.58, -27.78, -27.96, -28.13, -28.28, -28.25, -28.05, -27.82, -27.36, -27.06, -26.95, -27.53, -28.17, -28.87, -29.40, -29.57, -29.64, -29.66, -29.73, -29.77, -29.76, -29.67, -29.58, -29.32, -28.64, -25.41, -21.65, -19.88, -18.08, -16.88, -16.88
2026-10-01, 21:47:44, 88000000, 90500000, 19531.25, 15616, -16.78, -17.22, -17.45, -16.22, -14.87, -14.03, -13.94, -15.13, -16.85, -20.23, -25.65, -28.16, -28.91, -29.27, -29.44, -29.56, -29.60, -29.59, -29.60, -29.56, -29.47, -29.27, -28.87, -28.11, -27.51, -26.99, -27.01, -27.26, -27.67, -28.03, -28.33, -28.29, -28.15, -28.00, -27.79, -27.63, -27.40, -27.20, -26.96, -26.71, -26.45, -26.15, -25.84, -25.48, -25.08, -24.67, -24.32, -23.94, -23.58, -23.19, -22.75, -22.24, -21.68, -21.06, -20.38, -19.63, -18.81, -17.86, -16.77, -15.48, -13.82, -11.30, -5.31, 0.09, 5.74, 5.74, 6.77, 6.79, 5.65, 3.78, 1.00, -4.96, -10.55, -13.52, -15.27, -16.61, -17.71, -18.69, -19.55, -20.30, -20.99, -21.60, -22.15, -22.68, -23.16, -23.53, -23.90, -24.27, -24.64, -25.06, -25.44, -25.81, -26.16, -26.43, -26.72, -26.95, -27.18, -27.43, -27.61, -27.81, -27.99, -28.17, -28.29, -28.34, -28.15, -27.79, -27.31, -27.03, -27.06, -27.64, -28.20, -28.87, -29.43, -29.63, -29.70, -29.73, -29.82, -29.83, -29.83, -29.76, -29.69, -29.47, -29.05, -27.44, -22.70, -19.67, -17.54, -16.62, -16.62
2026-10-01, 21:47:45, 88000000, 90500000, 19531.25, 15552, -15.78, -17.01, -18.13, -17.06, -14.62, -13.00, -13.24, -15.13, -18.49, -23.85, -27.51, -28.60, -29.10, -29.33, -29.47, -29.52, -29.57, -29.58, -29.57, -29.48, -29.43, -29.35, -29.06, -28.40, -27.55, -26.76, -26.56, -27.10, -27.75, -28.27, -28.39, -28.31, -28.11, -27.98, -27.80, -27.59, -27.38, -27.16, -26.94, -26.70, -26.44, -26.13, -25.85, -25.49, -25.09, -24.64, -24.24, -23.88, -23.59, -23.22, -22.77, -22.25, -21.70, -21.12, -20.44, -19.72, -18.91, -18.02, -16.98, -15.79, -14.31, -12.38, -8.91, -2.44, 5.59, 5.59, 7.60, 7.74, 6.13, 3.02, -2.11, -8.62, -12.15, -14.13, -15.61, -16.84, -17.89, -18.80, -19.62, -20.35, -21.03, -21.64, -22.19, -22.72, -23.16, -23.55, -23.90, -24.20, -24.56, -25.01, -25.46, -25.81, -26.12, -26.39, -26.67, -26.91, -27.16, -27.39, -27.59, -27.76, -27.96, -28.12, -28.30, -28.43, -28.31, -27.92, -27.23, -26.62, -26.70, -27.43, -28.36, -29.13, -29.48, -29.58, -29.63, -29.72, -29.75, -29.80, -29.80, -29.75, -29.72, -29.52, -29.25, -28.50, -25.59, -21.08, -18.15, -16.24, -16.24
2026-10-01, 21:47:46, 88000000, 90500000, 19531.25, 15552, -16.80, -17.41, -17.30, -16.18, -14.84, -14.02, -14.14, -15.20, -17.09, -19.58, -24.45, -27.91, -28.87, -29.26, -29.43, -29.55, -29.58, -29.63, -29.59, -29.57, -29.48, -29.32, -28.80, -28.19, -27.53, -27.00, -27.05, -27.29, -27.75, -28.02, -28.29, -28.31, -28.17, -28.02, -27.81, -27.61, -27.41, -27.19, -26.97, -26.70, -26.45, -26.17, -25.84, -25.48, -25.06, -24.67, -24.32, -23.95, -23.61, -23.18, -22.75, -22.25, -21.68, -21.06, -20.38, -19.62, -18.77, -17.83, -16.74, -15.42, -13.74, -11.21, -6.22, 0.34, 5.71, 5.71, 6.80, 6.61, 5.70, 3.51, 1.03, -3.62, -9.22, -13.32, -15.17, -16.58, -17.70, -18.69, -19.53, -20.30, -21.00, -21.62, -22.18, -22.72, -23.16, -23.55, -23.92, -24.28, -24.66, -25.04, -25.46, -25.83, -26.14, -26.46, -26.73, -26.97, -27.21, -27.43, -27.62, -27.83, -27.95, -28.18, -28.33, -28.41, -28.09, -27.70, -27.28, -27.06, -27.20, -27.56, -28.24, -28.84, -29.36, -29.59, -29.68, -29.74, -29.76, -29.79, -29.83, -29.77, -29.65, -29.47, -29.07, -27.60, -23.00, -19.30, -17.45, -16.65, -16.65
2026-10-01, 21:47:47, 88000000, 90500000, 19531.25, 15616, -17.08, -17.76, -17.37, -15.65, -14.74, -14.33, -14.58, -15.26, -16.57, -19.49, -23.13, -27.20, -28.74, -29.20, -29.41, -29.52, -29.57, -29.60, -29.58, -29.54, -29.47, -29.25, -28.87, -28.06, -27.33, -27.12, -27.20, -27.39, -27.64, -27.99, -28.22, -28.29, -28.14, -27.98, -27.79, -27.59, -27.41, -27.18, -26.95, -26.68, -26.44, -26.12, -25.84, -25.47, -25.02, -24.69, -24.31, -23.95, -23.58, -23.16, -22.72, -22.21, -21.65, -21.04, -20.36, -19.59, -18.74, -17.81, -16.68, -15.39, -13.64, -10.76, -4.89, -0.12, 6.14, 6.14, 6.62, 6.18, 5.27, 3.95, 1.38, -2.75, -8.04, -12.78, -15.05, -16.48, -17.65, -18.62, -19.49, -20.28, -20.94, -21.57, -22.16, -22.67, -23.13, -23.48, -23.89, -24.29, -24.65, -25.06, -25.44, -25.80, -26.16, -26.46, -26.70, -26.97, -27.19, -27.43, -27.61, -27.82, -27.98, -28.17, -28.31, -28.36, -28.18, -27.59, -27.19, -27.09, -27.28, -27.71, -28.16, -28.77, -29.26, -29.57, -29.66, -29.73, -29.76, -29.79, -29.79, -29.75, -29.67, -29.41, -28.88, -26.91, -23.07, -19.37, -16.91, -16.61, -16.61
2026-10-01, 21:47:48, 88000000, 90500000, 19531.25, 15552, -15.11, -17.36, -18.43, -17.15, -14.83, -12.35, -13.64, -15.85, -18.02, -21.95, -26.50, -28.41, -28.97, -29.26, -29.39, -29.47, -29.54, -29.55, -29.48, -29.47, -29.40, -29.24, -28.91, -28.30, -27.64, -26.64, -26.34, -27.27, -27.79, -28.12, -28.30, -28.18, -28.03, -27.90, -27.71, -27.47, -27.28, -27.09, -26.83, -26.60, -26.34, -26.03, -25.75, -25.41, -25.01, -24.57, -24.10, -23.82, -23.51, -23.11, -22.66, -22.15, -21.58, -20.98, -20.32, -19.59, -18.77, -17.86, -16.81, -15.59, -14.07, -11.79, -7.05, -1.71, 5.19, 5.19, 7.78, 8.07, 5.37, 2.79, -0.58, -6.39, -11.45, -13.88, -15.45, -16.71, -17.76, -18.71, -19.52, -20.27, -20.94, -21.53, -22.11, -22.61, -23.08, -23.47, -23.80, -24.06, -24.52, -24.95, -25.36, -25.73, -26.03, -26.31, -26.57, -26.84, -27.06, -27.31, -27.52, -27.69, -27.89, -28.04, -28.21, -28.27, -28.21, -27.88, -27.26, -26.55, -26.52, -27.62, -28.28, -28.88, -29.36, -29.48, -29.56, -29.61, -29.64, -29.72, -29.67, -29.65, -29.61, -29.42, -29.03, -27.98, -24.70, -20.96, -18.42, -16.46, -16.46
2026-10-01, 21:47:49, 88000000, 90500000, 19531.25, 15616, -16.29, -17.18, -17.80, -16.31, -14.72, -13.54, -13.69, -15.18, -17.70, -21.01, -25.73, -28.25, -28.95, -29.24, -29.45, -29.54, -29.55, -29.60, -29.57, -29.50, -29.45, -29.29, -28.92, -28.27, -27.44, -26.87, -26.82, -27.18, -27.76, -28.14, -28.32, -28.29, -28.12, -27.97, -27.79, -27.60, -27.37, -27.14, -26.96, -26.67, -26.44, -26.13, -25.84, -25.48, -25.06, -24.65, -24.25, -23.90, -23.55, -23.18, -22.73, -22.22, -21.65, -21.05, -20.36, -19.63, -18.82, -17.87, -16.80, -15.53, -13.94, -11.46, -6.20, -0.96, 5.91, 5.91, 7.17, 7.14, 5.88, 3.29, -0.12, -5.14, -10.84, -13.70, -15.39, -16.70, -17.79, -18.73, -19.58, -20.31, -21.00, -21.62, -22.18, -22.68, -23.16, -23.53, -23.91, -24.23, -24.63, -25.04, -25.45, -25.79, -26.13, -26.41, -26.71, -26.95, -27.15, -27.41, -27.59, -27.81, -27.96, -28.13, -28.29, -28.36, -28.25, -27.78, -27.19, -26.90, -26.92, -27.50, -28.33, -29.02, -29.41, -29.59, -29.64, -29.72, -29.75, -29.82, -29.81, -29.76, -29.69, -29.47, -29.06, -27.52, -23.89, -20.31, -17.43, -16.46, -16.46
2026-10-01, 21:47:50, 88000000, 90500000, 19531.25, 15616, -15.98, -17.30, -18.07, -16.94, -14.32, -13.22, -13.94, -15.44, -18.06, -20.39, -25.00, -28.08, -28.91, -29.22, -29.40, -29.48, -29.51, -29.49, -29.49, -29.42, -29.37, -29.17, -28.83, -28.24, -27.37, -26.81, -26.67, -27.19, -27.76, -28.09, -28.20, -28.20, -28.03, -27.89, -27.71, -27.49, -27.30, -27.09, -26.84, -26.60, -26.32, -26.02, -25.75, -25.37, -24.97, -24.51, -24.13, -23.82, -23.48, -23.09, -22.63, -22.12, -21.57, -20.96, -20.28, -19.54, -18.72, -17.78, -16.71, -15.44, -13.82, -11.18, -5.45, -0.99, 5.90, 5.90, 7.39, 7.17, 5.77, 2.84, -0.10, -4.00, -10.15, -13.46, -15.22, -16.56, -17.67, -18.62, -19.46, -20.20, -20.89, -21.52, -22.08, -22.57, -23.08, -23.44, -23.77, -24.11, -24.54, -24.94, -25.37, -25.69, -26.02, -26.32, -26.57, -26.84, -27.04, -27.26, -27.49, -27.69, -27.86, -28.04, -28.17, -28.27, -28.15, -27.86, -27.12, -26.71, -26.90, -27.45, -28.35, -28.84, -29.27, -29.50, -29.56, -29.64, -29.65, -29.68, -29.69, -29.65, -29.58, -29.38, -28.96, -27.25, -23.49, -20.56, -18.08, -16.08, -16.08
2026-10-01, 21:47:51, 88000000, 90500000, 19531.25, 15680, -16.56, -17.17, -16.99, -16.32, -15.48, -13.98, -14.11, -14.69, -16.26, -20.51, -24.73, -28.01, -28.87, -29.21, -29.42, -29.52, -29.57, -29.60, -29.54, -29.53, -29.40, -29.19, -28.72, -28.14, -27.67, -27.19, -26.99, -27.21, -27.55, -27.97, -28.30, -28.31, -28.13, -27.99, -27.80, -27.61, -27.38, -27.16, -26.94, -26.66, -26.42, -26.12, -25.81, -25.45, -25.05, -24.66, -24.27, -23.90, -23.55, -23.14, -22.70, -22.20, -21.62, -21.00, -20.32, -19.55, -18.70, -17.72, -16.57, -15.18, -13.15, -8.52, -3.12, 0.85, 5.08, 5.08, 6.45, 6.78, 5.87, 4.37, 0.93, -4.05, -10.15, -13.31, -15.18, -16.53, -17.66, -18.64, -19.48, -20.24, -20.93, -21.56, -22.14, -22.66, -23.10, -23.51, -23.89, -24.24, -24.62, -24.99, -25.41, -25.79, -26.12, -26.40, -26.68, -26.93, -27.15, -27.40, -27.58, -27.77, -27.97, -28.15, -28.30, -28.24, -28.03, -27.69, -27.47, -27.09, -27.09, -27.46, -28.06, -28.84, -29.32, -29.57, -29.64, -29.67, -29.73, -29.78, -29.78, -29.69, -29.58, -29.34, -28.38, -24.89, -21.89, -19.24, -17.87, -17.22, -17.22
2026-10-01, 21:47:52, 88000000, 90500000, 19531.25, 15616, -13.56, -17.85, -18.65, -18.36, -16.13, -10.82, -14.04, -16.74, -18.66, -22.80, -26.92, -28.49, -28.97, -29.24, -29.38, -29.41, -29.45, -29.45, -29.38, -29.39, -29.32, -29.18, -28.78, -28.41, -27.95, -26.46, -25.71, -27.55, -27.71, -28.09, -28.21, -28.11, -27.95, -27.80, -27.60, -27.40, -27.17, -26.99, -26.75, -26.48, -26.23, -25.95, -25.65, -25.33, -24.95, -24.52, -23.87, -23.75, -23.44, -23.03, -22.59, -22.05, -21.52, -20.90, -20.25, -19.52, -18.72, -17.81, -16.78, -15.55, -14.05, -11.95, -6.77, -0.73, 3.79, 3.79, 8.20, 9.20, 4.00, 2.54, -2.02, -7.14, -11.75, -13.97, -15.49, -16.71, -17.75, -18.68, -19.47, -20.21, -20.88, -21.48, -22.02, -22.54, -23.02, -23.43, -23.79, -23.84, -24.49, -24.94, -25.28, -25.61, -25.95, -26.23, -26.51, -26.75, -26.99, -27.23, -27.42, -27.61, -27.77, -27.96, -28.10, -28.19, -28.05, -27.91, -27.61, -26.19, -26.02, -27.91, -28.34, -28.96, -29.29, -29.42, -29.51, -29.54, -29.59, -29.61, -29.64, -29.63, -29.58, -29.38, -29.07, -27.70, -24.08, -20.86, -19.77, -17.65, -17.65
2026-10-01, 21:47:53, 88000000, 90500000, 19531.25, 15552, -15.95, -17.45, -17.02, -16.18, -14.63, -13.22, -14.23, -15.12, -16.20, -20.42, -25.28, -27.81, -28.65, -28.94, -29.11, -29.20, -29.23, -29.27, -29.21, -29.17, -29.12, -28.92, -28.42, -27.81, -27.27, -26.69, -26.56, -27.08, -27.31, -27.65, -27.95, -27.92, -27.76, -27.60, -27.39, -27.21, -27.02, -26.79, -26.55, -26.32, -26.04, -25.74, -25.45, -25.07, -24.68, -24.30, -23.86, -23.56, -23.17, -22.76, -22.31, -21.82, -21.26, -20.62, -19.95, -19.21, -18.36, -17.42, -16.32, -15.01, -13.33, -10.58, -4.94, 0.88, 5.60, 5.60, 7.26, 7.11, 5.54, 4.19, 1.31, -4.81, -10.13, -13.16, -14.90, -16.25, -17.35, -18.30, -19.16, -19.92, -20.60, -21.23, -21.79, -22.31, -22.74, -23.17, -23.52, -23.86, -24.27, -24.66, -25.02, -25.41, -25.74, -26.03, -26.32, -26.57, -26.77, -27.02, -27.23, -27.40, -27.59, -27.76, -27.94, -27.96, -27.74, -27.39, -27.04, -26.56, -26.74, -27.38, -27.74, -28.50, -29.06, -29.21, -29.30, -29.34, -29.43, -29.42, -29.46, -29.39, -29.30, -29.13, -28.62, -26.80, -22.58, -18.94, -17.70, -16.36, -16.36
2026-10-01, 21:47:54, 88000000, 90500000, 19531.25, 15488, -16.23, -17.17, -17.61, -16.18, -14.22, -13.47, -13.67, -14.89, -16.91, -20.85, -25.47, -27.58, -28.67, -29.03, -29.21, -29.32, -29.32, -29.35, -29.32, -29.29, -29.24, -29.06, -28.74, -28.06, -27.15, -26.62, -26.69, -27.02, -27.42, -27.88, -28.12, -28.06, -27.92, -27.74, -27.54, -27.37, -27.17, -26.95, -26.69, -26.49, -26.19, -25.91, -25.62, -25.25, -24.86, -24.42, -24.04, -23.70, -23.37, -22.96, -22.51, -22.01, -21.46, -20.85, -20.19, -19.44, -18.63, -17.71, -16.64, -15.39, -13.77, -11.13, -6.39, -1.00, 6.25, 6.25, 7.43, 7.18, 5.94, 3.95, 0.49, -5.22, -9.53, -13.31, -15.08, -16.40, -17.50, -18.44, -19.29, -20.05, -20.73, -21.36, -21.91, -22.45, -22.90, -23.26, -23.65, -23.99, -24.40, -24.79, -25.18, -25.55, -25.89, -26.17, -26.45, -26.72, -26.92, -27.15, -27.34, -27.55, -27.73, -27.87, -28.06, -28.14, -28.00, -27.63, -26.92, -26.62, -26.74, -27.34, -27.99, -28.69, -29.12, -29.34, -29.42, -29.48, -29.50, -29.57, -29.58, -29.48, -29.47, -29.24, -28.80, -27.33, -23.89, -20.36, -17.39, -15.96, -15.96
2026-10-01, 21:47:55, 88000000, 90500000, 19531.25, 15488, -16.69, -17.09, -16.78, -16.43, -15.07, -14.04, -14.08, -14.39, -16.38, -21.12, -25.96, -28.18, -28.84, -29.19, -29.31, -29.44, -29.49, -29.50, -29.47, -29.43, -29.36, -29.12, -28.56, -28.13, -27.56, -27.03, -26.96, -27.04, -27.38, -27.95, -28.23, -28.19, -28.02, -27.88, -27.71, -27.52, -27.31, -27.07, -26.86, -26.58, -26.33, -26.02, -25.72, -25.34, -24.98, -24.57, -24.20, -23.82, -23.44, -23.07, -22.62, -22.10, -21.53, -20.91, -20.22, -19.47, -18.61, -17.65, -16.52, -15.12, -13.20, -9.87, -3.54, 1.14, 5.37, 5.37, 6.67, 6.64, 6.09, 4.60, 0.60, -5.70, -11.01, -13.54, -15.25, -16.55, -17.65, -18.62, -19.46, -20.21, -20.89, -21.51, -22.08, -22.59, -23.05, -23.48, -23.81, -24.17, -24.56, -24.93, -25.33, -25.72, -26.06, -26.32, -26.61, -26.87, -27.08, -27.32, -27.52, -27.71, -27.88, -28.03, -28.18, -28.20, -27.97, -27.70, -27.30, -26.97, -27.11, -27.37, -27.93, -28.82, -29.35, -29.52, -29.58, -29.62, -29.66, -29.71, -29.72, -29.65, -29.56, -29.30, -28.68, -25.85, -21.77, -19.18, -17.93, -16.79, -16.79
2026-10-01, 21:47:56, 88000000, 90500000, 19531.25, 16192, -16.30, -16.53, -17.23, -16.34, -14.93, -13.66, -13.17, -14.74, -17.10, -20.90, -25.89, -28.10, -28.76, -29.08, -29.23, -29.36, -29.37, -29.39, -29.36, -29.31, -29.22, -29.06, -28.69, -27.96, -27.39, -26.89, -26.53, -26.91, -27.50, -27.90, -28.10, -28.08, -27.94, -27.78, -27.59, -27.36, -27.17, -26.97, -26.72, -26.46, -26.22, -25.91, -25.58, -25.23, -24.83, -24.47, -24.03, -23.65, -23.35, -22.97, -22.51, -22.00, -21.41, -20.81, -20.12, -19.37, -18.54, -17.60, -16.49, -15.17, -13.32, -9.80, -4.66, 0.00, 5.65, 5.65, 6.75, 7.53, 6.44, 3.73, 0.42, -5.57, -10.95, -13.52, -15.15, -16.45, -17.55, -18.50, -19.33, -20.08, -20.76, -21.38, -21.95, -22.47, -22.91, -23.32, -23.70, -24.02, -24.38, -24.81, -25.23, -25.59, -25.90, -26.21, -26.47, -26.72, -26.95, -27.20, -27.38, -27.55, -27.76, -27.90, -28.06, -28.12, -27.95, -27.54, -27.15, -26.86, -26.67, -27.17, -28.00, -28.72, -29.22, -29.36, -29.44, -29.49, -29.49, -29.58, -29.55, -29.50, -29.43, -29.18, -28.57, -26.38, -22.67, -19.52, -17.64, -16.71, -16.71
2026-10-01, 21:47:57, 88000000, 90500000, 19531.25, 16640, -15.04, -17.21, -18.28, -16.92, -14.85, -12.33, -13.63, -15.78, -18.24, -21.07, -26.17, -28.29, -28.90, -29.20, -29.30, -29.38, -29.44, -29.45, -29.45, -29.36, -29.29, -29.13, -28.81, -28.23, -27.41, -26.67, -26.22, -27.16, -27.74, -28.00, -28.18, -28.15, -27.96, -27.80, -27.60, -27.42, -27.22, -27.01, -26.76, -26.50, -26.24, -25.95, -25.65, -25.31, -24.90, -24.48, -24.02, -23.73, -23.41, -23.02, -22.56, -22.06, -21.51, -20.89, -20.22, -19.48, -18.67, -17.75, -16.69, -15.42, -13.86, -11.31, -6.23, -0.99, 5.55, 5.55, 7.53, 8.16, 5.49, 2.62, -0.30, -5.57, -11.09, -13.67, -15.29, -16.57, -17.65, -18.59, -19.40, -20.16, -20.83, -21.44, -22.00, -22.52, -22.97, -23.36, -23.72, -23.96, -24.44, -24.89, -25.30, -25.61, -25.93, -26.22, -26.48, -26.76, -26.96, -27.22, -27.39, -27.59, -27.77, -27.93, -28.10, -28.17, -28.01, -27.77, -27.20, -26.60, -26.42, -27.56, -28.31, -28.81, -29.19, -29.36, -29.47, -29.51, -29.56, -29.62, -29.61, -29.57, -29.49, -29.29, -28.89, -27.39, -23.78, -20.73, -18.04, -16.57, -16.57
2026-10-01, 21:47:58, 88000000, 90500000, 19531.25, 15552, -17.16, -17.76, -17.24, -16.05, -14.74, -14.46, -14.67, -15.18, -16.68, -19.56, -24.46, -27.98, -28.93, -29.30, -29.49, -29.62, -29.66, -29.69, -29.64, -29.61, -29.57, -29.33, -28.83, -28.15, -27.50, -27.17, -27.29, -27.41, -27.77, -28.08, -28.35, -28.42, -28.21, -28.09, -27.91, -27.71, -27.50, -27.28, -27.06, -26.77, -26.54, -26.25, -25.93, -25.55, -25.11, -24.76, -24.39, -24.04, -23.67, -23.26, -22.79, -22.30, -21.72, -21.12, -20.44, -19.67, -18.82, -17.88, -16.75, -15.40, -13.63, -10.70, -4.76, 0.63, 5.87, 5.87, 6.57, 6.09, 5.32, 3.84, 1.38, -3.35, -10.09, -13.40, -15.25, -16.65, -17.78, -18.76, -19.61, -20.39, -21.09, -21.70, -22.25, -22.79, -23.23, -23.62, -24.01, -24.39, -24.74, -25.17, -25.53, -25.90, -26.24, -26.51, -26.80, -27.06, -27.26, -27.52, -27.70, -27.91, -28.06, -28.24, -28.40, -28.43, -28.17, -27.76, -27.35, -27.13, -27.36, -27.80, -28.23, -28.84, -29.37, -29.68, -29.76, -29.78, -29.80, -29.88, -29.88, -29.81, -29.71, -29.48, -28.93, -26.76, -22.49, -19.25, -17.38, -16.55, -16.55
2026-10-01, 21:47:59, 88000000, 90500000, 19531.25, 15552, -16.44, -16.92, -18.11, -17.59, -14.22, -13.69, -13.54, -15.15, -18.52, -22.42, -26.57, -28.50, -29.13, -29.43, -29.53, -29.65, -29.67, -29.65, -29.65, -29.63, -29.52, -29.35, -28.95, -28.57, -27.57, -26.87, -26.95, -27.04, -27.93, -28.32, -28.46, -28.39, -28.22, -28.06, -27.87, -27.67, -27.46, -27.24, -27.00, -26.77, -26.49, -26.21, -25.91, -25.56, -25.16, -24.68, -24.32, -23.97, -23.64, -23.28, -22.81, -22.31, -21.73, -21.14, -20.47, -19.71, -18.90, -17.95, -16.88, -15.57, -13.84, -10.75, -5.16, -0.82, 5.71, 5.71, 7.41, 6.94, 6.30, 2.72, -1.26, -6.59, -11.60, -14.04, -15.62, -16.88, -17.95, -18.87, -19.70, -20.45, -21.11, -21.72, -22.28, -22.80, -23.27, -23.63, -23.95, -24.32, -24.69, -25.12, -25.56, -25.90, -26.23, -26.52, -26.76, -27.01, -27.25, -27.48, -27.67, -27.86, -28.06, -28.20, -28.36, -28.41, -28.30, -28.10, -27.28, -26.71, -27.12, -27.48, -28.49, -29.10, -29.51, -29.65, -29.72, -29.77, -29.81, -29.88, -29.87, -29.78, -29.73, -29.55, -29.06, -26.70, -23.30, -20.99, -18.70, -15.90, -15.90
2026-10-01, 21:48:00, 88000000, 90500000, 19531.25, 15680, -16.42, -17.03, -17.68, -17.19, -15.21, -13.73, -13.66, -15.01, -17.67, -21.92, -26.60, -28.54, -29.21, -29.50, -29.66, -29.78, -29.81, -29.80, -29.80, -29.75, -29.67, -29.45, -28.99, -28.53, -27.94, -27.15, -26.93, -27.24, -27.92, -28.37, -28.58, -28.50, -28.35, -28.22, -27.99, -27.78, -27.60, -27.36, -27.17, -26.90, -26.67, -26.34, -26.04, -25.69, -25.29, -24.88, -24.49, -24.10, -23.78, -23.43, -22.96, -22.47, -21.90, -21.28, -20.62, -19.89, -19.06, -18.15, -17.04, -15.78, -14.13, -11.29, -5.25, -0.20, 5.03, 5.03, 6.83, 7.18, 5.95, 3.41, -0.49, -6.45, -11.03, -13.90, -15.53, -16.85, -17.94, -18.87, -19.73, -20.47, -21.16, -21.78, -22.35, -22.84, -23.30, -23.72, -24.06, -24.40, -24.78, -25.18, -25.62, -25.97, -26.30, -26.56, -26.85, -27.12, -27.33, -27.57, -27.76, -27.94, -28.13, -28.28, -28.45, -28.50, -28.31, -28.02, -27.50, -27.02, -27.03, -27.61, -28.37, -29.11, -29.59, -29.75, -29.80, -29.87, -29.90, -29.94, -29.96, -29.88, -29.81, -29.60, -29.13, -27.08, -22.88, -20.29, -18.53, -16.87, -16.87
2026-10-01, 21:48:01, 88000000, 90500000, 19531.25, 15616, -16.50, -17.09, -16.79, -17.20, -15.66, -13.78, -13.82, -14.45, -17.86, -21.86, -25.70, -28.28, -29.09, -29.42, -29.59, -29.67, -29.72, -29.73, -29.72, -29.67, -29.60, -29.41, -28.83, -28.31, -27.88, -27.23, -27.02, -27.16, -27.82, -28.36, -28.50, -28.47, -28.30, -28.15, -27.96, -27.75, -27.55, -27.35, -27.12, -26.82, -26.60, -26.34, -25.98, -25.61, -25.24, -24.86, -24.44, -24.06, -23.72, -23.34, -22.91, -22.40, -21.83, -21.23, -20.53, -19.79, -18.97, -18.01, -16.93, -15.62, -13.97, -11.38, -5.58, 1.17, 4.62, 4.62, 6.59, 6.99, 6.34, 3.50, -0.80, -5.24, -10.75, -13.80, -15.47, -16.81, -17.91, -18.85, -19.70, -20.45, -21.14, -21.77, -22.31, -22.82, -23.26, -23.68, -24.07, -24.38, -24.76, -25.15, -25.59, -25.95, -26.26, -26.56, -26.82, -27.09, -27.31, -27.56, -27.75, -27.94, -28.11, -28.29, -28.45, -28.47, -28.11, -27.93, -27.74, -27.11, -27.07, -27.40, -28.38, -29.16, -29.52, -29.71, -29.76, -29.82, -29.87, -29.92, -29.90, -29.86, -29.78, -29.55, -29.07, -27.34, -22.57, -19.07, -18.55, -17.31, -17.31
2026-10-01, 21:48:02, 88000000, 90500000, 19531.25, 15616, -15.46, -16.95, -17.91, -17.72, -15.54, -12.74, -13.41, -15.33, -18.42, -23.36, -27.48, -28.70, -29.18, -29.45, -29.59, -29.68, -29.72, -29.69, -29.68, -29.67, -29.56, -29.42, -28.90, -28.56, -27.96, -26.90, -26.56, -27.26, -27.95, -28.38, -28.50, -28.43, -28.26, -28.13, -27.90, -27.71, -27.51, -27.29, -27.07, -26.83, -26.56, -26.27, -25.98, -25.60, -25.22, -24.81, -24.33, -24.03, -23.71, -23.36, -22.89, -22.39, -21.82, -21.22, -20.55, -19.83, -19.01, -18.08, -17.03, -15.78, -14.22, -11.98, -6.87, -0.03, 4.47, 4.47, 7.35, 7.94, 5.81, 2.94, -1.73, -8.25, -12.13, -14.18, -15.69, -16.93, -17.98, -18.90, -19.73, -20.47, -21.14, -21.74, -22.31, -22.82, -23.28, -23.69, -24.03, -24.27, -24.70, -25.14, -25.56, -25.92, -26.24, -26.49, -26.80, -27.04, -27.25, -27.49, -27.71, -27.89, -28.06, -28.24, -28.39, -28.50, -28.27, -28.07, -27.69, -26.79, -26.69, -27.59, -28.44, -29.20, -29.57, -29.69, -29.75, -29.81, -29.84, -29.89, -29.90, -29.83, -29.75, -29.55, -29.24, -27.97, -23.17, -20.54, -19.04, -17.08, -17.08
2026-10-01, 21:48:03, 88000000, 90500000, 19531.25, 15616, -16.76, -17.38, -17.31, -16.47, -14.95, -14.01, -14.10, -15.37, -17.01, -20.39, -25.42, -28.12, -29.05, -29.38, -29.59, -29.67, -29.71, -29.72, -29.68, -29.66, -29.59, -29.41, -28.84, -28.22, -27.64, -27.13, -27.10, -27.40, -27.80, -28.11, -28.43, -28.42, -28.24, -28.10, -27.90, -27.69, -27.48, -27.28, -27.05, -26.81, -26.55, -26.24, -25.94, -25.57, -25.17, -24.76, -24.40, -24.02, -23.70, -23.28, -22.83, -22.33, -21.77, -21.14, -20.47, -19.72, -18.88, -17.92, -16.82, -15.51, -13.81, -11.11, -5.79, 0.68, 5.50, 5.50, 6.76, 6.68, 5.54, 3.48, 0.87, -4.73, -10.26, -13.59, -15.39, -16.74, -17.85, -18.81, -19.66, -20.42, -21.11, -21.73, -22.29, -22.78, -23.24, -23.64, -23.98, -24.36, -24.74, -25.16, -25.53, -25.90, -26.22, -26.51, -26.80, -27.04, -27.28, -27.51, -27.69, -27.90, -28.03, -28.24, -28.37, -28.44, -28.13, -27.80, -27.39, -27.02, -27.17, -27.69, -28.36, -28.87, -29.48, -29.68, -29.74, -29.79, -29.82, -29.88, -29.87, -29.80, -29.70, -29.48, -28.94, -27.21, -22.76, -19.19, -17.82, -16.69, -16.69
2026-10-01, 21:48:04, 88000000, 90500000, 19531.25, 15488, -16.77, -17.60, -17.53, -15.99, -14.95, -14.07, -14.26, -15.61, -17.33, -19.28, -24.38, -28.01, -28.98, -29.35, -29.55, -29.61, -29.66, -29.65, -29.66, -29.62, -29.58, -29.37, -28.89, -28.19, -27.48, -27.14, -27.06, -27.34, -27.88, -28.04, -28.35, -28.38, -28.24, -28.07, -27.89, -27.70, -27.51, -27.25, -27.02, -26.80, -26.52, -26.22, -25.95, -25.56, -25.12, -24.73, -24.36, -24.02, -23.65, -23.26, -22.79, -22.29, -21.74, -21.12, -20.44, -19.69, -18.85, -17.90, -16.81, -15.48, -13.79, -10.93, -5.66, 0.10, 5.83, 5.83, 6.62, 6.62, 5.36, 2.98, 1.30, -3.30, -9.61, -13.29, -15.25, -16.64, -17.77, -18.74, -19.61, -20.37, -21.07, -21.69, -22.26, -22.78, -23.23, -23.62, -23.99, -24.36, -24.71, -25.14, -25.53, -25.85, -26.24, -26.52, -26.79, -27.05, -27.27, -27.51, -27.72, -27.88, -28.07, -28.24, -28.39, -28.44, -28.19, -27.65, -27.28, -27.13, -27.22, -27.84, -28.53, -28.79, -29.36, -29.65, -29.74, -29.78, -29.82, -29.89, -29.88, -29.84, -29.72, -29.51, -29.03, -27.13, -23.29, -19.29, -17.20, -16.82, -16.82
2026-10-01, 21:48:05, 88000000, 90500000, 19531.25, 15424, -16.61, -17.21, -17.50, -16.69, -15.14, -13.93, -13.95, -15.25, -17.37, -20.52, -25.71, -28.30, -29.06, -29.36, -29.52, -29.63, -29.68, -29.71, -29.64, -29.63, -29.52, -29.30, -28.89, -28.24, -27.74, -27.12, -26.98, -27.31, -27.79, -28.23, -28.41, -28.42, -28.25, -28.10, -27.90, -27.69, -27.50, -27.28, -27.06, -26.80, -26.54, -26.23, -25.93, -25.57, -25.17, -24.76, -24.40, -24.02, -23.66, -23.30, -22.85, -22.34, -21.75, -21.15, -20.46, -19.70, -18.87, -17.92, -16.82, -15.50, -13.69, -10.46, -4.37, 0.29, 5.23, 5.23, 6.67, 6.90, 5.70, 3.40, 0.36, -4.87, -10.65, -13.66, -15.39, -16.74, -17.87, -18.81, -19.66, -20.41, -21.09, -21.73, -22.29, -22.83, -23.26, -23.67, -24.02, -24.36, -24.74, -25.17, -25.56, -25.91, -26.25, -26.53, -26.80, -27.07, -27.29, -27.52, -27.72, -27.92, -28.07, -28.27, -28.43, -28.39, -28.25, -27.85, -27.48, -27.13, -27.11, -27.62, -28.42, -29.00, -29.48, -29.69, -29.79, -29.85, -29.85, -29.91, -29.91, -29.87, -29.76, -29.55, -28.98, -26.47, -22.65, -19.62, -18.02, -16.88, -16.88
2026-10-01, 21:48:06, 88000000, 90500000, 19531.25, 15616, -16.30, -17.47, -18.00, -16.57, -14.72, -13.57, -13.95, -15.71, -17.43, -20.75, -25.58, -28.31, -29.03, -29.36, -29.54, -29.60, -29.65, -29.66, -29.67, -29.63, -29.55, -29.38, -29.00, -28.39, -27.56, -26.94, -26.89, -27.39, -27.88, -28.23, -28.42, -28.36, -28.22, -28.06, -27.91, -27.69, -27.48, -27.26, -27.03, -26.78, -26.53, -26.23, -25.94, -25.58, -25.15, -24.78, -24.37, -24.01, -23.71, -23.30, -22.87, -22.35, -21.78, -21.18, -20.50, -19.76, -18.92, -17.99, -16.91, -15.63, -14.02, -11.27, -6.17, -0.99, 5.72, 5.72, 7.08, 7.11, 5.35, 3.20, 0.17, -4.78, -10.82, -13.78, -15.49, -16.80, -17.90, -18.86, -19.70, -20.44, -21.13, -21.74, -22.32, -22.82, -23.27, -23.66, -23.98, -24.34, -24.75, -25.18, -25.54, -25.94, -26.27, -26.53, -26.80, -27.07, -27.27, -27.51, -27.74, -27.92, -28.06, -28.24, -28.41, -28.49, -28.34, -27.91, -27.27, -26.97, -27.06, -27.76, -28.42, -29.01, -29.49, -29.67, -29.78, -29.81, -29.84, -29.90, -29.92, -29.88, -29.79, -29.58, -29.17, -27.55, -24.02, -20.16, -17.81, -16.48, -16.48
2026-10-01, 21:48:07, 88000000, 90500000, 19531.25, 15616, -16.12, -17.50, -18.15, -16.78, -14.95, -13.39, -13.99, -15.90, -17.54, -20.68, -26.01, -28.45, -29.15, -29.45, -29.65, -29.70, -29.74, -29.77, -29.76, -29.73, -29.65, -29.49, -29.10, -28.43, -27.68, -27.05, -26.87, -27.58, -27.99, -28.30, -28.53, -28.53, -28.35, -28.20, -28.00, -27.80, -27.62, -27.36, -27.15, -26.90, -26.65, -26.35, -26.03, -25.68, -25.30, -24.89, -24.45, -24.13, -23.80, -23.41, -22.95, -22.44, -21.90, -21.27, -20.62, -19.88, -19.05, -18.13, -17.04, -15.78, -14.17, -11.61, -6.54, -1.05, 5.37, 5.37, 7.12, 7.28, 5.20, 2.94, 0.36, -5.28, -11.11, -13.87, -15.58, -16.89, -17.99, -18.93, -19.79, -20.52, -21.21, -21.83, -22.39, -22.91, -23.37, -23.74, -24.12, -24.43, -24.83, -25.26, -25.64, -26.02, -26.35, -26.61, -26.90, -27.17, -27.36, -27.62, -27.82, -27.99, -28.18, -28.33, -28.49, -28.59, -28.40, -28.00, -27.51, -26.98, -27.02, -27.89, -28.57, -29.04, -29.58, -29.78, -29.84, -29.90, -29.91, -29.98, -30.00, -29.93, -29.86, -29.68, -29.26, -27.76, -23.99, -20.26, -18.09, -16.65, -16.65
2026-10-01, 21:48:08, 88000000, 90500000, 19531.25, 15552, -16.92, -17.76, -17.50, -16.34, -14.93, -14.21, -14.59, -15.42, -16.92, -19.78, -24.49, -28.04, -29.04, -29.41, -29.62, -29.73, -29.77, -29.78, -29.78, -29.72, -29.64, -29.49, -28.96, -28.30, -27.59, -27.25, -27.27, -27.50, -27.84, -28.23, -28.40, -28.49, -28.32, -28.18, -27.98, -27.80, -27.61, -27.38, -27.14, -26.91, -26.64, -26.34, -26.03, -25.64, -25.25, -24.84, -24.47, -24.12, -23.77, -23.36, -22.90, -22.40, -21.83, -21.23, -20.54, -19.78, -18.94, -17.99, -16.87, -15.54, -13.76, -10.21, -5.21, 0.32, 5.64, 5.64, 6.59, 6.31, 5.32, 3.56, 0.95, -3.25, -10.06, -13.53, -15.38, -16.75, -17.91, -18.86, -19.72, -20.48, -21.18, -21.81, -22.38, -22.88, -23.32, -23.70, -24.09, -24.44, -24.85, -25.26, -25.65, -25.97, -26.31, -26.64, -26.86, -27.15, -27.36, -27.58, -27.82, -27.98, -28.15, -28.33, -28.46, -28.53, -28.27, -27.87, -27.42, -27.19, -27.35, -27.85, -28.37, -28.98, -29.46, -29.73, -29.84, -29.87, -29.87, -29.96, -29.94, -29.90, -29.82, -29.57, -28.95, -26.66, -22.90, -19.52, -17.63, -16.75, -16.75
2026-10-01, 21:48:09, 88000000, 90500000, 19531.25, 15680, -16.18, -17.37, -18.09, -17.03, -15.12, -13.49, -14.04, -16.00, -17.33, -19.99, -24.94, -28.14, -29.08, -29.45, -29.66, -29.74, -29.82, -29.81, -29.77, -29.75, -29.63, -29.44, -29.04, -28.53, -27.90, -27.07, -26.94, -27.56, -28.00, -28.21, -28.52, -28.53, -28.37, -28.26, -28.03, -27.81, -27.65, -27.41, -27.18, -26.93, -26.67, -26.37, -26.08, -25.71, -25.31, -24.89, -24.47, -24.15, -23.84, -23.40, -22.95, -22.46, -21.89, -21.27, -20.59, -19.84, -18.99, -18.05, -16.93, -15.57, -13.60, -8.80, -4.48, -0.12, 5.04, 5.04, 7.03, 7.16, 5.11, 2.89, 1.04, -4.36, -10.20, -13.66, -15.51, -16.87, -17.98, -18.94, -19.79, -20.53, -21.23, -21.85, -22.42, -22.93, -23.37, -23.78, -24.12, -24.45, -24.83, -25.28, -25.67, -26.01, -26.35, -26.65, -26.92, -27.21, -27.37, -27.66, -27.83, -28.01, -28.21, -28.37, -28.51, -28.53, -28.39, -28.07, -27.57, -27.02, -27.07, -27.93, -28.58, -29.03, -29.57, -29.79, -29.87, -29.90, -29.92, -29.97, -29.99, -29.90, -29.83, -29.55, -28.64, -26.10, -22.72, -20.15, -18.44, -16.85, -16.85
2026-10-01, 21:48:10, 88000000, 90500000, 19531.25, 15488, -15.82, -17.78, -18.07, -16.80, -15.06, -13.09, -14.26, -15.81, -17.37, -21.90, -26.45, -28.54, -29.23, -29.55, -29.69, -29.81, -29.82, -29.83, -29.83, -29.77, -29.71, -29.56, -29.18, -28.47, -27.81, -27.03, -26.82, -27.61, -27.95, -28.42, -28.59, -28.56, -28.37, -28.28, -28.05, -27.86, -27.65, -27.43, -27.19, -26.95, -26.71, -26.40, -26.11, -25.75, -25.34, -24.94, -24.48, -24.20, -23.87, -23.45, -23.02, -22.50, -21.96, -21.33, -20.66, -19.93, -19.09, -18.18, -17.10, -15.82, -14.22, -11.76, -6.68, -0.95, 5.12, 5.12, 7.30, 7.36, 5.03, 3.31, -0.61, -6.40, -11.15, -14.13, -15.74, -17.04, -18.11, -19.07, -19.88, -20.64, -21.32, -21.93, -22.49, -23.01, -23.45, -23.83, -24.19, -24.49, -24.93, -25.36, -25.72, -26.11, -26.39, -26.71, -26.97, -27.24, -27.46, -27.70, -27.90, -28.10, -28.22, -28.43, -28.55, -28.63, -28.50, -27.99, -27.61, -26.90, -27.08, -27.98, -28.49, -29.26, -29.71, -29.85, -29.91, -29.95, -30.02, -30.05, -30.03, -30.00, -29.91, -29.73, -29.30, -27.88, -23.94, -20.23, -18.18, -16.69, -16.69
2026-10-01, 21:48:11, 88000000, 90500000, 19531.25, 15616, -17.49, -17.79, -17.05, -16.00, -15.27, -14.86, -14.92, -15.24, -16.48, -19.35, -23.83, -27.92, -28.97, -29.39, -29.58, -29.69, -29.76, -29.79, -29.77, -29.73, -29.63, -29.39, -28.88, -28.13, -27.69, -27.42, -27.44, -27.59, -27.78, -28.10, -28.36, -28.43, -28.32, -28.18, -27.97, -27.78, -27.58, -27.34, -27.12, -26.85, -26.60, -26.30, -25.99, -25.61, -25.22, -24.83, -24.48, -24.12, -23.72, -23.31, -22.86, -22.35, -21.79, -21.16, -20.47, -19.69, -18.85, -17.88, -16.70, -15.32, -13.43, -9.92, -3.68, 0.95, 5.49, 5.49, 6.02, 5.80, 5.10, 4.05, 1.44, -2.61, -9.54, -13.32, -15.25, -16.65, -17.81, -18.81, -19.66, -20.44, -21.14, -21.77, -22.35, -22.85, -23.30, -23.70, -24.09, -24.45, -24.85, -25.22, -25.59, -25.93, -26.33, -26.62, -26.87, -27.13, -27.35, -27.61, -27.78, -27.99, -28.17, -28.30, -28.45, -28.44, -28.18, -27.75, -27.42, -27.38, -27.54, -27.85, -28.25, -28.93, -29.47, -29.73, -29.83, -29.88, -29.90, -29.93, -29.97, -29.86, -29.78, -29.53, -28.84, -26.10, -21.98, -18.88, -17.41, -17.15, -17.15
2026-10-01, 21:48:12, 88000000, 90500000, 19531.25, 15552, -16.74, -16.92, -17.52, -16.79, -15.41, -14.09, -13.52, -14.78, -17.84, -22.44, -26.71, -28.57, -29.22, -29.48, -29.67, -29.72, -29.78, -29.77, -29.80, -29.71, -29.64, -29.48, -29.07, -28.44, -27.79, -27.33, -26.97, -27.24, -27.86, -28.40, -28.58, -28.52, -28.37, -28.19, -27.99, -27.81, -27.61, -27.38, -27.15, -26.91, -26.63, -26.36, -26.04, -25.67, -25.29, -24.90, -24.50, -24.10, -23.76, -23.41, -22.96, -22.46, -21.90, -21.28, -20.62, -19.85, -19.02, -18.09, -17.01, -15.72, -14.05, -11.02, -5.27, -0.49, 5.30, 5.30, 6.38, 7.06, 6.27, 3.45, -0.97, -6.60, -11.74, -14.12, -15.68, -16.95, -18.03, -18.97, -19.81, -20.55, -21.23, -21.83, -22.43, -22.91, -23.39, -23.76, -24.12, -24.46, -24.82, -25.23, -25.68, -26.03, -26.34, -26.63, -26.88, -27.15, -27.40, -27.60, -27.80, -28.00, -28.16, -28.32, -28.49, -28.51, -28.37, -28.02, -27.51, -27.23, -27.13, -27.45, -28.44, -29.20, -29.64, -29.79, -29.85, -29.90, -29.95, -30.00, -29.99, -29.90, -29.82, -29.63, -29.18, -27.12, -23.26, -20.11, -18.00, -17.12, -17.12
2026-10-01, 21:48:13, 88000000, 90500000, 19531.25, 15616, -16.50, -16.94, -17.52, -17.49, -15.44, -13.88, -13.84, -15.01, -17.60, -20.97, -26.38, -28.50, -29.20, -29.50, -29.69, -29.79, -29.78, -29.78, -29.80, -29.74, -29.63, -29.39, -28.96, -28.54, -28.03, -27.19, -27.01, -27.37, -27.85, -28.37, -28.56, -28.51, -28.36, -28.24, -28.00, -27.83, -27.59, -27.38, -27.17, -26.91, -26.65, -26.34, -26.03, -25.65, -25.30, -24.88, -24.48, -24.12, -23.75, -23.38, -22.94, -22.42, -21.86, -21.25, -20.55, -19.77, -18.94, -17.96, -16.82, -15.42, -13.38, -8.83, -3.16, 0.74, 4.47, 4.47, 6.64, 7.03, 5.84, 3.49, -0.13, -5.38, -11.13, -13.85, -15.52, -16.85, -17.95, -18.90, -19.75, -20.52, -21.19, -21.81, -22.39, -22.88, -23.35, -23.79, -24.11, -24.43, -24.82, -25.24, -25.67, -26.02, -26.32, -26.62, -26.89, -27.16, -27.37, -27.62, -27.79, -28.01, -28.18, -28.34, -28.48, -28.47, -28.23, -28.05, -27.74, -27.19, -27.08, -27.65, -28.43, -29.15, -29.55, -29.78, -29.89, -29.90, -29.91, -29.99, -30.01, -29.88, -29.77, -29.55, -28.55, -25.43, -21.58, -19.98, -18.98, -17.12, -17.12
2026-10-01, 21:48:14, 88000000, 90500000, 19531.25, 15616, -16.81, -17.46, -17.58, -16.64, -15.05, -14.12, -14.22, -15.28, -17.21, -20.26, -25.33, -28.30, -29.10, -29.44, -29.66, -29.75, -29.82, -29.80, -29.79, -29.74, -29.67, -29.45, -29.03, -28.41, -27.74, -27.22, -27.09, -27.41, -27.91, -28.25, -28.54, -28.50, -28.38, -28.21, -28.02, -27.82, -27.60, -27.40, -27.14, -26.92, -26.67, -26.37, -26.06, -25.70, -25.30, -24.90, -24.51, -24.14, -23.79, -23.41, -22.96, -22.44, -21.90, -21.27, -20.58, -19.83, -19.01, -18.06, -16.96, -15.64, -13.98, -11.18, -4.90, -0.03, 5.38, 5.38, 6.63, 6.63, 5.53, 3.49, 0.60, -4.30, -10.50, -13.70, -15.48, -16.83, -17.95, -18.91, -19.76, -20.52, -21.21, -21.82, -22.39, -22.91, -23.38, -23.76, -24.11, -24.47, -24.87, -25.26, -25.65, -26.02, -26.36, -26.63, -26.91, -27.17, -27.38, -27.62, -27.83, -28.01, -28.18, -28.36, -28.51, -28.58, -28.36, -27.93, -27.51, -27.18, -27.33, -27.80, -28.45, -29.05, -29.56, -29.77, -29.88, -29.93, -29.95, -30.01, -30.01, -29.92, -29.90, -29.65, -29.19, -27.02, -22.95, -19.74, -18.01, -16.82, -16.82
2026-10-01, 21:48:15, 88000000, 90500000, 19531.25, 15552, -16.47, -17.45, -18.13, -16.94, -14.65, -13.70, -13.91, -15.39, -17.87, -21.75, -26.00, -28.53, -29.21, -29.53, -29.69, -29.80, -29.84, -29.85, -29.84, -29.82, -29.68, -29.48, -29.22, -28.60, -27.69, -27.02, -26.99, -27.49, -27.97, -28.43, -28.59, -28.58, -28.40, -28.27, -28.05, -27.89, -27.67, -27.45, -27.20, -26.97, -26.70, -26.40, -26.10, -25.77, -25.33, -24.92, -24.55, -24.18, -23.86, -23.47, -23.04, -22.53, -21.97, -21.35, -20.69, -19.95, -19.11, -18.18, -17.10, -15.79, -14.08, -11.30, -6.04, -1.63, 5.72, 5.72, 7.19, 7.02, 5.42, 3.22, -0.57, -5.63, -11.42, -14.05, -15.72, -17.00, -18.08, -19.03, -19.86, -20.61, -21.29, -21.90, -22.47, -22.97, -23.45, -23.84, -24.13, -24.50, -24.89, -25.33, -25.71, -26.08, -26.42, -26.69, -26.97, -27.23, -27.46, -27.67, -27.88, -28.07, -28.26, -28.42, -28.55, -28.65, -28.51, -28.13, -27.41, -27.00, -27.16, -27.85, -28.53, -29.21, -29.66, -29.86, -29.90, -29.95, -30.02, -30.02, -30.06, -29.99, -29.92, -29.72, -29.23, -27.18, -24.34, -20.83, -18.10, -16.33, -16.33
2026-10-01, 21:48:16, 88000000, 90500000, 19531.25, 15936, -17.07, -17.96, -17.56, -16.28, -14.77, -14.31, -14.87, -15.37, -16.62, -19.77, -25.13, -28.19, -29.07, -29.43, -29.61, -29.73, -29.77, -29.78, -29.75, -29.71, -29.64, -29.44, -29.01, -28.30, -27.61, -27.15, -27.34, -27.52, -27.77, -28.17, -28.50, -28.50, -28.32, -28.18, -27.98, -27.77, -27.57, -27.36, -27.14, -26.89, -26.61, -26.28, -26.04, -25.65, -25.25, -24.83, -24.48, -24.11, -23.76, -23.34, -22.89, -22.39, -21.82, -21.20, -20.52, -19.77, -18.94, -17.99, -16.88, -15.56, -13.85, -10.90, -5.00, 0.05, 5.69, 5.69, 6.74, 6.05, 5.13, 3.85, 1.26, -4.10, -10.31, -13.58, -15.41, -16.77, -17.90, -18.87, -19.72, -20.48, -21.18, -21.81, -22.37, -22.89, -23.34, -23.74, -24.08, -24.48, -24.89, -25.25, -25.62, -25.99, -26.34, -26.60, -26.91, -27.14, -27.37, -27.60, -27.82, -27.99, -28.18, -28.32, -28.49, -28.53, -28.29, -27.92, -27.41, -27.19, -27.50, -27.85, -28.36, -28.94, -29.54, -29.78, -29.86, -29.90, -29.93, -29.98, -30.00, -29.92, -29.84, -29.64, -29.11, -27.28, -22.83, -19.68, -17.68, -16.55, -16.55
2026-10-01, 21:48:17, 88000000, 90500000, 19531.25, 15616, -17.10, -17.23, -17.34, -16.40, -15.42, -14.43, -14.02, -14.96, -17.02, -21.10, -24.92, -28.16, -29.07, -29.44, -29.62, -29.72, -29.77, -29.77, -29.75, -29.72, -29.63, -29.38, -28.96, -28.31, -27.83, -27.41, -27.23, -27.29, -27.80, -28.31, -28.51, -28.47, -28.33, -28.22, -28.01, -27.78, -27.59, -27.38, -27.16, -26.88, -26.65, -26.34, -26.03, -25.67, -25.25, -24.88, -24.50, -24.13, -23.76, -23.34, -22.92, -22.41, -21.85, -21.23, -20.56, -19.80, -18.95, -18.00, -16.91, -15.57, -13.87, -10.82, -4.46, 0.14, 5.22, 5.22, 6.26, 6.49, 5.89, 3.87, 0.20, -4.72, -10.19, -13.57, -15.44, -16.82, -17.94, -18.91, -19.75, -20.51, -21.19, -21.83, -22.39, -22.89, -23.36, -23.75, -24.14, -24.49, -24.84, -25.22, -25.63, -26.03, -26.34, -26.61, -26.91, -27.17, -27.38, -27.61, -27.79, -28.01, -28.19, -28.40, -28.54, -28.52, -28.33, -27.86, -27.52, -27.29, -27.30, -27.67, -28.30, -29.09, -29.60, -29.76, -29.86, -29.93, -29.93, -29.98, -29.99, -29.91, -29.82, -29.61, -29.09, -26.80, -22.63, -19.54, -17.77, -17.16, -17.16
2026-10-01, 21:48:18, 88000000, 90500000, 19531.25, 15616, -16.67, -17.32, -17.59, -16.71, -15.13, -13.93, -13.94, -15.14, -17.32, -21.73, -26.37, -28.53, -29.20, -29.47, -29.65, -29.75, -29.80, -29.79, -29.74, -29.75, -29.63, -29.47, -29.05, -28.44, -27.76, -27.19, -27.06, -27.35, -27.81, -28.30, -28.54, -28.52, -28.32, -28.20, -28.00, -27.81, -27.58, -27.36, -27.16, -26.89, -26.64, -26.34, -26.07, -25.67, -25.28, -24.86, -24.48, -24.14, -23.78, -23.38, -22.95, -22.45, -21.89, -21.25, -20.58, -19.84, -19.04, -18.09, -16.99, -15.71, -14.07, -11.36, -5.63, -0.40, 5.33, 5.33, 6.78, 6.86, 5.65, 3.72, -0.26, -6.30, -11.20, -13.94, -15.59, -16.89, -18.00, -18.93, -19.77, -20.53, -21.20, -21.82, -22.38, -22.90, -23.36, -23.74, -24.11, -24.45, -24.83, -25.21, -25.64, -26.02, -26.37, -26.63, -26.89, -27.15, -27.35, -27.61, -27.79, -27.98, -28.17, -28.35, -28.52, -28.56, -28.41, -27.91, -27.48, -27.05, -27.16, -27.73, -28.42, -29.19, -29.62, -29.79, -29.87, -29.92, -29.92, -30.00, -30.00, -29.91, -29.88, -29.66, -29.23, -27.40, -23.32, -19.97, -17.99, -16.82, -16.82
2026-10-01, 21:48:19, 88000000, 90500000, 19531.25, 15616, -15.05, -16.95, -20.51, -18.93, -14.13, -12.22, -12.99, -17.36, -20.45, -23.66, -27.05, -28.75, -29.34, -29.57, -29.70, -29.76, -29.80, -29.79, -29.78, -29.73, -29.65, -29.54, -29.34, -28.95, -27.87, -26.39, -26.32, -27.49, -28.38, -28.49, -28.57, -28.49, -28.32, -28.16, -27.95, -27.77, -27.54, -27.35, -27.13, -26.87, -26.62, -26.33, -26.04, -25.72, -25.32, -24.80, -24.38, -24.08, -23.84, -23.43, -22.99, -22.47, -21.93, -21.34, -20.69, -19.95, -19.19, -18.30, -17.31, -16.13, -14.77, -12.96, -9.61, -4.83, 5.02, 5.02, 8.45, 8.43, 5.12, 0.35, -2.75, -7.74, -11.97, -14.36, -15.90, -17.10, -18.13, -19.03, -19.84, -20.56, -21.24, -21.84, -22.40, -22.92, -23.39, -23.76, -24.03, -24.32, -24.74, -25.28, -25.65, -26.00, -26.30, -26.59, -26.85, -27.13, -27.31, -27.57, -27.76, -27.95, -28.10, -28.29, -28.47, -28.55, -28.60, -28.41, -27.55, -26.37, -26.51, -27.91, -28.93, -29.30, -29.61, -29.73, -29.81, -29.86, -29.88, -29.98, -29.97, -29.91, -29.90, -29.74, -29.49, -28.80, -26.62, -23.86, -19.97, -15.66, -15.66
2026-10-01, 21:48:20, 88000000, 90500000, 19531.25, 15552, -16.69, -17.55, -17.78, -16.73, -14.78, -13.90, -14.09, -15.14, -17.33, -22.39, -27.30, -28.71, -29.28, -29.54, -29.72, -29.78, -29.81, -29.83, -29.79, -29.74, -29.69, -29.54, -29.08, -28.51, -27.70, -27.07, -27.03, -27.44, -27.85, -28.40, -28.62, -28.54, -28.37, -28.22, -28.00, -27.81, -27.63, -27.39, -27.18, -26.91, -26.65, -26.38, -26.07, -25.70, -25.27, -24.88, -24.50, -24.15, -23.79, -23.40, -22.98, -22.48, -21.91, -21.29, -20.62, -19.89, -19.06, -18.13, -17.07, -15.79, -14.22, -11.93, -7.63, -0.79, 5.63, 5.63, 6.95, 6.78, 5.60, 3.62, -0.31, -7.77, -11.98, -14.13, -15.71, -16.97, -18.06, -19.00, -19.81, -20.57, -21.24, -21.86, -22.43, -22.94, -23.40, -23.75, -24.12, -24.46, -24.85, -25.28, -25.65, -26.05, -26.35, -26.64, -26.91, -27.18, -27.39, -27.63, -27.81, -27.99, -28.21, -28.35, -28.54, -28.61, -28.41, -28.03, -27.40, -27.06, -27.25, -27.79, -28.35, -29.14, -29.65, -29.79, -29.86, -29.93, -29.94, -30.00, -30.02, -29.92, -29.87, -29.68, -29.35, -28.33, -24.01, -20.41, -17.97, -16.48, -16.48
2026-10-01, 21:48:21, 88000000, 90500000, 19531.25, 15744, -16.95, -17.89, -17.70, -16.24, -15.00, -14.19, -14.61, -15.81, -17.13, -19.21, -24.23, -27.98, -29.06, -29.44, -29.65, -29.74, -29.84, -29.83, -29.80, -29.78, -29.70, -29.51, -29.09, -28.30, -27.74, -27.23, -27.29, -27.67, -27.91, -28.18, -28.52, -28.56, -28.39, -28.23, -28.04, -27.85, -27.65, -27.43, -27.19, -26.93, -26.69, -26.40, -26.08, -25.70, -25.26, -24.92, -24.53, -24.21, -23.85, -23.42, -22.97, -22.47, -21.92, -21.29, -20.61, -19.87, -19.02, -18.09, -16.99, -15.69, -14.04, -11.52, -6.02, 0.02, 5.50, 5.50, 6.65, 6.39, 4.94, 3.28, 1.33, -3.31, -9.15, -13.38, -15.31, -16.74, -17.89, -18.88, -19.73, -20.51, -21.20, -21.82, -22.40, -22.93, -23.38, -23.77, -24.16, -24.50, -24.91, -25.30, -25.65, -26.02, -26.37, -26.66, -26.95, -27.18, -27.42, -27.65, -27.85, -28.02, -28.23, -28.40, -28.55, -28.60, -28.36, -27.90, -27.47, -27.20, -27.35, -27.95, -28.51, -29.00, -29.51, -29.78, -29.87, -29.91, -29.94, -30.01, -30.00, -29.93, -29.86, -29.66, -29.24, -27.57, -23.35, -19.54, -17.55, -16.81, -16.81
2026-10-01, 21:48:22, 88000000, 90500000, 19531.25, 15616, -17.22, -17.98, -17.53, -16.09, -14.93, -14.44, -14.76, -15.24, -16.86, -20.09, -24.57, -27.92, -29.07, -29.45, -29.64, -29.73, -29.78, -29.80, -29.75, -29.74, -29.66, -29.50, -29.04, -28.29, -27.59, -27.28, -27.41, -27.50, -27.77, -28.22, -28.47, -28.50, -28.34, -28.20, -28.00, -27.82, -27.61, -27.39, -27.17, -26.91, -26.63, -26.38, -26.05, -25.69, -25.25, -24.86, -24.51, -24.18, -23.80, -23.38, -22.94, -22.44, -21.87, -21.25, -20.59, -19.83, -19.00, -18.03, -16.93, -15.63, -13.94, -11.23, -5.84, -0.40, 5.77, 5.77, 6.51, 5.97, 5.30, 3.80, 0.89, -3.97, -9.29, -13.48, -15.39, -16.76, -17.90, -18.87, -19.72, -20.49, -21.18, -21.82, -22.38, -22.90, -23.35, -23.72, -24.10, -24.45, -24.88, -25.25, -25.64, -26.01, -26.35, -26.64, -26.91, -27.17, -27.38, -27.63, -27.80, -28.00, -28.17, -28.33, -28.51, -28.59, -28.37, -27.79, -27.38, -27.23, -27.50, -27.90, -28.39, -29.00, -29.53, -29.80, -29.85, -29.90, -29.93, -29.98, -30.00, -29.93, -29.86, -29.65, -29.17, -27.41, -23.49, -19.66, -17.39, -16.72, -16.72
2026-10-01, 21:48:23, 88000000, 90500000, 19531.25, 15552, -16.16, -17.48, -18.13, -16.86, -14.98, -13.44, -13.87, -15.70, -18.15, -21.50, -26.03, -28.36, -29.20, -29.51, -29.67, -29.75, -29.82, -29.80, -29.77, -29.75, -29.69, -29.58, -29.19, -28.48, -27.78, -27.08, -26.88, -27.47, -28.02, -28.41, -28.56, -28.53, -28.35, -28.20, -28.03, -27.81, -27.59, -27.40, -27.13, -26.91, -26.66, -26.35, -26.07, -25.69, -25.29, -24.90, -24.45, -24.11, -23.79, -23.42, -22.98, -22.47, -21.90, -21.30, -20.62, -19.89, -19.09, -18.15, -17.10, -15.83, -14.28, -12.04, -7.18, -1.51, 5.33, 5.33, 7.07, 7.32, 5.39, 2.78, -0.46, -5.46, -11.30, -14.05, -15.71, -17.01, -18.06, -19.02, -19.83, -20.56, -21.26, -21.85, -22.44, -22.95, -23.41, -23.79, -24.13, -24.43, -24.88, -25.29, -25.68, -26.04, -26.37, -26.64, -26.91, -27.20, -27.39, -27.63, -27.83, -28.02, -28.17, -28.38, -28.51, -28.58, -28.47, -27.99, -27.52, -26.99, -27.01, -27.85, -28.60, -29.15, -29.57, -29.80, -29.89, -29.94, -29.91, -30.01, -30.01, -29.94, -29.92, -29.70, -29.35, -28.15, -24.56, -20.47, -18.07, -16.68, -16.68
2026-10-01, 21:48:24, 88000000, 90500000, 19531.25, 15552, -16.05, -17.83, -18.41, -16.94, -14.65, -13.24, -14.24, -15.77, -17.93, -21.66, -26.49, -28.61, -29.23, -29.55, -29.69, -29.76, -29.83, -29.81, -29.82, -29.78, -29.69, -29.58, -29.21, -28.63, -27.69, -26.87, -26.96, -27.51, -27.99, -28.38, -28.57, -28.50, -28.36, -28.23, -28.02, -27.82, -27.63, -27.39, -27.17, -26.92, -26.65, -26.38, -26.07, -25.71, -25.30, -24.87, -24.47, -24.15, -23.81, -23.44, -23.00, -22.47, -21.93, -21.31, -20.64, -19.92, -19.08, -18.16, -17.12, -15.87, -14.34, -11.75, -7.93, -1.91, 5.64, 5.64, 7.43, 7.08, 5.18, 3.00, -0.49, -6.18, -11.67, -14.14, -15.73, -17.02, -18.08, -19.03, -19.84, -20.60, -21.27, -21.89, -22.45, -22.97, -23.43, -23.79, -24.14, -24.44, -24.89, -25.30, -25.68, -26.04, -26.35, -26.66, -26.91, -27.16, -27.39, -27.62, -27.83, -28.02, -28.18, -28.37, -28.52, -28.61, -28.51, -28.10, -27.40, -26.89, -27.13, -27.92, -28.58, -29.21, -29.65, -29.82, -29.88, -29.90, -29.95, -30.00, -30.05, -29.94, -29.88, -29.71, -29.37, -28.14, -25.04, -21.05, -18.07, -16.31, -16.31
2026-10-01, 21:48:25, 88000000, 90500000, 19531.25, 15680, -17.11, -17.84, -17.66, -16.18, -14.99, -14.43, -14.65, -15.46, -17.03, -19.61, -24.92, -28.22, -29.08, -29.46, -29.65, -29.77, -29.80, -29.79, -29.81, -29.76, -29.66, -29.48, -29.06, -28.32, -27.61, -27.33, -27.34, -27.62, -27.88, -28.23, -28.51, -28.53, -28.39, -28.24, -28.07, -27.84, -27.63, -27.41, -27.18, -26.95, -26.65, -26.40, -26.09, -25.70, -25.30, -24.90, -24.54, -24.16, -23.80, -23.40, -22.96, -22.45, -21.89, -21.27, -20.59, -19.83, -19.00, -18.04, -16.92, -15.56, -13.71, -9.66, -4.64, -0.23, 5.70, 5.70, 6.43, 6.15, 5.29, 3.46, 1.18, -3.92, -10.48, -13.68, -15.47, -16.84, -17.98, -18.96, -19.80, -20.57, -21.26, -21.89, -22.44, -22.97, -23.40, -23.76, -24.19, -24.55, -24.93, -25.30, -25.69, -26.06, -26.41, -26.68, -26.95, -27.22, -27.44, -27.67, -27.89, -28.04, -28.23, -28.41, -28.54, -28.57, -28.40, -27.90, -27.53, -27.31, -27.44, -27.87, -28.49, -29.01, -29.57, -29.80, -29.92, -29.96, -29.97, -30.05, -30.07, -29.94, -29.88, -29.63, -28.86, -26.41, -23.07, -19.70, -17.46, -16.82, -16.82
2026-10-01, 21:48:26, 88000000, 90500000, 19531.25, 15680, -16.98, -17.42, -17.50, -16.59, -15.26, -14.33, -14.24, -15.02, -17.03, -20.70, -25.72, -28.36, -29.15, -29.50, -29.65, -29.75, -29.80, -29.79, -29.79, -29.76, -29.65, -29.47, -29.06, -28.40, -27.78, -27.36, -27.20, -27.39, -27.82, -28.25, -28.50, -28.49, -28.34, -28.21, -28.01, -27.81, -27.60, -27.41, -27.15, -26.92, -26.65, -26.36, -26.04, -25.68, -25.27, -24.89, -24.52, -24.15, -23.80, -23.39, -22.95, -22.43, -21.89, -21.25, -20.57, -19.84, -18.97, -18.03, -16.90, -15.55, -13.70, -9.67, -4.19, -0.24, 5.33, 5.33, 6.34, 6.45, 5.64, 3.85, 0.48, -4.84, -10.87, -13.75, -15.48, -16.83, -17.94, -18.90, -19.76, -20.50, -21.19, -21.82, -22.37, -22.90, -23.36, -23.75, -24.10, -24.50, -24.85, -25.23, -25.64, -26.02, -26.35, -26.64, -26.91, -27.18, -27.39, -27.62, -27.80, -28.02, -28.17, -28.36, -28.49, -28.51, -28.33, -28.00, -27.49, -27.29, -27.34, -27.73, -28.34, -29.14, -29.61, -29.81, -29.87, -29.95, -29.94, -30.02, -30.04, -29.94, -29.88, -29.64, -28.89, -26.18, -22.83, -19.92, -17.93, -17.05, -17.05
2026-10-01, 21:48:27, 88000000, 90500000, 19531.25, 15616, -17.25, -17.52, -17.33, -16.41, -14.87, -14.52, -14.19, -14.71, -17.43, -21.39, -26.43, -28.52, -29.19, -29.52, -29.70, -29.76, -29.79, -29.81, -29.79, -29.75, -29.66, -29.49, -29.07, -28.32, -27.70, -27.26, -27.33, -27.27, -27.79, -28.36, -28.56, -28.51, -28.36, -28.20, -28.00, -27.81, -27.62, -27.39, -27.16, -26.90, -26.63, -26.35, -26.04, -25.68, -25.26, -24.88, -24.51, -24.15, -23.76, -23.39, -22.95, -22.43, -21.87, -21.26, -20.57, -19.83, -19.00, -18.05, -16.96, -15.64, -13.95, -10.95, -5.71, -0.81, 5.72, 5.72, 6.57, 6.18, 5.97, 3.93, -0.28, -5.87, -11.40, -13.99, -15.63, -16.94, -18.03, -18.98, -19.81, -20.57, -21.23, -21.86, -22.42, -22.93, -23.39, -23.75, -24.11, -24.54, -24.86, -25.24, -25.65, -26.07, -26.35, -26.64, -26.91, -27.18, -27.41, -27.62, -27.82, -28.04, -28.21, -28.34, -28.52, -28.56, -28.45, -27.91, -27.33, -27.21, -27.41, -27.65, -28.27, -29.14, -29.61, -29.77, -29.85, -29.92, -29.91, -30.00, -29.99, -29.91, -29.84, -29.66, -29.13, -27.08, -23.87, -19.76, -17.65, -16.62, -16.62
2026-10-01, 21:48:28, 88000000, 90500000, 19531.25, 15680, -15.55, -17.57, -17.89, -17.11, -15.43, -12.85, -14.14, -15.55, -17.21, -22.10, -26.68, -28.57, -29.14, -29.40, -29.58, -29.66, -29.71, -29.74, -29.72, -29.64, -29.56, -29.42, -28.96, -28.45, -27.84, -26.99, -26.64, -27.55, -27.74, -28.31, -28.52, -28.43, -28.25, -28.13, -27.91, -27.71, -27.51, -27.31, -27.09, -26.83, -26.57, -26.25, -25.95, -25.61, -25.21, -24.80, -24.33, -24.05, -23.69, -23.31, -22.86, -22.35, -21.77, -21.19, -20.52, -19.77, -18.95, -18.00, -16.92, -15.61, -13.90, -10.98, -5.39, -0.29, 4.88, 4.88, 7.15, 7.59, 5.08, 3.74, -0.63, -6.55, -11.58, -13.95, -15.57, -16.87, -17.95, -18.87, -19.71, -20.46, -21.12, -21.74, -22.33, -22.83, -23.29, -23.69, -24.04, -24.31, -24.76, -25.16, -25.54, -25.94, -26.26, -26.54, -26.82, -27.07, -27.28, -27.54, -27.73, -27.91, -28.09, -28.23, -28.42, -28.44, -28.27, -28.00, -27.58, -26.86, -26.89, -27.76, -28.32, -29.13, -29.53, -29.72, -29.77, -29.79, -29.83, -29.92, -29.93, -29.86, -29.78, -29.60, -29.11, -26.87, -23.15, -20.28, -18.53, -17.10, -17.10
2026-10-01, 21:48:29, 88000000, 90500000, 19531.25, 15552, -16.86, -18.07, -17.75, -16.14, -14.66, -14.08, -14.71, -15.51, -16.70, -20.68, -25.86, -28.36, -29.16, -29.49, -29.65, -29.74, -29.79, -29.80, -29.80, -29.73, -29.66, -29.51, -29.04, -28.40, -27.58, -27.07, -27.25, -27.65, -27.79, -28.24, -28.52, -28.50, -28.35, -28.22, -28.00, -27.82, -27.62, -27.40, -27.16, -26.92, -26.65, -26.37, -26.05, -25.69, -25.26, -24.86, -24.49, -24.19, -23.79, -23.40, -22.96, -22.45, -21.87, -21.28, -20.61, -19.85, -19.04, -18.09, -17.01, -15.74, -14.13, -11.75, -6.82, -0.58, 5.94, 5.94, 6.96, 6.30, 5.05, 3.84, 0.66, -5.13, -10.75, -13.77, -15.49, -16.85, -17.95, -18.91, -19.75, -20.50, -21.22, -21.82, -22.40, -22.91, -23.37, -23.74, -24.10, -24.45, -24.88, -25.24, -25.64, -26.03, -26.33, -26.62, -26.90, -27.18, -27.36, -27.61, -27.80, -28.00, -28.18, -28.38, -28.52, -28.59, -28.41, -27.90, -27.30, -27.05, -27.42, -27.92, -28.34, -29.07, -29.59, -29.77, -29.87, -29.88, -29.93, -29.98, -29.99, -29.92, -29.88, -29.68, -29.27, -27.87, -23.92, -20.01, -17.44, -16.41, -16.41
2026-10-01, 21:48:30, 88000000, 90500000, 19531.25, 15616, -17.30, -17.43, -17.16, -16.40, -15.56, -14.70, -14.42, -14.94, -16.54, -20.17, -25.07, -28.08, -29.04, -29.46, -29.64, -29.74, -29.82, -29.84, -29.80, -29.77, -29.69, -29.43, -28.99, -28.37, -27.87, -27.47, -27.32, -27.38, -27.82, -28.21, -28.53, -28.53, -28.38, -28.23, -28.05, -27.85, -27.62, -27.44, -27.20, -26.95, -26.68, -26.36, -26.05, -25.70, -25.29, -24.91, -24.56, -24.18, -23.80, -23.39, -22.96, -22.43, -21.87, -21.24, -20.56, -19.80, -18.94, -17.95, -16.80, -15.39, -13.29, -8.38, -3.49, 0.59, 5.15, 5.15, 5.93, 6.19, 5.64, 4.12, 1.00, -4.27, -9.92, -13.58, -15.43, -16.80, -17.93, -18.92, -19.76, -20.54, -21.23, -21.87, -22.41, -22.94, -23.40, -23.78, -24.14, -24.54, -24.90, -25.28, -25.71, -26.04, -26.39, -26.70, -26.94, -27.22, -27.39, -27.68, -27.85, -28.05, -28.20, -28.39, -28.51, -28.52, -28.25, -27.93, -27.61, -27.50, -27.47, -27.75, -28.34, -29.04, -29.60, -29.82, -29.91, -29.93, -29.95, -30.02, -30.03, -29.92, -29.85, -29.53, -28.64, -25.39, -22.11, -19.30, -17.86, -17.36, -17.36
2026-10-01, 21:48:31, 88000000, 90500000, 19531.25, 15616, -16.47, -17.05, -17.64, -16.95, -15.25, -13.72, -13.53, -15.09, -17.91, -22.04, -26.58, -28.57, -29.14, -29.45, -29.61, -29.64, -29.71, -29.76, -29.73, -29.69, -29.60, -29.45, -29.00, -28.40, -27.72, -27.16, -26.87, -27.23, -27.84, -28.36, -28.51, -28.44, -28.28, -28.15, -27.94, -27.73, -27.54, -27.31, -27.08, -26.85, -26.58, -26.29, -25.98, -25.62, -25.21, -24.83, -24.41, -24.05, -23.72, -23.34, -22.91, -22.39, -21.84, -21.22, -20.56, -19.83, -18.98, -18.06, -16.97, -15.74, -14.13, -11.73, -6.77, -0.37, 5.22, 5.22, 6.77, 7.22, 6.00, 3.37, -0.85, -6.52, -11.59, -13.98, -15.59, -16.88, -17.93, -18.88, -19.73, -20.47, -21.14, -21.75, -22.33, -22.83, -23.30, -23.69, -24.05, -24.38, -24.73, -25.19, -25.58, -25.96, -26.27, -26.56, -26.82, -27.07, -27.28, -27.53, -27.75, -27.93, -28.11, -28.28, -28.45, -28.50, -28.30, -28.04, -27.48, -27.06, -27.03, -27.54, -28.39, -29.19, -29.53, -29.72, -29.80, -29.85, -29.88, -29.94, -29.95, -29.86, -29.83, -29.61, -29.21, -28.01, -23.68, -20.14, -18.16, -16.94, -16.94
2026-10-01, 21:48:32, 88000000, 90500000, 19531.25, 15616, -15.93, -17.33, -18.12, -17.36, -15.20, -13.16, -13.87, -15.86, -18.09, -21.15, -25.53, -28.50, -29.24, -29.53, -29.68, -29.74, -29.86, -29.84, -29.77, -29.78, -29.69, -29.57, -29.10, -28.58, -27.85, -27.05, -26.84, -27.46, -28.01, -28.39, -28.55, -28.53, -28.36, -28.21, -28.03, -27.82, -27.65, -27.43, -27.19, -26.92, -26.67, -26.37, -26.06, -25.72, -25.34, -24.89, -24.45, -24.13, -23.84, -23.44, -22.98, -22.48, -21.91, -21.31, -20.64, -19.90, -19.06, -18.14, -17.08, -15.80, -14.20, -11.66, -6.30, -0.45, 4.86, 4.86, 7.22, 7.40, 5.34, 2.75, -0.30, -5.37, -10.67, -13.91, -15.62, -16.90, -18.01, -18.97, -19.80, -20.55, -21.24, -21.85, -22.41, -22.94, -23.37, -23.78, -24.12, -24.40, -24.84, -25.29, -25.70, -26.02, -26.32, -26.63, -26.91, -27.17, -27.39, -27.63, -27.84, -28.02, -28.16, -28.36, -28.52, -28.55, -28.34, -28.08, -27.71, -26.97, -26.93, -27.89, -28.66, -29.18, -29.59, -29.79, -29.84, -29.93, -29.95, -30.00, -29.98, -29.94, -29.88, -29.64, -29.27, -27.86, -23.35, -20.31, -18.68, -16.87, -16.87
2026-10-01, 21:48:33, 88000000, 90500000, 19531.25, 15616, -16.77, -17.84, -18.03, -16.52, -14.67, -14.00, -14.44, -15.31, -17.21, -21.12, -26.23, -28.56, -29.25, -29.59, -29.74, -29.85, -29.88, -29.88, -29.91, -29.83, -29.79, -29.62, -29.23, -28.59, -27.69, -27.18, -27.17, -27.64, -27.94, -28.38, -28.66, -28.67, -28.47, -28.34, -28.13, -27.94, -27.72, -27.51, -27.27, -27.01, -26.75, -26.47, -26.17, -25.82, -25.41, -24.97, -24.61, -24.28, -23.91, -23.50, -23.08, -22.57, -22.02, -21.40, -20.74, -19.99, -19.15, -18.23, -17.18, -15.91, -14.35, -11.88, -6.62, -1.14, 5.71, 5.71, 7.06, 6.53, 5.27, 3.63, 0.27, -5.85, -11.27, -13.98, -15.66, -16.98, -18.08, -19.04, -19.86, -20.62, -21.30, -21.94, -22.49, -23.02, -23.48, -23.85, -24.19, -24.53, -24.95, -25.36, -25.72, -26.10, -26.44, -26.70, -26.98, -27.27, -27.46, -27.71, -27.89, -28.11, -28.28, -28.43, -28.54, -28.65, -28.52, -28.06, -27.45, -27.03, -27.41, -27.87, -28.43, -29.15, -29.66, -29.84, -29.96, -29.97, -30.01, -30.05, -30.04, -30.00, -29.91, -29.71, -29.31, -27.74, -23.99, -20.66, -17.80, -16.38, -16.38
2026-10-01, 21:48:34, 88000000, 90500000, 19531.25, 15552, -16.65, -17.24, -17.71, -16.76, -15.12, -13.94, -13.85, -15.12, -17.65, -21.83, -26.46, -28.54, -29.23, -29.53, -29.68, -29.76, -29.81, -29.81, -29.83, -29.76, -29.66, -29.49, -29.06, -28.41, -27.75, -27.17, -27.01, -27.34, -27.88, -28.37, -28.56, -28.54, -28.34, -28.21, -27.99, -27.82, -27.61, -27.38, -27.16, -26.87, -26.64, -26.32, -26.03, -25.69, -25.28, -24.86, -24.49, -24.12, -23.76, -23.38, -22.95, -22.44, -21.86, -21.27, -20.59, -19.84, -19.01, -18.08, -16.99, -15.70, -14.03, -11.39, -5.57, -0.61, 5.30, 5.30, 6.77, 6.89, 5.84, 3.44, -0.44, -6.29, -11.17, -13.99, -15.61, -16.91, -18.00, -18.94, -19.78, -20.53, -21.20, -21.81, -22.40, -22.91, -23.35, -23.74, -24.10, -24.40, -24.81, -25.24, -25.65, -26.02, -26.32, -26.62, -26.90, -27.14, -27.35, -27.59, -27.80, -27.99, -28.18, -28.31, -28.47, -28.51, -28.39, -27.95, -27.51, -27.14, -27.21, -27.65, -28.43, -29.14, -29.62, -29.75, -29.82, -29.89, -29.92, -29.95, -29.98, -29.88, -29.86, -29.63, -29.16, -27.41, -23.39, -20.16, -18.03, -16.81, -16.81
2026-10-01, 21:48:35, 88000000, 90500000, 19531.25, 15616, -17.02, -17.05, -17.20, -16.76, -15.51, -14.35, -13.90, -14.86, -17.31, -20.76, -25.62, -28.38, -29.14, -29.45, -29.63, -29.73, -29.79, -29.77, -29.77, -29.74, -29.62, -29.41, -28.93, -28.37, -27.83, -27.34, -27.16, -27.27, -27.83, -28.31, -28.53, -28.52, -28.35, -28.19, -28.01, -27.79, -27.60, -27.40, -27.17, -26.88, -26.64, -26.33, -26.01, -25.68, -25.27, -24.89, -24.51, -24.10, -23.76, -23.38, -22.94, -22.42, -21.86, -21.25, -20.55, -19.81, -18.95, -18.01, -16.88, -15.54, -13.71, -10.35, -4.65, 0.71, 4.98, 4.98, 6.30, 6.64, 6.02, 3.71, 0.23, -4.99, -10.81, -13.73, -15.48, -16.82, -17.93, -18.89, -19.74, -20.50, -21.18, -21.82, -22.37, -22.89, -23.34, -23.74, -24.11, -24.47, -24.83, -25.22, -25.65, -26.01, -26.31, -26.62, -26.88, -27.16, -27.37, -27.61, -27.82, -28.00, -28.15, -28.35, -28.48, -28.51, -28.23, -27.94, -27.60, -27.33, -27.25, -27.63, -28.36, -29.11, -29.56, -29.76, -29.85, -29.90, -29.93, -29.99, -29.98, -29.93, -29.85, -29.62, -29.02, -26.79, -22.24, -19.46, -18.11, -17.25, -17.25
2026-10-01, 21:48:36, 88000000, 90500000, 19531.25, 15616, -17.20, -17.16, -16.97, -16.63, -15.52, -14.58, -14.02, -14.52, -17.36, -21.10, -25.72, -28.37, -29.14, -29.47, -29.63, -29.73, -29.79, -29.80, -29.76, -29.73, -29.64, -29.43, -28.86, -28.30, -27.79, -27.47, -27.24, -27.28, -27.72, -28.30, -28.54, -28.51, -28.33, -28.22, -28.00, -27.80, -27.61, -27.35, -27.13, -26.89, -26.64, -26.33, -26.00, -25.68, -25.27, -24.88, -24.50, -24.12, -23.75, -23.37, -22.92, -22.39, -21.86, -21.22, -20.55, -19.80, -18.96, -17.99, -16.88, -15.53, -13.74, -10.34, -4.63, 0.80, 5.21, 5.21, 6.01, 6.46, 6.14, 3.92, 0.02, -5.45, -10.62, -13.79, -15.49, -16.82, -17.92, -18.87, -19.74, -20.48, -21.18, -21.81, -22.36, -22.88, -23.34, -23.72, -24.13, -24.46, -24.83, -25.20, -25.64, -25.97, -26.32, -26.61, -26.89, -27.14, -27.35, -27.60, -27.80, -27.99, -28.17, -28.31, -28.47, -28.51, -28.27, -27.92, -27.51, -27.40, -27.32, -27.51, -28.39, -29.11, -29.58, -29.71, -29.81, -29.89, -29.95, -29.94, -29.97, -29.86, -29.82, -29.58, -29.00, -26.47, -22.27, -19.36, -17.92, -17.31, -17.31
2026-10-01, 21:48:37, 88000000, 90500000, 19531.25, 15616, -16.42, -17.24, -17.82, -17.04, -15.07, -13.68, -13.87, -15.43, -18.15, -20.88, -25.30, -28.37, -29.18, -29.50, -29.67, -29.77, -29.78, -29.80, -29.79, -29.75, -29.68, -29.52, -29.03, -28.50, -27.86, -27.09, -26.97, -27.43, -28.01, -28.34, -28.48, -28.53, -28.35, -28.21, -28.04, -27.82, -27.59, -27.40, -27.17, -26.90, -26.65, -26.38, -26.03, -25.71, -25.29, -24.91, -24.49, -24.12, -23.81, -23.42, -22.97, -22.45, -21.90, -21.28, -20.62, -19.86, -19.06, -18.11, -17.03, -15.77, -14.14, -11.83, -6.22, -0.15, 5.14, 5.14, 6.91, 7.06, 5.69, 2.84, -0.14, -4.55, -10.90, -13.84, -15.58, -16.88, -17.99, -18.95, -19.78, -20.54, -21.20, -21.84, -22.39, -22.92, -23.35, -23.77, -24.12, -24.45, -24.83, -25.26, -25.66, -26.01, -26.34, -26.62, -26.91, -27.18, -27.37, -27.65, -27.84, -28.02, -28.16, -28.33, -28.47, -28.60, -28.36, -27.99, -27.59, -27.07, -27.10, -27.71, -28.56, -29.10, -29.61, -29.80, -29.85, -29.90, -29.95, -29.99, -30.02, -29.92, -29.87, -29.68, -29.30, -27.95, -23.13, -20.13, -18.30, -16.79, -16.79
2026-10-01, 21:48:38, 88000000, 90500000, 19531.25, 15552, -17.33, -17.84, -17.31, -16.34, -15.19, -14.63, -14.69, -15.25, -16.70, -19.97, -25.27, -28.23, -29.13, -29.50, -29.69, -29.78, -29.86, -29.86, -29.81, -29.79, -29.73, -29.60, -29.00, -28.35, -27.72, -27.39, -27.39, -27.58, -27.88, -28.26, -28.60, -28.57, -28.42, -28.29, -28.08, -27.88, -27.66, -27.46, -27.25, -26.98, -26.70, -26.42, -26.11, -25.75, -25.33, -24.96, -24.58, -24.22, -23.86, -23.46, -23.02, -22.52, -21.94, -21.34, -20.65, -19.88, -19.06, -18.11, -17.00, -15.69, -14.02, -11.42, -5.92, 0.59, 5.46, 5.46, 6.21, 6.10, 5.19, 3.86, 1.15, -4.17, -10.40, -13.63, -15.46, -16.82, -17.95, -18.94, -19.77, -20.55, -21.25, -21.88, -22.44, -22.96, -23.40, -23.80, -24.20, -24.54, -24.91, -25.30, -25.72, -26.09, -26.41, -26.73, -26.96, -27.26, -27.44, -27.69, -27.91, -28.08, -28.27, -28.41, -28.59, -28.65, -28.31, -27.92, -27.53, -27.40, -27.54, -27.95, -28.41, -29.05, -29.61, -29.85, -29.96, -30.00, -30.02, -30.11, -30.08, -30.00, -29.94, -29.72, -29.29, -27.71, -22.79, -19.35, -17.71, -17.03, -17.03
2026-10-01, 21:48:39, 88000000, 90500000, 19531.25, 15680, -17.49, -18.19, -17.44, -15.99, -15.22, -14.76, -14.97, -15.49, -16.90, -19.92, -24.06, -28.06, -29.17, -29.55, -29.77, -29.87, -29.92, -29.92, -29.89, -29.91, -29.79, -29.65, -29.16, -28.36, -27.70, -27.47, -27.51, -27.72, -27.98, -28.32, -28.57, -28.59, -28.44, -28.34, -28.12, -27.95, -27.74, -27.53, -27.27, -27.05, -26.76, -26.50, -26.16, -25.79, -25.34, -25.00, -24.63, -24.28, -23.90, -23.51, -23.04, -22.55, -21.99, -21.38, -20.69, -19.94, -19.10, -18.14, -17.03, -15.73, -14.08, -11.61, -6.39, -0.03, 5.65, 5.65, 6.19, 5.83, 4.94, 3.72, 0.84, -3.31, -9.18, -13.40, -15.40, -16.81, -17.98, -18.97, -19.82, -20.60, -21.29, -21.92, -22.48, -23.03, -23.47, -23.84, -24.22, -24.61, -24.99, -25.38, -25.74, -26.13, -26.46, -26.74, -27.01, -27.29, -27.52, -27.75, -27.92, -28.10, -28.32, -28.47, -28.63, -28.69, -28.42, -27.87, -27.54, -27.35, -27.66, -28.06, -28.40, -29.10, -29.64, -29.87, -29.94, -30.04, -30.05, -30.14, -30.10, -30.04, -29.97, -29.72, -29.31, -27.91, -23.53, -19.32, -17.24, -17.05, -17.05
2026-10-01, 21:48:40, 88000000, 90500000, 19531.25, 15616, -16.38, -17.72, -18.44, -16.82, -14.96, -13.67, -14.11, -16.05, -17.76, -21.03, -25.84, -28.51, -29.31, -29.64, -29.82, -29.92, -29.93, -29.97, -29.94, -29.89, -29.80, -29.67, -29.29, -28.65, -27.77, -27.23, -27.06, -27.61, -28.09, -28.43, -28.66, -28.66, -28.47, -28.33, -28.13, -27.94, -27.73, -27.51, -27.29, -27.03, -26.78, -26.49, -26.15, -25.80, -25.42, -25.00, -24.58, -24.28, -23.93, -23.55, -23.11, -22.59, -22.02, -21.42, -20.75, -20.01, -19.19, -18.25, -17.19, -15.94, -14.32, -11.36, -6.82, -1.53, 5.46, 5.46, 6.93, 7.02, 5.08, 2.72, 0.07, -5.13, -10.86, -13.93, -15.72, -17.03, -18.11, -19.09, -19.91, -20.67, -21.34, -21.97, -22.54, -23.04, -23.49, -23.88, -24.22, -24.53, -24.97, -25.41, -25.77, -26.14, -26.45, -26.75, -27.01, -27.28, -27.49, -27.74, -27.92, -28.15, -28.30, -28.45, -28.58, -28.65, -28.55, -28.13, -27.53, -27.16, -27.20, -28.02, -28.65, -29.26, -29.69, -29.90, -30.00, -30.04, -30.04, -30.10, -30.12, -30.03, -29.97, -29.78, -29.32, -27.57, -24.62, -20.69, -18.06, -16.70, -16.70
2026-10-01, 21:48:41, 88000000, 90500000, 19531.25, 15872, -16.65, -17.82, -18.10, -16.76, -14.76, -13.86, -14.43, -15.56, -17.65, -21.17, -26.33, -28.60, -29.30, -29.60, -29.79, -29.83, -29.91, -29.91, -29.89, -29.86, -29.78, -29.63, -29.23, -28.56, -27.73, -27.13, -27.23, -27.61, -28.03, -28.40, -28.63, -28.61, -28.47, -28.29, -28.11, -27.91, -27.71, -27.51, -27.25, -27.03, -26.77, -26.45, -26.16, -25.83, -25.38, -24.98, -24.57, -24.26, -23.90, -23.50, -23.06, -22.56, -22.01, -21.38, -20.70, -19.97, -19.13, -18.21, -17.13, -15.86, -14.20, -11.57, -6.56, -1.10, 5.56, 5.56, 7.06, 6.58, 5.20, 3.29, -0.05, -5.74, -11.39, -14.07, -15.71, -17.02, -18.13, -19.07, -19.91, -20.65, -21.34, -21.96, -22.52, -23.03, -23.49, -23.87, -24.21, -24.57, -24.94, -25.37, -25.76, -26.11, -26.44, -26.73, -26.99, -27.26, -27.48, -27.73, -27.91, -28.11, -28.26, -28.43, -28.58, -28.65, -28.51, -28.10, -27.48, -27.15, -27.38, -27.93, -28.50, -29.22, -29.75, -29.90, -29.96, -29.99, -30.03, -30.08, -30.07, -30.07, -29.96, -29.75, -29.33, -27.82, -23.94, -20.60, -17.99, -16.47, -16.47
2026-10-01, 21:48:42, 88000000, 90500000, 19531.25, 15552, -16.41, -17.61, -18.39, -16.97, -14.65, -13.59, -14.03, -15.53, -17.98, -22.13, -27.08, -28.75, -29.34, -29.58, -29.77, -29.86, -29.91, -29.88, -29.85, -29.82, -29.74, -29.63, -29.32, -28.66, -27.71, -27.08, -27.04, -27.47, -28.00, -28.47, -28.64, -28.60, -28.42, -28.30, -28.08, -27.90, -27.68, -27.47, -27.24, -27.00, -26.73, -26.43, -26.16, -25.80, -25.36, -24.92, -24.54, -24.25, -23.92, -23.51, -23.08, -22.55, -22.02, -21.39, -20.75, -20.01, -19.19, -18.27, -17.23, -15.99, -14.46, -12.32, -8.02, -2.10, 5.71, 5.71, 7.19, 6.98, 5.46, 3.09, -0.81, -6.93, -11.90, -14.21, -15.78, -17.06, -18.15, -19.07, -19.90, -20.65, -21.32, -21.93, -22.48, -23.01, -23.47, -23.84, -24.17, -24.52, -24.96, -25.34, -25.74, -26.11, -26.43, -26.69, -26.98, -27.23, -27.43, -27.71, -27.89, -28.07, -28.24, -28.41, -28.57, -28.68, -28.57, -28.21, -27.45, -26.99, -27.17, -27.83, -28.58, -29.26, -29.73, -29.85, -29.95, -30.00, -30.03, -30.06, -30.08, -30.04, -29.98, -29.77, -29.45, -28.48, -25.01, -21.24, -18.10, -16.33, -16.33
2026-10-01, 21:48:43, 88000000, 90500000, 19531.25, 15616, -17.33, -17.60, -17.38, -16.40, -15.31, -14.68, -14.58, -15.19, -17.03, -20.10, -24.53, -28.07, -29.09, -29.50, -29.69, -29.80, -29.84, -29.82, -29.84, -29.81, -29.68, -29.45, -29.01, -28.32, -27.81, -27.45, -27.34, -27.53, -27.89, -28.28, -28.52, -28.58, -28.39, -28.24, -28.08, -27.87, -27.64, -27.44, -27.20, -26.95, -26.70, -26.38, -26.07, -25.73, -25.29, -24.92, -24.55, -24.17, -23.80, -23.41, -22.98, -22.46, -21.91, -21.28, -20.59, -19.82, -18.99, -18.02, -16.90, -15.53, -13.71, -10.43, -3.94, 0.58, 5.31, 5.31, 6.09, 6.06, 5.41, 3.72, 0.79, -3.74, -9.99, -13.58, -15.46, -16.83, -17.95, -18.94, -19.79, -20.54, -21.24, -21.86, -22.45, -22.97, -23.41, -23.79, -24.17, -24.53, -24.93, -25.30, -25.71, -26.05, -26.41, -26.68, -26.95, -27.22, -27.42, -27.68, -27.87, -28.07, -28.23, -28.43, -28.58, -28.54, -28.30, -27.89, -27.56, -27.43, -27.55, -27.82, -28.45, -29.09, -29.61, -29.83, -29.91, -30.01, -30.03, -30.04, -30.06, -29.98, -29.90, -29.65, -29.05, -26.23, -22.24, -19.46, -17.75, -17.13, -17.13
2026-10-01, 21:48:44, 88000000, 90500000, 19531.25, 15552, -16.99, -17.48, -17.61, -16.59, -15.34, -14.30, -14.33, -15.29, -17.13, -20.67, -25.32, -28.30, -29.21, -29.55, -29.73, -29.82, -29.87, -29.90, -29.85, -29.83, -29.74, -29.54, -29.06, -28.40, -27.83, -27.40, -27.27, -27.47, -27.95, -28.38, -28.60, -28.57, -28.43, -28.29, -28.11, -27.92, -27.69, -27.45, -27.27, -26.97, -26.74, -26.44, -26.13, -25.76, -25.36, -24.95, -24.59, -24.23, -23.88, -23.49, -23.03, -22.52, -21.96, -21.34, -20.68, -19.90, -19.07, -18.11, -17.01, -15.67, -13.92, -10.78, -4.57, 0.06, 5.24, 5.24, 6.39, 6.39, 5.49, 3.60, 0.48, -4.65, -10.31, -13.82, -15.57, -16.91, -18.03, -18.98, -19.82, -20.59, -21.28, -21.91, -22.48, -23.00, -23.43, -23.83, -24.20, -24.56, -24.91, -25.35, -25.71, -26.10, -26.45, -26.72, -26.98, -27.23, -27.45, -27.68, -27.90, -28.12, -28.27, -28.39, -28.59, -28.57, -28.39, -28.01, -27.63, -27.34, -27.34, -27.87, -28.45, -29.14, -29.64, -29.84, -29.93, -29.97, -30.00, -30.05, -30.08, -29.98, -29.92, -29.66, -29.11, -26.69, -22.74, -19.82, -17.91, -17.09, -17.09
2026-10-01, 21:48:45, 88000000, 90500000, 19531.25, 15616, -16.46, -17.48, -18.00, -16.96, -15.23, -13.74, -14.10, -15.72, -17.90, -20.60, -25.15, -28.49, -29.28, -29.61, -29.74, -29.85, -29.90, -29.94, -29.88, -29.81, -29.77, -29.56, -29.13, -28.55, -27.88, -27.28, -27.11, -27.58, -28.09, -28.44, -28.58, -28.61, -28.44, -28.33, -28.12, -27.93, -27.72, -27.51, -27.26, -27.01, -26.76, -26.46, -26.17, -25.81, -25.40, -25.00, -24.59, -24.24, -23.89, -23.51, -23.05, -22.56, -22.01, -21.39, -20.71, -19.97, -19.12, -18.19, -17.09, -15.79, -14.02, -10.95, -5.07, -0.43, 5.07, 5.07, 6.87, 6.90, 5.28, 2.94, 0.06, -4.61, -10.20, -13.62, -15.55, -16.91, -18.04, -19.00, -19.85, -20.60, -21.29, -21.90, -22.48, -23.00, -23.46, -23.85, -24.23, -24.52, -24.93, -25.35, -25.73, -26.09, -26.42, -26.72, -27.00, -27.25, -27.49, -27.70, -27.87, -28.10, -28.27, -28.43, -28.56, -28.61, -28.45, -28.09, -27.67, -27.08, -27.24, -27.95, -28.58, -29.16, -29.68, -29.86, -29.93, -29.97, -30.04, -30.06, -30.06, -30.00, -29.91, -29.68, -29.16, -26.86, -23.24, -20.22, -18.22, -16.94, -16.94
2026-10-01, 21:48:46, 88000000, 90500000, 19531.25, 15552, -17.45, -18.00, -17.47, -15.99, -15.16, -14.75, -14.85, -15.41, -16.41, -20.24, -25.52, -28.38, -29.18, -29.53, -29.69, -29.82, -29.88, -29.88, -29.87, -29.82, -29.74, -29.51, -29.05, -28.29, -27.66, -27.50, -27.42, -27.61, -27.86, -28.23, -28.62, -28.59, -28.41, -28.27, -28.08, -27.89, -27.68, -27.46, -27.21, -26.96, -26.69, -26.42, -26.12, -25.73, -25.33, -24.93, -24.59, -24.22, -23.85, -23.43, -23.00, -22.49, -21.92, -21.29, -20.61, -19.86, -19.02, -18.07, -16.97, -15.63, -13.93, -11.10, -5.56, 0.09, 5.77, 5.77, 6.10, 5.89, 5.08, 3.90, 1.37, -4.76, -10.75, -13.77, -15.53, -16.89, -18.01, -18.99, -19.82, -20.58, -21.29, -21.88, -22.49, -22.99, -23.44, -23.80, -24.20, -24.57, -24.94, -25.34, -25.71, -26.09, -26.44, -26.71, -26.99, -27.25, -27.45, -27.69, -27.90, -28.08, -28.25, -28.42, -28.56, -28.62, -28.40, -27.90, -27.41, -27.43, -27.62, -28.01, -28.36, -28.97, -29.64, -29.84, -29.95, -29.96, -30.02, -30.05, -30.06, -30.00, -29.91, -29.71, -29.22, -27.26, -23.10, -19.45, -17.33, -17.04, -17.04
2026-10-01, 21:48:47, 88000000, 90500000, 19531.25, 15552, -17.02, -17.50, -17.48, -16.67, -15.45, -14.38, -14.21, -15.17, -17.19, -20.85, -25.74, -28.45, -29.25, -29.57, -29.76, -29.87, -29.91, -29.93, -29.90, -29.86, -29.74, -29.57, -29.09, -28.49, -27.92, -27.52, -27.28, -27.54, -27.95, -28.38, -28.64, -28.64, -28.47, -28.30, -28.12, -27.94, -27.73, -27.51, -27.27, -27.04, -26.77, -26.48, -26.15, -25.83, -25.41, -25.02, -24.62, -24.27, -23.91, -23.53, -23.07, -22.57, -22.00, -21.38, -20.70, -19.95, -19.11, -18.15, -17.01, -15.65, -13.76, -10.01, -5.10, 0.30, 5.10, 5.10, 6.24, 6.53, 5.53, 3.67, 0.51, -5.44, -10.85, -13.87, -15.62, -16.95, -18.10, -19.05, -19.90, -20.65, -21.32, -21.95, -22.52, -23.04, -23.50, -23.87, -24.23, -24.61, -24.98, -25.35, -25.79, -26.14, -26.47, -26.77, -27.05, -27.28, -27.53, -27.75, -27.93, -28.15, -28.31, -28.48, -28.60, -28.67, -28.40, -28.03, -27.68, -27.36, -27.42, -27.80, -28.48, -29.15, -29.72, -29.90, -30.01, -30.02, -30.06, -30.10, -30.09, -30.03, -29.96, -29.67, -28.88, -26.59, -22.81, -19.71, -18.04, -17.20, -17.20
2026-10-01, 21:48:48, 88000000, 90500000, 19531.25, 15616, -17.37, -17.63, -17.46, -16.48, -15.28, -14.71, -14.70, -15.01, -16.76, -20.39, -25.72, -28.32, -29.20, -29.54, -29.77, -29.84, -29.89, -29.91, -29.91, -29.84, -29.75, -29.47, -29.01, -28.53, -27.75, -27.48, -27.46, -27.59, -27.82, -28.30, -28.63, -28.63, -28.45, -28.30, -28.13, -27.92, -27.70, -27.50, -27.25, -27.01, -26.75, -26.45, -26.13, -25.79, -25.39, -24.98, -24.59, -24.25, -23.87, -23.48, -23.02, -22.52, -21.95, -21.34, -20.64, -19.87, -19.03, -18.05, -16.90, -15.53, -13.52, -9.32, -3.19, 0.30, 5.40, 5.40, 6.17, 5.94, 5.38, 4.10, 0.85, -4.83, -10.68, -13.80, -15.55, -16.92, -18.03, -19.00, -19.85, -20.61, -21.30, -21.92, -22.49, -23.00, -23.49, -23.84, -24.23, -24.61, -24.94, -25.33, -25.73, -26.11, -26.44, -26.74, -27.01, -27.26, -27.46, -27.74, -27.93, -28.12, -28.27, -28.46, -28.57, -28.53, -28.42, -27.99, -27.61, -27.45, -27.54, -27.90, -28.31, -29.04, -29.66, -29.86, -29.93, -29.99, -30.01, -30.06, -30.04, -30.00, -29.88, -29.58, -28.76, -25.60, -22.03, -19.92, -17.86, -17.04, -17.04
2026-10-01, 21:48:49, 88000000, 90500000, 19531.25, 15680, -16.97, -17.43, -17.61, -16.62, -15.33, -14.26, -14.06, -15.19, -17.62, -21.51, -25.86, -28.39, -29.27, -29.58, -29.74, -29.85, -29.90, -29.92, -29.88, -29.89, -29.77, -29.61, -29.19, -28.44, -27.81, -27.35, -27.18, -27.42, -27.97, -28.48, -28.66, -28.61, -28.46, -28.31, -28.10, -27.90, -27.72, -27.48, -27.25, -27.01, -26.73, -26.46, -26.13, -25.77, -25.35, -24.98, -24.61, -24.22, -23.87, -23.52, -23.04, -22.54, -21.99, -21.38, -20.69, -19.96, -19.12, -18.17, -17.10, -15.81, -14.16, -11.66, -6.33, -0.32, 5.35, 5.35, 6.34, 6.61, 5.75, 3.39, -0.39, -5.44, -10.65, -13.94, -15.68, -16.97, -18.09, -19.05, -19.88, -20.64, -21.31, -21.95, -22.48, -23.02, -23.46, -23.84, -24.23, -24.56, -24.94, -25.36, -25.76, -26.10, -26.46, -26.72, -26.99, -27.27, -27.48, -27.71, -27.90, -28.10, -28.29, -28.42, -28.60, -28.68, -28.41, -28.00, -27.58, -27.40, -27.42, -27.73, -28.54, -29.23, -29.66, -29.84, -29.93, -30.00, -30.04, -30.07, -30.08, -30.04, -29.98, -29.71, -29.32, -27.87, -23.59, -19.83, -17.86, -17.11, -17.11
2026-10-01, 21:48:50, 88000000, 90500000, 19531.25, 15552, -16.63, -17.53, -17.93, -17.00, -15.06, -13.90, -14.16, -15.39, -17.70, -21.17, -26.31, -28.55, -29.27, -29.58, -29.77, -29.85, -29.88, -29.91, -29.93, -29.85, -29.77, -29.59, -29.17, -28.59, -27.87, -27.18, -27.15, -27.56, -27.99, -28.47, -28.66, -28.64, -28.45, -28.32, -28.12, -27.96, -27.73, -27.49, -27.31, -27.07, -26.76, -26.47, -26.17, -25.81, -25.42, -24.99, -24.61, -24.29, -23.96, -23.52, -23.08, -22.57, -22.03, -21.41, -20.71, -20.00, -19.16, -18.21, -17.13, -15.82, -14.11, -11.34, -5.43, -0.57, 5.31, 5.31, 6.80, 6.77, 5.49, 3.25, -0.21, -5.65, -11.22, -13.98, -15.69, -17.02, -18.12, -19.07, -19.89, -20.66, -21.32, -21.95, -22.54, -23.03, -23.52, -23.86, -24.23, -24.58, -24.97, -25.38, -25.80, -26.16, -26.49, -26.77, -27.04, -27.29, -27.50, -27.75, -27.93, -28.14, -28.32, -28.47, -28.66, -28.65, -28.50, -28.15, -27.59, -27.21, -27.33, -27.86, -28.60, -29.25, -29.75, -29.94, -30.00, -30.02, -30.08, -30.14, -30.12, -30.07, -29.98, -29.75, -29.25, -27.24, -23.33, -20.41, -18.23, -16.79, -16.79
2026-10-01, 21:48:51, 88000000, 90500000, 19531.25, 15616, -16.97, -17.85, -17.85, -16.45, -14.91, -14.24, -14.54, -15.49, -17.21, -20.45, -25.87, -28.50, -29.24, -29.61, -29.77, -29.87, -29.91, -29.91, -29.88, -29.85, -29.80, -29.59, -29.14, -28.49, -27.67, -27.31, -27.31, -27.61, -27.96, -28.33, -28.60, -28.60, -28.43, -28.29, -28.11, -27.89, -27.70, -27.48, -27.24, -27.01, -26.75, -26.44, -26.12, -25.77, -25.35, -24.94, -24.56, -24.23, -23.90, -23.48, -23.02, -22.52, -21.98, -21.36, -20.68, -19.94, -19.10, -18.17, -17.08, -15.77, -14.12, -11.31, -5.83, -0.55, 5.68, 5.68, 6.63, 6.31, 5.26, 3.38, 0.73, -4.85, -11.09, -13.89, -15.61, -16.93, -18.04, -19.01, -19.84, -20.61, -21.29, -21.91, -22.49, -22.99, -23.46, -23.83, -24.17, -24.54, -24.93, -25.32, -25.73, -26.09, -26.42, -26.71, -26.98, -27.26, -27.44, -27.69, -27.90, -28.06, -28.25, -28.42, -28.60, -28.65, -28.43, -28.04, -27.46, -27.21, -27.43, -27.91, -28.52, -29.09, -29.65, -29.85, -29.91, -29.96, -30.00, -30.06, -30.09, -30.00, -29.94, -29.71, -29.24, -27.39, -23.52, -20.16, -17.72, -16.68, -16.68
2026-10-01, 21:48:52, 88000000, 90500000, 19531.25, 15872, -17.06, -17.54, -17.47, -16.59, -15.24, -14.34, -14.32, -14.99, -17.20, -20.95, -25.95, -28.51, -29.25, -29.58, -29.73, -29.82, -29.88, -29.88, -29.84, -29.84, -29.73, -29.56, -29.09, -28.41, -27.87, -27.37, -27.21, -27.41, -27.92, -28.35, -28.61, -28.60, -28.43, -28.28, -28.08, -27.89, -27.67, -27.46, -27.23, -26.97, -26.72, -26.41, -26.11, -25.75, -25.34, -24.93, -24.58, -24.20, -23.85, -23.47, -23.01, -22.51, -21.97, -21.32, -20.64, -19.90, -19.05, -18.13, -17.02, -15.71, -14.03, -11.17, -5.28, -0.02, 5.33, 5.33, 6.41, 6.39, 5.67, 3.72, 0.29, -5.28, -11.02, -13.84, -15.57, -16.90, -18.02, -18.97, -19.82, -20.58, -21.26, -21.87, -22.45, -22.97, -23.42, -23.79, -24.18, -24.54, -24.90, -25.31, -25.71, -26.08, -26.41, -26.69, -26.95, -27.22, -27.44, -27.69, -27.86, -28.05, -28.22, -28.40, -28.57, -28.61, -28.40, -27.96, -27.53, -27.36, -27.48, -27.75, -28.40, -29.12, -29.63, -29.83, -29.90, -29.95, -29.98, -30.01, -30.04, -29.98, -29.87, -29.68, -29.19, -27.25, -22.94, -19.84, -17.93, -16.98, -16.98
2026-10-01, 21:48:53, 88000000, 90500000, 19531.25, 15552, -17.05, -17.36, -17.44, -16.69, -15.43, -14.42, -14.22, -14.97, -17.20, -21.11, -26.09, -28.50, -29.24, -29.57, -29.72, -29.84, -29.87, -29.87, -29.84, -29.80, -29.73, -29.47, -29.05, -28.48, -27.87, -27.44, -27.27, -27.42, -27.83, -28.35, -28.64, -28.56, -28.42, -28.27, -28.07, -27.87, -27.67, -27.46, -27.21, -26.95, -26.72, -26.40, -26.10, -25.74, -25.34, -24.96, -24.57, -24.21, -23.83, -23.44, -23.01, -22.49, -21.94, -21.29, -20.62, -19.86, -19.02, -18.05, -16.94, -15.58, -13.69, -10.37, -3.76, 0.19, 5.11, 5.11, 6.27, 6.44, 5.69, 3.81, 0.15, -5.45, -11.28, -13.93, -15.60, -16.94, -18.04, -18.99, -19.84, -20.62, -21.26, -21.91, -22.46, -22.96, -23.44, -23.82, -24.19, -24.57, -24.90, -25.32, -25.70, -26.11, -26.41, -26.71, -26.99, -27.21, -27.46, -27.70, -27.87, -28.05, -28.22, -28.43, -28.54, -28.52, -28.34, -28.02, -27.64, -27.31, -27.37, -27.77, -28.41, -29.20, -29.64, -29.84, -29.89, -29.97, -30.00, -30.06, -30.02, -29.96, -29.90, -29.63, -29.04, -26.01, -22.46, -19.80, -18.04, -17.20, -17.20
2026-10-01, 21:48:54, 88000000, 90500000, 19531.25, 15552, -16.70, -17.35, -17.73, -17.10, -15.13, -13.98, -13.98, -15.20, -17.56, -22.04, -27.09, -28.74, -29.29, -29.63, -29.78, -29.90, -29.91, -29.95, -29.92, -29.87, -29.81, -29.65, -29.18, -28.65, -27.89, -27.26, -27.10, -27.42, -27.98, -28.48, -28.70, -28.63, -28.48, -28.36, -28.14, -27.94, -27.74, -27.52, -27.28, -27.05, -26.78, -26.49, -26.19, -25.84, -25.43, -25.01, -24.61, -24.27, -23.93, -23.52, -23.11, -22.61, -22.04, -21.41, -20.75, -20.00, -19.17, -18.24, -17.17, -15.86, -14.24, -11.30, -6.09, -0.32, 5.13, 5.13, 6.77, 6.85, 5.71, 3.42, -0.47, -7.01, -11.90, -14.21, -15.81, -17.10, -18.16, -19.12, -19.94, -20.69, -21.36, -21.99, -22.55, -23.05, -23.52, -23.89, -24.26, -24.59, -24.96, -25.37, -25.80, -26.16, -26.49, -26.77, -27.02, -27.31, -27.52, -27.75, -27.94, -28.13, -28.31, -28.49, -28.61, -28.68, -28.45, -28.12, -27.71, -27.18, -27.29, -27.79, -28.58, -29.34, -29.79, -29.93, -30.01, -30.07, -30.05, -30.14, -30.13, -30.06, -29.98, -29.75, -29.33, -27.55, -23.31, -20.20, -18.40, -16.81, -16.81
2026-10-01, 21:48:55, 88000000, 90500000, 19531.25, 15680, -16.86, -17.60, -17.68, -16.70, -15.05, -14.12, -14.16, -15.39, -17.59, -20.97, -27.00, -28.69, -29.30, -29.59, -29.71, -29.86, -29.85, -29.88, -29.84, -29.77, -29.75, -29.62, -29.08, -28.44, -27.74, -27.23, -27.23, -27.49, -28.00, -28.39, -28.63, -28.55, -28.43, -28.28, -28.08, -27.88, -27.68, -27.45, -27.22, -26.97, -26.73, -26.45, -26.13, -25.75, -25.34, -24.95, -24.55, -24.21, -23.86, -23.48, -23.01, -22.52, -21.96, -21.35, -20.68, -19.93, -19.10, -18.17, -17.10, -15.85, -14.25, -12.05, -7.51, -0.18, 5.42, 5.42, 6.66, 6.62, 5.48, 3.31, 0.23, -6.32, -11.73, -14.08, -15.70, -17.00, -18.08, -19.02, -19.87, -20.60, -21.30, -21.91, -22.47, -23.00, -23.45, -23.83, -24.18, -24.53, -24.89, -25.35, -25.74, -26.08, -26.43, -26.69, -26.96, -27.24, -27.45, -27.68, -27.87, -28.07, -28.23, -28.40, -28.57, -28.66, -28.41, -28.03, -27.55, -27.26, -27.30, -27.84, -28.52, -29.14, -29.72, -29.88, -29.92, -29.99, -30.01, -30.08, -30.08, -29.99, -29.94, -29.75, -29.40, -28.38, -23.76, -19.83, -17.97, -16.81, -16.81
2026-10-01, 21:48:56, 88000000, 90500000, 19531.25, 15680, -17.53, -17.86, -17.31, -16.25, -15.33, -14.83, -14.92, -15.54, -16.63, -19.09, -23.26, -27.70, -29.05, -29.46, -29.70, -29.84, -29.90, -29.90, -29.92, -29.85, -29.76, -29.59, -28.99, -28.41, -27.80, -27.50, -27.54, -27.70, -27.89, -28.19, -28.52, -28.62, -28.46, -28.33, -28.15, -27.91, -27.72, -27.51, -27.26, -27.03, -26.76, -26.47, -26.17, -25.80, -25.37, -24.98, -24.63, -24.26, -23.92, -23.49, -23.03, -22.54, -21.97, -21.36, -20.65, -19.90, -19.05, -18.09, -16.95, -15.59, -13.77, -10.64, -4.32, 1.06, 5.42, 5.42, 6.00, 5.78, 4.96, 3.78, 1.44, -2.29, -8.39, -13.14, -15.22, -16.68, -17.88, -18.88, -19.76, -20.56, -21.23, -21.90, -22.47, -22.97, -23.44, -23.83, -24.23, -24.58, -24.97, -25.35, -25.74, -26.12, -26.45, -26.74, -27.01, -27.29, -27.50, -27.75, -27.96, -28.11, -28.30, -28.46, -28.60, -28.60, -28.29, -27.91, -27.59, -27.49, -27.65, -28.05, -28.50, -29.04, -29.53, -29.85, -29.96, -30.03, -30.04, -30.09, -30.09, -30.00, -29.93, -29.66, -29.11, -26.69, -22.09, -19.15, -17.64, -17.20, -17.20
2026-10-01, 21:48:57, 88000000, 90500000, 19531.25, 15616, -17.20, -17.96, -17.73, -16.27, -14.95, -14.48, -14.79, -15.70, -17.09, -19.68, -23.95, -28.10, -29.12, -29.54, -29.69, -29.82, -29.88, -29.89, -29.88, -29.80, -29.71, -29.56, -29.07, -28.35, -27.67, -27.28, -27.42, -27.63, -27.97, -28.29, -28.53, -28.57, -28.42, -28.28, -28.04, -27.90, -27.69, -27.43, -27.20, -26.96, -26.70, -26.39, -26.08, -25.74, -25.30, -24.91, -24.56, -24.18, -23.83, -23.43, -22.97, -22.47, -21.91, -21.30, -20.61, -19.85, -19.02, -18.06, -16.96, -15.63, -13.92, -10.99, -5.45, -0.03, 5.65, 5.65, 6.40, 6.12, 4.94, 3.35, 1.09, -3.19, -9.67, -13.45, -15.41, -16.81, -17.95, -18.94, -19.80, -20.55, -21.25, -21.88, -22.45, -22.96, -23.42, -23.81, -24.16, -24.53, -24.93, -25.31, -25.72, -26.05, -26.41, -26.68, -26.98, -27.22, -27.44, -27.68, -27.88, -28.04, -28.27, -28.41, -28.55, -28.59, -28.38, -27.92, -27.49, -27.32, -27.49, -28.00, -28.51, -28.98, -29.50, -29.83, -29.90, -29.95, -29.98, -30.03, -30.05, -29.97, -29.91, -29.68, -29.21, -27.11, -23.08, -19.67, -17.57, -16.79, -16.79
2026-10-01, 21:48:58, 88000000, 90500000, 19531.25, 15680, -16.87, -17.70, -17.82, -16.61, -15.07, -14.14, -14.37, -15.74, -17.39, -20.30, -25.74, -28.52, -29.27, -29.62, -29.81, -29.88, -29.95, -29.89, -29.88, -29.87, -29.81, -29.65, -29.14, -28.50, -27.78, -27.30, -27.25, -27.73, -28.08, -28.36, -28.65, -28.62, -28.47, -28.35, -28.12, -27.96, -27.73, -27.52, -27.29, -27.02, -26.76, -26.48, -26.15, -25.82, -25.41, -24.98, -24.61, -24.27, -23.94, -23.53, -23.07, -22.58, -22.01, -21.39, -20.72, -19.97, -19.14, -18.19, -17.10, -15.80, -14.17, -11.59, -6.06, -0.13, 5.51, 5.51, 6.59, 6.54, 5.17, 3.10, 0.72, -4.68, -10.99, -13.92, -15.62, -17.00, -18.08, -19.04, -19.89, -20.65, -21.33, -21.94, -22.52, -23.04, -23.48, -23.88, -24.24, -24.60, -24.96, -25.39, -25.78, -26.13, -26.48, -26.76, -27.02, -27.28, -27.51, -27.74, -27.94, -28.12, -28.32, -28.44, -28.61, -28.67, -28.47, -28.09, -27.51, -27.26, -27.42, -27.88, -28.59, -29.12, -29.69, -29.88, -29.98, -29.99, -30.02, -30.08, -30.10, -29.99, -29.94, -29.72, -29.27, -27.69, -23.35, -19.86, -17.88, -16.85, -16.85
2026-10-01, 21:48:59, 88000000, 90500000, 19531.25, 15680, -17.36, -18.04, -17.53, -16.23, -15.05, -14.65, -14.90, -15.33, -16.68, -19.95, -25.23, -28.27, -29.18, -29.53, -29.74, -29.85, -29.86, -29.91, -29.88, -29.83, -29.77, -29.55, -29.10, -28.33, -27.74, -27.41, -27.46, -27.63, -27.88, -28.26, -28.58, -28.60, -28.45, -28.28, -28.10, -27.88, -27.66, -27.48, -27.25, -26.98, -26.72, -26.44, -26.12, -25.75, -25.34, -24.93, -24.59, -24.24, -23.85, -23.45, -23.00, -22.51, -21.94, -21.31, -20.63, -19.89, -19.04, -18.09, -16.98, -15.64, -13.90, -10.47, -5.52, -0.20, 5.60, 5.60, 6.29, 5.92, 5.10, 3.82, 1.29, -4.28, -10.69, -13.68, -15.50, -16.87, -18.00, -18.96, -19.83, -20.60, -21.26, -21.90, -22.47, -22.98, -23.42, -23.81, -24.20, -24.59, -24.95, -25.36, -25.69, -26.08, -26.44, -26.70, -26.98, -27.26, -27.45, -27.71, -27.87, -28.08, -28.22, -28.42, -28.56, -28.65, -28.43, -27.96, -27.48, -27.35, -27.57, -27.97, -28.41, -28.99, -29.60, -29.88, -29.91, -29.98, -29.99, -30.03, -30.06, -29.97, -29.91, -29.69, -29.16, -27.14, -23.11, -19.62, -17.59, -16.88, -16.88
2026-10-01, 21:49:00, 88000000, 90500000, 19531.25, 15680, -17.17, -17.82, -17.70, -16.34, -15.12, -14.46, -14.61, -15.64, -17.06, -19.54, -24.77, -28.25, -29.12, -29.49, -29.69, -29.81, -29.85, -29.87, -29.85, -29.80, -29.75, -29.54, -29.15, -28.40, -27.73, -27.30, -27.35, -27.62, -27.98, -28.23, -28.51, -28.54, -28.41, -28.26, -28.09, -27.90, -27.66, -27.45, -27.18, -26.95, -26.70, -26.40, -26.10, -25.72, -25.31, -24.93, -24.56, -24.19, -23.87, -23.42, -22.97, -22.50, -21.92, -21.31, -20.63, -19.86, -19.02, -18.07, -16.98, -15.63, -13.91, -10.88, -5.21, -0.19, 5.55, 5.55, 6.37, 6.16, 5.12, 3.40, 1.08, -3.43, -10.17, -13.55, -15.41, -16.82, -17.95, -18.94, -19.78, -20.56, -21.25, -21.86, -22.44, -22.95, -23.40, -23.79, -24.17, -24.55, -24.93, -25.29, -25.71, -26.05, -26.40, -26.70, -26.96, -27.23, -27.45, -27.69, -27.87, -28.09, -28.21, -28.43, -28.54, -28.59, -28.34, -27.89, -27.51, -27.39, -27.47, -27.95, -28.47, -29.04, -29.60, -29.86, -29.94, -30.00, -30.00, -30.08, -30.08, -29.99, -29.92, -29.71, -29.23, -27.19, -23.14, -19.67, -17.64, -16.97, -16.97
2026-10-01, 21:49:01, 88000000, 90500000, 19531.25, 15488, -17.08, -17.32, -17.55, -16.71, -15.53, -14.47, -14.23, -15.29, -16.80, -20.68, -25.76, -28.24, -29.21, -29.57, -29.76, -29.85, -29.87, -29.91, -29.87, -29.84, -29.76, -29.45, -28.99, -28.50, -27.87, -27.49, -27.28, -27.58, -27.84, -28.33, -28.62, -28.61, -28.44, -28.29, -28.07, -27.89, -27.71, -27.45, -27.25, -26.98, -26.73, -26.44, -26.11, -25.75, -25.36, -24.98, -24.63, -24.21, -23.85, -23.45, -23.01, -22.52, -21.95, -21.34, -20.65, -19.88, -19.04, -18.08, -16.94, -15.57, -13.77, -10.32, -3.45, 0.41, 5.14, 5.14, 6.14, 6.42, 5.50, 3.80, 0.63, -5.13, -10.13, -13.79, -15.52, -16.87, -17.99, -18.97, -19.81, -20.58, -21.26, -21.88, -22.47, -22.96, -23.43, -23.83, -24.18, -24.57, -24.93, -25.33, -25.73, -26.08, -26.41, -26.71, -26.96, -27.25, -27.45, -27.72, -27.87, -28.10, -28.26, -28.41, -28.57, -28.54, -28.40, -28.05, -27.66, -27.39, -27.38, -27.78, -28.43, -29.12, -29.63, -29.84, -29.93, -29.95, -30.01, -30.07, -30.07, -29.99, -29.89, -29.68, -29.09, -26.01, -22.06, -19.80, -18.10, -17.31, -17.31
2026-10-01, 21:49:02, 88000000, 90500000, 19531.25, 15552, -16.84, -17.44, -17.75, -16.78, -15.32, -14.13, -14.16, -15.43, -17.26, -20.95, -26.22, -28.52, -29.23, -29.55, -29.73, -29.82, -29.87, -29.86, -29.87, -29.82, -29.75, -29.54, -29.11, -28.56, -27.83, -27.32, -27.25, -27.52, -27.94, -28.38, -28.61, -28.61, -28.46, -28.29, -28.10, -27.91, -27.68, -27.49, -27.25, -26.99, -26.76, -26.44, -26.12, -25.78, -25.37, -24.98, -24.59, -24.20, -23.90, -23.47, -23.04, -22.53, -21.98, -21.35, -20.69, -19.92, -19.07, -18.15, -17.05, -15.70, -13.99, -10.86, -4.83, -0.31, 5.15, 5.15, 6.54, 6.58, 5.47, 3.47, 0.39, -5.45, -11.27, -13.98, -15.64, -16.98, -18.07, -19.02, -19.86, -20.64, -21.31, -21.92, -22.50, -23.00, -23.47, -23.84, -24.23, -24.57, -24.93, -25.34, -25.74, -26.11, -26.43, -26.74, -27.00, -27.26, -27.46, -27.71, -27.90, -28.10, -28.25, -28.43, -28.60, -28.65, -28.44, -28.05, -27.67, -27.28, -27.34, -27.85, -28.46, -29.18, -29.70, -29.86, -29.94, -30.00, -30.02, -30.10, -30.10, -29.98, -29.94, -29.74, -29.17, -26.75, -23.10, -20.02, -18.15, -17.06, -17.06
2026-10-01, 21:49:03, 88000000, 90500000, 19531.25, 15552, -17.03, -17.66, -17.74, -16.67, -15.25, -14.37, -14.49, -15.47, -17.01, -19.88, -25.16, -28.34, -29.22, -29.59, -29.82, -29.89, -29.95, -29.96, -29.91, -29.90, -29.78, -29.57, -29.16, -28.53, -27.88, -27.39, -27.35, -27.65, -28.01, -28.33, -28.62, -28.63, -28.49, -28.35, -28.17, -27.96, -27.77, -27.51, -27.29, -27.05, -26.78, -26.49, -26.18, -25.82, -25.40, -25.03, -24.64, -24.27, -23.92, -23.52, -23.05, -22.56, -22.00, -21.38, -20.70, -19.93, -19.10, -18.15, -17.02, -15.67, -13.79, -9.93, -4.46, -0.05, 5.23, 5.23, 6.41, 6.29, 5.28, 3.52, 1.03, -3.98, -10.40, -13.70, -15.48, -16.88, -18.00, -18.98, -19.83, -20.62, -21.30, -21.91, -22.48, -23.01, -23.46, -23.85, -24.24, -24.59, -24.97, -25.37, -25.74, -26.11, -26.46, -26.74, -27.01, -27.27, -27.50, -27.73, -27.94, -28.11, -28.29, -28.47, -28.60, -28.63, -28.40, -28.05, -27.68, -27.33, -27.45, -27.93, -28.47, -29.04, -29.62, -29.87, -29.95, -29.99, -30.03, -30.07, -30.09, -30.00, -29.91, -29.69, -29.04, -26.27, -22.81, -19.90, -18.06, -17.05, -17.05
2026-10-01, 21:49:04, 88000000, 90500000, 19531.25, 16192, -17.10, -17.82, -17.63, -16.45, -15.17, -14.37, -14.53, -15.34, -17.26, -20.40, -25.18, -28.33, -29.21, -29.56, -29.77, -29.86, -29.91, -29.95, -29.87, -29.85, -29.75, -29.58, -29.12, -28.47, -27.78, -27.35, -27.35, -27.63, -28.00, -28.38, -28.66, -28.66, -28.49, -28.35, -28.15, -27.92, -27.74, -27.51, -27.30, -27.04, -26.77, -26.48, -26.17, -25.81, -25.43, -25.01, -24.66, -24.27, -23.93, -23.54, -23.07, -22.57, -22.02, -21.39, -20.71, -19.97, -19.12, -18.20, -17.09, -15.79, -14.07, -11.14, -5.62, -0.20, 5.48, 5.48, 6.44, 6.28, 5.32, 3.41, 0.58, -4.25, -10.58, -13.80, -15.61, -16.95, -18.08, -19.03, -19.89, -20.66, -21.32, -21.97, -22.50, -23.05, -23.48, -23.87, -24.24, -24.60, -24.99, -25.40, -25.78, -26.15, -26.48, -26.77, -27.03, -27.28, -27.51, -27.76, -27.94, -28.11, -28.31, -28.47, -28.62, -28.64, -28.49, -28.01, -27.55, -27.35, -27.46, -27.92, -28.55, -29.18, -29.66, -29.89, -29.97, -30.01, -30.07, -30.10, -30.13, -30.03, -29.95, -29.76, -29.26, -27.28, -23.28, -19.82, -17.73, -16.96, -16.96
2026-10-01, 21:49:05, 88000000, 90500000, 19531.25, 15680, -17.17, -17.37, -17.28, -16.71, -15.85, -14.66, -14.41, -15.06, -16.80, -20.18, -25.01, -28.42, -29.21, -29.59, -29.76, -29.86, -29.90, -29.91, -29.91, -29.85, -29.77, -29.45, -28.99, -28.49, -28.06, -27.66, -27.30, -27.48, -27.85, -28.34, -28.63, -28.59, -28.48, -28.32, -28.12, -27.92, -27.70, -27.51, -27.25, -27.02, -26.77, -26.45, -26.13, -25.75, -25.39, -25.02, -24.59, -24.25, -23.87, -23.49, -23.03, -22.54, -21.94, -21.32, -20.63, -19.85, -19.01, -18.00, -16.85, -15.36, -13.19, -8.28, -2.69, 0.71, 4.78, 4.78, 5.76, 6.32, 5.49, 3.96, 0.93, -4.18, -10.58, -13.79, -15.52, -16.89, -18.02, -18.97, -19.84, -20.60, -21.29, -21.89, -22.48, -22.99, -23.46, -23.84, -24.23, -24.60, -24.97, -25.34, -25.74, -26.13, -26.44, -26.73, -27.00, -27.28, -27.49, -27.70, -27.91, -28.09, -28.28, -28.42, -28.54, -28.54, -28.35, -28.00, -27.74, -27.53, -27.46, -27.89, -28.37, -29.09, -29.62, -29.89, -29.94, -30.01, -30.02, -30.05, -30.06, -29.98, -29.88, -29.60, -28.50, -24.87, -21.72, -19.45, -18.20, -17.66, -17.66
2026-10-01, 21:49:06, 88000000, 90500000, 19531.25, 15680, -17.13, -17.64, -17.41, -16.61, -15.35, -14.51, -14.42, -15.18, -17.12, -20.83, -25.91, -28.53, -29.24, -29.56, -29.76, -29.86, -29.91, -29.91, -29.87, -29.88, -29.78, -29.56, -29.10, -28.42, -27.85, -27.42, -27.32, -27.54, -27.91, -28.38, -28.63, -28.64, -28.47, -28.30, -28.13, -27.89, -27.72, -27.47, -27.27, -27.00, -26.74, -26.43, -26.13, -25.77, -25.36, -24.98, -24.62, -24.23, -23.87, -23.47, -23.03, -22.52, -21.96, -21.33, -20.66, -19.90, -19.06, -18.08, -16.98, -15.61, -13.87, -10.40, -4.64, 0.19, 5.16, 5.16, 6.23, 6.35, 5.46, 3.68, 0.48, -5.18, -11.02, -13.92, -15.62, -16.98, -18.07, -19.03, -19.88, -20.62, -21.30, -21.95, -22.51, -23.02, -23.48, -23.85, -24.26, -24.61, -24.97, -25.34, -25.75, -26.13, -26.45, -26.75, -27.02, -27.30, -27.51, -27.74, -27.91, -28.13, -28.27, -28.43, -28.59, -28.63, -28.39, -28.01, -27.67, -27.42, -27.38, -27.85, -28.46, -29.14, -29.69, -29.85, -29.94, -30.00, -30.05, -30.06, -30.11, -30.03, -29.96, -29.72, -29.19, -26.43, -22.90, -19.60, -17.98, -17.10, -17.10
2026-10-01, 21:49:07, 88000000, 90500000, 19531.25, 15616, -17.04, -17.85, -17.76, -16.57, -15.03, -14.33, -14.57, -15.43, -17.11, -20.54, -25.62, -28.20, -29.25, -29.59, -29.76, -29.86, -29.92, -29.92, -29.90, -29.87, -29.79, -29.63, -29.17, -28.52, -27.80, -27.32, -27.30, -27.63, -27.96, -28.37, -28.60, -28.61, -28.47, -28.31, -28.12, -27.95, -27.73, -27.54, -27.29, -27.02, -26.78, -26.47, -26.16, -25.81, -25.41, -25.00, -24.63, -24.25, -23.91, -23.51, -23.08, -22.57, -21.99, -21.39, -20.71, -19.96, -19.13, -18.18, -17.07, -15.76, -14.05, -10.88, -5.69, -0.29, 5.52, 5.52, 6.53, 6.36, 5.15, 3.56, 0.54, -4.67, -10.41, -13.76, -15.63, -16.95, -18.09, -19.04, -19.88, -20.64, -21.33, -21.94, -22.51, -23.03, -23.50, -23.89, -24.24, -24.58, -24.97, -25.37, -25.77, -26.12, -26.46, -26.77, -27.03, -27.28, -27.48, -27.73, -27.94, -28.12, -28.29, -28.44, -28.58, -28.68, -28.44, -28.03, -27.54, -27.30, -27.45, -27.97, -28.52, -29.13, -29.70, -29.88, -29.96, -30.01, -30.04, -30.12, -30.12, -30.04, -29.98, -29.75, -29.30, -27.11, -23.23, -20.04, -17.88, -16.78, -16.78
2026-10-01, 21:49:08, 88000000, 90500000, 19531.25, 15552, -17.44, -17.73, -17.23, -16.46, -15.34, -14.76, -14.69, -15.38, -16.89, -19.56, -25.45, -28.34, -29.21, -29.55, -29.78, -29.86, -29.90, -29.91, -29.88, -29.88, -29.78, -29.59, -29.00, -28.36, -27.79, -27.54, -27.46, -27.57, -27.92, -28.26, -28.57, -28.62, -28.46, -28.29, -28.10, -27.89, -27.70, -27.49, -27.27, -27.00, -26.72, -26.44, -26.12, -25.73, -25.36, -24.95, -24.61, -24.22, -23.89, -23.43, -22.99, -22.52, -21.94, -21.32, -20.63, -19.86, -19.00, -18.05, -16.93, -15.58, -13.85, -10.92, -4.90, 0.95, 5.30, 5.30, 6.05, 5.97, 5.30, 3.64, 1.28, -4.01, -10.66, -13.73, -15.51, -16.87, -18.01, -18.98, -19.83, -20.59, -21.27, -21.91, -22.49, -22.99, -23.45, -23.83, -24.21, -24.57, -24.96, -25.34, -25.72, -26.08, -26.45, -26.72, -27.00, -27.27, -27.48, -27.71, -27.92, -28.10, -28.27, -28.47, -28.58, -28.60, -28.27, -27.98, -27.60, -27.46, -27.57, -27.85, -28.44, -29.01, -29.63, -29.86, -29.91, -29.98, -30.00, -30.06, -30.06, -29.97, -29.91, -29.67, -29.17, -27.02, -22.41, -19.12, -17.83, -17.20, -17.20
2026-10-01, 21:49:09, 88000000, 90500000, 19531.25, 15616, -17.00, -17.58, -17.65, -16.70, -15.23, -14.29, -14.27, -15.36, -17.49, -20.88, -25.88, -28.55, -29.26, -29.57, -29.77, -29.87, -29.89, -29.93, -29.90, -29.84, -29.79, -29.61, -29.14, -28.45, -27.85, -27.34, -27.30, -27.53, -28.03, -28.38, -28.63, -28.62, -28.47, -28.30, -28.12, -27.95, -27.71, -27.50, -27.26, -27.02, -26.73, -26.47, -26.16, -25.78, -25.40, -25.00, -24.60, -24.26, -23.88, -23.49, -23.06, -22.57, -21.98, -21.38, -20.70, -19.95, -19.11, -18.17, -17.09, -15.76, -13.99, -10.95, -5.91, -0.03, 5.25, 5.25, 6.48, 6.49, 5.46, 3.31, 0.36, -5.30, -11.19, -13.96, -15.66, -16.98, -18.08, -19.04, -19.89, -20.64, -21.30, -21.95, -22.53, -23.03, -23.48, -23.86, -24.22, -24.58, -24.97, -25.36, -25.76, -26.13, -26.46, -26.76, -27.01, -27.27, -27.49, -27.72, -27.93, -28.13, -28.27, -28.46, -28.61, -28.68, -28.42, -28.08, -27.64, -27.26, -27.36, -27.86, -28.55, -29.18, -29.69, -29.89, -29.94, -30.02, -30.04, -30.08, -30.09, -30.05, -29.96, -29.71, -29.21, -27.36, -23.22, -19.85, -18.00, -16.96, -16.96
2026-10-01, 21:49:10, 88000000, 90500000, 19531.25, 15680, -17.32, -17.49, -17.48, -16.51, -15.45, -14.68, -14.41, -15.28, -17.15, -20.38, -25.08, -28.37, -29.22, -29.57, -29.76, -29.87, -29.91, -29.92, -29.89, -29.84, -29.75, -29.50, -29.03, -28.45, -27.86, -27.54, -27.38, -27.54, -27.95, -28.38, -28.58, -28.63, -28.47, -28.28, -28.12, -27.90, -27.71, -27.47, -27.28, -27.01, -26.76, -26.45, -26.15, -25.77, -25.38, -24.98, -24.61, -24.27, -23.89, -23.49, -23.04, -22.54, -21.97, -21.33, -20.67, -19.90, -19.05, -18.09, -16.97, -15.61, -13.73, -10.33, -4.24, 0.60, 5.28, 5.28, 6.06, 6.18, 5.47, 3.61, 0.57, -4.09, -10.54, -13.72, -15.55, -16.90, -18.06, -18.99, -19.86, -20.61, -21.30, -21.92, -22.51, -22.99, -23.46, -23.87, -24.23, -24.62, -24.99, -25.38, -25.75, -26.12, -26.47, -26.75, -27.04, -27.29, -27.51, -27.74, -27.93, -28.11, -28.29, -28.44, -28.60, -28.63, -28.37, -28.04, -27.59, -27.46, -27.49, -27.83, -28.50, -29.14, -29.64, -29.93, -29.98, -29.99, -30.06, -30.06, -30.12, -30.02, -29.94, -29.70, -29.10, -26.32, -22.27, -19.69, -17.79, -17.28, -17.28
2026-10-01, 21:49:11, 88000000, 90500000, 19531.25, 15552, -17.51, -17.53, -17.17, -16.55, -15.67, -14.92, -14.80, -15.28, -16.53, -19.42, -24.90, -28.28, -29.19, -29.59, -29.75, -29.89, -29.94, -29.95, -29.90, -29.89, -29.80, -29.51, -28.96, -28.43, -27.94, -27.64, -27.51, -27.67, -27.88, -28.26, -28.61, -28.68, -28.49, -28.38, -28.19, -27.96, -27.75, -27.54, -27.32, -27.06, -26.82, -26.52, -26.18, -25.79, -25.44, -25.06, -24.66, -24.31, -23.92, -23.51, -23.07, -22.56, -22.00, -21.38, -20.66, -19.91, -19.05, -18.05, -16.91, -15.47, -13.57, -9.86, -3.27, 1.37, 4.91, 4.91, 5.74, 5.93, 5.20, 3.91, 1.61, -3.71, -10.35, -13.64, -15.46, -16.87, -18.01, -19.00, -19.86, -20.62, -21.33, -21.96, -22.53, -23.03, -23.51, -23.90, -24.28, -24.66, -24.99, -25.42, -25.75, -26.15, -26.49, -26.79, -27.06, -27.32, -27.55, -27.76, -27.98, -28.17, -28.33, -28.50, -28.63, -28.60, -28.28, -28.03, -27.83, -27.61, -27.58, -27.99, -28.42, -29.01, -29.66, -29.95, -29.99, -30.04, -30.08, -30.13, -30.12, -30.03, -29.94, -29.62, -28.73, -26.22, -21.32, -19.09, -18.08, -17.52, -17.52
2026-10-01, 21:49:12, 88000000, 90500000, 19531.25, 15616, -17.42, -17.65, -17.30, -16.61, -15.50, -14.71, -14.73, -15.54, -16.81, -19.50, -24.55, -28.08, -29.13, -29.58, -29.75, -29.88, -29.95, -29.95, -29.93, -29.89, -29.77, -29.56, -29.02, -28.45, -27.90, -27.53, -27.51, -27.77, -27.98, -28.34, -28.59, -28.65, -28.51, -28.36, -28.19, -27.98, -27.74, -27.56, -27.32, -27.09, -26.78, -26.50, -26.18, -25.83, -25.45, -25.07, -24.66, -24.30, -23.95, -23.53, -23.07, -22.58, -22.00, -21.38, -20.70, -19.92, -19.06, -18.11, -16.96, -15.58, -13.79, -10.67, -3.93, 0.95, 5.13, 5.13, 6.02, 5.99, 5.10, 3.70, 1.20, -3.31, -9.98, -13.62, -15.51, -16.92, -18.06, -19.03, -19.88, -20.66, -21.35, -21.98, -22.55, -23.08, -23.52, -23.94, -24.30, -24.63, -25.07, -25.42, -25.83, -26.16, -26.53, -26.81, -27.08, -27.34, -27.55, -27.81, -28.00, -28.17, -28.34, -28.51, -28.66, -28.67, -28.34, -28.05, -27.71, -27.52, -27.62, -28.00, -28.46, -29.10, -29.67, -29.97, -30.04, -30.06, -30.08, -30.15, -30.14, -30.07, -30.00, -29.74, -29.19, -26.75, -21.93, -19.12, -18.03, -17.35, -17.35
2026-10-01, 21:49:13, 88000000, 90500000, 19531.25, 15616, -17.56, -17.75, -17.18, -16.37, -15.64, -14.90, -14.82, -15.29, -16.57, -19.58, -24.71, -28.20, -29.19, -29.61, -29.80, -29.90, -29.92, -29.94, -29.93, -29.89, -29.85, -29.59, -28.97, -28.40, -27.94, -27.53, -27.59, -27.67, -27.97, -28.28, -28.63, -28.68, -28.52, -28.39, -28.19, -28.00, -27.78, -27.56, -27.32, -27.07, -26.80, -26.53, -26.21, -25.84, -25.45, -25.08, -24.70, -24.31, -23.93, -23.54, -23.11, -22.58, -22.04, -21.40, -20.73, -19.95, -19.11, -18.16, -17.01, -15.67, -13.88, -10.79, -4.41, 1.18, 5.01, 5.01, 5.86, 5.87, 5.21, 3.84, 1.44, -3.60, -9.89, -13.53, -15.46, -16.86, -18.02, -19.00, -19.87, -20.65, -21.32, -21.96, -22.53, -23.05, -23.51, -23.89, -24.27, -24.64, -25.05, -25.40, -25.79, -26.14, -26.51, -26.80, -27.05, -27.35, -27.54, -27.78, -28.00, -28.14, -28.35, -28.47, -28.68, -28.62, -28.30, -27.97, -27.80, -27.61, -27.67, -27.92, -28.45, -29.08, -29.64, -29.93, -30.02, -30.04, -30.12, -30.14, -30.12, -30.08, -29.98, -29.72, -29.16, -26.84, -21.92, -19.05, -17.86, -17.51, -17.51
2026-10-01, 21:49:14, 88000000, 90500000, 19531.25, 15552, -17.44, -17.75, -17.29, -16.36, -15.56, -14.80, -14.79, -15.32, -16.74, -19.52, -23.97, -28.12, -29.13, -29.53, -29.77, -29.88, -29.91, -29.92, -29.91, -29.89, -29.79, -29.55, -29.04, -28.38, -27.91, -27.62, -27.44, -27.62, -27.93, -28.25, -28.60, -28.64, -28.50, -28.35, -28.16, -27.93, -27.74, -27.53, -27.30, -27.06, -26.79, -26.49, -26.16, -25.81, -25.41, -25.03, -24.65, -24.28, -23.89, -23.51, -23.04, -22.56, -21.98, -21.36, -20.68, -19.89, -19.05, -18.07, -16.94, -15.57, -13.66, -10.24, -4.13, 0.84, 5.09, 5.09, 5.89, 5.94, 5.26, 3.68, 1.39, -3.23, -9.45, -13.43, -15.39, -16.84, -17.99, -18.97, -19.85, -20.62, -21.31, -21.95, -22.50, -23.05, -23.49, -23.86, -24.25, -24.63, -25.00, -25.41, -25.79, -26.11, -26.48, -26.77, -27.04, -27.33, -27.52, -27.76, -27.94, -28.16, -28.32, -28.48, -28.62, -28.64, -28.38, -27.96, -27.68, -27.51, -27.63, -27.92, -28.51, -29.10, -29.58, -29.91, -29.99, -30.02, -30.07, -30.10, -30.13, -30.03, -29.95, -29.69, -29.04, -26.30, -22.26, -19.22, -17.81, -17.40, -17.40
2026-10-01, 21:49:15, 88000000, 90500000, 19531.25, 15552, -17.13, -17.66, -17.56, -16.47, -15.34, -14.45, -14.41, -15.46, -16.97, -20.13, -25.50, -28.39, -29.23, -29.57, -29.76, -29.91, -29.91, -29.95, -29.92, -29.91, -29.79, -29.68, -29.12, -28.42, -27.87, -27.47, -27.34, -27.61, -28.00, -28.31, -28.63, -28.66, -28.48, -28.34, -28.16, -27.96, -27.76, -27.53, -27.33, -27.04, -26.81, -26.52, -26.18, -25.82, -25.43, -25.02, -24.65, -24.27, -23.93, -23.54, -23.10, -22.59, -22.02, -21.41, -20.72, -19.98, -19.14, -18.19, -17.10, -15.77, -14.06, -11.09, -5.55, 0.27, 5.20, 5.20, 6.22, 6.36, 5.33, 3.56, 1.00, -4.50, -10.84, -13.85, -15.60, -16.95, -18.08, -19.05, -19.90, -20.66, -21.33, -21.95, -22.54, -23.04, -23.50, -23.89, -24.25, -24.62, -24.98, -25.41, -25.79, -26.15, -26.48, -26.78, -27.03, -27.31, -27.49, -27.73, -27.94, -28.15, -28.29, -28.48, -28.63, -28.66, -28.40, -27.99, -27.66, -27.46, -27.44, -27.90, -28.51, -29.13, -29.71, -29.92, -29.98, -30.04, -30.05, -30.12, -30.12, -30.04, -29.98, -29.72, -29.24, -27.21, -22.88, -19.59, -17.88, -17.14, -17.14
2026-10-01, 21:49:16, 88000000, 90500000, 19531.25, 15616, -17.20, -17.76, -17.46, -16.41, -15.26, -14.49, -14.60, -15.49, -16.92, -19.61, -25.18, -28.37, -29.16, -29.49, -29.68, -29.81, -29.83, -29.81, -29.82, -29.79, -29.71, -29.52, -29.01, -28.37, -27.76, -27.44, -27.35, -27.56, -28.00, -28.28, -28.49, -28.55, -28.39, -28.25, -28.05, -27.86, -27.67, -27.44, -27.23, -26.96, -26.69, -26.42, -26.08, -25.73, -25.34, -24.93, -24.57, -24.21, -23.83, -23.45, -22.97, -22.48, -21.93, -21.29, -20.61, -19.86, -19.02, -18.07, -16.97, -15.64, -13.92, -11.10, -5.20, 0.53, 5.35, 5.35, 6.24, 6.19, 5.20, 3.55, 1.15, -3.67, -10.63, -13.64, -15.42, -16.81, -17.94, -18.90, -19.76, -20.55, -21.21, -21.85, -22.43, -22.94, -23.41, -23.80, -24.18, -24.52, -24.91, -25.31, -25.69, -26.04, -26.39, -26.68, -26.96, -27.22, -27.41, -27.68, -27.85, -28.03, -28.22, -28.38, -28.57, -28.58, -28.30, -27.94, -27.56, -27.29, -27.54, -27.88, -28.42, -28.96, -29.60, -29.82, -29.93, -30.00, -30.00, -30.03, -30.05, -29.97, -29.92, -29.70, -29.17, -27.21, -22.72, -19.39, -17.80, -17.10, -17.10
2026-10-01, 21:49:17, 88000000, 90500000, 19531.25, 15296, -17.23, -17.50, -17.19, -16.51, -15.41, -14.53, -14.42, -15.13, -16.89, -20.21, -26.08, -28.47, -29.18, -29.51, -29.73, -29.84, -29.84, -29.86, -29.85, -29.80, -29.73, -29.53, -28.95, -28.36, -27.87, -27.41, -27.34, -27.48, -27.88, -28.28, -28.56, -28.60, -28.42, -28.27, -28.07, -27.91, -27.68, -27.44, -27.22, -26.95, -26.70, -26.41, -26.09, -25.73, -25.35, -24.95, -24.57, -24.20, -23.87, -23.44, -22.99, -22.49, -21.92, -21.31, -20.61, -19.87, -19.02, -18.05, -16.95, -15.61, -13.87, -10.89, -4.80, 0.66, 5.24, 5.24, 6.20, 6.23, 5.55, 3.79, 0.92, -4.96, -10.91, -13.75, -15.50, -16.86, -17.99, -18.96, -19.81, -20.57, -21.25, -21.88, -22.46, -22.96, -23.43, -23.81, -24.20, -24.54, -24.92, -25.28, -25.73, -26.06, -26.42, -26.70, -26.97, -27.24, -27.44, -27.69, -27.87, -28.07, -28.26, -28.41, -28.55, -28.58, -28.35, -27.95, -27.60, -27.39, -27.46, -27.81, -28.39, -29.05, -29.66, -29.82, -29.90, -29.95, -29.99, -30.05, -30.06, -29.98, -29.90, -29.67, -29.17, -27.23, -22.41, -19.24, -17.90, -17.21, -17.21
2026-10-01, 21:49:18, 88000000, 90500000, 19531.25, 15616, -17.19, -17.66, -17.57, -16.35, -15.25, -14.57, -14.61, -15.35, -16.72, -19.86, -25.00, -28.28, -29.13, -29.51, -29.67, -29.79, -29.83, -29.86, -29.84, -29.80, -29.72, -29.47, -29.05, -28.39, -27.79, -27.43, -27.32, -27.60, -27.84, -28.31, -28.52, -28.58, -28.39, -28.25, -28.07, -27.85, -27.68, -27.43, -27.20, -26.97, -26.72, -26.41, -26.10, -25.74, -25.32, -24.94, -24.57, -24.20, -23.85, -23.42, -22.97, -22.49, -21.91, -21.29, -20.62, -19.84, -18.98, -18.01, -16.88, -15.50, -13.65, -9.83, -3.77, 0.40, 5.32, 5.32, 6.22, 6.20, 5.22, 3.79, 1.13, -4.01, -10.30, -13.62, -15.47, -16.85, -17.96, -18.95, -19.80, -20.57, -21.25, -21.87, -22.45, -22.96, -23.42, -23.81, -24.19, -24.53, -24.91, -25.33, -25.71, -26.05, -26.40, -26.73, -26.97, -27.26, -27.43, -27.70, -27.87, -28.08, -28.23, -28.40, -28.55, -28.54, -28.34, -27.94, -27.55, -27.39, -27.52, -27.98, -28.42, -29.00, -29.62, -29.85, -29.94, -30.01, -29.99, -30.05, -30.04, -29.97, -29.89, -29.66, -28.93, -25.89, -22.24, -19.72, -17.77, -17.06, -17.06
2026-10-01, 21:49:19, 88000000, 90500000, 19531.25, 15488, -17.08, -17.44, -17.35, -16.60, -15.22, -14.43, -14.34, -15.15, -16.80, -19.85, -25.27, -28.24, -29.12, -29.50, -29.69, -29.80, -29.81, -29.85, -29.81, -29.78, -29.70, -29.45, -28.95, -28.40, -27.87, -27.37, -27.21, -27.48, -27.79, -28.25, -28.52, -28.54, -28.38, -28.27, -28.05, -27.83, -27.63, -27.43, -27.20, -26.94, -26.67, -26.36, -26.07, -25.69, -25.32, -24.89, -24.53, -24.17, -23.80, -23.39, -22.95, -22.46, -21.90, -21.28, -20.57, -19.84, -18.98, -18.02, -16.88, -15.54, -13.69, -10.09, -3.90, 0.46, 5.17, 5.17, 6.41, 6.42, 5.44, 3.88, 1.03, -4.09, -10.26, -13.53, -15.38, -16.73, -17.89, -18.86, -19.73, -20.50, -21.17, -21.82, -22.39, -22.91, -23.36, -23.76, -24.12, -24.47, -24.85, -25.27, -25.65, -26.00, -26.35, -26.66, -26.90, -27.17, -27.40, -27.63, -27.81, -28.00, -28.21, -28.36, -28.47, -28.47, -28.29, -27.97, -27.55, -27.23, -27.38, -27.83, -28.38, -29.03, -29.59, -29.80, -29.87, -29.91, -29.96, -30.02, -30.00, -29.91, -29.84, -29.62, -28.99, -26.13, -22.36, -19.52, -18.06, -17.01, -17.01
2026-10-01, 21:49:20, 88000000, 90500000, 19531.25, 15360, -16.99, -17.39, -17.18, -16.21, -15.06, -14.34, -14.39, -15.10, -16.71, -19.71, -24.87, -28.04, -28.91, -29.30, -29.47, -29.57, -29.62, -29.61, -29.61, -29.58, -29.51, -29.27, -28.74, -28.15, -27.58, -27.22, -27.16, -27.31, -27.63, -28.05, -28.33, -28.33, -28.18, -28.04, -27.84, -27.62, -27.45, -27.21, -26.98, -26.73, -26.47, -26.16, -25.84, -25.50, -25.07, -24.67, -24.33, -23.94, -23.60, -23.18, -22.72, -22.22, -21.65, -21.01, -20.36, -19.58, -18.72, -17.75, -16.63, -15.26, -13.40, -10.00, -3.72, 0.91, 5.57, 5.57, 6.39, 6.38, 5.54, 3.92, 1.25, -3.80, -10.35, -13.44, -15.24, -16.63, -17.75, -18.73, -19.58, -20.35, -21.04, -21.65, -22.22, -22.75, -23.18, -23.59, -23.95, -24.31, -24.73, -25.08, -25.47, -25.85, -26.19, -26.50, -26.75, -27.01, -27.22, -27.46, -27.69, -27.84, -28.02, -28.20, -28.34, -28.33, -28.06, -27.75, -27.38, -27.21, -27.22, -27.65, -28.22, -28.80, -29.39, -29.63, -29.69, -29.75, -29.78, -29.81, -29.84, -29.76, -29.67, -29.42, -28.78, -26.13, -21.99, -19.20, -17.58, -16.86, -16.86
2026-10-01, 21:49:21, 88000000, 90500000, 19531.25, 15552, -17.28, -17.26, -16.73, -15.89, -15.19, -14.70, -14.53, -14.84, -16.09, -18.71, -24.25, -27.73, -28.74, -29.16, -29.33, -29.47, -29.50, -29.56, -29.54, -29.47, -29.38, -29.04, -28.56, -27.86, -27.58, -27.22, -27.25, -27.23, -27.48, -27.83, -28.15, -28.26, -28.11, -27.95, -27.71, -27.53, -27.32, -27.13, -26.87, -26.62, -26.36, -26.08, -25.72, -25.35, -24.96, -24.62, -24.23, -23.85, -23.46, -23.06, -22.61, -22.10, -21.53, -20.90, -20.19, -19.43, -18.56, -17.58, -16.44, -15.00, -13.04, -9.22, -2.47, 1.48, 5.46, 5.46, 6.13, 5.98, 5.62, 4.35, 2.13, -2.99, -9.38, -13.05, -14.96, -16.38, -17.54, -18.54, -19.40, -20.16, -20.87, -21.49, -22.09, -22.58, -23.04, -23.43, -23.85, -24.20, -24.62, -24.94, -25.35, -25.72, -26.07, -26.36, -26.64, -26.87, -27.10, -27.36, -27.53, -27.72, -27.89, -28.09, -28.19, -28.16, -27.93, -27.50, -27.30, -27.19, -27.33, -27.51, -28.00, -28.53, -29.19, -29.48, -29.55, -29.59, -29.66, -29.70, -29.67, -29.58, -29.48, -29.21, -28.43, -25.10, -21.11, -18.51, -17.40, -17.08, -17.08
2026-10-01, 21:49:22, 88000000, 90500000, 19531.25, 15552, -17.12, -17.29, -16.64, -15.85, -15.17, -14.52, -14.46, -14.73, -16.05, -18.96, -24.14, -27.63, -28.68, -29.07, -29.29, -29.40, -29.45, -29.44, -29.45, -29.40, -29.31, -29.03, -28.52, -27.87, -27.45, -27.16, -27.13, -27.18, -27.41, -27.79, -28.14, -28.15, -28.00, -27.87, -27.67, -27.50, -27.27, -27.04, -26.84, -26.58, -26.32, -26.02, -25.70, -25.34, -24.91, -24.56, -24.19, -23.78, -23.42, -23.03, -22.56, -22.09, -21.50, -20.87, -20.18, -19.40, -18.55, -17.56, -16.43, -15.03, -13.17, -9.32, -2.89, 1.39, 5.61, 5.61, 6.20, 6.19, 5.61, 4.58, 1.90, -3.07, -9.18, -12.95, -14.90, -16.34, -17.49, -18.48, -19.34, -20.13, -20.82, -21.45, -22.02, -22.55, -23.00, -23.37, -23.78, -24.17, -24.53, -24.90, -25.29, -25.68, -26.01, -26.28, -26.56, -26.84, -27.05, -27.28, -27.51, -27.69, -27.84, -28.02, -28.16, -28.12, -27.91, -27.44, -27.23, -27.10, -27.25, -27.49, -27.88, -28.63, -29.18, -29.46, -29.53, -29.59, -29.62, -29.67, -29.66, -29.57, -29.49, -29.21, -28.45, -25.41, -21.45, -18.51, -17.32, -17.04, -17.04
2026-10-01, 21:49:23, 88000000, 90500000, 19531.25, 15616, -16.72, -16.87, -16.70, -15.97, -14.98, -14.12, -13.96, -14.62, -16.26, -19.36, -24.40, -27.71, -28.61, -28.93, -29.13, -29.23, -29.29, -29.30, -29.29, -29.22, -29.14, -28.84, -28.36, -27.79, -27.31, -26.92, -26.80, -26.98, -27.28, -27.70, -27.96, -28.02, -27.83, -27.69, -27.49, -27.29, -27.06, -26.88, -26.62, -26.39, -26.11, -25.82, -25.48, -25.13, -24.72, -24.38, -23.96, -23.61, -23.21, -22.80, -22.36, -21.86, -21.29, -20.65, -19.97, -19.21, -18.35, -17.37, -16.21, -14.80, -12.83, -9.03, -2.72, 1.53, 5.58, 5.58, 6.58, 6.73, 5.93, 4.40, 1.57, -3.29, -9.71, -13.00, -14.81, -16.20, -17.35, -18.33, -19.19, -19.96, -20.64, -21.28, -21.83, -22.35, -22.82, -23.23, -23.59, -23.95, -24.34, -24.72, -25.12, -25.47, -25.84, -26.12, -26.38, -26.65, -26.86, -27.09, -27.29, -27.49, -27.65, -27.85, -27.98, -27.94, -27.70, -27.36, -27.09, -26.86, -26.90, -27.28, -27.84, -28.51, -29.02, -29.29, -29.35, -29.38, -29.43, -29.46, -29.49, -29.38, -29.32, -29.04, -28.35, -25.18, -21.03, -18.75, -17.39, -16.77, -16.77
2026-10-01, 21:49:24, 88000000, 90500000, 19531.25, 15616, -16.56, -17.30, -17.26, -16.36, -14.82, -13.80, -14.05, -15.23, -17.03, -19.91, -25.32, -28.08, -28.87, -29.24, -29.39, -29.47, -29.51, -29.54, -29.50, -29.50, -29.43, -29.29, -28.71, -28.08, -27.46, -26.96, -26.94, -27.21, -27.63, -27.99, -28.24, -28.28, -28.10, -27.91, -27.74, -27.56, -27.37, -27.13, -26.90, -26.63, -26.41, -26.10, -25.79, -25.41, -25.02, -24.63, -24.25, -23.90, -23.54, -23.13, -22.69, -22.19, -21.62, -21.02, -20.34, -19.58, -18.74, -17.81, -16.69, -15.40, -13.75, -10.79, -5.64, 0.70, 5.57, 5.57, 6.96, 6.81, 5.65, 3.66, 0.87, -4.37, -10.59, -13.53, -15.28, -16.63, -17.73, -18.70, -19.54, -20.28, -21.00, -21.59, -22.16, -22.68, -23.14, -23.52, -23.89, -24.26, -24.62, -25.05, -25.45, -25.78, -26.14, -26.41, -26.67, -26.94, -27.17, -27.39, -27.60, -27.78, -27.94, -28.09, -28.26, -28.30, -28.03, -27.73, -27.29, -26.90, -27.06, -27.61, -28.21, -28.82, -29.35, -29.53, -29.66, -29.72, -29.72, -29.78, -29.79, -29.70, -29.64, -29.43, -28.93, -27.28, -22.65, -19.22, -17.71, -16.56, -16.56
2026-10-01, 21:49:25, 88000000, 90500000, 19531.25, 15552, -16.78, -17.32, -17.19, -16.43, -15.13, -14.12, -14.16, -15.22, -16.75, -19.65, -24.93, -28.11, -28.99, -29.33, -29.53, -29.63, -29.69, -29.70, -29.70, -29.64, -29.57, -29.35, -28.81, -28.24, -27.71, -27.22, -27.05, -27.34, -27.74, -28.08, -28.39, -28.39, -28.24, -28.10, -27.89, -27.71, -27.47, -27.28, -27.05, -26.79, -26.52, -26.24, -25.91, -25.52, -25.17, -24.78, -24.36, -24.01, -23.65, -23.24, -22.81, -22.31, -21.73, -21.10, -20.44, -19.67, -18.81, -17.86, -16.73, -15.39, -13.59, -10.11, -4.54, 0.90, 5.35, 5.35, 6.50, 6.69, 5.57, 3.77, 1.29, -3.97, -10.17, -13.45, -15.26, -16.64, -17.76, -18.73, -19.60, -20.36, -21.05, -21.69, -22.25, -22.76, -23.21, -23.62, -23.98, -24.38, -24.70, -25.14, -25.52, -25.85, -26.24, -26.51, -26.78, -27.01, -27.26, -27.51, -27.68, -27.87, -28.06, -28.24, -28.37, -28.39, -28.15, -27.78, -27.43, -27.18, -27.17, -27.66, -28.25, -28.86, -29.44, -29.62, -29.73, -29.80, -29.79, -29.86, -29.86, -29.78, -29.68, -29.46, -28.77, -26.41, -22.31, -19.19, -17.84, -16.93, -16.93
2026-10-01, 21:49:26, 88000000, 90500000, 19531.25, 15616, -17.28, -17.50, -16.93, -16.06, -15.19, -14.60, -14.49, -15.13, -16.33, -19.27, -24.77, -28.06, -28.95, -29.32, -29.53, -29.61, -29.68, -29.71, -29.69, -29.64, -29.57, -29.41, -28.74, -28.18, -27.62, -27.37, -27.20, -27.36, -27.65, -28.02, -28.35, -28.41, -28.25, -28.13, -27.93, -27.71, -27.49, -27.29, -27.06, -26.81, -26.56, -26.25, -25.92, -25.56, -25.19, -24.80, -24.41, -24.05, -23.67, -23.29, -22.83, -22.30, -21.74, -21.12, -20.43, -19.66, -18.81, -17.85, -16.72, -15.36, -13.51, -10.44, -4.54, 1.28, 5.53, 5.53, 6.20, 6.17, 5.42, 4.09, 1.72, -3.57, -10.01, -13.41, -15.24, -16.62, -17.76, -18.74, -19.62, -20.36, -21.08, -21.68, -22.27, -22.80, -23.25, -23.64, -24.03, -24.38, -24.76, -25.15, -25.51, -25.88, -26.25, -26.51, -26.80, -27.08, -27.29, -27.51, -27.71, -27.92, -28.11, -28.24, -28.39, -28.40, -28.09, -27.68, -27.39, -27.28, -27.41, -27.82, -28.24, -28.80, -29.41, -29.68, -29.77, -29.79, -29.82, -29.88, -29.91, -29.78, -29.70, -29.49, -28.92, -26.55, -21.95, -18.74, -17.51, -17.07, -17.07
2026-10-01, 21:49:27, 88000000, 90500000, 19531.25, 15616, -16.89, -17.09, -17.09, -16.48, -15.32, -14.26, -14.02, -14.86, -16.79, -20.27, -25.17, -28.13, -28.96, -29.31, -29.47, -29.58, -29.63, -29.64, -29.64, -29.62, -29.50, -29.24, -28.77, -28.20, -27.66, -27.26, -27.05, -27.24, -27.68, -28.12, -28.39, -28.40, -28.23, -28.09, -27.86, -27.67, -27.49, -27.25, -27.05, -26.76, -26.51, -26.22, -25.90, -25.53, -25.13, -24.74, -24.37, -23.98, -23.62, -23.24, -22.78, -22.29, -21.71, -21.11, -20.41, -19.67, -18.83, -17.86, -16.72, -15.37, -13.45, -9.72, -3.87, 1.02, 5.25, 5.25, 6.33, 6.66, 5.84, 3.97, 0.90, -4.44, -10.35, -13.50, -15.28, -16.64, -17.77, -18.72, -19.57, -20.34, -21.03, -21.67, -22.22, -22.73, -23.20, -23.60, -23.98, -24.30, -24.67, -25.09, -25.49, -25.86, -26.20, -26.49, -26.78, -27.02, -27.23, -27.48, -27.67, -27.86, -28.05, -28.21, -28.35, -28.33, -28.08, -27.80, -27.48, -27.21, -27.18, -27.55, -28.21, -28.90, -29.41, -29.63, -29.71, -29.75, -29.81, -29.85, -29.84, -29.75, -29.68, -29.44, -28.66, -26.05, -21.80, -19.32, -17.88, -17.08, -17.08
2026-10-01, 21:49:28, 88000000, 90500000, 19531.25, 15680, -16.99, -17.09, -17.00, -16.35, -15.42, -14.31, -14.05, -14.79, -16.72, -20.19, -25.05, -28.14, -28.97, -29.30, -29.50, -29.61, -29.67, -29.65, -29.65, -29.64, -29.50, -29.27, -28.76, -28.17, -27.71, -27.23, -27.09, -27.22, -27.64, -28.07, -28.37, -28.36, -28.20, -28.09, -27.86, -27.68, -27.47, -27.24, -27.01, -26.76, -26.50, -26.20, -25.88, -25.52, -25.13, -24.74, -24.37, -23.97, -23.62, -23.24, -22.78, -22.26, -21.70, -21.07, -20.40, -19.65, -18.81, -17.84, -16.71, -15.34, -13.54, -10.32, -3.47, 1.06, 5.22, 5.22, 6.30, 6.53, 5.90, 4.15, 0.77, -4.21, -10.36, -13.51, -15.26, -16.63, -17.76, -18.73, -19.56, -20.33, -21.03, -21.65, -22.23, -22.75, -23.18, -23.60, -23.98, -24.32, -24.69, -25.08, -25.49, -25.86, -26.20, -26.48, -26.76, -27.01, -27.24, -27.50, -27.68, -27.86, -28.02, -28.19, -28.36, -28.36, -28.05, -27.78, -27.44, -27.24, -27.20, -27.61, -28.16, -28.90, -29.39, -29.60, -29.72, -29.74, -29.80, -29.82, -29.83, -29.74, -29.69, -29.42, -28.79, -26.22, -21.74, -19.16, -17.75, -17.19, -17.19
2026-10-01, 21:49:29, 88000000, 90500000, 19531.25, 15616, -17.08, -17.36, -17.00, -16.23, -15.18, -14.42, -14.18, -14.95, -16.55, -20.03, -25.72, -28.26, -28.94, -29.29, -29.49, -29.57, -29.62, -29.62, -29.62, -29.61, -29.49, -29.33, -28.78, -28.15, -27.59, -27.21, -27.20, -27.25, -27.66, -28.05, -28.34, -28.35, -28.20, -28.05, -27.85, -27.63, -27.45, -27.21, -26.98, -26.76, -26.46, -26.22, -25.87, -25.50, -25.15, -24.71, -24.34, -24.00, -23.62, -23.20, -22.78, -22.27, -21.71, -21.09, -20.42, -19.64, -18.81, -17.86, -16.75, -15.42, -13.71, -10.97, -5.00, 0.83, 5.47, 5.47, 6.29, 6.43, 5.75, 4.10, 1.18, -4.89, -10.62, -13.47, -15.25, -16.59, -17.73, -18.70, -19.55, -20.30, -20.99, -21.62, -22.21, -22.72, -23.18, -23.57, -23.96, -24.31, -24.66, -25.07, -25.49, -25.85, -26.19, -26.47, -26.74, -27.00, -27.23, -27.46, -27.67, -27.86, -28.02, -28.17, -28.35, -28.37, -28.09, -27.71, -27.39, -27.22, -27.20, -27.57, -28.11, -28.89, -29.44, -29.64, -29.69, -29.75, -29.78, -29.84, -29.83, -29.78, -29.71, -29.49, -28.95, -26.98, -22.51, -19.00, -17.65, -17.00, -17.00
2026-10-01, 21:49:30, 88000000, 90500000, 19531.25, 15616, -16.20, -17.13, -17.94, -16.98, -14.71, -13.43, -13.56, -15.15, -18.43, -21.99, -26.98, -28.55, -29.12, -29.41, -29.55, -29.66, -29.68, -29.67, -29.64, -29.64, -29.57, -29.41, -29.07, -28.40, -27.55, -26.96, -26.79, -27.20, -27.86, -28.33, -28.44, -28.39, -28.22, -28.08, -27.87, -27.68, -27.48, -27.26, -27.04, -26.78, -26.52, -26.24, -25.93, -25.58, -25.17, -24.76, -24.34, -24.01, -23.66, -23.30, -22.84, -22.34, -21.79, -21.17, -20.51, -19.77, -18.94, -18.02, -16.95, -15.70, -14.02, -11.35, -7.09, -1.48, 5.60, 5.60, 7.25, 7.30, 5.94, 3.15, -1.27, -6.57, -11.70, -14.07, -15.63, -16.90, -17.96, -18.89, -19.73, -20.45, -21.13, -21.75, -22.30, -22.83, -23.29, -23.64, -23.97, -24.32, -24.70, -25.14, -25.57, -25.92, -26.24, -26.53, -26.78, -27.06, -27.26, -27.51, -27.68, -27.88, -28.04, -28.23, -28.39, -28.48, -28.34, -27.95, -27.39, -26.86, -26.91, -27.61, -28.45, -29.17, -29.53, -29.68, -29.75, -29.83, -29.87, -29.91, -29.90, -29.83, -29.79, -29.61, -29.07, -27.93, -24.48, -20.64, -18.07, -16.39, -16.39
2026-10-01, 21:49:31, 88000000, 90500000, 19531.25, 15552, -16.63, -17.12, -17.26, -16.24, -15.58, -13.94, -13.56, -15.10, -17.37, -21.64, -26.30, -28.52, -29.13, -29.43, -29.59, -29.67, -29.67, -29.68, -29.67, -29.66, -29.58, -29.45, -28.95, -28.13, -27.70, -27.30, -26.86, -27.22, -27.78, -28.29, -28.46, -28.41, -28.26, -28.08, -27.91, -27.70, -27.51, -27.30, -27.07, -26.80, -26.54, -26.28, -25.95, -25.58, -25.18, -24.80, -24.39, -24.00, -23.67, -23.29, -22.85, -22.34, -21.78, -21.16, -20.50, -19.73, -18.91, -17.96, -16.89, -15.63, -14.00, -11.80, -7.13, -0.24, 5.23, 5.23, 6.43, 7.19, 5.87, 3.73, -0.45, -5.93, -11.35, -13.91, -15.52, -16.82, -17.92, -18.86, -19.69, -20.44, -21.11, -21.75, -22.29, -22.83, -23.26, -23.64, -24.06, -24.36, -24.71, -25.17, -25.55, -25.92, -26.25, -26.53, -26.80, -27.06, -27.27, -27.51, -27.73, -27.91, -28.07, -28.25, -28.43, -28.47, -28.28, -27.73, -27.48, -27.17, -26.94, -27.66, -28.31, -29.05, -29.50, -29.65, -29.75, -29.80, -29.82, -29.88, -29.88, -29.83, -29.74, -29.58, -29.21, -28.18, -23.95, -19.29, -17.52, -17.28, -17.28
2026-10-01, 21:49:32, 88000000, 90500000, 19531.25, 15616, -15.86, -16.59, -18.10, -17.23, -15.09, -13.12, -12.71, -14.93, -19.98, -25.35, -27.89, -28.74, -29.20, -29.43, -29.58, -29.63, -29.64, -29.66, -29.59, -29.57, -29.52, -29.38, -29.15, -28.29, -27.72, -26.86, -26.52, -26.97, -27.97, -28.47, -28.47, -28.37, -28.21, -28.03, -27.83, -27.66, -27.45, -27.21, -27.01, -26.74, -26.48, -26.19, -25.92, -25.54, -25.14, -24.71, -24.33, -23.93, -23.64, -23.30, -22.84, -22.34, -21.76, -21.17, -20.50, -19.78, -18.98, -18.07, -17.06, -15.86, -14.40, -12.53, -9.42, -3.41, 5.09, 5.09, 7.39, 8.00, 6.55, 2.41, -4.01, -9.52, -12.45, -14.30, -15.74, -16.94, -17.96, -18.89, -19.70, -20.43, -21.08, -21.72, -22.25, -22.77, -23.23, -23.60, -23.95, -24.25, -24.61, -25.09, -25.54, -25.89, -26.20, -26.45, -26.73, -26.99, -27.21, -27.43, -27.64, -27.84, -28.01, -28.17, -28.33, -28.45, -28.43, -27.95, -27.49, -26.73, -26.56, -27.32, -28.55, -29.26, -29.52, -29.61, -29.69, -29.75, -29.78, -29.84, -29.81, -29.78, -29.73, -29.57, -29.34, -28.74, -26.81, -21.07, -18.23, -16.65, -16.65
2026-10-01, 21:49:33, 88000000, 90500000, 19531.25, 15488, -15.47, -16.00, -20.34, -18.00, -14.42, -12.75, -11.99, -16.31, -23.09, -26.97, -28.28, -28.90, -29.29, -29.47, -29.57, -29.63, -29.67, -29.68, -29.63, -29.57, -29.53, -29.43, -29.26, -28.81, -27.54, -26.71, -26.14, -27.01, -28.24, -28.55, -28.46, -28.34, -28.18, -28.02, -27.83, -27.63, -27.43, -27.21, -27.00, -26.73, -26.47, -26.19, -25.90, -25.58, -25.17, -24.71, -24.28, -23.89, -23.68, -23.31, -22.86, -22.34, -21.80, -21.21, -20.56, -19.85, -19.06, -18.18, -17.20, -16.07, -14.74, -13.12, -10.98, -7.17, 5.81, 5.81, 7.72, 8.66, 6.58, -0.22, -7.33, -10.75, -12.91, -14.56, -15.91, -17.07, -18.07, -18.94, -19.74, -20.47, -21.13, -21.72, -22.28, -22.79, -23.26, -23.63, -23.93, -24.24, -24.55, -25.13, -25.54, -25.86, -26.19, -26.46, -26.75, -26.98, -27.19, -27.45, -27.62, -27.82, -27.99, -28.16, -28.34, -28.46, -28.56, -28.28, -27.20, -26.58, -26.29, -27.32, -28.98, -29.43, -29.54, -29.62, -29.69, -29.77, -29.83, -29.85, -29.84, -29.82, -29.78, -29.64, -29.43, -29.04, -28.10, -24.81, -18.51, -16.03, -16.03
2026-10-01, 21:49:34, 88000000, 90500000, 19531.25, 15552, -15.14, -16.84, -20.10, -18.34, -13.96, -12.29, -12.89, -16.08, -21.72, -26.59, -28.20, -28.87, -29.25, -29.48, -29.58, -29.65, -29.68, -29.71, -29.63, -29.58, -29.52, -29.44, -29.31, -28.90, -27.61, -26.33, -26.43, -27.07, -28.20, -28.56, -28.51, -28.40, -28.20, -28.04, -27.85, -27.65, -27.46, -27.23, -27.00, -26.76, -26.48, -26.20, -25.93, -25.60, -25.18, -24.67, -24.25, -23.95, -23.69, -23.32, -22.86, -22.34, -21.80, -21.20, -20.52, -19.84, -19.03, -18.16, -17.16, -16.01, -14.67, -12.98, -10.79, -7.09, 5.71, 5.71, 8.46, 8.24, 6.11, 0.71, -6.18, -10.71, -12.97, -14.66, -16.01, -17.15, -18.15, -19.03, -19.82, -20.55, -21.18, -21.80, -22.34, -22.86, -23.33, -23.70, -23.96, -24.25, -24.68, -25.17, -25.59, -25.92, -26.22, -26.53, -26.78, -27.02, -27.27, -27.49, -27.67, -27.88, -28.06, -28.20, -28.39, -28.53, -28.57, -28.40, -27.25, -26.33, -26.48, -27.46, -28.82, -29.40, -29.57, -29.64, -29.73, -29.80, -29.83, -29.87, -29.89, -29.84, -29.81, -29.72, -29.46, -29.10, -28.20, -24.87, -19.00, -15.49, -15.49
2026-10-01, 21:49:35, 88000000, 90500000, 19531.25, 15616, -18.83, -17.89, -16.16, -14.99, -16.18, -16.41, -16.00, -15.59, -14.42, -17.02, -24.44, -27.77, -28.71, -29.15, -29.41, -29.53, -29.66, -29.62, -29.63, -29.58, -29.48, -29.17, -28.39, -27.66, -27.74, -27.86, -27.75, -27.75, -27.39, -27.48, -28.23, -28.34, -28.19, -28.03, -27.84, -27.65, -27.45, -27.20, -26.94, -26.70, -26.45, -26.16, -25.80, -25.41, -25.00, -24.72, -24.36, -23.95, -23.54, -23.07, -22.63, -22.13, -21.56, -20.91, -20.20, -19.42, -18.50, -17.49, -16.27, -14.82, -12.89, -9.60, -2.02, 3.11, 5.05, 5.05, 4.42, 4.45, 4.21, 5.00, 4.28, -2.15, -9.62, -12.80, -14.77, -16.26, -17.48, -18.53, -19.42, -20.21, -20.93, -21.58, -22.15, -22.66, -23.14, -23.53, -23.98, -24.39, -24.75, -25.07, -25.37, -25.81, -26.17, -26.47, -26.75, -27.00, -27.20, -27.49, -27.63, -27.87, -28.03, -28.18, -28.35, -28.25, -27.74, -27.29, -27.52, -27.75, -27.85, -27.99, -27.96, -28.24, -29.29, -29.65, -29.73, -29.74, -29.76, -29.80, -29.86, -29.74, -29.58, -29.31, -28.63, -25.55, -19.85, -17.26, -16.83, -18.36, -18.36
2026-10-01, 21:49:36, 88000000, 90500000, 19531.25, 15552, -18.51, -18.34, -15.96, -15.06, -15.82, -15.87, -15.35, -14.37, -15.03, -19.90, -26.18, -28.29, -28.98, -29.35, -29.54, -29.65, -29.67, -29.70, -29.67, -29.62, -29.57, -29.44, -28.79, -27.69, -27.57, -27.68, -27.70, -27.51, -27.23, -28.02, -28.42, -28.42, -28.23, -28.11, -27.90, -27.71, -27.50, -27.30, -27.07, -26.81, -26.54, -26.24, -25.90, -25.49, -25.12, -24.81, -24.46, -24.05, -23.64, -23.21, -22.81, -22.31, -21.74, -21.10, -20.41, -19.65, -18.79, -17.82, -16.71, -15.36, -13.67, -11.30, -6.30, 1.39, 5.65, 5.65, 4.99, 5.00, 5.14, 5.71, 2.03, -5.38, -11.03, -13.52, -15.21, -16.60, -17.73, -18.72, -19.58, -20.36, -21.04, -21.67, -22.25, -22.75, -23.19, -23.58, -24.04, -24.43, -24.78, -25.10, -25.47, -25.90, -26.23, -26.53, -26.79, -27.06, -27.26, -27.52, -27.70, -27.92, -28.09, -28.27, -28.41, -28.46, -28.08, -27.35, -27.36, -27.69, -27.71, -27.78, -27.75, -28.72, -29.50, -29.65, -29.76, -29.77, -29.84, -29.87, -29.88, -29.82, -29.70, -29.47, -29.04, -27.80, -22.90, -17.60, -16.64, -17.76, -17.76
2026-10-01, 21:49:37, 88000000, 90500000, 19531.25, 15488, -17.38, -17.54, -17.01, -16.03, -15.14, -14.64, -14.52, -15.03, -16.35, -19.70, -24.58, -27.77, -28.89, -29.30, -29.47, -29.61, -29.64, -29.68, -29.67, -29.62, -29.51, -29.31, -28.79, -28.15, -27.59, -27.26, -27.27, -27.39, -27.61, -28.04, -28.36, -28.39, -28.21, -28.06, -27.88, -27.69, -27.48, -27.25, -27.03, -26.78, -26.52, -26.23, -25.89, -25.55, -25.13, -24.74, -24.38, -24.00, -23.61, -23.23, -22.78, -22.29, -21.70, -21.09, -20.41, -19.63, -18.79, -17.82, -16.69, -15.33, -13.51, -10.55, -4.15, 1.00, 5.59, 5.59, 6.32, 6.03, 5.46, 4.22, 1.46, -3.63, -9.81, -13.28, -15.23, -16.62, -17.78, -18.74, -19.59, -20.36, -21.04, -21.70, -22.26, -22.76, -23.24, -23.60, -24.00, -24.39, -24.76, -25.12, -25.48, -25.89, -26.20, -26.52, -26.78, -27.04, -27.25, -27.50, -27.70, -27.88, -28.08, -28.23, -28.40, -28.37, -28.11, -27.74, -27.33, -27.25, -27.38, -27.71, -28.22, -28.82, -29.41, -29.64, -29.76, -29.77, -29.82, -29.88, -29.89, -29.80, -29.70, -29.47, -28.86, -26.51, -22.10, -19.08, -17.41, -16.92, -16.92
2026-10-01, 21:49:38, 88000000, 90500000, 19531.25, 15616, -16.69, -17.43, -17.39, -16.36, -14.97, -13.97, -13.92, -15.00, -16.78, -21.26, -26.64, -28.45, -29.08, -29.44, -29.55, -29.67, -29.72, -29.71, -29.73, -29.70, -29.60, -29.50, -29.05, -28.29, -27.70, -27.11, -26.99, -27.29, -27.73, -28.21, -28.51, -28.46, -28.29, -28.14, -27.93, -27.74, -27.58, -27.33, -27.10, -26.85, -26.61, -26.29, -26.03, -25.63, -25.20, -24.81, -24.44, -24.08, -23.73, -23.34, -22.90, -22.40, -21.83, -21.24, -20.55, -19.81, -19.00, -18.06, -17.01, -15.74, -14.18, -12.02, -7.61, -0.50, 5.48, 5.48, 6.80, 6.86, 5.83, 3.91, 0.59, -6.58, -11.45, -13.86, -15.50, -16.80, -17.90, -18.86, -19.68, -20.45, -21.14, -21.75, -22.31, -22.83, -23.27, -23.68, -24.05, -24.38, -24.76, -25.15, -25.55, -25.94, -26.26, -26.56, -26.83, -27.08, -27.28, -27.53, -27.74, -27.93, -28.10, -28.28, -28.42, -28.53, -28.32, -27.80, -27.42, -27.09, -27.14, -27.58, -28.26, -29.00, -29.56, -29.72, -29.77, -29.81, -29.88, -29.92, -29.90, -29.84, -29.78, -29.59, -29.25, -28.16, -24.22, -19.65, -17.77, -16.68, -16.68
2026-10-01, 21:49:39, 88000000, 90500000, 19531.25, 15552, -16.28, -17.44, -17.47, -16.34, -14.81, -13.55, -13.86, -15.25, -17.41, -22.30, -27.08, -28.53, -29.10, -29.36, -29.52, -29.60, -29.62, -29.65, -29.61, -29.60, -29.50, -29.36, -28.93, -28.17, -27.49, -26.91, -26.83, -27.25, -27.72, -28.17, -28.40, -28.32, -28.14, -28.00, -27.78, -27.60, -27.39, -27.18, -26.95, -26.71, -26.42, -26.15, -25.85, -25.46, -25.10, -24.66, -24.25, -23.94, -23.57, -23.18, -22.76, -22.23, -21.67, -21.07, -20.39, -19.64, -18.82, -17.89, -16.82, -15.57, -14.03, -11.90, -7.90, -0.71, 5.79, 5.79, 7.05, 7.16, 5.67, 3.47, -0.36, -7.31, -11.77, -13.97, -15.53, -16.81, -17.87, -18.81, -19.63, -20.38, -21.05, -21.68, -22.23, -22.73, -23.20, -23.56, -23.93, -24.25, -24.65, -25.06, -25.48, -25.84, -26.13, -26.46, -26.71, -26.95, -27.18, -27.42, -27.63, -27.81, -28.00, -28.16, -28.31, -28.46, -28.20, -27.71, -27.24, -26.92, -26.98, -27.57, -28.26, -28.98, -29.48, -29.60, -29.66, -29.71, -29.75, -29.82, -29.79, -29.72, -29.68, -29.47, -29.12, -28.23, -24.64, -19.56, -17.56, -16.51, -16.51
2026-10-01, 21:49:40, 88000000, 90500000, 19531.25, 15616, -14.47, -17.32, -19.07, -18.02, -15.24, -11.69, -13.36, -16.53, -19.43, -23.66, -27.59, -28.71, -29.18, -29.42, -29.56, -29.63, -29.67, -29.68, -29.64, -29.59, -29.53, -29.43, -29.14, -28.58, -27.94, -26.52, -26.09, -27.48, -28.12, -28.39, -28.48, -28.38, -28.20, -28.07, -27.87, -27.67, -27.46, -27.26, -27.01, -26.77, -26.51, -26.23, -25.94, -25.60, -25.19, -24.77, -24.21, -24.03, -23.71, -23.32, -22.86, -22.37, -21.81, -21.21, -20.56, -19.83, -19.02, -18.14, -17.12, -15.94, -14.53, -12.63, -9.35, -2.93, 4.45, 4.45, 8.20, 8.72, 4.99, 1.56, -2.22, -8.70, -12.37, -14.34, -15.82, -17.03, -18.05, -18.96, -19.77, -20.50, -21.16, -21.77, -22.35, -22.84, -23.30, -23.68, -24.01, -24.19, -24.70, -25.20, -25.60, -25.93, -26.25, -26.53, -26.79, -27.04, -27.24, -27.50, -27.71, -27.85, -28.07, -28.24, -28.39, -28.52, -28.44, -28.10, -27.69, -26.35, -26.39, -27.87, -28.72, -29.23, -29.56, -29.67, -29.74, -29.82, -29.86, -29.90, -29.92, -29.85, -29.79, -29.68, -29.38, -28.68, -26.06, -21.49, -19.23, -16.73, -16.73
2026-10-01, 21:49:41, 88000000, 90500000, 19531.25, 15552, -15.88, -17.31, -17.77, -16.83, -14.92, -13.11, -13.62, -15.28, -17.68, -22.40, -27.01, -28.44, -29.06, -29.33, -29.52, -29.60, -29.62, -29.63, -29.65, -29.58, -29.52, -29.43, -29.06, -28.34, -27.64, -26.85, -26.68, -27.22, -27.80, -28.29, -28.47, -28.36, -28.22, -28.07, -27.88, -27.66, -27.48, -27.23, -27.03, -26.76, -26.48, -26.21, -25.95, -25.56, -25.15, -24.75, -24.33, -24.00, -23.65, -23.29, -22.85, -22.33, -21.78, -21.18, -20.50, -19.78, -18.95, -18.04, -17.00, -15.76, -14.24, -12.19, -8.41, -1.26, 5.41, 5.41, 7.35, 7.55, 5.76, 3.33, -0.68, -7.46, -11.86, -14.02, -15.61, -16.87, -17.93, -18.86, -19.70, -20.44, -21.09, -21.72, -22.29, -22.80, -23.26, -23.65, -24.00, -24.27, -24.69, -25.12, -25.53, -25.91, -26.24, -26.51, -26.78, -27.05, -27.25, -27.50, -27.69, -27.88, -28.07, -28.21, -28.36, -28.49, -28.32, -27.91, -27.41, -26.81, -26.84, -27.60, -28.40, -29.09, -29.56, -29.66, -29.75, -29.80, -29.85, -29.90, -29.89, -29.85, -29.79, -29.58, -29.27, -28.42, -25.02, -20.19, -18.07, -16.57, -16.57
2026-10-01, 21:49:42, 88000000, 90500000, 19531.25, 15680, -15.37, -17.61, -18.17, -16.60, -14.92, -12.64, -13.93, -14.65, -18.95, -24.24, -27.46, -28.59, -29.04, -29.29, -29.38, -29.50, -29.52, -29.53, -29.48, -29.45, -29.36, -29.24, -29.04, -28.27, -27.33, -26.85, -26.57, -27.01, -27.70, -28.23, -28.31, -28.21, -28.03, -27.89, -27.66, -27.48, -27.28, -27.06, -26.83, -26.59, -26.30, -26.02, -25.74, -25.40, -24.95, -24.58, -24.10, -23.81, -23.48, -23.13, -22.68, -22.16, -21.62, -21.02, -20.34, -19.62, -18.83, -17.92, -16.90, -15.73, -14.30, -12.44, -9.18, -3.56, 6.07, 6.07, 7.12, 7.61, 6.31, 3.14, -2.73, -8.55, -12.11, -14.05, -15.52, -16.73, -17.77, -18.69, -19.50, -20.24, -20.91, -21.52, -22.08, -22.59, -23.06, -23.41, -23.79, -24.07, -24.52, -24.89, -25.37, -25.71, -25.99, -26.31, -26.56, -26.85, -27.06, -27.27, -27.46, -27.67, -27.83, -28.02, -28.17, -28.33, -28.28, -27.84, -27.03, -26.76, -26.71, -27.29, -28.27, -29.05, -29.35, -29.47, -29.53, -29.59, -29.65, -29.71, -29.71, -29.64, -29.60, -29.44, -29.19, -28.53, -26.29, -21.69, -17.49, -16.71, -16.71
2026-10-01, 21:49:43, 88000000, 90500000, 19531.25, 15552, -14.31, -16.34, -20.88, -19.47, -14.14, -11.50, -12.27, -17.02, -22.85, -26.64, -28.16, -28.80, -29.16, -29.37, -29.47, -29.56, -29.54, -29.55, -29.54, -29.49, -29.43, -29.32, -29.23, -28.90, -27.74, -26.18, -25.79, -27.11, -28.24, -28.45, -28.38, -28.27, -28.07, -27.94, -27.73, -27.56, -27.35, -27.12, -26.90, -26.63, -26.41, -26.13, -25.83, -25.51, -25.11, -24.58, -24.09, -23.84, -23.62, -23.27, -22.79, -22.27, -21.72, -21.14, -20.50, -19.80, -19.01, -18.15, -17.16, -16.07, -14.75, -13.16, -11.10, -7.77, 5.07, 5.07, 8.88, 9.21, 5.75, -0.62, -6.78, -10.63, -12.87, -14.52, -15.86, -17.01, -18.00, -18.88, -19.66, -20.40, -21.04, -21.64, -22.20, -22.70, -23.19, -23.57, -23.80, -24.05, -24.52, -25.07, -25.47, -25.78, -26.09, -26.36, -26.63, -26.89, -27.11, -27.35, -27.55, -27.72, -27.92, -28.08, -28.25, -28.38, -28.48, -28.40, -27.34, -25.96, -26.05, -27.64, -28.87, -29.29, -29.44, -29.54, -29.61, -29.67, -29.75, -29.76, -29.76, -29.74, -29.70, -29.57, -29.36, -29.01, -28.14, -25.59, -20.16, -15.59, -15.59
2026-10-01, 21:49:44, 88000000, 90500000, 19531.25, 15616, -13.94, -16.62, -20.79, -19.48, -14.48, -11.16, -12.46, -17.34, -22.31, -26.26, -28.08, -28.75, -29.11, -29.33, -29.47, -29.48, -29.52, -29.52, -29.50, -29.47, -29.41, -29.32, -29.17, -28.79, -27.82, -26.10, -25.72, -27.27, -28.24, -28.42, -28.38, -28.23, -28.07, -27.93, -27.71, -27.53, -27.33, -27.12, -26.90, -26.63, -26.35, -26.10, -25.83, -25.49, -25.12, -24.59, -24.06, -23.83, -23.62, -23.23, -22.78, -22.26, -21.72, -21.12, -20.48, -19.77, -18.99, -18.12, -17.15, -16.02, -14.71, -13.07, -10.82, -6.38, 4.45, 4.45, 8.95, 9.44, 5.34, -0.59, -5.90, -10.44, -12.83, -14.51, -15.86, -17.00, -17.99, -18.88, -19.68, -20.38, -21.04, -21.64, -22.20, -22.70, -23.18, -23.55, -23.84, -24.03, -24.50, -25.06, -25.45, -25.79, -26.09, -26.36, -26.62, -26.89, -27.11, -27.34, -27.56, -27.72, -27.89, -28.07, -28.24, -28.38, -28.45, -28.32, -27.56, -25.96, -25.86, -27.69, -28.85, -29.24, -29.44, -29.50, -29.59, -29.65, -29.70, -29.74, -29.76, -29.68, -29.68, -29.52, -29.32, -28.86, -27.73, -24.55, -20.39, -15.87, -15.87
2026-10-01, 21:49:45, 88000000, 90500000, 19531.25, 15680, -16.31, -17.16, -17.72, -16.50, -14.76, -13.57, -13.62, -15.23, -17.65, -21.49, -25.84, -28.30, -28.96, -29.29, -29.42, -29.51, -29.55, -29.55, -29.54, -29.52, -29.40, -29.25, -28.89, -28.18, -27.49, -26.91, -26.78, -27.20, -27.70, -28.13, -28.28, -28.24, -28.10, -27.95, -27.75, -27.57, -27.34, -27.16, -26.90, -26.67, -26.40, -26.11, -25.81, -25.45, -25.01, -24.63, -24.25, -23.88, -23.56, -23.16, -22.74, -22.21, -21.65, -21.02, -20.37, -19.64, -18.81, -17.87, -16.82, -15.53, -13.95, -11.61, -6.63, -0.91, 5.74, 5.74, 7.06, 7.26, 5.75, 3.54, -0.55, -5.48, -11.08, -13.87, -15.47, -16.75, -17.83, -18.76, -19.59, -20.34, -21.02, -21.63, -22.18, -22.71, -23.16, -23.56, -23.87, -24.23, -24.60, -25.06, -25.45, -25.83, -26.13, -26.42, -26.69, -26.96, -27.15, -27.41, -27.60, -27.80, -27.95, -28.15, -28.30, -28.36, -28.23, -27.79, -27.23, -26.88, -26.85, -27.58, -28.23, -29.03, -29.41, -29.56, -29.66, -29.70, -29.75, -29.80, -29.80, -29.74, -29.69, -29.49, -29.12, -27.79, -23.99, -20.13, -17.69, -16.48, -16.48
2026-10-01, 21:49:46, 88000000, 90500000, 19531.25, 15552, -16.23, -17.10, -17.63, -16.55, -14.68, -13.48, -13.57, -14.92, -17.57, -21.76, -26.75, -28.39, -29.00, -29.26, -29.40, -29.48, -29.52, -29.52, -29.50, -29.48, -29.36, -29.27, -28.86, -28.20, -27.46, -26.89, -26.66, -27.08, -27.65, -28.07, -28.30, -28.23, -28.06, -27.91, -27.71, -27.55, -27.33, -27.10, -26.86, -26.64, -26.38, -26.07, -25.77, -25.40, -24.98, -24.60, -24.20, -23.85, -23.50, -23.13, -22.68, -22.18, -21.63, -21.01, -20.33, -19.62, -18.78, -17.88, -16.81, -15.54, -13.97, -11.66, -6.84, -1.03, 5.75, 5.75, 7.14, 7.37, 6.02, 3.49, -0.25, -6.64, -11.37, -13.77, -15.37, -16.63, -17.72, -18.66, -19.48, -20.24, -20.92, -21.54, -22.09, -22.63, -23.07, -23.45, -23.81, -24.14, -24.51, -24.94, -25.35, -25.71, -26.06, -26.32, -26.61, -26.86, -27.07, -27.33, -27.51, -27.70, -27.87, -28.05, -28.24, -28.29, -28.17, -27.68, -27.15, -26.76, -26.86, -27.39, -28.20, -28.92, -29.35, -29.50, -29.57, -29.61, -29.66, -29.70, -29.71, -29.65, -29.57, -29.39, -28.99, -27.79, -24.09, -20.16, -17.74, -16.38, -16.38
2026-10-01, 21:49:47, 88000000, 90500000, 19531.25, 15616, -16.54, -17.41, -17.44, -16.46, -14.88, -13.81, -13.95, -15.12, -16.91, -21.11, -26.77, -28.42, -29.02, -29.31, -29.50, -29.57, -29.62, -29.61, -29.60, -29.56, -29.50, -29.35, -28.83, -28.24, -27.61, -27.03, -26.96, -27.22, -27.70, -28.14, -28.43, -28.36, -28.18, -28.03, -27.84, -27.65, -27.47, -27.26, -27.01, -26.77, -26.51, -26.21, -25.89, -25.54, -25.16, -24.75, -24.32, -24.01, -23.67, -23.25, -22.81, -22.32, -21.77, -21.14, -20.49, -19.73, -18.91, -17.97, -16.92, -15.66, -14.10, -11.96, -7.67, 0.05, 5.52, 5.52, 6.90, 6.89, 5.73, 3.78, 0.64, -6.70, -11.52, -13.84, -15.45, -16.74, -17.83, -18.78, -19.61, -20.37, -21.04, -21.68, -22.23, -22.73, -23.22, -23.57, -23.96, -24.32, -24.68, -25.09, -25.51, -25.87, -26.19, -26.48, -26.74, -27.00, -27.25, -27.45, -27.67, -27.84, -28.03, -28.18, -28.38, -28.49, -28.23, -27.85, -27.33, -26.98, -27.07, -27.59, -28.27, -28.92, -29.50, -29.64, -29.73, -29.80, -29.81, -29.89, -29.87, -29.81, -29.76, -29.59, -29.17, -28.14, -23.67, -19.63, -17.84, -16.64, -16.64
2026-10-01, 21:49:48, 88000000, 90500000, 19531.25, 15488, -16.75, -17.55, -17.42, -16.67, -15.20, -14.04, -14.15, -15.26, -17.19, -20.77, -26.64, -28.59, -29.24, -29.53, -29.70, -29.78, -29.84, -29.86, -29.83, -29.79, -29.72, -29.57, -29.02, -28.42, -27.84, -27.28, -27.20, -27.45, -27.90, -28.27, -28.60, -28.55, -28.39, -28.27, -28.04, -27.86, -27.66, -27.44, -27.20, -26.95, -26.70, -26.41, -26.11, -25.71, -25.33, -24.95, -24.58, -24.17, -23.85, -23.45, -22.99, -22.51, -21.95, -21.33, -20.65, -19.90, -19.09, -18.12, -17.06, -15.74, -14.03, -11.33, -6.80, 0.37, 5.32, 5.32, 6.63, 6.71, 5.56, 3.51, 0.77, -6.45, -11.48, -13.96, -15.64, -16.94, -18.05, -18.99, -19.82, -20.59, -21.26, -21.88, -22.46, -22.97, -23.41, -23.81, -24.19, -24.51, -24.91, -25.31, -25.72, -26.07, -26.39, -26.68, -26.98, -27.21, -27.44, -27.66, -27.86, -28.05, -28.21, -28.40, -28.53, -28.67, -28.33, -27.97, -27.53, -27.19, -27.24, -27.77, -28.50, -29.10, -29.68, -29.83, -29.90, -29.96, -30.00, -30.05, -30.02, -29.94, -29.91, -29.68, -29.26, -27.62, -23.38, -19.59, -18.01, -16.91, -16.91
2026-10-01, 21:49:49, 88000000, 90500000, 19531.25, 15552, -16.77, -17.20, -18.08, -16.95, -14.91, -14.05, -13.72, -15.52, -17.99, -21.44, -25.78, -28.54, -29.24, -29.57, -29.73, -29.79, -29.85, -29.83, -29.84, -29.79, -29.73, -29.58, -29.16, -28.58, -27.73, -27.13, -27.14, -27.41, -27.99, -28.41, -28.55, -28.58, -28.40, -28.23, -28.01, -27.85, -27.66, -27.43, -27.22, -26.96, -26.69, -26.39, -26.09, -25.76, -25.34, -24.90, -24.55, -24.15, -23.85, -23.47, -23.01, -22.51, -21.94, -21.35, -20.67, -19.95, -19.10, -18.18, -17.10, -15.85, -14.23, -11.53, -6.17, -0.93, 5.42, 5.42, 6.84, 6.84, 5.76, 3.04, -0.61, -5.28, -10.88, -13.86, -15.57, -16.93, -18.01, -18.98, -19.82, -20.55, -21.25, -21.88, -22.42, -22.96, -23.41, -23.79, -24.13, -24.49, -24.84, -25.31, -25.71, -26.06, -26.38, -26.66, -26.93, -27.19, -27.42, -27.65, -27.82, -28.02, -28.19, -28.38, -28.54, -28.56, -28.45, -28.08, -27.51, -27.15, -27.16, -27.71, -28.54, -29.23, -29.65, -29.79, -29.88, -29.95, -29.98, -30.04, -30.05, -29.98, -29.90, -29.73, -29.30, -27.54, -23.94, -20.50, -18.18, -16.63, -16.63
2026-10-01, 21:49:50, 88000000, 90500000, 19531.25, 15616, -14.63, -17.04, -20.86, -19.34, -14.75, -11.82, -12.96, -17.04, -22.38, -26.63, -28.45, -29.14, -29.53, -29.70, -29.81, -29.90, -29.93, -29.91, -29.88, -29.86, -29.71, -29.68, -29.54, -29.19, -28.04, -26.50, -26.27, -27.52, -28.53, -28.77, -28.73, -28.61, -28.44, -28.30, -28.10, -27.90, -27.71, -27.48, -27.26, -27.01, -26.74, -26.49, -26.20, -25.88, -25.49, -24.98, -24.45, -24.22, -23.99, -23.63, -23.16, -22.65, -22.09, -21.50, -20.87, -20.14, -19.37, -18.50, -17.53, -16.40, -15.09, -13.46, -11.26, -7.33, 4.61, 4.61, 8.44, 8.70, 5.29, -0.27, -6.38, -10.71, -13.19, -14.87, -16.21, -17.37, -18.37, -19.26, -20.05, -20.76, -21.43, -22.03, -22.58, -23.09, -23.55, -23.93, -24.19, -24.40, -24.89, -25.43, -25.85, -26.15, -26.45, -26.72, -26.99, -27.25, -27.46, -27.72, -27.89, -28.08, -28.28, -28.42, -28.61, -28.77, -28.82, -28.63, -27.77, -26.44, -26.42, -27.98, -29.13, -29.63, -29.79, -29.89, -29.96, -30.04, -30.07, -30.09, -30.15, -30.09, -30.05, -29.91, -29.72, -29.31, -28.28, -25.33, -20.10, -16.19, -16.19
2026-10-01, 21:49:51, 88000000, 90500000, 19531.25, 15744, -15.53, -17.20, -19.23, -18.07, -14.81, -12.74, -13.32, -16.01, -19.84, -24.69, -28.08, -29.03, -29.47, -29.71, -29.83, -29.91, -29.95, -29.93, -29.92, -29.85, -29.81, -29.71, -29.45, -28.94, -27.93, -26.79, -26.71, -27.46, -28.32, -28.70, -28.75, -28.67, -28.48, -28.36, -28.14, -27.92, -27.72, -27.52, -27.30, -27.03, -26.79, -26.51, -26.21, -25.86, -25.50, -24.99, -24.58, -24.28, -23.97, -23.60, -23.14, -22.65, -22.09, -21.49, -20.83, -20.11, -19.32, -18.44, -17.41, -16.23, -14.86, -12.98, -9.83, -3.71, 5.05, 5.05, 7.72, 7.94, 5.63, 1.73, -3.27, -9.58, -12.78, -14.66, -16.11, -17.29, -18.33, -19.22, -20.03, -20.75, -21.43, -22.04, -22.59, -23.10, -23.56, -23.92, -24.24, -24.53, -24.92, -25.43, -25.83, -26.18, -26.51, -26.74, -27.03, -27.28, -27.51, -27.75, -27.93, -28.12, -28.28, -28.48, -28.60, -28.76, -28.71, -28.38, -27.69, -26.79, -26.81, -27.85, -28.88, -29.48, -29.81, -29.89, -30.00, -30.06, -30.09, -30.12, -30.16, -30.06, -30.04, -29.91, -29.62, -29.01, -26.62, -22.49, -19.07, -16.36, -16.36
2026-10-01, 21:49:52, 88000000, 90500000, 19531.25, 15616, -17.00, -17.74, -17.37, -16.58, -15.63, -14.32, -14.73, -15.62, -16.85, -19.74, -23.68, -28.15, -29.12, -29.51, -29.73, -29.83, -29.85, -29.91, -29.89, -29.82, -29.72, -29.54, -28.94, -28.40, -27.98, -27.48, -27.34, -27.71, -27.90, -28.33, -28.56, -28.60, -28.45, -28.32, -28.13, -27.90, -27.72, -27.50, -27.28, -27.02, -26.74, -26.47, -26.13, -25.75, -25.36, -25.03, -24.61, -24.26, -23.89, -23.49, -23.05, -22.54, -21.98, -21.37, -20.67, -19.91, -19.05, -18.08, -16.98, -15.59, -13.76, -10.67, -4.13, 0.91, 4.96, 4.96, 6.20, 6.26, 4.87, 3.74, 0.98, -3.00, -9.26, -13.31, -15.35, -16.79, -17.94, -18.93, -19.80, -20.57, -21.27, -21.90, -22.47, -22.99, -23.45, -23.86, -24.21, -24.56, -24.97, -25.37, -25.76, -26.09, -26.45, -26.74, -27.02, -27.28, -27.49, -27.74, -27.94, -28.11, -28.29, -28.46, -28.63, -28.60, -28.35, -27.96, -27.70, -27.38, -27.43, -28.09, -28.41, -29.06, -29.57, -29.88, -29.97, -30.02, -30.05, -30.09, -30.09, -29.99, -29.91, -29.68, -29.03, -26.44, -22.09, -19.16, -18.04, -17.44, -17.44
2026-10-01, 21:49:53, 88000000, 90500000, 19531.25, 15616, -16.42, -17.18, -18.41, -17.15, -14.99, -13.65, -13.61, -15.52, -18.70, -22.49, -26.31, -28.69, -29.32, -29.61, -29.79, -29.90, -29.89, -29.92, -29.87, -29.85, -29.77, -29.59, -29.25, -28.69, -27.84, -27.09, -27.00, -27.38, -28.16, -28.59, -28.66, -28.62, -28.45, -28.32, -28.11, -27.89, -27.71, -27.48, -27.26, -27.00, -26.75, -26.46, -26.16, -25.83, -25.40, -24.98, -24.58, -24.21, -23.92, -23.55, -23.09, -22.56, -22.03, -21.41, -20.75, -20.01, -19.19, -18.29, -17.21, -15.98, -14.41, -11.84, -6.42, -1.90, 5.34, 5.34, 7.04, 7.20, 5.77, 2.57, -1.43, -6.31, -11.47, -14.16, -15.78, -17.08, -18.15, -19.09, -19.90, -20.66, -21.31, -21.94, -22.51, -23.03, -23.49, -23.84, -24.18, -24.56, -24.92, -25.36, -25.77, -26.10, -26.44, -26.73, -26.98, -27.25, -27.47, -27.71, -27.92, -28.06, -28.25, -28.43, -28.57, -28.64, -28.57, -28.20, -27.56, -27.09, -27.04, -27.76, -28.66, -29.32, -29.69, -29.85, -29.96, -29.98, -29.99, -30.08, -30.06, -30.05, -29.92, -29.73, -29.31, -27.60, -24.61, -21.19, -18.23, -16.68, -16.68
2026-10-01, 21:49:54, 88000000, 90500000, 19531.25, 15552, -14.84, -16.95, -20.17, -18.93, -15.00, -12.07, -12.94, -16.87, -21.36, -25.68, -28.20, -29.07, -29.48, -29.70, -29.82, -29.90, -29.94, -29.94, -29.91, -29.86, -29.78, -29.68, -29.50, -29.05, -28.12, -26.63, -26.39, -27.46, -28.49, -28.77, -28.75, -28.64, -28.49, -28.32, -28.13, -27.95, -27.73, -27.51, -27.28, -27.03, -26.78, -26.50, -26.20, -25.88, -25.47, -25.01, -24.47, -24.22, -23.98, -23.60, -23.17, -22.65, -22.11, -21.51, -20.85, -20.16, -19.36, -18.49, -17.49, -16.35, -14.97, -13.25, -10.57, -5.22, 4.46, 4.46, 8.13, 8.60, 5.44, 0.36, -4.89, -10.02, -12.92, -14.75, -16.13, -17.33, -18.35, -19.23, -20.03, -20.76, -21.41, -22.01, -22.58, -23.08, -23.55, -23.92, -24.23, -24.43, -24.92, -25.40, -25.84, -26.16, -26.47, -26.75, -27.01, -27.25, -27.44, -27.70, -27.90, -28.11, -28.26, -28.45, -28.61, -28.75, -28.70, -28.51, -27.83, -26.57, -26.47, -27.92, -29.06, -29.59, -29.79, -29.88, -29.97, -30.02, -30.05, -30.10, -30.10, -30.08, -30.02, -29.89, -29.65, -29.14, -27.41, -23.59, -19.85, -16.47, -16.47
2026-10-01, 21:49:55, 88000000, 90500000, 19531.25, 15552, -16.05, -17.34, -18.48, -17.32, -15.02, -13.32, -13.70, -15.94, -18.43, -22.31, -27.00, -28.74, -29.34, -29.63, -29.79, -29.86, -29.90, -29.89, -29.89, -29.82, -29.79, -29.59, -29.25, -28.63, -27.87, -27.12, -26.88, -27.51, -28.23, -28.48, -28.67, -28.63, -28.42, -28.28, -28.09, -27.87, -27.70, -27.48, -27.27, -27.00, -26.74, -26.45, -26.15, -25.78, -25.38, -24.96, -24.53, -24.23, -23.91, -23.52, -23.08, -22.57, -22.01, -21.36, -20.72, -19.96, -19.17, -18.25, -17.18, -15.93, -14.39, -12.06, -7.23, -1.30, 5.18, 5.18, 7.10, 7.51, 5.44, 2.39, -0.90, -7.06, -11.87, -14.34, -15.89, -17.16, -18.23, -19.14, -19.96, -20.70, -21.36, -21.99, -22.54, -23.06, -23.50, -23.87, -24.22, -24.54, -24.93, -25.39, -25.81, -26.15, -26.45, -26.74, -27.02, -27.26, -27.50, -27.72, -27.93, -28.09, -28.29, -28.44, -28.61, -28.67, -28.53, -28.23, -27.67, -26.99, -26.94, -27.86, -28.69, -29.30, -29.76, -29.86, -29.95, -30.04, -30.02, -30.07, -30.14, -30.04, -29.99, -29.79, -29.44, -28.13, -24.34, -20.95, -18.51, -16.69, -16.69
2026-10-01, 21:49:56, 88000000, 90500000, 19531.25, 15616, -17.40, -17.68, -17.33, -16.16, -15.40, -14.74, -14.48, -15.11, -16.97, -20.43, -25.53, -28.36, -29.18, -29.54, -29.72, -29.81, -29.86, -29.90, -29.86, -29.83, -29.78, -29.58, -29.03, -28.34, -27.78, -27.52, -27.42, -27.55, -27.87, -28.31, -28.60, -28.60, -28.46, -28.31, -28.08, -27.90, -27.72, -27.50, -27.28, -27.00, -26.71, -26.46, -26.14, -25.79, -25.35, -25.00, -24.62, -24.22, -23.86, -23.50, -23.02, -22.55, -21.96, -21.36, -20.66, -19.92, -19.06, -18.11, -17.00, -15.67, -13.97, -11.18, -5.45, 0.25, 5.47, 5.47, 5.99, 6.20, 5.48, 3.79, 0.80, -4.68, -10.94, -13.87, -15.62, -16.96, -18.07, -19.04, -19.90, -20.63, -21.33, -21.94, -22.52, -23.02, -23.49, -23.82, -24.24, -24.64, -24.98, -25.38, -25.74, -26.10, -26.45, -26.72, -27.01, -27.29, -27.51, -27.74, -27.94, -28.13, -28.29, -28.47, -28.60, -28.63, -28.40, -27.93, -27.59, -27.45, -27.48, -27.85, -28.46, -29.13, -29.66, -29.90, -29.97, -30.03, -30.02, -30.11, -30.12, -30.06, -29.94, -29.70, -29.27, -27.41, -22.91, -19.45, -17.46, -17.24, -17.24
2026-10-01, 21:49:57, 88000000, 90500000, 19531.25, 15552, -16.30, -17.37, -18.31, -17.26, -14.94, -13.55, -13.76, -15.66, -18.22, -22.26, -27.16, -28.79, -29.37, -29.65, -29.80, -29.87, -29.94, -29.93, -29.92, -29.85, -29.80, -29.63, -29.28, -28.64, -27.91, -27.06, -26.99, -27.53, -28.08, -28.53, -28.69, -28.63, -28.42, -28.31, -28.10, -27.92, -27.71, -27.48, -27.27, -27.00, -26.77, -26.44, -26.17, -25.80, -25.40, -24.99, -24.61, -24.24, -23.94, -23.55, -23.08, -22.61, -22.03, -21.42, -20.74, -20.01, -19.21, -18.28, -17.23, -15.98, -14.42, -12.22, -7.41, -1.59, 5.25, 5.25, 7.10, 7.28, 5.49, 2.85, -1.10, -6.96, -11.94, -14.24, -15.83, -17.10, -18.18, -19.11, -19.94, -20.69, -21.35, -21.95, -22.53, -23.04, -23.51, -23.86, -24.21, -24.54, -24.92, -25.40, -25.78, -26.15, -26.48, -26.73, -27.00, -27.29, -27.48, -27.70, -27.92, -28.13, -28.27, -28.47, -28.63, -28.69, -28.54, -28.21, -27.57, -27.04, -27.08, -27.81, -28.65, -29.31, -29.76, -29.89, -29.97, -30.02, -30.03, -30.11, -30.10, -30.03, -29.98, -29.78, -29.47, -28.43, -24.50, -20.84, -18.48, -16.58, -16.58
2026-10-01, 21:49:58, 88000000, 90500000, 19531.25, 15680, -15.34, -17.37, -19.36, -18.16, -14.84, -12.55, -13.48, -16.44, -19.74, -23.88, -27.50, -28.96, -29.45, -29.70, -29.81, -29.86, -29.93, -29.94, -29.91, -29.86, -29.77, -29.66, -29.35, -28.89, -27.96, -26.87, -26.60, -27.58, -28.31, -28.62, -28.71, -28.64, -28.45, -28.32, -28.12, -27.90, -27.71, -27.51, -27.27, -27.01, -26.76, -26.49, -26.18, -25.84, -25.46, -24.98, -24.53, -24.24, -23.93, -23.57, -23.15, -22.62, -22.04, -21.47, -20.80, -20.09, -19.30, -18.39, -17.36, -16.18, -14.73, -12.76, -8.70, -3.00, 4.89, 4.89, 7.81, 8.04, 5.23, 1.44, -2.62, -8.40, -12.44, -14.54, -16.03, -17.24, -18.29, -19.21, -20.01, -20.73, -21.41, -22.01, -22.55, -23.09, -23.54, -23.94, -24.22, -24.50, -24.93, -25.43, -25.83, -26.14, -26.46, -26.76, -27.01, -27.31, -27.50, -27.74, -27.91, -28.10, -28.27, -28.44, -28.64, -28.71, -28.64, -28.40, -27.69, -26.68, -26.72, -28.01, -28.93, -29.46, -29.79, -29.90, -29.99, -30.02, -30.04, -30.13, -30.14, -30.10, -30.03, -29.88, -29.55, -28.58, -26.01, -22.31, -19.21, -16.40, -16.40
2026-10-01, 21:49:59, 88000000, 90500000, 19531.25, 15488, -17.78, -17.83, -17.22, -16.09, -15.28, -15.09, -14.67, -14.78, -16.85, -20.83, -25.49, -28.44, -29.24, -29.61, -29.81, -29.86, -29.90, -29.93, -29.92, -29.85, -29.78, -29.57, -29.15, -28.36, -27.73, -27.56, -27.56, -27.49, -27.82, -28.34, -28.61, -28.64, -28.45, -28.30, -28.14, -27.90, -27.71, -27.51, -27.29, -27.00, -26.75, -26.44, -26.16, -25.77, -25.36, -24.97, -24.64, -24.27, -23.89, -23.51, -23.04, -22.55, -21.97, -21.34, -20.69, -19.92, -19.09, -18.14, -17.02, -15.70, -13.99, -11.07, -5.38, -0.22, 5.64, 5.64, 5.90, 5.69, 5.70, 4.07, 0.45, -4.84, -10.68, -13.79, -15.54, -16.92, -18.03, -18.99, -19.86, -20.61, -21.29, -21.91, -22.50, -23.00, -23.45, -23.84, -24.21, -24.60, -24.95, -25.30, -25.77, -26.11, -26.45, -26.73, -26.99, -27.27, -27.46, -27.72, -27.92, -28.10, -28.26, -28.45, -28.60, -28.63, -28.46, -27.84, -27.51, -27.50, -27.68, -27.75, -28.34, -29.15, -29.69, -29.90, -29.92, -29.99, -30.02, -30.06, -30.08, -29.98, -29.91, -29.68, -29.19, -27.24, -23.33, -19.45, -17.39, -17.09, -17.09
2026-10-01, 21:50:00, 88000000, 90500000, 19531.25, 15680, -16.64, -17.69, -18.08, -16.76, -14.87, -13.88, -14.12, -15.68, -17.93, -21.22, -26.86, -28.72, -29.31, -29.58, -29.77, -29.86, -29.89, -29.89, -29.89, -29.83, -29.76, -29.65, -29.24, -28.53, -27.80, -27.23, -27.10, -27.54, -28.09, -28.48, -28.66, -28.63, -28.47, -28.34, -28.11, -27.93, -27.70, -27.52, -27.29, -27.01, -26.76, -26.46, -26.17, -25.81, -25.39, -24.98, -24.57, -24.26, -23.92, -23.53, -23.09, -22.57, -22.02, -21.40, -20.74, -19.99, -19.17, -18.25, -17.18, -15.92, -14.37, -12.24, -8.04, -1.09, 5.55, 5.55, 6.91, 6.81, 5.38, 2.87, -0.13, -6.16, -11.66, -14.14, -15.76, -17.07, -18.14, -19.10, -19.94, -20.69, -21.36, -21.98, -22.55, -23.06, -23.52, -23.87, -24.23, -24.56, -25.00, -25.40, -25.79, -26.15, -26.48, -26.75, -27.04, -27.31, -27.50, -27.74, -27.93, -28.15, -28.31, -28.46, -28.65, -28.75, -28.54, -28.16, -27.51, -27.09, -27.30, -27.91, -28.64, -29.21, -29.75, -29.92, -29.96, -30.02, -30.08, -30.14, -30.11, -30.06, -30.00, -29.82, -29.49, -28.55, -24.60, -20.40, -17.93, -16.59, -16.59
2026-10-01, 21:50:01, 88000000, 90500000, 19531.25, 15488, -16.51, -17.53, -18.12, -17.00, -14.92, -13.76, -13.91, -15.73, -18.07, -21.26, -27.03, -28.76, -29.36, -29.64, -29.78, -29.85, -29.91, -29.89, -29.90, -29.85, -29.81, -29.68, -29.23, -28.60, -27.89, -27.15, -27.06, -27.55, -28.08, -28.48, -28.67, -28.63, -28.49, -28.32, -28.14, -27.92, -27.71, -27.52, -27.26, -27.03, -26.79, -26.47, -26.16, -25.82, -25.42, -25.00, -24.60, -24.24, -23.94, -23.53, -23.08, -22.59, -22.02, -21.43, -20.74, -20.01, -19.20, -18.28, -17.22, -15.99, -14.44, -12.34, -8.36, -1.01, 5.37, 5.37, 7.01, 7.03, 5.39, 2.80, -0.10, -6.84, -11.88, -14.21, -15.83, -17.11, -18.19, -19.13, -19.94, -20.68, -21.39, -21.98, -22.55, -23.07, -23.51, -23.89, -24.22, -24.59, -24.98, -25.38, -25.77, -26.14, -26.47, -26.76, -27.03, -27.29, -27.50, -27.74, -27.94, -28.14, -28.28, -28.47, -28.60, -28.72, -28.55, -28.14, -27.56, -27.09, -27.16, -27.93, -28.70, -29.23, -29.76, -29.92, -29.96, -30.04, -30.06, -30.12, -30.12, -30.06, -29.99, -29.81, -29.49, -28.57, -24.71, -20.42, -18.20, -16.61, -16.61
2026-10-01, 21:50:02, 88000000, 90500000, 19531.25, 15552, -16.77, -17.49, -17.89, -16.65, -15.23, -14.07, -14.07, -15.51, -17.67, -21.06, -26.12, -28.55, -29.30, -29.62, -29.76, -29.86, -29.91, -29.91, -29.91, -29.85, -29.79, -29.64, -29.21, -28.49, -27.86, -27.36, -27.19, -27.50, -28.08, -28.41, -28.64, -28.64, -28.46, -28.31, -28.12, -27.93, -27.74, -27.51, -27.29, -27.02, -26.76, -26.47, -26.17, -25.80, -25.41, -24.98, -24.63, -24.28, -23.92, -23.52, -23.07, -22.58, -22.02, -21.41, -20.73, -19.99, -19.14, -18.21, -17.14, -15.84, -14.22, -11.66, -6.31, -0.33, 5.32, 5.32, 6.57, 6.77, 5.52, 3.12, 0.05, -5.52, -11.09, -14.01, -15.70, -17.01, -18.12, -19.07, -19.91, -20.65, -21.36, -21.95, -22.52, -23.05, -23.49, -23.88, -24.24, -24.56, -24.97, -25.39, -25.80, -26.15, -26.46, -26.77, -27.01, -27.28, -27.50, -27.74, -27.92, -28.13, -28.29, -28.47, -28.64, -28.66, -28.41, -28.05, -27.60, -27.29, -27.26, -27.85, -28.60, -29.21, -29.72, -29.89, -29.95, -30.02, -30.03, -30.08, -30.09, -30.02, -29.96, -29.74, -29.31, -27.78, -23.48, -20.14, -17.89, -16.95, -16.95
2026-10-01, 21:50:03, 88000000, 90500000, 19531.25, 15552, -16.83, -17.61, -17.94, -16.54, -15.00, -14.11, -14.16, -15.37, -17.70, -21.57, -26.20, -28.66, -29.32, -29.64, -29.78, -29.87, -29.92, -29.92, -29.90, -29.84, -29.80, -29.65, -29.21, -28.52, -27.68, -27.27, -27.16, -27.51, -27.99, -28.46, -28.68, -28.61, -28.48, -28.30, -28.11, -27.91, -27.72, -27.47, -27.26, -27.01, -26.76, -26.45, -26.16, -25.79, -25.40, -24.98, -24.59, -24.24, -23.90, -23.50, -23.07, -22.56, -22.00, -21.40, -20.72, -19.98, -19.16, -18.22, -17.17, -15.90, -14.31, -11.99, -6.93, -1.13, 5.72, 5.72, 6.59, 6.69, 5.50, 3.33, -0.41, -5.60, -11.50, -14.07, -15.73, -17.01, -18.12, -19.06, -19.90, -20.63, -21.32, -21.95, -22.51, -23.02, -23.49, -23.85, -24.22, -24.56, -24.93, -25.35, -25.76, -26.11, -26.44, -26.71, -26.99, -27.27, -27.50, -27.74, -27.90, -28.09, -28.26, -28.42, -28.59, -28.65, -28.52, -28.11, -27.43, -27.30, -27.29, -27.82, -28.56, -29.23, -29.68, -29.86, -29.94, -29.97, -30.02, -30.09, -30.08, -30.02, -29.94, -29.73, -29.35, -28.02, -24.15, -20.38, -17.69, -16.79, -16.79
2026-10-01, 21:50:04, 88000000, 90500000, 19531.25, 15616, -15.88, -17.30, -18.79, -17.58, -14.80, -13.10, -13.51, -15.68, -19.22, -24.21, -27.80, -28.96, -29.42, -29.63, -29.82, -29.87, -29.89, -29.87, -29.86, -29.81, -29.74, -29.65, -29.36, -28.77, -27.85, -26.99, -26.72, -27.39, -28.16, -28.59, -28.69, -28.61, -28.42, -28.27, -28.10, -27.88, -27.67, -27.48, -27.23, -26.98, -26.73, -26.43, -26.14, -25.82, -25.39, -24.93, -24.51, -24.22, -23.92, -23.52, -23.08, -22.59, -22.01, -21.42, -20.76, -20.04, -19.23, -18.34, -17.30, -16.12, -14.67, -12.80, -9.55, -3.07, 5.28, 5.28, 7.46, 7.59, 5.76, 2.23, -2.70, -8.83, -12.52, -14.51, -15.98, -17.20, -18.23, -19.14, -19.96, -20.69, -21.37, -21.96, -22.54, -23.04, -23.50, -23.88, -24.18, -24.49, -24.89, -25.37, -25.77, -26.13, -26.44, -26.70, -26.97, -27.26, -27.44, -27.67, -27.89, -28.06, -28.24, -28.41, -28.58, -28.70, -28.62, -28.24, -27.56, -26.85, -26.96, -27.76, -28.72, -29.43, -29.77, -29.88, -29.91, -29.97, -30.01, -30.07, -30.09, -30.04, -29.96, -29.84, -29.52, -28.87, -26.10, -21.81, -18.61, -16.39, -16.39
2026-10-01, 21:50:05, 88000000, 90500000, 19531.25, 15616, -16.20, -17.28, -18.34, -17.34, -15.12, -13.48, -13.73, -15.75, -18.52, -21.36, -25.87, -28.54, -29.32, -29.63, -29.79, -29.88, -29.90, -29.92, -29.88, -29.82, -29.76, -29.57, -29.23, -28.73, -27.95, -27.17, -26.86, -27.50, -28.15, -28.47, -28.63, -28.62, -28.45, -28.30, -28.11, -27.91, -27.70, -27.52, -27.26, -27.02, -26.74, -26.46, -26.16, -25.82, -25.39, -24.98, -24.56, -24.25, -23.94, -23.54, -23.09, -22.57, -22.04, -21.40, -20.75, -20.01, -19.20, -18.27, -17.19, -15.94, -14.35, -11.79, -5.91, -0.94, 5.04, 5.04, 7.01, 7.33, 5.47, 2.54, -0.68, -5.36, -10.66, -13.92, -15.71, -17.00, -18.10, -19.03, -19.90, -20.62, -21.31, -21.92, -22.50, -22.99, -23.48, -23.83, -24.19, -24.51, -24.90, -25.37, -25.73, -26.12, -26.45, -26.70, -27.00, -27.25, -27.45, -27.73, -27.89, -28.07, -28.26, -28.43, -28.56, -28.66, -28.49, -28.17, -27.60, -27.11, -27.06, -27.82, -28.68, -29.26, -29.68, -29.86, -29.94, -29.97, -30.02, -30.07, -30.09, -30.00, -29.95, -29.76, -29.31, -27.50, -23.64, -20.86, -18.55, -16.82, -16.82
2026-10-01, 21:50:06, 88000000, 90500000, 19531.25, 15552, -16.99, -17.41, -17.83, -16.78, -14.87, -14.24, -14.00, -15.02, -18.16, -21.93, -26.53, -28.67, -29.32, -29.65, -29.77, -29.85, -29.87, -29.91, -29.87, -29.82, -29.78, -29.56, -29.26, -28.54, -27.66, -27.23, -27.24, -27.37, -28.07, -28.46, -28.61, -28.58, -28.44, -28.28, -28.09, -27.88, -27.68, -27.46, -27.23, -26.99, -26.72, -26.45, -26.12, -25.77, -25.35, -24.92, -24.59, -24.20, -23.88, -23.51, -23.04, -22.52, -21.98, -21.35, -20.69, -19.95, -19.12, -18.19, -17.12, -15.84, -14.24, -11.67, -5.94, -1.25, 5.79, 5.79, 6.66, 6.55, 5.87, 3.23, -0.94, -5.98, -11.42, -14.09, -15.76, -17.04, -18.13, -19.07, -19.89, -20.63, -21.31, -21.93, -22.50, -23.00, -23.46, -23.83, -24.17, -24.57, -24.93, -25.32, -25.75, -26.09, -26.43, -26.71, -26.96, -27.23, -27.44, -27.70, -27.91, -28.06, -28.24, -28.40, -28.54, -28.62, -28.52, -28.10, -27.40, -27.24, -27.33, -27.69, -28.49, -29.29, -29.68, -29.84, -29.91, -29.95, -30.01, -30.04, -30.04, -29.96, -29.93, -29.69, -29.28, -27.53, -23.99, -20.51, -17.82, -16.62, -16.62
2026-10-01, 21:50:07, 88000000, 90500000, 19531.25, 15616, -16.07, -17.44, -18.39, -17.31, -15.03, -13.30, -13.80, -15.94, -18.17, -21.57, -27.11, -28.75, -29.33, -29.64, -29.79, -29.83, -29.88, -29.95, -29.86, -29.83, -29.75, -29.66, -29.21, -28.67, -27.94, -27.06, -26.90, -27.53, -28.14, -28.47, -28.69, -28.64, -28.44, -28.33, -28.12, -27.92, -27.70, -27.49, -27.24, -27.02, -26.77, -26.46, -26.16, -25.79, -25.42, -24.99, -24.54, -24.23, -23.92, -23.52, -23.09, -22.58, -22.01, -21.42, -20.74, -20.03, -19.20, -18.28, -17.21, -15.97, -14.43, -12.21, -7.92, -1.14, 5.08, 5.08, 7.24, 7.43, 5.30, 2.50, -0.26, -6.99, -11.86, -14.21, -15.80, -17.09, -18.16, -19.08, -19.92, -20.67, -21.33, -21.97, -22.53, -23.05, -23.48, -23.90, -24.20, -24.49, -24.94, -25.38, -25.76, -26.12, -26.45, -26.74, -27.01, -27.28, -27.47, -27.72, -27.93, -28.10, -28.24, -28.44, -28.58, -28.67, -28.53, -28.23, -27.63, -26.96, -26.98, -27.93, -28.71, -29.26, -29.72, -29.87, -29.97, -30.04, -30.06, -30.11, -30.09, -30.05, -30.02, -29.80, -29.41, -28.41, -24.43, -20.81, -18.53, -16.66, -16.66
2026-10-01, 21:50:08, 88000000, 90500000, 19531.25, 15680, -16.05, -17.45, -18.56, -17.28, -14.83, -13.29, -13.71, -15.79, -18.71, -22.65, -27.52, -28.89, -29.39, -29.68, -29.84, -29.88, -29.92, -29.90, -29.90, -29.82, -29.78, -29.67, -29.30, -28.69, -27.84, -27.01, -26.89, -27.47, -28.17, -28.53, -28.71, -28.61, -28.44, -28.32, -28.13, -27.90, -27.69, -27.48, -27.30, -27.03, -26.74, -26.48, -26.19, -25.83, -25.39, -24.96, -24.57, -24.26, -23.92, -23.55, -23.10, -22.59, -22.03, -21.44, -20.78, -20.04, -19.24, -18.32, -17.30, -16.08, -14.61, -12.65, -9.00, -2.00, 5.34, 5.34, 7.31, 7.45, 5.51, 2.37, -1.24, -8.01, -12.26, -14.38, -15.91, -17.14, -18.21, -19.13, -19.95, -20.68, -21.35, -21.96, -22.53, -23.05, -23.50, -23.87, -24.21, -24.54, -24.94, -25.34, -25.79, -26.14, -26.45, -26.71, -26.99, -27.27, -27.47, -27.72, -27.92, -28.05, -28.25, -28.46, -28.60, -28.71, -28.58, -28.20, -27.55, -26.95, -27.00, -27.83, -28.78, -29.32, -29.76, -29.87, -29.91, -30.04, -30.05, -30.07, -30.08, -30.03, -29.96, -29.79, -29.49, -28.64, -25.34, -21.27, -18.39, -16.49, -16.49
2026-10-01, 21:50:09, 88000000, 90500000, 19531.25, 15552, -17.43, -17.43, -17.32, -16.39, -15.45, -14.78, -14.41, -15.06, -16.74, -20.37, -25.65, -28.37, -29.21, -29.59, -29.73, -29.84, -29.90, -29.91, -29.86, -29.85, -29.75, -29.52, -29.01, -28.42, -27.85, -27.53, -27.34, -27.50, -27.89, -28.33, -28.60, -28.61, -28.48, -28.29, -28.13, -27.90, -27.73, -27.49, -27.27, -27.00, -26.74, -26.45, -26.12, -25.77, -25.41, -24.97, -24.63, -24.24, -23.90, -23.49, -23.03, -22.53, -21.95, -21.33, -20.65, -19.90, -19.06, -18.08, -16.97, -15.60, -13.85, -10.63, -4.44, 0.69, 5.28, 5.28, 5.95, 6.15, 5.58, 3.94, 0.89, -4.65, -10.64, -13.75, -15.53, -16.89, -18.01, -18.99, -19.84, -20.60, -21.29, -21.91, -22.48, -22.98, -23.46, -23.84, -24.21, -24.59, -24.93, -25.34, -25.71, -26.08, -26.44, -26.72, -26.98, -27.26, -27.48, -27.72, -27.91, -28.07, -28.24, -28.43, -28.58, -28.59, -28.30, -27.92, -27.61, -27.43, -27.51, -27.80, -28.32, -29.04, -29.62, -29.85, -29.90, -29.96, -29.97, -30.05, -30.04, -29.96, -29.87, -29.62, -29.06, -26.71, -22.05, -19.49, -17.80, -17.28, -17.28
2026-10-01, 21:50:10, 88000000, 90500000, 19531.25, 15616, -16.46, -17.54, -17.99, -16.86, -15.07, -13.70, -14.04, -15.63, -17.82, -21.43, -26.17, -28.61, -29.27, -29.59, -29.74, -29.82, -29.86, -29.87, -29.85, -29.83, -29.72, -29.61, -29.16, -28.53, -27.82, -27.15, -26.98, -27.55, -28.03, -28.42, -28.60, -28.59, -28.41, -28.28, -28.06, -27.87, -27.66, -27.44, -27.21, -26.98, -26.68, -26.43, -26.12, -25.75, -25.34, -24.93, -24.51, -24.23, -23.85, -23.46, -23.02, -22.52, -21.97, -21.36, -20.67, -19.93, -19.12, -18.18, -17.10, -15.82, -14.24, -11.91, -7.28, -0.59, 5.29, 5.29, 6.93, 7.02, 5.34, 3.07, -0.27, -5.94, -11.28, -14.09, -15.72, -17.01, -18.10, -19.04, -19.87, -20.63, -21.30, -21.92, -22.48, -23.01, -23.45, -23.82, -24.18, -24.52, -24.94, -25.34, -25.71, -26.11, -26.43, -26.68, -26.94, -27.24, -27.44, -27.68, -27.88, -28.09, -28.23, -28.43, -28.53, -28.65, -28.40, -28.08, -27.59, -27.10, -27.18, -27.88, -28.55, -29.19, -29.66, -29.85, -29.91, -29.95, -30.02, -30.03, -30.04, -30.01, -29.94, -29.72, -29.39, -28.14, -23.91, -20.33, -18.10, -16.76, -16.76
2026-10-01, 21:50:11, 88000000, 90500000, 19531.25, 15808, -14.97, -17.28, -20.20, -19.02, -14.37, -12.12, -13.33, -16.63, -20.92, -25.31, -28.18, -29.05, -29.48, -29.65, -29.81, -29.84, -29.87, -29.88, -29.85, -29.80, -29.74, -29.66, -29.49, -29.09, -28.05, -26.50, -26.46, -27.45, -28.40, -28.70, -28.69, -28.59, -28.41, -28.25, -28.09, -27.89, -27.67, -27.46, -27.25, -26.98, -26.72, -26.44, -26.15, -25.82, -25.44, -24.92, -24.45, -24.21, -23.92, -23.56, -23.09, -22.59, -22.03, -21.45, -20.81, -20.09, -19.29, -18.41, -17.42, -16.26, -14.91, -13.18, -10.54, -5.70, 4.88, 4.88, 8.51, 8.20, 5.35, 0.68, -4.50, -9.80, -12.99, -14.75, -16.15, -17.30, -18.33, -19.22, -20.02, -20.74, -21.39, -21.99, -22.55, -23.07, -23.52, -23.94, -24.17, -24.43, -24.90, -25.38, -25.78, -26.12, -26.41, -26.71, -26.96, -27.25, -27.45, -27.65, -27.88, -28.07, -28.22, -28.42, -28.57, -28.68, -28.73, -28.57, -27.60, -26.34, -26.75, -27.90, -29.04, -29.56, -29.77, -29.84, -29.93, -30.02, -30.04, -30.11, -30.11, -30.04, -29.99, -29.84, -29.62, -29.11, -27.48, -24.13, -19.91, -15.84, -15.84
2026-10-01, 21:50:12, 88000000, 90500000, 19531.25, 15552, -16.47, -17.39, -18.16, -17.14, -14.93, -13.76, -13.94, -15.43, -18.24, -21.70, -25.28, -28.42, -29.26, -29.57, -29.78, -29.84, -29.91, -29.88, -29.85, -29.83, -29.74, -29.55, -29.25, -28.57, -27.82, -27.17, -27.04, -27.44, -28.06, -28.45, -28.61, -28.58, -28.42, -28.32, -28.10, -27.90, -27.72, -27.46, -27.24, -27.00, -26.72, -26.46, -26.13, -25.81, -25.39, -24.95, -24.55, -24.22, -23.87, -23.48, -23.05, -22.54, -21.99, -21.37, -20.70, -19.95, -19.14, -18.20, -17.12, -15.82, -14.14, -11.49, -5.57, -1.29, 5.31, 5.31, 6.82, 7.04, 5.67, 2.89, -0.81, -5.07, -10.69, -13.90, -15.71, -17.02, -18.10, -19.06, -19.89, -20.64, -21.32, -21.93, -22.49, -23.01, -23.45, -23.87, -24.19, -24.52, -24.92, -25.36, -25.75, -26.07, -26.42, -26.71, -26.97, -27.24, -27.45, -27.70, -27.91, -28.08, -28.25, -28.44, -28.55, -28.63, -28.50, -28.16, -27.52, -27.19, -27.14, -27.73, -28.61, -29.32, -29.65, -29.82, -29.91, -29.95, -30.01, -30.08, -30.08, -29.98, -29.94, -29.70, -29.21, -27.17, -23.87, -20.70, -18.37, -16.65, -16.65
2026-10-01, 21:50:13, 88000000, 90500000, 19531.25, 15552, -17.14, -17.66, -17.54, -16.48, -15.11, -14.40, -14.32, -15.04, -17.35, -21.12, -26.04, -28.51, -29.25, -29.55, -29.73, -29.81, -29.84, -29.85, -29.87, -29.80, -29.75, -29.59, -29.15, -28.42, -27.72, -27.35, -27.35, -27.46, -27.88, -28.37, -28.59, -28.56, -28.39, -28.27, -28.09, -27.88, -27.64, -27.45, -27.22, -26.95, -26.71, -26.42, -26.10, -25.76, -25.35, -24.94, -24.54, -24.21, -23.86, -23.47, -23.02, -22.52, -21.94, -21.34, -20.67, -19.91, -19.09, -18.15, -17.08, -15.78, -14.16, -11.73, -6.43, -0.60, 5.63, 5.63, 6.37, 6.32, 5.62, 3.73, -0.05, -5.23, -11.06, -13.88, -15.60, -16.92, -18.02, -18.98, -19.82, -20.58, -21.25, -21.88, -22.46, -22.98, -23.42, -23.80, -24.17, -24.54, -24.89, -25.27, -25.75, -26.06, -26.41, -26.66, -26.97, -27.23, -27.43, -27.67, -27.87, -28.06, -28.23, -28.43, -28.58, -28.63, -28.44, -27.96, -27.47, -27.29, -27.42, -27.76, -28.41, -29.19, -29.66, -29.85, -29.91, -29.97, -30.01, -30.06, -30.08, -30.00, -29.94, -29.75, -29.37, -27.96, -23.80, -19.92, -17.72, -16.89, -16.89
2026-10-01, 21:50:14, 88000000, 90500000, 19531.25, 15552, -15.76, -17.29, -19.13, -17.75, -14.56, -12.96, -13.47, -15.94, -19.19, -23.26, -27.52, -28.84, -29.31, -29.59, -29.74, -29.83, -29.84, -29.83, -29.82, -29.80, -29.66, -29.59, -29.34, -28.79, -27.81, -26.81, -26.66, -27.45, -28.19, -28.56, -28.66, -28.57, -28.37, -28.25, -28.04, -27.84, -27.65, -27.46, -27.21, -26.98, -26.69, -26.42, -26.11, -25.79, -25.41, -24.91, -24.47, -24.18, -23.89, -23.51, -23.04, -22.54, -22.00, -21.40, -20.74, -20.00, -19.22, -18.32, -17.29, -16.08, -14.66, -12.70, -9.43, -3.41, 5.37, 5.37, 7.65, 7.76, 5.56, 1.95, -1.88, -8.31, -12.18, -14.31, -15.86, -17.10, -18.14, -19.06, -19.89, -20.64, -21.30, -21.90, -22.47, -23.00, -23.45, -23.84, -24.15, -24.43, -24.82, -25.33, -25.76, -26.09, -26.40, -26.67, -26.91, -27.20, -27.40, -27.65, -27.84, -28.01, -28.21, -28.38, -28.56, -28.65, -28.64, -28.30, -27.50, -26.79, -26.87, -27.79, -28.78, -29.33, -29.69, -29.79, -29.89, -29.97, -29.99, -30.04, -30.06, -29.97, -29.93, -29.78, -29.51, -28.82, -25.99, -22.37, -18.76, -16.19, -16.19
2026-10-01, 21:50:15, 88000000, 90500000, 19531.25, 15552, -15.13, -17.29, -19.23, -18.05, -14.86, -12.36, -13.50, -16.46, -19.47, -22.16, -27.33, -28.81, -29.33, -29.55, -29.71, -29.80, -29.84, -29.83, -29.82, -29.80, -29.71, -29.60, -29.22, -28.89, -27.88, -26.77, -26.43, -27.59, -28.25, -28.49, -28.60, -28.55, -28.39, -28.23, -28.04, -27.85, -27.62, -27.41, -27.21, -26.92, -26.66, -26.38, -26.11, -25.76, -25.36, -24.91, -24.42, -24.15, -23.88, -23.50, -23.04, -22.53, -21.98, -21.37, -20.72, -20.00, -19.19, -18.29, -17.27, -16.06, -14.59, -12.55, -8.56, -2.03, 4.91, 4.91, 7.91, 8.22, 5.08, 1.55, -1.51, -7.34, -12.14, -14.33, -15.84, -17.09, -18.15, -19.07, -19.89, -20.61, -21.30, -21.91, -22.44, -22.99, -23.42, -23.80, -24.15, -24.38, -24.83, -25.32, -25.72, -26.06, -26.36, -26.65, -26.94, -27.19, -27.40, -27.64, -27.83, -28.01, -28.19, -28.34, -28.54, -28.64, -28.51, -28.33, -27.69, -26.59, -26.71, -27.92, -28.83, -29.27, -29.66, -29.81, -29.87, -29.95, -29.98, -30.00, -30.05, -29.95, -29.91, -29.77, -29.48, -28.63, -24.75, -22.13, -19.12, -16.44, -16.44
2026-10-01, 21:50:16, 88000000, 90500000, 19531.25, 15552, -17.44, -17.56, -17.21, -16.36, -15.44, -14.82, -14.72, -15.13, -16.44, -19.66, -24.07, -27.99, -29.04, -29.43, -29.63, -29.74, -29.80, -29.81, -29.81, -29.76, -29.66, -29.39, -28.87, -28.31, -27.86, -27.48, -27.42, -27.52, -27.71, -28.19, -28.45, -28.53, -28.38, -28.25, -28.05, -27.84, -27.61, -27.40, -27.17, -26.93, -26.66, -26.38, -26.06, -25.68, -25.25, -24.94, -24.53, -24.17, -23.77, -23.37, -22.94, -22.44, -21.85, -21.24, -20.55, -19.78, -18.93, -17.96, -16.80, -15.41, -13.55, -9.90, -3.18, 1.14, 5.19, 5.19, 5.95, 5.89, 5.35, 4.14, 1.20, -3.06, -9.58, -13.36, -15.28, -16.71, -17.88, -18.86, -19.71, -20.48, -21.19, -21.83, -22.37, -22.90, -23.38, -23.76, -24.15, -24.49, -24.88, -25.26, -25.64, -26.01, -26.38, -26.64, -26.93, -27.17, -27.41, -27.65, -27.83, -28.01, -28.20, -28.36, -28.54, -28.49, -28.18, -27.88, -27.57, -27.46, -27.55, -27.87, -28.28, -29.01, -29.50, -29.77, -29.90, -29.95, -29.96, -29.99, -29.99, -29.92, -29.83, -29.56, -28.92, -25.59, -21.62, -19.26, -17.85, -17.27, -17.27
2026-10-01, 21:50:17, 88000000, 90500000, 19531.25, 15616, -16.26, -17.50, -18.68, -17.47, -14.90, -13.49, -13.79, -15.89, -18.82, -22.79, -27.38, -28.94, -29.48, -29.72, -29.86, -29.93, -30.02, -29.98, -29.98, -29.95, -29.87, -29.74, -29.43, -28.80, -27.90, -27.12, -26.97, -27.54, -28.33, -28.64, -28.81, -28.71, -28.55, -28.41, -28.21, -28.02, -27.82, -27.61, -27.37, -27.12, -26.85, -26.55, -26.26, -25.93, -25.51, -25.05, -24.68, -24.36, -24.04, -23.66, -23.21, -22.69, -22.15, -21.55, -20.88, -20.15, -19.33, -18.45, -17.38, -16.17, -14.67, -12.66, -8.45, -2.32, 5.34, 5.34, 7.15, 7.22, 5.47, 2.25, -1.51, -7.41, -12.16, -14.44, -15.98, -17.25, -18.29, -19.22, -20.05, -20.78, -21.47, -22.08, -22.63, -23.16, -23.63, -23.97, -24.33, -24.63, -25.05, -25.49, -25.89, -26.24, -26.59, -26.84, -27.10, -27.36, -27.61, -27.84, -28.04, -28.22, -28.38, -28.52, -28.72, -28.83, -28.70, -28.38, -27.61, -27.13, -27.16, -27.95, -28.83, -29.46, -29.83, -29.97, -30.06, -30.11, -30.14, -30.21, -30.21, -30.14, -30.12, -29.95, -29.62, -28.72, -25.28, -21.44, -18.56, -16.57, -16.57
2026-10-01, 21:50:18, 88000000, 90500000, 19531.25, 15616, -14.92, -17.10, -20.11, -19.09, -14.86, -12.11, -13.11, -16.88, -21.41, -25.56, -28.37, -29.14, -29.54, -29.78, -29.90, -29.93, -29.95, -29.98, -29.92, -29.92, -29.85, -29.73, -29.50, -29.09, -28.09, -26.71, -26.38, -27.56, -28.51, -28.79, -28.80, -28.68, -28.51, -28.35, -28.18, -27.97, -27.75, -27.52, -27.31, -27.07, -26.79, -26.52, -26.23, -25.89, -25.52, -25.02, -24.53, -24.29, -24.04, -23.65, -23.17, -22.70, -22.15, -21.55, -20.90, -20.17, -19.37, -18.50, -17.50, -16.35, -14.98, -13.23, -10.42, -4.71, 4.48, 4.48, 8.19, 8.50, 5.25, 0.38, -4.82, -10.32, -13.06, -14.83, -16.22, -17.39, -18.40, -19.28, -20.09, -20.81, -21.47, -22.06, -22.62, -23.12, -23.60, -23.96, -24.26, -24.49, -24.95, -25.50, -25.87, -26.21, -26.49, -26.81, -27.06, -27.33, -27.52, -27.78, -27.95, -28.18, -28.32, -28.49, -28.64, -28.75, -28.81, -28.60, -27.86, -26.53, -26.59, -27.98, -29.10, -29.63, -29.84, -29.95, -29.97, -30.07, -30.09, -30.16, -30.12, -30.09, -30.05, -29.95, -29.66, -29.14, -27.05, -23.56, -20.02, -16.29, -16.29
2026-10-01, 21:50:19, 88000000, 90500000, 19531.25, 15616, -16.70, -17.50, -17.65, -16.64, -15.38, -14.00, -14.30, -15.52, -17.31, -20.52, -24.80, -28.12, -29.15, -29.49, -29.70, -29.79, -29.82, -29.87, -29.80, -29.77, -29.70, -29.45, -29.00, -28.43, -27.88, -27.31, -27.17, -27.52, -27.93, -28.33, -28.48, -28.54, -28.36, -28.26, -28.05, -27.85, -27.62, -27.39, -27.19, -26.91, -26.66, -26.38, -26.08, -25.70, -25.29, -24.90, -24.49, -24.16, -23.82, -23.41, -22.95, -22.46, -21.89, -21.27, -20.59, -19.85, -19.00, -18.04, -16.94, -15.63, -13.91, -10.77, -4.44, 0.18, 5.13, 5.13, 6.58, 6.63, 5.28, 3.42, 0.35, -4.03, -10.27, -13.71, -15.51, -16.86, -17.98, -18.94, -19.79, -20.55, -21.23, -21.85, -22.42, -22.94, -23.39, -23.76, -24.15, -24.51, -24.90, -25.28, -25.70, -26.02, -26.36, -26.67, -26.92, -27.21, -27.39, -27.67, -27.84, -28.04, -28.21, -28.38, -28.54, -28.55, -28.35, -27.96, -27.56, -27.16, -27.25, -27.85, -28.43, -29.08, -29.56, -29.78, -29.89, -29.89, -29.94, -30.02, -30.01, -29.97, -29.88, -29.65, -29.08, -26.67, -22.76, -19.72, -17.99, -17.10, -17.10
2026-10-01, 21:50:20, 88000000, 90500000, 19531.25, 15616, -17.72, -17.98, -17.08, -16.07, -15.36, -15.04, -15.10, -15.49, -16.17, -18.73, -24.14, -27.97, -29.07, -29.46, -29.68, -29.80, -29.84, -29.83, -29.83, -29.81, -29.72, -29.45, -28.92, -28.31, -27.78, -27.51, -27.47, -27.71, -27.82, -28.11, -28.45, -28.55, -28.39, -28.24, -28.08, -27.87, -27.63, -27.43, -27.21, -26.96, -26.70, -26.43, -26.09, -25.72, -25.27, -24.95, -24.60, -24.22, -23.85, -23.41, -22.96, -22.48, -21.89, -21.27, -20.60, -19.82, -18.97, -18.00, -16.86, -15.48, -13.70, -10.73, -4.03, 1.27, 5.37, 5.37, 5.89, 5.60, 4.83, 4.06, 2.03, -2.66, -9.31, -13.27, -15.20, -16.65, -17.83, -18.84, -19.70, -20.49, -21.19, -21.81, -22.39, -22.91, -23.37, -23.74, -24.15, -24.53, -24.91, -25.30, -25.64, -26.03, -26.39, -26.67, -26.95, -27.22, -27.42, -27.67, -27.88, -28.05, -28.23, -28.40, -28.57, -28.54, -28.18, -27.78, -27.54, -27.54, -27.71, -28.02, -28.29, -28.86, -29.56, -29.80, -29.88, -29.93, -29.93, -30.01, -30.02, -29.93, -29.84, -29.61, -28.97, -26.57, -21.98, -18.80, -17.57, -17.24, -17.24
2026-10-01, 21:50:21, 88000000, 90500000, 19531.25, 15552, -17.62, -18.04, -17.25, -16.01, -15.35, -14.91, -15.11, -15.64, -16.58, -18.22, -23.16, -27.63, -28.88, -29.38, -29.65, -29.75, -29.82, -29.82, -29.80, -29.80, -29.69, -29.50, -28.93, -28.26, -27.74, -27.45, -27.52, -27.72, -27.86, -28.08, -28.36, -28.53, -28.42, -28.22, -28.04, -27.86, -27.65, -27.44, -27.21, -26.94, -26.67, -26.41, -26.07, -25.69, -25.30, -24.94, -24.58, -24.20, -23.86, -23.41, -22.95, -22.47, -21.91, -21.27, -20.58, -19.83, -18.97, -18.00, -16.85, -15.50, -13.73, -10.42, -4.68, 1.01, 5.44, 5.44, 5.90, 5.66, 4.76, 3.73, 1.96, -1.40, -9.00, -13.10, -15.15, -16.62, -17.82, -18.82, -19.70, -20.47, -21.20, -21.82, -22.41, -22.93, -23.35, -23.73, -24.16, -24.55, -24.91, -25.32, -25.68, -26.03, -26.39, -26.69, -26.95, -27.23, -27.44, -27.66, -27.86, -28.07, -28.26, -28.38, -28.54, -28.58, -28.28, -27.78, -27.51, -27.53, -27.65, -28.04, -28.43, -28.90, -29.42, -29.82, -29.94, -29.94, -29.98, -30.03, -30.04, -29.97, -29.87, -29.66, -29.03, -26.89, -22.14, -18.92, -17.40, -17.30, -17.30
2026-10-01, 21:50:22, 88000000, 90500000, 19531.25, 15488, -17.91, -17.87, -16.87, -15.94, -15.57, -15.25, -15.14, -15.45, -15.96, -18.57, -24.44, -28.07, -29.03, -29.44, -29.64, -29.79, -29.85, -29.83, -29.81, -29.80, -29.73, -29.49, -28.75, -28.18, -27.77, -27.61, -27.61, -27.72, -27.78, -28.01, -28.49, -28.57, -28.40, -28.27, -28.06, -27.85, -27.62, -27.46, -27.21, -26.96, -26.70, -26.41, -26.07, -25.67, -25.28, -24.94, -24.58, -24.18, -23.79, -23.41, -22.92, -22.44, -21.86, -21.23, -20.54, -19.77, -18.90, -17.93, -16.79, -15.38, -13.57, -10.45, -4.21, 1.77, 5.27, 5.27, 5.58, 5.45, 4.91, 4.16, 2.39, -2.79, -10.03, -13.36, -15.27, -16.69, -17.88, -18.86, -19.74, -20.51, -21.22, -21.84, -22.41, -22.93, -23.38, -23.78, -24.20, -24.57, -24.93, -25.32, -25.66, -26.05, -26.42, -26.71, -26.96, -27.22, -27.44, -27.70, -27.89, -28.04, -28.22, -28.39, -28.56, -28.59, -28.13, -27.83, -27.58, -27.63, -27.72, -27.99, -28.31, -28.82, -29.53, -29.83, -29.90, -29.96, -29.96, -29.99, -30.02, -29.95, -29.85, -29.61, -29.04, -26.71, -21.45, -18.44, -17.50, -17.48, -17.48
2026-10-01, 21:50:23, 88000000, 90500000, 19531.25, 15488, -17.12, -17.76, -17.56, -16.75, -15.30, -14.40, -14.66, -15.60, -17.15, -19.91, -25.32, -28.43, -29.26, -29.61, -29.79, -29.89, -29.93, -29.95, -29.92, -29.87, -29.77, -29.60, -29.07, -28.51, -27.90, -27.42, -27.42, -27.66, -28.01, -28.34, -28.68, -28.65, -28.51, -28.37, -28.15, -27.95, -27.77, -27.55, -27.32, -27.08, -26.82, -26.53, -26.20, -25.80, -25.42, -25.04, -24.68, -24.29, -23.94, -23.54, -23.11, -22.59, -22.04, -21.41, -20.72, -19.98, -19.13, -18.19, -17.07, -15.75, -14.03, -11.31, -5.25, 0.53, 5.11, 5.11, 6.34, 6.22, 5.10, 3.43, 0.92, -4.22, -10.60, -13.78, -15.60, -16.97, -18.08, -19.07, -19.91, -20.68, -21.36, -22.00, -22.54, -23.08, -23.53, -23.91, -24.26, -24.66, -25.05, -25.43, -25.81, -26.16, -26.51, -26.80, -27.06, -27.36, -27.53, -27.79, -27.98, -28.17, -28.32, -28.50, -28.67, -28.70, -28.41, -28.05, -27.72, -27.42, -27.49, -28.06, -28.56, -29.10, -29.69, -29.95, -30.00, -30.04, -30.08, -30.12, -30.16, -30.08, -30.00, -29.77, -29.26, -27.52, -22.53, -19.55, -18.15, -17.11, -17.11
2026-10-01, 21:50:24, 88000000, 90500000, 19531.25, 15616, -17.30, -17.61, -17.40, -16.64, -15.63, -14.63, -14.55, -15.52, -16.97, -20.26, -25.68, -28.51, -29.30, -29.65, -29.83, -29.93, -29.99, -29.97, -29.98, -29.93, -29.86, -29.63, -29.03, -28.48, -27.97, -27.58, -27.44, -27.65, -28.07, -28.36, -28.67, -28.69, -28.52, -28.38, -28.19, -27.99, -27.78, -27.57, -27.34, -27.09, -26.83, -26.53, -26.21, -25.84, -25.43, -25.08, -24.69, -24.31, -23.97, -23.55, -23.11, -22.62, -22.04, -21.44, -20.74, -19.99, -19.14, -18.18, -17.05, -15.74, -14.02, -11.35, -5.08, 1.00, 5.02, 5.02, 5.96, 6.20, 5.22, 3.53, 0.83, -4.41, -10.94, -13.85, -15.63, -16.98, -18.11, -19.07, -19.93, -20.69, -21.38, -22.00, -22.58, -23.07, -23.54, -23.92, -24.32, -24.67, -25.03, -25.44, -25.82, -26.19, -26.53, -26.81, -27.07, -27.35, -27.53, -27.82, -27.97, -28.19, -28.38, -28.52, -28.66, -28.70, -28.33, -28.04, -27.75, -27.52, -27.53, -28.01, -28.47, -29.16, -29.73, -29.93, -30.03, -30.06, -30.07, -30.17, -30.15, -30.07, -30.00, -29.76, -29.29, -27.37, -22.15, -19.31, -18.04, -17.45, -17.45
2026-10-01, 21:50:25, 88000000, 90500000, 19531.25, 15616, -17.31, -17.73, -17.28, -16.45, -15.36, -14.60, -14.80, -15.63, -16.76, -19.29, -24.95, -27.94, -29.13, -29.49, -29.70, -29.80, -29.87, -29.88, -29.85, -29.80, -29.75, -29.57, -28.89, -28.36, -27.79, -27.45, -27.41, -27.68, -27.90, -28.20, -28.53, -28.55, -28.44, -28.26, -28.08, -27.88, -27.66, -27.45, -27.22, -27.00, -26.70, -26.43, -26.09, -25.73, -25.33, -24.96, -24.57, -24.24, -23.85, -23.44, -22.97, -22.48, -21.91, -21.30, -20.59, -19.83, -18.98, -18.01, -16.87, -15.52, -13.75, -10.92, -4.94, 1.47, 5.24, 5.24, 6.13, 6.07, 4.89, 3.69, 1.45, -3.44, -10.00, -13.47, -15.47, -16.84, -18.00, -18.97, -19.81, -20.59, -21.29, -21.92, -22.49, -23.00, -23.46, -23.85, -24.25, -24.58, -24.97, -25.35, -25.75, -26.10, -26.44, -26.75, -26.99, -27.27, -27.48, -27.73, -27.90, -28.11, -28.30, -28.43, -28.58, -28.61, -28.21, -27.99, -27.63, -27.47, -27.55, -27.96, -28.47, -29.01, -29.60, -29.87, -29.96, -30.01, -30.00, -30.08, -30.07, -30.05, -29.92, -29.70, -29.20, -27.42, -21.71, -19.07, -17.87, -17.19, -17.19
2026-10-01, 21:50:26, 88000000, 90500000, 19531.25, 15744, -16.54, -17.41, -18.26, -17.08, -15.02, -13.79, -13.86, -15.47, -18.03, -22.09, -26.99, -28.73, -29.36, -29.65, -29.75, -29.86, -29.92, -29.91, -29.91, -29.86, -29.83, -29.65, -29.25, -28.66, -27.82, -27.23, -27.08, -27.49, -28.07, -28.54, -28.68, -28.67, -28.47, -28.34, -28.12, -27.95, -27.75, -27.51, -27.30, -27.05, -26.77, -26.49, -26.18, -25.82, -25.41, -24.98, -24.62, -24.29, -23.96, -23.57, -23.12, -22.61, -22.04, -21.45, -20.78, -20.04, -19.24, -18.30, -17.26, -16.01, -14.46, -12.20, -7.23, -1.55, 5.37, 5.37, 6.79, 7.07, 5.62, 2.95, -0.59, -7.04, -11.86, -14.23, -15.82, -17.08, -18.16, -19.09, -19.91, -20.68, -21.34, -21.97, -22.53, -23.04, -23.52, -23.85, -24.22, -24.55, -24.95, -25.39, -25.78, -26.16, -26.48, -26.76, -27.01, -27.30, -27.49, -27.76, -27.92, -28.10, -28.30, -28.46, -28.64, -28.71, -28.58, -28.22, -27.57, -27.17, -27.15, -27.78, -28.63, -29.29, -29.72, -29.87, -29.97, -30.01, -30.02, -30.09, -30.10, -30.07, -30.00, -29.81, -29.43, -28.26, -24.36, -20.92, -18.29, -16.71, -16.71
2026-10-01, 21:50:27, 88000000, 90500000, 19531.25, 15616, -17.43, -17.48, -17.19, -16.61, -15.55, -14.74, -14.45, -15.32, -16.94, -20.01, -25.14, -28.26, -29.19, -29.56, -29.75, -29.83, -29.90, -29.94, -29.90, -29.84, -29.77, -29.55, -28.99, -28.37, -27.96, -27.47, -27.41, -27.54, -27.90, -28.31, -28.52, -28.62, -28.44, -28.30, -28.07, -27.89, -27.70, -27.46, -27.25, -26.99, -26.75, -26.45, -26.13, -25.74, -25.37, -24.99, -24.60, -24.23, -23.88, -23.47, -23.02, -22.53, -21.92, -21.33, -20.63, -19.86, -19.02, -18.07, -16.93, -15.58, -13.79, -10.63, -4.60, 1.06, 5.04, 5.04, 5.99, 6.08, 5.43, 3.70, 0.91, -3.89, -10.50, -13.74, -15.55, -16.90, -18.04, -19.01, -19.85, -20.63, -21.31, -21.94, -22.52, -23.00, -23.44, -23.87, -24.26, -24.62, -24.97, -25.36, -25.75, -26.12, -26.46, -26.75, -27.02, -27.30, -27.45, -27.74, -27.91, -28.12, -28.29, -28.45, -28.62, -28.58, -28.30, -27.96, -27.70, -27.51, -27.50, -27.88, -28.48, -29.11, -29.68, -29.89, -29.93, -30.02, -30.02, -30.10, -30.11, -30.02, -29.94, -29.70, -29.15, -26.91, -22.14, -19.06, -18.02, -17.37, -17.37
2026-10-01, 21:50:28, 88000000, 90500000, 19531.25, 15488, -17.67, -18.04, -17.22, -16.03, -15.49, -14.98, -15.06, -15.52, -16.45, -18.94, -24.15, -28.02, -29.11, -29.50, -29.73, -29.82, -29.91, -29.93, -29.89, -29.85, -29.81, -29.61, -28.98, -28.25, -27.83, -27.63, -27.55, -27.75, -27.93, -28.16, -28.53, -28.64, -28.46, -28.33, -28.12, -27.90, -27.72, -27.52, -27.28, -27.02, -26.77, -26.48, -26.15, -25.76, -25.37, -25.03, -24.65, -24.29, -23.89, -23.49, -23.03, -22.55, -21.99, -21.35, -20.68, -19.91, -19.05, -18.11, -16.99, -15.66, -13.90, -11.02, -5.25, 1.02, 5.33, 5.33, 5.75, 5.69, 4.94, 3.74, 1.91, -2.82, -9.58, -13.36, -15.32, -16.76, -17.93, -18.92, -19.79, -20.56, -21.26, -21.90, -22.48, -23.00, -23.46, -23.84, -24.22, -24.60, -25.01, -25.38, -25.73, -26.10, -26.45, -26.73, -27.03, -27.29, -27.49, -27.75, -27.94, -28.11, -28.29, -28.46, -28.62, -28.64, -28.31, -27.81, -27.62, -27.57, -27.69, -28.02, -28.44, -28.96, -29.62, -29.89, -29.98, -30.03, -30.04, -30.09, -30.13, -30.06, -29.92, -29.72, -29.12, -27.42, -22.33, -18.91, -17.46, -17.43, -17.43
2026-10-01, 21:50:29, 88000000, 90500000, 19531.25, 15616, -16.57, -17.82, -17.95, -16.84, -15.25, -13.80, -14.42, -16.04, -17.54, -20.03, -24.67, -28.26, -29.21, -29.60, -29.74, -29.86, -29.91, -29.94, -29.91, -29.87, -29.80, -29.60, -29.18, -28.46, -27.96, -27.27, -27.15, -27.75, -28.16, -28.39, -28.57, -28.66, -28.50, -28.36, -28.14, -27.95, -27.76, -27.52, -27.32, -27.06, -26.81, -26.50, -26.19, -25.83, -25.42, -25.03, -24.61, -24.28, -23.97, -23.55, -23.12, -22.62, -22.06, -21.43, -20.76, -20.02, -19.18, -18.24, -17.16, -15.86, -14.24, -11.79, -6.25, -0.25, 5.05, 5.05, 6.81, 6.75, 4.89, 2.92, 0.59, -3.61, -10.34, -13.84, -15.64, -16.99, -18.11, -19.07, -19.93, -20.68, -21.37, -21.99, -22.57, -23.07, -23.51, -23.90, -24.29, -24.58, -25.03, -25.44, -25.80, -26.17, -26.50, -26.81, -27.06, -27.31, -27.53, -27.74, -28.00, -28.15, -28.33, -28.48, -28.66, -28.73, -28.52, -28.06, -27.76, -27.22, -27.35, -28.07, -28.61, -29.18, -29.67, -29.92, -30.05, -30.05, -30.08, -30.14, -30.15, -30.08, -30.02, -29.80, -29.40, -27.76, -23.59, -19.84, -18.14, -16.98, -16.98
2026-10-01, 21:50:30, 88000000, 90500000, 19531.25, 15552, -16.99, -17.64, -17.72, -16.70, -15.31, -14.26, -14.51, -15.79, -16.85, -19.85, -25.82, -28.38, -29.18, -29.53, -29.73, -29.83, -29.86, -29.88, -29.89, -29.80, -29.77, -29.53, -29.01, -28.48, -27.93, -27.39, -27.28, -27.65, -27.99, -28.27, -28.58, -28.61, -28.44, -28.27, -28.11, -27.89, -27.71, -27.49, -27.27, -27.04, -26.74, -26.45, -26.12, -25.78, -25.38, -25.00, -24.60, -24.25, -23.90, -23.47, -23.05, -22.55, -21.97, -21.35, -20.67, -19.92, -19.07, -18.13, -17.01, -15.67, -13.94, -10.73, -4.84, 0.50, 5.08, 5.08, 6.49, 6.37, 5.03, 3.43, 1.15, -4.33, -10.82, -13.76, -15.52, -16.89, -18.04, -18.99, -19.85, -20.61, -21.30, -21.94, -22.49, -23.01, -23.48, -23.88, -24.23, -24.60, -24.96, -25.39, -25.76, -26.14, -26.48, -26.75, -27.01, -27.30, -27.49, -27.75, -27.96, -28.14, -28.31, -28.46, -28.60, -28.66, -28.37, -28.06, -27.67, -27.27, -27.43, -28.03, -28.55, -29.09, -29.68, -29.93, -30.01, -30.08, -30.05, -30.15, -30.15, -30.08, -29.99, -29.78, -29.26, -27.13, -22.44, -19.69, -18.14, -17.09, -17.09
2026-10-01, 21:50:31, 88000000, 90500000, 19531.25, 15872, -16.62, -17.57, -17.47, -16.88, -15.67, -13.94, -14.15, -15.36, -17.25, -21.60, -26.25, -28.66, -29.38, -29.70, -29.82, -29.92, -29.96, -29.95, -29.94, -29.89, -29.81, -29.65, -29.08, -28.56, -28.04, -27.37, -27.09, -27.62, -27.99, -28.48, -28.69, -28.64, -28.50, -28.36, -28.15, -27.94, -27.75, -27.53, -27.29, -27.06, -26.79, -26.52, -26.18, -25.82, -25.44, -25.04, -24.63, -24.27, -23.91, -23.54, -23.11, -22.59, -22.05, -21.43, -20.74, -20.00, -19.16, -18.23, -17.15, -15.86, -14.26, -11.82, -6.63, 0.30, 4.83, 4.83, 6.38, 6.93, 5.31, 3.64, -0.14, -5.92, -11.04, -14.03, -15.67, -16.99, -18.09, -19.05, -19.88, -20.65, -21.31, -21.94, -22.51, -23.01, -23.48, -23.87, -24.25, -24.55, -24.97, -25.39, -25.78, -26.13, -26.45, -26.75, -26.99, -27.28, -27.47, -27.73, -27.91, -28.10, -28.29, -28.45, -28.62, -28.69, -28.39, -27.98, -27.73, -27.41, -27.18, -27.86, -28.46, -29.21, -29.70, -29.88, -29.92, -29.99, -30.03, -30.06, -30.09, -30.00, -29.89, -29.72, -29.29, -27.90, -23.28, -19.56, -18.29, -17.40, -17.40
2026-10-01, 21:50:32, 88000000, 90500000, 19531.25, 15744, -17.72, -17.45, -16.86, -16.44, -15.89, -15.09, -14.47, -14.98, -16.52, -20.83, -26.20, -28.58, -29.29, -29.61, -29.78, -29.88, -29.89, -29.95, -29.92, -29.90, -29.80, -29.60, -28.87, -28.29, -27.99, -27.68, -27.53, -27.58, -27.80, -28.34, -28.70, -28.65, -28.48, -28.35, -28.15, -27.93, -27.77, -27.52, -27.28, -27.06, -26.79, -26.49, -26.16, -25.78, -25.41, -25.07, -24.66, -24.28, -23.91, -23.51, -23.07, -22.57, -22.00, -21.38, -20.71, -19.95, -19.10, -18.12, -17.02, -15.67, -13.97, -11.34, -5.07, 1.49, 4.92, 4.92, 5.55, 5.98, 5.58, 4.16, 0.81, -5.51, -11.08, -13.85, -15.57, -16.93, -18.05, -19.01, -19.87, -20.63, -21.32, -21.95, -22.52, -23.03, -23.47, -23.87, -24.28, -24.64, -24.97, -25.37, -25.75, -26.17, -26.50, -26.76, -27.03, -27.32, -27.50, -27.73, -27.96, -28.14, -28.31, -28.49, -28.63, -28.70, -28.27, -27.93, -27.75, -27.68, -27.56, -27.82, -28.38, -29.10, -29.72, -29.93, -30.00, -30.01, -30.08, -30.11, -30.13, -30.03, -29.95, -29.72, -29.23, -27.39, -21.91, -18.74, -17.93, -17.71, -17.71
2026-10-01, 21:50:33, 88000000, 90500000, 19531.25, 15616, -17.94, -17.93, -17.01, -16.18, -15.66, -15.32, -15.40, -15.51, -16.09, -18.44, -24.10, -28.07, -29.08, -29.49, -29.74, -29.81, -29.90, -29.90, -29.91, -29.86, -29.79, -29.49, -28.85, -28.33, -27.88, -27.70, -27.69, -27.81, -27.92, -28.07, -28.53, -28.60, -28.48, -28.31, -28.13, -27.91, -27.73, -27.51, -27.28, -27.02, -26.77, -26.45, -26.13, -25.77, -25.40, -25.02, -24.66, -24.27, -23.89, -23.48, -23.03, -22.51, -21.93, -21.33, -20.61, -19.84, -18.97, -17.98, -16.82, -15.40, -13.51, -10.14, -2.84, 1.65, 5.09, 5.09, 5.53, 5.27, 4.74, 3.98, 2.42, -2.52, -9.79, -13.35, -15.29, -16.73, -17.94, -18.93, -19.80, -20.58, -21.28, -21.90, -22.50, -22.99, -23.47, -23.88, -24.27, -24.66, -25.03, -25.40, -25.75, -26.12, -26.48, -26.77, -27.05, -27.29, -27.55, -27.75, -27.97, -28.13, -28.31, -28.47, -28.62, -28.55, -28.23, -27.87, -27.75, -27.67, -27.85, -28.08, -28.35, -28.83, -29.63, -29.91, -30.01, -30.03, -30.06, -30.10, -30.12, -30.01, -29.92, -29.64, -28.98, -25.99, -21.08, -18.66, -17.75, -17.59, -17.59
2026-10-01, 21:50:34, 88000000, 90500000, 19531.25, 15552, -17.77, -18.08, -17.29, -16.13, -15.33, -15.04, -15.14, -15.46, -16.27, -18.98, -24.77, -28.13, -29.11, -29.51, -29.73, -29.85, -29.88, -29.90, -29.91, -29.89, -29.80, -29.60, -29.07, -28.30, -27.84, -27.63, -27.58, -27.76, -27.93, -28.23, -28.56, -28.67, -28.53, -28.38, -28.17, -27.97, -27.77, -27.57, -27.31, -27.09, -26.81, -26.55, -26.24, -25.86, -25.45, -25.07, -24.73, -24.32, -23.96, -23.53, -23.09, -22.62, -22.04, -21.43, -20.74, -19.97, -19.16, -18.17, -17.08, -15.74, -14.02, -11.27, -4.90, 0.66, 5.39, 5.39, 5.85, 5.55, 4.88, 4.04, 1.92, -3.28, -10.19, -13.52, -15.41, -16.84, -18.00, -19.00, -19.84, -20.63, -21.32, -21.96, -22.53, -23.06, -23.51, -23.90, -24.28, -24.67, -25.06, -25.42, -25.76, -26.14, -26.54, -26.82, -27.06, -27.35, -27.56, -27.82, -27.99, -28.19, -28.37, -28.55, -28.72, -28.74, -28.38, -27.95, -27.61, -27.59, -27.81, -28.10, -28.38, -28.99, -29.70, -29.97, -30.06, -30.09, -30.13, -30.19, -30.19, -30.10, -30.04, -29.79, -29.28, -27.32, -22.44, -19.09, -17.65, -17.24, -17.24
2026-10-01, 21:50:35, 88000000, 90500000, 19531.25, 15680, -17.52, -17.82, -17.37, -16.31, -15.35, -14.86, -14.71, -15.20, -16.65, -20.18, -25.78, -28.52, -29.30, -29.64, -29.81, -29.89, -29.94, -29.93, -29.94, -29.90, -29.83, -29.62, -29.13, -28.43, -27.76, -27.56, -27.49, -27.67, -27.90, -28.32, -28.66, -28.67, -28.50, -28.35, -28.14, -27.95, -27.76, -27.54, -27.29, -27.07, -26.81, -26.52, -26.20, -25.81, -25.40, -25.06, -24.67, -24.31, -23.93, -23.53, -23.10, -22.58, -22.03, -21.41, -20.73, -19.99, -19.16, -18.20, -17.09, -15.78, -14.03, -11.07, -5.18, 0.36, 5.48, 5.48, 5.93, 5.96, 5.31, 3.88, 1.04, -4.65, -10.64, -13.70, -15.49, -16.85, -18.00, -18.99, -19.85, -20.59, -21.29, -21.93, -22.50, -23.02, -23.47, -23.84, -24.23, -24.62, -24.99, -25.37, -25.75, -26.14, -26.46, -26.77, -27.02, -27.28, -27.49, -27.77, -27.94, -28.11, -28.29, -28.45, -28.60, -28.64, -28.39, -28.03, -27.58, -27.53, -27.58, -27.86, -28.45, -29.11, -29.75, -29.93, -30.01, -30.04, -30.07, -30.10, -30.11, -30.04, -29.97, -29.73, -29.22, -27.05, -22.81, -19.52, -17.66, -17.22, -17.22
2026-10-01, 21:50:36, 88000000, 90500000, 19531.25, 15616, -17.02, -17.81, -17.67, -16.67, -15.39, -14.32, -14.58, -15.80, -16.71, -20.07, -25.21, -28.36, -29.23, -29.61, -29.83, -29.91, -29.99, -29.98, -29.98, -29.93, -29.88, -29.65, -29.14, -28.46, -28.01, -27.47, -27.39, -27.75, -28.02, -28.36, -28.67, -28.72, -28.55, -28.42, -28.24, -28.02, -27.84, -27.61, -27.36, -27.14, -26.86, -26.55, -26.26, -25.90, -25.50, -25.14, -24.73, -24.38, -24.01, -23.61, -23.15, -22.68, -22.10, -21.49, -20.81, -20.06, -19.22, -18.29, -17.16, -15.85, -14.14, -11.39, -5.22, 0.35, 5.07, 5.07, 6.34, 6.40, 4.90, 3.57, 1.11, -4.00, -10.76, -13.84, -15.65, -17.00, -18.16, -19.09, -19.96, -20.73, -21.40, -22.04, -22.61, -23.12, -23.57, -23.96, -24.33, -24.65, -25.06, -25.48, -25.84, -26.24, -26.55, -26.85, -27.13, -27.37, -27.60, -27.82, -28.04, -28.22, -28.40, -28.56, -28.68, -28.78, -28.45, -28.10, -27.80, -27.42, -27.48, -28.08, -28.62, -29.16, -29.72, -30.01, -30.06, -30.13, -30.14, -30.19, -30.23, -30.12, -30.01, -29.83, -29.32, -27.24, -22.88, -19.53, -18.15, -17.16, -17.16
2026-10-01, 21:50:37, 88000000, 90500000, 19531.25, 15616, -16.77, -17.82, -17.86, -16.90, -15.19, -14.04, -14.72, -15.93, -17.42, -19.88, -25.14, -28.46, -29.29, -29.68, -29.82, -29.91, -29.97, -29.98, -29.95, -29.91, -29.82, -29.62, -29.11, -28.57, -27.97, -27.37, -27.30, -27.85, -28.10, -28.34, -28.68, -28.69, -28.52, -28.38, -28.19, -28.00, -27.76, -27.59, -27.35, -27.08, -26.82, -26.54, -26.21, -25.86, -25.45, -25.07, -24.67, -24.33, -23.97, -23.59, -23.13, -22.62, -22.03, -21.45, -20.75, -19.99, -19.16, -18.20, -17.07, -15.74, -14.01, -10.98, -4.14, 0.26, 5.09, 5.09, 6.73, 6.39, 4.77, 3.13, 0.85, -4.00, -10.88, -13.92, -15.71, -17.06, -18.17, -19.12, -19.97, -20.72, -21.43, -22.03, -22.61, -23.11, -23.55, -23.96, -24.32, -24.64, -25.08, -25.47, -25.86, -26.21, -26.55, -26.82, -27.11, -27.37, -27.58, -27.81, -28.03, -28.23, -28.37, -28.54, -28.69, -28.68, -28.46, -28.19, -27.74, -27.23, -27.49, -28.13, -28.66, -29.16, -29.71, -29.93, -30.06, -30.07, -30.11, -30.14, -30.18, -30.06, -30.00, -29.77, -29.23, -26.55, -22.45, -19.86, -18.25, -16.93, -16.93
2026-10-01, 21:50:38, 88000000, 90500000, 19531.25, 15488, -17.45, -17.55, -17.46, -16.51, -15.53, -14.77, -14.52, -15.29, -17.00, -20.09, -25.50, -28.41, -29.25, -29.62, -29.83, -29.90, -29.97, -29.97, -29.97, -29.89, -29.84, -29.63, -29.11, -28.45, -27.87, -27.65, -27.42, -27.56, -27.99, -28.34, -28.65, -28.68, -28.52, -28.34, -28.18, -27.98, -27.76, -27.53, -27.29, -27.07, -26.80, -26.50, -26.19, -25.85, -25.42, -25.06, -24.66, -24.31, -23.96, -23.53, -23.07, -22.60, -22.01, -21.40, -20.70, -19.96, -19.12, -18.14, -17.05, -15.72, -13.98, -11.25, -5.35, 0.67, 5.14, 5.14, 5.87, 6.16, 5.45, 3.57, 0.93, -4.27, -10.75, -13.74, -15.56, -16.93, -18.05, -19.04, -19.89, -20.64, -21.34, -21.96, -22.55, -23.05, -23.51, -23.89, -24.27, -24.65, -25.02, -25.42, -25.80, -26.14, -26.49, -26.79, -27.07, -27.32, -27.53, -27.78, -27.96, -28.15, -28.33, -28.48, -28.66, -28.68, -28.32, -28.06, -27.73, -27.57, -27.50, -27.95, -28.48, -29.12, -29.71, -29.91, -29.95, -30.04, -30.07, -30.10, -30.15, -30.08, -29.98, -29.76, -29.34, -27.54, -22.29, -19.55, -17.90, -17.38, -17.38
2026-10-01, 21:50:39, 88000000, 90500000, 19531.25, 15552, -17.15, -17.80, -17.49, -16.67, -15.31, -14.41, -14.47, -15.19, -17.26, -21.10, -26.40, -28.62, -29.28, -29.62, -29.78, -29.89, -29.91, -29.95, -29.91, -29.87, -29.79, -29.61, -29.13, -28.49, -27.95, -27.37, -27.27, -27.56, -27.96, -28.41, -28.70, -28.67, -28.48, -28.32, -28.16, -27.95, -27.76, -27.54, -27.30, -27.07, -26.80, -26.51, -26.20, -25.82, -25.45, -25.06, -24.67, -24.29, -23.93, -23.54, -23.11, -22.60, -22.05, -21.41, -20.75, -20.00, -19.16, -18.22, -17.13, -15.81, -14.17, -11.72, -6.56, -0.09, 5.21, 5.21, 6.32, 6.36, 5.40, 3.61, 0.29, -5.81, -11.58, -14.11, -15.74, -17.06, -18.17, -19.12, -19.96, -20.72, -21.38, -22.01, -22.58, -23.09, -23.55, -23.93, -24.32, -24.65, -25.04, -25.41, -25.82, -26.19, -26.54, -26.80, -27.07, -27.35, -27.54, -27.81, -27.98, -28.18, -28.37, -28.50, -28.68, -28.76, -28.47, -28.07, -27.62, -27.47, -27.54, -27.93, -28.54, -29.26, -29.79, -29.97, -30.04, -30.07, -30.14, -30.17, -30.20, -30.13, -30.02, -29.86, -29.46, -27.98, -23.50, -19.69, -18.02, -17.07, -17.07
2026-10-01, 21:50:40, 88000000, 90500000, 19531.25, 15552, -17.34, -17.53, -17.32, -16.67, -15.68, -14.68, -14.44, -15.21, -16.83, -20.40, -26.41, -28.60, -29.32, -29.65, -29.83, -29.89, -29.95, -29.96, -29.91, -29.88, -29.78, -29.57, -29.05, -28.44, -27.92, -27.59, -27.49, -27.56, -27.94, -28.37, -28.71, -28.67, -28.48, -28.36, -28.18, -27.95, -27.76, -27.54, -27.31, -27.08, -26.80, -26.52, -26.18, -25.82, -25.45, -25.05, -24.65, -24.30, -23.93, -23.54, -23.09, -22.59, -22.03, -21.41, -20.73, -19.98, -19.13, -18.16, -17.04, -15.72, -13.93, -10.98, -4.81, 0.90, 4.94, 4.94, 5.98, 6.17, 5.46, 3.70, 1.06, -5.51, -11.18, -13.84, -15.58, -16.95, -18.05, -19.03, -19.88, -20.64, -21.33, -21.96, -22.52, -23.05, -23.49, -23.87, -24.31, -24.62, -24.96, -25.40, -25.78, -26.18, -26.50, -26.80, -27.05, -27.31, -27.53, -27.77, -27.96, -28.13, -28.33, -28.48, -28.64, -28.66, -28.33, -28.11, -27.75, -27.44, -27.53, -27.84, -28.50, -29.10, -29.72, -29.91, -29.99, -30.05, -30.07, -30.14, -30.16, -30.03, -29.98, -29.74, -29.21, -26.99, -22.23, -19.45, -18.12, -17.49, -17.49
2026-10-01, 21:50:41, 88000000, 90500000, 19531.25, 15616, -17.87, -18.01, -17.26, -16.07, -15.44, -15.21, -15.06, -15.51, -16.43, -19.42, -24.48, -28.22, -29.15, -29.54, -29.78, -29.89, -29.90, -29.95, -29.95, -29.91, -29.84, -29.62, -29.05, -28.26, -27.85, -27.59, -27.62, -27.74, -27.93, -28.27, -28.58, -28.67, -28.50, -28.37, -28.17, -27.96, -27.77, -27.57, -27.30, -27.08, -26.83, -26.51, -26.20, -25.82, -25.41, -25.04, -24.71, -24.33, -23.95, -23.51, -23.09, -22.58, -22.01, -21.39, -20.71, -19.95, -19.09, -18.11, -16.98, -15.63, -13.87, -10.99, -4.81, 0.74, 5.42, 5.42, 5.72, 5.51, 5.00, 3.79, 1.58, -3.15, -10.16, -13.62, -15.45, -16.89, -18.01, -19.00, -19.87, -20.64, -21.33, -21.97, -22.54, -23.06, -23.50, -23.90, -24.30, -24.66, -25.05, -25.44, -25.80, -26.18, -26.54, -26.81, -27.08, -27.35, -27.54, -27.78, -27.97, -28.17, -28.33, -28.53, -28.68, -28.69, -28.42, -27.93, -27.64, -27.66, -27.81, -28.05, -28.48, -29.09, -29.68, -29.94, -30.05, -30.08, -30.12, -30.14, -30.16, -30.07, -30.01, -29.76, -29.23, -26.99, -22.50, -19.04, -17.50, -17.34, -17.34
2026-10-01, 21:50:42, 88000000, 90500000, 19531.25, 15616, -17.56, -17.89, -17.34, -16.34, -15.51, -14.85, -14.89, -15.66, -16.77, -19.32, -24.46, -28.17, -29.17, -29.58, -29.75, -29.86, -29.93, -29.92, -29.92, -29.87, -29.79, -29.56, -29.04, -28.36, -27.83, -27.59, -27.52, -27.73, -28.01, -28.28, -28.58, -28.67, -28.50, -28.36, -28.16, -27.96, -27.76, -27.54, -27.30, -27.04, -26.79, -26.50, -26.18, -25.82, -25.40, -25.05, -24.68, -24.30, -23.93, -23.52, -23.04, -22.57, -21.99, -21.36, -20.70, -19.91, -19.07, -18.10, -16.96, -15.61, -13.82, -10.74, -4.83, 0.87, 5.29, 5.29, 5.87, 5.84, 4.87, 3.62, 1.54, -3.34, -9.69, -13.59, -15.46, -16.87, -18.01, -18.99, -19.85, -20.63, -21.33, -21.95, -22.54, -23.05, -23.50, -23.87, -24.31, -24.63, -25.02, -25.43, -25.79, -26.15, -26.52, -26.79, -27.06, -27.34, -27.52, -27.78, -27.98, -28.18, -28.35, -28.48, -28.66, -28.65, -28.37, -27.98, -27.65, -27.58, -27.66, -28.07, -28.51, -29.04, -29.65, -29.91, -30.02, -30.04, -30.09, -30.14, -30.14, -30.05, -30.00, -29.73, -29.24, -27.23, -22.18, -19.08, -17.71, -17.41, -17.41
2026-10-01, 21:50:43, 88000000, 90500000, 19531.25, 15552, -16.31, -17.64, -18.01, -17.28, -15.35, -13.62, -14.39, -16.11, -17.65, -20.38, -25.08, -28.40, -29.26, -29.60, -29.79, -29.89, -29.91, -29.89, -29.92, -29.87, -29.77, -29.60, -29.04, -28.60, -28.01, -27.25, -27.12, -27.71, -28.08, -28.42, -28.58, -28.65, -28.48, -28.32, -28.12, -27.94, -27.72, -27.52, -27.27, -27.05, -26.78, -26.46, -26.18, -25.82, -25.43, -25.02, -24.60, -24.29, -23.95, -23.53, -23.10, -22.58, -22.01, -21.39, -20.72, -19.97, -19.13, -18.18, -17.06, -15.75, -14.01, -10.64, -4.85, 0.34, 4.77, 4.77, 6.81, 6.95, 4.77, 2.88, 0.35, -4.25, -10.45, -13.83, -15.63, -16.97, -18.11, -19.08, -19.92, -20.68, -21.38, -21.98, -22.56, -23.06, -23.52, -23.94, -24.26, -24.59, -24.98, -25.46, -25.80, -26.16, -26.50, -26.78, -27.05, -27.33, -27.55, -27.77, -27.95, -28.14, -28.33, -28.50, -28.63, -28.66, -28.47, -28.19, -27.78, -27.19, -27.24, -28.10, -28.68, -29.21, -29.70, -29.95, -30.02, -30.09, -30.11, -30.17, -30.18, -30.10, -30.01, -29.80, -29.25, -26.85, -22.55, -20.02, -18.68, -17.07, -17.07
2026-10-01, 21:50:44, 88000000, 90500000, 19531.25, 15552, -16.87, -17.54, -17.80, -17.01, -15.37, -14.17, -14.44, -15.85, -17.31, -19.66, -24.85, -28.33, -29.27, -29.60, -29.81, -29.88, -29.97, -29.96, -29.94, -29.89, -29.84, -29.57, -29.10, -28.60, -28.03, -27.39, -27.30, -27.69, -28.12, -28.34, -28.66, -28.70, -28.52, -28.39, -28.19, -27.98, -27.78, -27.56, -27.34, -27.10, -26.82, -26.53, -26.22, -25.87, -25.48, -25.07, -24.69, -24.33, -23.99, -23.58, -23.11, -22.64, -22.07, -21.46, -20.74, -20.01, -19.16, -18.20, -17.10, -15.75, -14.00, -11.05, -4.37, 0.62, 4.81, 4.81, 6.53, 6.54, 5.03, 3.03, 1.04, -3.70, -10.28, -13.69, -15.56, -16.95, -18.06, -19.05, -19.90, -20.67, -21.37, -21.98, -22.56, -23.07, -23.55, -23.92, -24.32, -24.65, -25.04, -25.45, -25.83, -26.18, -26.54, -26.82, -27.08, -27.38, -27.57, -27.82, -28.01, -28.18, -28.38, -28.53, -28.69, -28.66, -28.44, -28.17, -27.83, -27.35, -27.43, -28.07, -28.68, -29.11, -29.71, -29.96, -30.04, -30.11, -30.09, -30.19, -30.20, -30.10, -30.01, -29.79, -29.27, -27.05, -22.12, -19.74, -18.43, -17.14, -17.14
2026-10-01, 21:50:45, 88000000, 90500000, 19531.25, 15616, -17.52, -17.47, -17.27, -16.64, -15.55, -14.85, -14.47, -15.21, -16.96, -20.17, -25.20, -28.40, -29.28, -29.66, -29.86, -29.97, -29.99, -30.00, -29.99, -29.97, -29.87, -29.66, -29.02, -28.49, -28.02, -27.61, -27.44, -27.62, -28.01, -28.40, -28.68, -28.70, -28.55, -28.40, -28.23, -27.99, -27.78, -27.60, -27.33, -27.10, -26.84, -26.55, -26.23, -25.83, -25.48, -25.08, -24.71, -24.32, -23.97, -23.57, -23.12, -22.65, -22.05, -21.45, -20.75, -19.98, -19.16, -18.16, -17.05, -15.69, -13.97, -11.14, -4.87, 1.08, 4.94, 4.94, 5.97, 6.10, 5.45, 3.77, 0.75, -3.94, -10.66, -13.82, -15.60, -16.97, -18.11, -19.06, -19.92, -20.69, -21.38, -21.99, -22.58, -23.08, -23.51, -23.93, -24.32, -24.71, -25.04, -25.43, -25.81, -26.20, -26.55, -26.82, -27.09, -27.33, -27.56, -27.80, -28.00, -28.18, -28.37, -28.53, -28.66, -28.68, -28.31, -28.05, -27.78, -27.54, -27.59, -27.88, -28.53, -29.14, -29.71, -29.97, -30.00, -30.07, -30.12, -30.14, -30.16, -30.05, -29.98, -29.75, -29.26, -27.37, -21.95, -19.35, -18.05, -17.35, -17.35
2026-10-01, 21:50:46, 88000000, 90500000, 19531.25, 15552, -18.08, -17.96, -17.11, -15.97, -15.50, -15.44, -15.06, -15.11, -16.27, -19.68, -25.30, -28.38, -29.24, -29.59, -29.78, -29.90, -29.94, -29.93, -29.94, -29.89, -29.76, -29.58, -29.05, -28.33, -27.79, -27.72, -27.71, -27.67, -27.84, -28.19, -28.63, -28.69, -28.51, -28.36, -28.16, -27.97, -27.78, -27.55, -27.33, -27.08, -26.80, -26.51, -26.20, -25.81, -25.39, -25.04, -24.70, -24.31, -23.92, -23.50, -23.07, -22.57, -22.00, -21.38, -20.70, -19.95, -19.09, -18.11, -16.99, -15.66, -13.89, -11.01, -4.60, 0.63, 5.46, 5.46, 5.45, 5.39, 5.19, 4.15, 1.71, -4.22, -10.57, -13.66, -15.46, -16.86, -18.00, -18.99, -19.85, -20.63, -21.32, -21.94, -22.52, -23.03, -23.47, -23.87, -24.25, -24.66, -25.01, -25.36, -25.75, -26.14, -26.51, -26.78, -27.07, -27.33, -27.51, -27.77, -27.96, -28.16, -28.32, -28.49, -28.66, -28.65, -28.37, -27.84, -27.61, -27.69, -27.80, -27.99, -28.38, -29.04, -29.72, -29.93, -30.02, -30.04, -30.09, -30.12, -30.16, -30.06, -29.97, -29.77, -29.21, -27.06, -22.36, -18.98, -17.42, -17.43, -17.43
2026-10-01, 21:50:47, 88000000, 90500000, 19531.25, 15616, -17.35, -18.29, -17.83, -16.19, -14.85, -14.58, -14.97, -15.59, -16.83, -20.31, -25.45, -28.46, -29.28, -29.59, -29.79, -29.90, -29.93, -29.95, -29.95, -29.89, -29.85, -29.68, -29.26, -28.43, -27.74, -27.37, -27.51, -27.74, -27.98, -28.33, -28.64, -28.64, -28.49, -28.36, -28.19, -27.97, -27.77, -27.56, -27.30, -27.08, -26.83, -26.53, -26.22, -25.84, -25.46, -25.04, -24.67, -24.34, -23.95, -23.54, -23.10, -22.61, -22.05, -21.43, -20.75, -20.01, -19.18, -18.24, -17.16, -15.90, -14.31, -12.03, -7.22, -0.75, 5.78, 5.78, 6.48, 5.92, 4.95, 3.57, 1.05, -4.57, -10.77, -13.91, -15.64, -17.02, -18.13, -19.09, -19.94, -20.67, -21.36, -21.99, -22.58, -23.09, -23.54, -23.92, -24.24, -24.65, -25.05, -25.40, -25.79, -26.18, -26.50, -26.80, -27.05, -27.32, -27.54, -27.79, -27.98, -28.17, -28.33, -28.49, -28.65, -28.74, -28.50, -28.07, -27.46, -27.34, -27.63, -28.05, -28.57, -29.13, -29.71, -29.95, -30.01, -30.03, -30.11, -30.15, -30.18, -30.05, -30.04, -29.81, -29.41, -28.34, -24.23, -19.95, -17.51, -16.66, -16.66
2026-10-01, 21:50:48, 88000000, 90500000, 19531.25, 15488, -17.71, -18.33, -17.37, -16.01, -15.28, -15.01, -15.35, -15.61, -16.57, -19.25, -23.86, -28.16, -29.20, -29.58, -29.83, -29.94, -29.99, -30.03, -29.99, -29.95, -29.89, -29.70, -29.13, -28.40, -27.77, -27.59, -27.64, -27.85, -28.00, -28.32, -28.56, -28.72, -28.54, -28.42, -28.22, -28.01, -27.81, -27.57, -27.34, -27.10, -26.82, -26.57, -26.25, -25.85, -25.43, -25.08, -24.69, -24.36, -23.97, -23.53, -23.11, -22.60, -22.05, -21.42, -20.73, -19.97, -19.11, -18.15, -17.00, -15.65, -13.87, -10.88, -5.15, 0.62, 5.59, 5.59, 5.95, 5.52, 4.69, 3.74, 1.59, -2.66, -10.17, -13.71, -15.55, -16.95, -18.11, -19.08, -19.95, -20.72, -21.41, -22.06, -22.61, -23.12, -23.58, -23.94, -24.35, -24.74, -25.11, -25.47, -25.84, -26.22, -26.54, -26.86, -27.12, -27.40, -27.59, -27.84, -28.04, -28.21, -28.40, -28.55, -28.69, -28.72, -28.39, -27.92, -27.62, -27.57, -27.84, -28.14, -28.52, -29.05, -29.70, -29.97, -30.06, -30.08, -30.09, -30.16, -30.16, -30.09, -29.99, -29.77, -29.23, -27.17, -22.67, -19.14, -17.35, -17.18, -17.18
2026-10-01, 21:50:49, 88000000, 90500000, 19531.25, 15616, -17.72, -17.92, -17.36, -16.12, -15.45, -15.06, -14.81, -15.59, -16.87, -19.25, -24.64, -28.23, -29.21, -29.59, -29.77, -29.89, -29.94, -29.93, -29.94, -29.88, -29.80, -29.60, -29.03, -28.32, -27.82, -27.67, -27.55, -27.66, -27.98, -28.24, -28.57, -28.64, -28.49, -28.35, -28.14, -27.95, -27.75, -27.50, -27.30, -27.05, -26.78, -26.49, -26.19, -25.82, -25.39, -25.01, -24.66, -24.30, -23.93, -23.51, -23.06, -22.57, -21.99, -21.38, -20.69, -19.93, -19.08, -18.12, -17.00, -15.66, -13.97, -11.18, -5.26, 0.59, 5.45, 5.45, 5.71, 5.80, 5.10, 3.48, 1.51, -3.33, -10.11, -13.61, -15.48, -16.88, -18.03, -19.02, -19.87, -20.65, -21.34, -21.97, -22.54, -23.04, -23.51, -23.87, -24.29, -24.66, -25.01, -25.41, -25.79, -26.13, -26.48, -26.78, -27.06, -27.34, -27.53, -27.77, -27.98, -28.16, -28.34, -28.48, -28.64, -28.66, -28.38, -27.97, -27.55, -27.59, -27.66, -28.02, -28.56, -29.12, -29.65, -29.95, -30.01, -30.03, -30.09, -30.14, -30.14, -30.07, -30.01, -29.76, -29.26, -27.37, -22.79, -19.11, -17.46, -17.38, -17.38
2026-10-01, 21:50:50, 88000000, 90500000, 19531.25, 15552, -17.09, -17.69, -17.52, -16.86, -15.42, -14.40, -14.47, -15.44, -17.09, -20.44, -26.04, -28.56, -29.31, -29.65, -29.80, -29.90, -29.95, -29.97, -29.94, -29.89, -29.79, -29.59, -29.06, -28.55, -27.96, -27.44, -27.38, -27.63, -28.00, -28.38, -28.66, -28.67, -28.52, -28.37, -28.18, -27.94, -27.76, -27.53, -27.31, -27.07, -26.80, -26.50, -26.19, -25.83, -25.45, -25.04, -24.67, -24.29, -23.92, -23.55, -23.09, -22.60, -22.03, -21.41, -20.73, -19.97, -19.14, -18.17, -17.06, -15.70, -13.95, -10.75, -4.65, 0.27, 5.01, 5.01, 6.31, 6.36, 5.27, 3.52, 0.70, -5.03, -11.15, -13.91, -15.64, -16.99, -18.10, -19.08, -19.92, -20.68, -21.36, -22.00, -22.57, -23.09, -23.52, -23.93, -24.29, -24.63, -25.01, -25.43, -25.81, -26.17, -26.51, -26.80, -27.06, -27.32, -27.55, -27.80, -27.98, -28.18, -28.32, -28.50, -28.67, -28.64, -28.45, -28.12, -27.69, -27.41, -27.45, -27.96, -28.50, -29.17, -29.74, -29.94, -30.02, -30.08, -30.11, -30.12, -30.14, -30.10, -30.03, -29.78, -29.24, -26.72, -22.88, -19.61, -18.26, -17.17, -17.17
2026-10-01, 21:50:51, 88000000, 90500000, 19531.25, 15552, -17.49, -17.85, -17.22, -16.55, -15.53, -14.79, -14.83, -15.27, -16.64, -19.86, -25.24, -28.37, -29.24, -29.63, -29.81, -29.94, -29.98, -29.99, -29.95, -29.92, -29.85, -29.62, -29.05, -28.44, -27.92, -27.54, -27.54, -27.68, -27.95, -28.31, -28.67, -28.71, -28.52, -28.38, -28.21, -27.98, -27.76, -27.57, -27.34, -27.10, -26.81, -26.52, -26.21, -25.83, -25.47, -25.08, -24.70, -24.33, -23.95, -23.55, -23.10, -22.60, -22.03, -21.42, -20.73, -19.99, -19.12, -18.18, -17.06, -15.72, -13.98, -11.16, -4.98, 0.98, 5.08, 5.08, 5.99, 5.89, 5.14, 3.92, 1.28, -4.12, -10.62, -13.72, -15.53, -16.91, -18.06, -19.03, -19.87, -20.64, -21.35, -21.96, -22.54, -23.07, -23.48, -23.91, -24.30, -24.66, -25.01, -25.42, -25.77, -26.15, -26.49, -26.79, -27.07, -27.34, -27.55, -27.76, -27.99, -28.16, -28.33, -28.48, -28.67, -28.69, -28.33, -28.10, -27.73, -27.50, -27.65, -27.99, -28.43, -29.07, -29.67, -29.91, -30.00, -30.05, -30.07, -30.14, -30.13, -30.04, -29.99, -29.72, -29.21, -27.25, -22.30, -19.23, -18.02, -17.35, -17.35
2026-10-01, 21:50:52, 88000000, 90500000, 19531.25, 16384, -16.84, -17.76, -17.75, -16.85, -15.30, -14.10, -14.44, -15.59, -17.37, -21.13, -26.15, -28.62, -29.32, -29.64, -29.83, -29.93, -29.94, -29.97, -29.96, -29.89, -29.85, -29.69, -29.18, -28.61, -27.92, -27.38, -27.29, -27.64, -28.06, -28.40, -28.72, -28.68, -28.55, -28.38, -28.20, -27.98, -27.78, -27.60, -27.35, -27.07, -26.83, -26.55, -26.24, -25.88, -25.48, -25.06, -24.67, -24.33, -23.99, -23.57, -23.15, -22.65, -22.08, -21.48, -20.79, -20.05, -19.21, -18.26, -17.18, -15.89, -14.26, -11.75, -6.15, -0.26, 5.22, 5.22, 6.54, 6.52, 5.23, 3.23, 0.25, -5.37, -11.42, -14.11, -15.77, -17.09, -18.19, -19.13, -19.98, -20.74, -21.41, -22.03, -22.61, -23.11, -23.55, -23.95, -24.32, -24.66, -25.05, -25.44, -25.82, -26.22, -26.57, -26.82, -27.08, -27.37, -27.59, -27.81, -27.98, -28.18, -28.37, -28.56, -28.67, -28.76, -28.51, -28.12, -27.66, -27.30, -27.48, -27.98, -28.67, -29.29, -29.81, -29.98, -30.06, -30.10, -30.13, -30.19, -30.17, -30.15, -30.04, -29.83, -29.40, -28.01, -23.47, -19.76, -18.21, -17.04, -17.04
2026-10-01, 21:50:53, 88000000, 90500000, 19531.25, 16384, -17.03, -17.62, -17.64, -16.64, -15.53, -14.32, -14.29, -15.63, -17.36, -20.54, -25.81, -28.54, -29.34, -29.66, -29.86, -29.96, -30.00, -30.01, -29.96, -29.94, -29.89, -29.72, -29.12, -28.52, -27.98, -27.48, -27.30, -27.68, -28.06, -28.39, -28.72, -28.71, -28.54, -28.40, -28.21, -28.01, -27.80, -27.61, -27.37, -27.11, -26.85, -26.56, -26.26, -25.88, -25.50, -25.10, -24.69, -24.34, -23.99, -23.61, -23.14, -22.65, -22.09, -21.47, -20.79, -20.03, -19.20, -18.25, -17.15, -15.84, -14.14, -11.44, -6.38, 0.22, 4.99, 4.99, 6.28, 6.51, 5.33, 3.17, 0.60, -4.82, -11.09, -14.01, -15.73, -17.07, -18.17, -19.13, -19.96, -20.73, -21.42, -22.04, -22.60, -23.13, -23.56, -23.95, -24.34, -24.67, -25.08, -25.47, -25.84, -26.23, -26.55, -26.82, -27.11, -27.38, -27.56, -27.83, -28.00, -28.19, -28.38, -28.51, -28.68, -28.74, -28.51, -28.05, -27.76, -27.48, -27.39, -27.92, -28.69, -29.25, -29.77, -30.01, -30.05, -30.11, -30.10, -30.19, -30.19, -30.13, -30.01, -29.81, -29.35, -27.66, -23.28, -19.58, -18.00, -17.28, -17.28
2026-10-01, 21:50:54, 88000000, 90500000, 19531.25, 15616, -17.33, -17.71, -17.49, -16.60, -15.43, -14.68, -14.69, -15.41, -16.98, -19.78, -25.35, -28.33, -29.23, -29.60, -29.76, -29.90, -29.95, -29.94, -29.92, -29.90, -29.77, -29.56, -29.06, -28.50, -27.94, -27.45, -27.41, -27.62, -28.00, -28.36, -28.60, -28.67, -28.49, -28.37, -28.12, -27.97, -27.75, -27.53, -27.31, -27.07, -26.79, -26.53, -26.18, -25.81, -25.42, -25.01, -24.65, -24.29, -23.93, -23.53, -23.08, -22.57, -22.00, -21.38, -20.69, -19.95, -19.09, -18.13, -16.99, -15.63, -13.81, -10.56, -4.34, 0.57, 5.12, 5.12, 6.10, 6.07, 5.21, 3.47, 1.21, -4.21, -10.30, -13.68, -15.53, -16.88, -18.03, -19.03, -19.86, -20.64, -21.35, -21.95, -22.54, -23.04, -23.49, -23.90, -24.27, -24.62, -25.02, -25.38, -25.80, -26.13, -26.54, -26.80, -27.04, -27.31, -27.53, -27.78, -27.94, -28.16, -28.33, -28.48, -28.63, -28.65, -28.42, -28.00, -27.65, -27.54, -27.59, -27.94, -28.56, -29.10, -29.70, -29.89, -29.99, -30.06, -30.07, -30.14, -30.15, -30.06, -30.00, -29.76, -29.12, -26.74, -22.28, -19.49, -17.98, -17.25, -17.25
2026-10-01, 21:50:55, 88000000, 90500000, 19531.25, 15616, -17.62, -18.11, -17.52, -16.12, -15.26, -14.92, -15.11, -15.75, -16.47, -19.29, -24.94, -28.32, -29.23, -29.59, -29.79, -29.91, -29.95, -29.94, -29.95, -29.89, -29.83, -29.64, -29.07, -28.44, -27.72, -27.53, -27.56, -27.79, -28.02, -28.20, -28.61, -28.65, -28.50, -28.35, -28.14, -27.96, -27.77, -27.51, -27.31, -27.04, -26.79, -26.50, -26.18, -25.78, -25.39, -25.04, -24.65, -24.31, -23.92, -23.50, -23.06, -22.56, -22.02, -21.37, -20.70, -19.93, -19.09, -18.13, -17.03, -15.67, -13.93, -11.18, -5.10, 0.67, 5.54, 5.54, 5.95, 5.70, 4.73, 3.64, 1.79, -3.55, -10.28, -13.62, -15.46, -16.87, -18.01, -19.01, -19.84, -20.63, -21.32, -21.96, -22.53, -23.03, -23.48, -23.88, -24.26, -24.66, -25.03, -25.45, -25.73, -26.12, -26.49, -26.77, -27.04, -27.29, -27.52, -27.76, -27.95, -28.15, -28.33, -28.50, -28.63, -28.69, -28.35, -27.94, -27.67, -27.55, -27.69, -28.05, -28.45, -28.97, -29.64, -29.90, -29.98, -30.04, -30.07, -30.11, -30.13, -30.05, -29.95, -29.75, -29.25, -27.27, -22.59, -19.25, -17.52, -17.15, -17.15
2026-10-01, 21:50:56, 88000000, 90500000, 19531.25, 16832, -17.03, -17.73, -17.78, -16.77, -15.41, -14.30, -14.59, -15.80, -17.20, -19.62, -24.17, -28.17, -29.20, -29.58, -29.78, -29.87, -29.97, -29.94, -29.91, -29.88, -29.83, -29.65, -29.08, -28.53, -27.93, -27.45, -27.34, -27.70, -28.10, -28.31, -28.60, -28.67, -28.50, -28.35, -28.16, -27.97, -27.74, -27.54, -27.32, -27.07, -26.82, -26.50, -26.22, -25.82, -25.45, -25.05, -24.67, -24.29, -23.96, -23.55, -23.09, -22.59, -22.03, -21.40, -20.72, -19.98, -19.14, -18.17, -17.05, -15.73, -13.98, -11.13, -4.98, 0.39, 5.04, 5.04, 6.34, 6.28, 5.05, 3.17, 1.15, -3.35, -9.75, -13.54, -15.48, -16.88, -18.02, -19.00, -19.87, -20.66, -21.34, -21.97, -22.53, -23.05, -23.50, -23.92, -24.29, -24.64, -25.00, -25.43, -25.78, -26.15, -26.50, -26.79, -27.07, -27.34, -27.55, -27.78, -27.96, -28.14, -28.32, -28.49, -28.65, -28.66, -28.44, -28.08, -27.75, -27.35, -27.50, -28.04, -28.58, -29.08, -29.67, -29.94, -30.02, -30.07, -30.08, -30.13, -30.15, -30.05, -29.99, -29.77, -29.29, -27.32, -22.47, -19.73, -18.16, -17.23, -17.23
2026-10-01, 21:50:57, 88000000, 90500000, 19531.25, 18240, -16.71, -17.59, -17.52, -17.05, -15.79, -14.04, -14.56, -15.79, -16.92, -19.83, -25.74, -28.47, -29.27, -29.60, -29.80, -29.88, -29.93, -29.97, -29.92, -29.88, -29.81, -29.55, -28.97, -28.54, -28.11, -27.47, -27.26, -27.74, -28.03, -28.32, -28.66, -28.69, -28.51, -28.37, -28.17, -27.94, -27.76, -27.54, -27.30, -27.06, -26.82, -26.50, -26.19, -25.81, -25.46, -25.07, -24.65, -24.30, -23.96, -23.54, -23.10, -22.58, -22.02, -21.40, -20.71, -19.94, -19.09, -18.12, -17.00, -15.61, -13.80, -10.43, -3.64, 0.88, 4.50, 4.50, 6.33, 6.65, 4.85, 3.40, 1.16, -4.33, -10.83, -13.80, -15.56, -16.93, -18.07, -19.04, -19.90, -20.67, -21.36, -21.98, -22.55, -23.05, -23.53, -23.94, -24.31, -24.62, -25.02, -25.45, -25.81, -26.17, -26.51, -26.79, -27.09, -27.31, -27.54, -27.78, -27.99, -28.13, -28.33, -28.48, -28.60, -28.61, -28.37, -28.11, -27.82, -27.37, -27.36, -28.06, -28.58, -29.13, -29.71, -29.94, -29.99, -30.05, -30.09, -30.15, -30.14, -30.04, -29.97, -29.73, -29.08, -26.51, -21.87, -19.35, -18.63, -17.54, -17.54
2026-10-01, 21:50:58, 88000000, 90500000, 19531.25, 17216, -17.44, -17.59, -17.23, -16.55, -15.55, -14.82, -14.63, -15.20, -16.83, -20.05, -25.37, -28.33, -29.19, -29.52, -29.76, -29.86, -29.94, -29.92, -29.88, -29.87, -29.81, -29.55, -28.99, -28.46, -27.95, -27.60, -27.42, -27.54, -27.90, -28.29, -28.64, -28.64, -28.46, -28.33, -28.13, -27.96, -27.74, -27.52, -27.28, -27.05, -26.78, -26.49, -26.16, -25.79, -25.40, -25.02, -24.66, -24.27, -23.90, -23.50, -23.06, -22.54, -21.99, -21.35, -20.68, -19.91, -19.07, -18.10, -16.95, -15.61, -13.79, -10.67, -4.37, 1.01, 5.08, 5.08, 5.90, 6.00, 5.42, 3.76, 1.07, -4.24, -10.71, -13.75, -15.57, -16.93, -18.06, -19.01, -19.88, -20.65, -21.34, -21.96, -22.54, -23.05, -23.52, -23.88, -24.26, -24.66, -25.03, -25.36, -25.79, -26.15, -26.48, -26.78, -27.06, -27.31, -27.53, -27.79, -27.95, -28.15, -28.31, -28.49, -28.65, -28.63, -28.32, -28.00, -27.69, -27.51, -27.55, -27.92, -28.47, -29.10, -29.71, -29.91, -30.01, -30.06, -30.08, -30.13, -30.13, -30.06, -29.98, -29.72, -29.14, -26.89, -21.99, -19.21, -18.01, -17.36, -17.36
2026-10-01, 21:50:59, 88000000, 90500000, 19531.25, 15552, -17.38, -17.32, -17.22, -16.66, -15.77, -14.74, -14.45, -15.13, -16.78, -20.17, -25.26, -28.34, -29.16, -29.53, -29.74, -29.84, -29.90, -29.91, -29.86, -29.81, -29.78, -29.54, -28.87, -28.43, -27.97, -27.53, -27.40, -27.50, -27.92, -28.33, -28.58, -28.62, -28.44, -28.31, -28.11, -27.89, -27.73, -27.51, -27.28, -27.03, -26.76, -26.46, -26.11, -25.77, -25.38, -25.01, -24.63, -24.24, -23.89, -23.47, -23.04, -22.53, -21.94, -21.34, -20.65, -19.90, -19.03, -18.05, -16.92, -15.55, -13.76, -10.76, -3.87, 1.37, 4.77, 4.77, 5.89, 6.18, 5.48, 3.77, 1.09, -4.22, -10.80, -13.76, -15.54, -16.90, -18.03, -19.01, -19.87, -20.63, -21.32, -21.93, -22.50, -23.03, -23.48, -23.87, -24.27, -24.62, -24.96, -25.36, -25.78, -26.15, -26.48, -26.78, -27.04, -27.29, -27.51, -27.74, -27.94, -28.15, -28.34, -28.47, -28.63, -28.57, -28.31, -28.04, -27.84, -27.56, -27.51, -27.92, -28.41, -29.02, -29.66, -29.89, -29.96, -30.00, -30.05, -30.11, -30.14, -30.03, -29.96, -29.73, -29.18, -26.84, -21.35, -19.28, -18.16, -17.57, -17.57
2026-10-01, 21:51:00, 88000000, 90500000, 19531.25, 15296, -17.85, -18.22, -17.31, -15.85, -15.13, -15.09, -15.09, -15.36, -16.52, -19.53, -25.20, -28.29, -29.19, -29.52, -29.74, -29.86, -29.89, -29.93, -29.88, -29.84, -29.82, -29.60, -29.03, -28.32, -27.64, -27.50, -27.64, -27.68, -27.92, -28.15, -28.56, -28.64, -28.47, -28.31, -28.11, -27.91, -27.72, -27.51, -27.27, -27.01, -26.76, -26.47, -26.15, -25.76, -25.35, -24.98, -24.65, -24.28, -23.88, -23.47, -23.02, -22.53, -21.96, -21.33, -20.66, -19.91, -19.05, -18.11, -16.98, -15.67, -14.01, -11.56, -5.87, 0.17, 5.85, 5.85, 5.97, 5.47, 5.03, 3.84, 1.78, -4.17, -10.50, -13.66, -15.50, -16.88, -18.03, -18.98, -19.85, -20.63, -21.31, -21.95, -22.52, -23.01, -23.46, -23.86, -24.25, -24.63, -25.03, -25.37, -25.75, -26.12, -26.45, -26.76, -27.04, -27.29, -27.50, -27.73, -27.95, -28.12, -28.32, -28.49, -28.63, -28.68, -28.44, -27.81, -27.49, -27.57, -27.76, -27.99, -28.39, -28.98, -29.66, -29.90, -29.99, -30.02, -30.01, -30.09, -30.11, -30.04, -29.94, -29.72, -29.30, -27.73, -23.32, -19.16, -17.17, -17.02, -17.02
2026-10-01, 21:51:01, 88000000, 90500000, 19531.25, 15296, -18.20, -18.35, -16.93, -15.78, -15.37, -15.49, -15.59, -15.50, -15.78, -18.78, -24.49, -28.03, -29.06, -29.48, -29.68, -29.84, -29.87, -29.90, -29.88, -29.85, -29.77, -29.56, -28.94, -28.22, -27.84, -27.64, -27.76, -27.76, -27.80, -28.08, -28.53, -28.59, -28.45, -28.30, -28.11, -27.93, -27.69, -27.48, -27.26, -27.01, -26.74, -26.48, -26.14, -25.75, -25.33, -24.98, -24.63, -24.27, -23.88, -23.45, -23.01, -22.52, -21.93, -21.31, -20.63, -19.86, -19.01, -18.02, -16.88, -15.52, -13.76, -10.95, -5.14, 1.21, 5.58, 5.58, 5.56, 4.99, 4.60, 4.39, 2.30, -3.12, -9.79, -13.36, -15.30, -16.75, -17.93, -18.91, -19.78, -20.58, -21.27, -21.89, -22.49, -23.00, -23.43, -23.83, -24.24, -24.65, -25.02, -25.36, -25.72, -26.10, -26.47, -26.76, -27.02, -27.30, -27.50, -27.77, -27.95, -28.14, -28.31, -28.45, -28.63, -28.67, -28.29, -27.74, -27.49, -27.66, -27.93, -28.15, -28.28, -28.91, -29.63, -29.87, -30.00, -30.02, -30.08, -30.11, -30.13, -30.04, -29.97, -29.71, -29.19, -27.46, -22.15, -18.51, -17.29, -17.35, -17.35
2026-10-01, 21:51:02, 88000000, 90500000, 19531.25, 15552, -17.59, -18.03, -17.14, -16.17, -15.33, -14.88, -14.98, -15.42, -16.65, -19.40, -24.92, -28.26, -29.16, -29.56, -29.73, -29.84, -29.90, -29.89, -29.86, -29.87, -29.80, -29.59, -29.01, -28.29, -27.71, -27.54, -27.51, -27.68, -27.98, -28.21, -28.54, -28.62, -28.47, -28.32, -28.13, -27.92, -27.71, -27.48, -27.30, -27.01, -26.75, -26.50, -26.17, -25.75, -25.36, -25.01, -24.64, -24.27, -23.88, -23.49, -23.03, -22.55, -21.97, -21.34, -20.66, -19.93, -19.06, -18.12, -16.99, -15.66, -13.96, -11.29, -5.40, 0.74, 5.51, 5.51, 5.94, 5.75, 5.06, 3.70, 1.54, -3.64, -10.18, -13.56, -15.44, -16.84, -17.98, -18.97, -19.83, -20.59, -21.30, -21.91, -22.51, -23.02, -23.46, -23.86, -24.22, -24.61, -25.01, -25.37, -25.77, -26.12, -26.46, -26.74, -27.01, -27.30, -27.48, -27.73, -27.95, -28.12, -28.32, -28.47, -28.62, -28.68, -28.35, -27.86, -27.56, -27.54, -27.66, -28.01, -28.42, -28.99, -29.67, -29.92, -29.97, -30.05, -30.03, -30.10, -30.11, -30.05, -29.94, -29.74, -29.24, -27.39, -22.74, -18.87, -17.56, -17.21, -17.21
2026-10-01, 21:51:03, 88000000, 90500000, 19531.25, 15552, -17.32, -17.72, -17.30, -16.51, -15.43, -14.62, -14.52, -15.28, -16.78, -20.30, -25.98, -28.49, -29.23, -29.58, -29.73, -29.88, -29.91, -29.93, -29.88, -29.85, -29.77, -29.57, -29.07, -28.41, -27.88, -27.44, -27.39, -27.60, -27.93, -28.33, -28.66, -28.66, -28.49, -28.35, -28.15, -27.94, -27.74, -27.53, -27.29, -27.02, -26.76, -26.51, -26.19, -25.82, -25.41, -25.01, -24.67, -24.29, -23.90, -23.53, -23.07, -22.57, -22.02, -21.39, -20.72, -19.94, -19.11, -18.15, -17.08, -15.74, -13.99, -11.24, -5.71, 0.48, 5.18, 5.18, 6.16, 6.16, 5.31, 3.84, 1.04, -5.16, -11.04, -13.88, -15.59, -16.94, -18.06, -19.03, -19.86, -20.65, -21.33, -21.96, -22.52, -23.04, -23.50, -23.87, -24.26, -24.61, -24.98, -25.39, -25.78, -26.13, -26.50, -26.76, -27.06, -27.30, -27.50, -27.74, -27.97, -28.14, -28.31, -28.51, -28.67, -28.67, -28.37, -27.98, -27.69, -27.50, -27.54, -27.88, -28.44, -29.11, -29.70, -29.92, -29.98, -30.05, -30.04, -30.12, -30.13, -30.05, -29.96, -29.75, -29.27, -27.59, -22.74, -19.35, -17.96, -17.21, -17.21
2026-10-01, 21:51:04, 88000000, 90500000, 19531.25, 16000, -17.45, -17.93, -17.46, -16.24, -15.24, -14.77, -14.84, -15.56, -16.80, -19.43, -24.51, -28.20, -29.15, -29.52, -29.77, -29.85, -29.90, -29.92, -29.92, -29.89, -29.78, -29.64, -29.06, -28.37, -27.80, -27.50, -27.49, -27.69, -28.00, -28.29, -28.60, -28.65, -28.49, -28.39, -28.15, -27.97, -27.78, -27.54, -27.30, -27.05, -26.80, -26.49, -26.19, -25.83, -25.39, -25.03, -24.64, -24.29, -23.93, -23.52, -23.05, -22.57, -22.01, -21.37, -20.70, -19.94, -19.08, -18.12, -17.00, -15.62, -13.81, -10.86, -4.99, 0.38, 5.44, 5.44, 6.14, 5.88, 5.06, 3.55, 1.41, -3.24, -10.29, -13.69, -15.53, -16.90, -18.05, -19.03, -19.89, -20.65, -21.34, -21.97, -22.55, -23.05, -23.49, -23.87, -24.29, -24.64, -25.03, -25.39, -25.79, -26.15, -26.48, -26.79, -27.08, -27.34, -27.54, -27.79, -27.97, -28.15, -28.32, -28.48, -28.64, -28.66, -28.44, -27.97, -27.60, -27.47, -27.67, -27.97, -28.52, -29.05, -29.66, -29.93, -30.00, -30.05, -30.05, -30.14, -30.13, -30.08, -29.95, -29.73, -29.20, -26.87, -22.69, -19.31, -17.58, -17.09, -17.09
2026-10-01, 21:51:05, 88000000, 90500000, 19531.25, 15552, -17.41, -17.57, -17.29, -16.53, -15.42, -14.75, -14.65, -15.52, -16.91, -19.57, -24.55, -28.11, -29.19, -29.54, -29.76, -29.87, -29.89, -29.91, -29.89, -29.85, -29.76, -29.52, -28.91, -28.44, -27.81, -27.50, -27.42, -27.69, -27.90, -28.29, -28.57, -28.61, -28.48, -28.30, -28.09, -27.91, -27.68, -27.46, -27.25, -27.00, -26.74, -26.46, -26.12, -25.76, -25.38, -24.97, -24.61, -24.24, -23.88, -23.47, -23.01, -22.52, -21.95, -21.32, -20.63, -19.88, -19.02, -18.05, -16.92, -15.56, -13.78, -10.88, -4.20, 1.35, 5.24, 5.24, 6.03, 6.01, 5.12, 3.63, 1.14, -3.33, -9.87, -13.54, -15.41, -16.82, -17.98, -18.95, -19.81, -20.58, -21.26, -21.89, -22.48, -22.98, -23.45, -23.80, -24.22, -24.57, -24.96, -25.37, -25.73, -26.11, -26.44, -26.73, -27.00, -27.28, -27.48, -27.71, -27.92, -28.10, -28.28, -28.44, -28.60, -28.60, -28.24, -27.98, -27.68, -27.47, -27.55, -27.95, -28.47, -29.06, -29.58, -29.87, -29.93, -29.99, -30.00, -30.07, -30.06, -29.97, -29.91, -29.66, -29.12, -26.93, -21.66, -19.14, -17.92, -17.28, -17.28
